month,order_id,order_no_uid,uid,nhom,tag,ly_do_vao_list,ngay_mua,ngay_kich_hoat,remaining,so_buoi_hien_tai,last_study,idle_ngay,sale_ban_don,team_sale_ban,sale_quan_ly,team_sale_quan_ly,teacher,gia_tri_don_cu,da_gia_han_M90,da_gia_han_vo_han,order_id_moi,ngay_gia_han,gia_tri_don_gia_han,nguon_gia_han,so_ngay_den_gia_han,run_date
2026-08,714559373267202,2,3034830727,Đến hạn,Normal,"1-20, idle<=90",2025-11-21,2025-11-21 18:42:45,8,6,2026-07-29 22:00:00,2.0,Le Vo Anh Thu,Ho Chi Minh,Lai Ngoc Thuy Linh,Ho Chi Minh,Dao Thi Hoang Yen,8015000.0,False,False,,,,,,2026-08-07
2026-08,699675308882178,1,3084270326,Đến hạn,Normal,"1-20, idle<=90",2025-08-29,2025-08-29 11:43:43,14,14,2026-08-01 15:30:00,-1.0,Nguyen Thi Thao Ngoc,Inhouse 1,Nguyen Thi Thao Ngoc,Inhouse 1,Thao Chi Advisor,18820000.0,False,False,,,,,,2026-08-07
2026-08,728378580148486,1,3126550426,Đến hạn,Normal,"1-20, idle<=90",2026-02-07,2026-02-11 14:40:20,5,3,2026-07-31 15:00:00,0.0,Le Hung Cuong,Inhouse 2,Kieu Lan Anh,Inhouse 2,Tran Thu Ha,9160000.0,False,False,,,,,,2026-08-07
2026-08,732933261226242,1,3134456866,Đến hạn,Normal,"1-20, idle<=90",2026-03-04,2026-03-06 11:26:02,12,11,2026-07-31 21:30:00,0.0,Pham Thi Thao,Inhouse 1,Pham Thi Thao,Inhouse 1,Ruby Advisor,9580000.0,False,False,,,,,,2026-08-07
2026-08,689266527942916,5,3138020834,Đến hạn,Normal,"1-20, idle<=90",2025-06-30,2025-07-01 16:00:13,16,16,2026-08-01 10:30:00,-1.0,Ho Thi Thanh,Inhouse 1,Ho Thi Thanh,Inhouse 1,Ms Laura,15400000.0,False,False,,,,,,2026-08-07
2026-08,737396132784390,2,3155060965,Đến hạn,Normal,"1-20, idle<=90",2026-03-30,2026-03-30 16:00:07,14,13,2026-07-28 21:00:00,3.0,Vu Thi Khanh Huyen,Inhouse 2,Vu Thi Khanh Huyen,Inhouse 2,Tran Thu Ha,4420000.0,False,False,,,,,,2026-08-07
2026-08,732102824431880,3,3175970640,Đến hạn,Normal,"1-20, idle<=90",2026-02-28,2026-02-28 21:07:54,17,15,2026-07-30 15:00:00,1.0,Le Kim Chi,Inhouse 1,Le Kim Chi,Inhouse 1,Ruby Advisor,23250000.0,False,False,,,,,,2026-08-07
2026-08,735928660242696,6,3176315119,Đến hạn,Normal,"1-20, idle<=90",2026-03-21,2026-03-24 21:14:23,20,19,2026-07-31 21:30:00,0.0,Kieu Thi Thu Quynh,Inhouse 1,Kieu Thi Thu Quynh,Inhouse 1,Ellie Advisor,8200000.0,False,False,,,,,,2026-08-07
2026-08,753477359307016,1,3178494774,Đến hạn,Normal,"1-20, idle<=90",2026-06-29,2026-07-01 12:41:07,19,18,2026-07-30 22:00:00,1.0,Pham Thi Thao,Inhouse 1,Pham Thi Thao,Inhouse 1,Thao Chi Advisor,4530000.0,False,False,,,,,,2026-08-07
2026-08,746230643273992,1,3179205818,Đến hạn,Normal,"1-20, idle<=90",2026-05-11,2026-05-23 11:33:26,9,9,2026-07-17 16:30:00,14.0,Lai Ngoc Thuy Linh,Ho Chi Minh,Lai Ngoc Thuy Linh,Ho Chi Minh,Dao Thi Hoang Yen,4680000.0,False,False,,,,,,2026-08-07
2026-08,726041681471746,1,3180100497,Đến hạn,Frozen,"1-20, idle<=90",2026-01-25,2026-01-26 11:10:22,15,15,2026-06-10 20:30:00,51.0,Nguyen Le Thanh Huyen,Ho Chi Minh,Nina,Inhouse 1,Dao Thi Hoang Yen,8908000.0,False,False,,,,,,2026-08-07
2026-08,731747846353154,1,3185916638,Đến hạn,Frozen,"1-20, idle<=90",2026-02-14,2026-02-26 18:40:57,16,16,2026-06-19 17:00:00,42.0,Vu Thi Tuyet Trinh,Inhouse 1,Vu Thi Tuyet Trinh,Inhouse 1,Thao Chi Advisor,8880000.0,False,False,,,,,,2026-08-07
2026-08,734541744724232,2,3189926256,Đến hạn,Normal,"1-20, idle<=90",2026-03-13,2026-03-17 09:02:57,12,12,2026-07-31 19:30:00,0.0,Nguyen Thi Trang,Inhouse 2,Nguyen Thi Trang,Inhouse 2,Tran Thu Ha,4210000.0,False,False,,,,,,2026-08-07
2026-08,695296557283584,4,3191187208,Đến hạn,Normal,"1-20, idle<=90",2025-07-31,2025-08-08 15:04:54,20,19,2026-07-30 11:00:00,1.0,Le Thi Lan Anh,Inhouse 1,Le Thi Lan Anh,Inhouse 1,Ellie Advisor,7757500.0,False,False,,,,,,2026-08-07
2026-08,747265033769218,13,3202602751,Đến hạn,Normal,"1-20, idle<=90",2026-05-23,2026-05-25 22:00:53,8,7,2026-08-01 21:30:00,-1.0,Tran Thi Son,Inhouse 1,Tran Thi Son,Inhouse 1,Ellie Advisor,4300000.0,False,False,,,,,,2026-08-07
2026-08,732654683359494,1,3212813586,Đến hạn,Normal,"1-20, idle<=90",2026-03-03,2026-03-03 22:17:18,9,7,2026-07-31 21:30:00,0.0,Ta Thi Thu Phuong,Inhouse 2,Ta Thi Thu Phuong,Inhouse 2,Tran Thu Ha,8950000.0,False,False,,,,,,2026-08-07
2026-08,725542328160514,6,3222919120,Đến hạn,Normal,"1-20, idle<=90",2026-01-22,2026-01-27 22:56:26,5,4,2026-07-29 22:00:00,2.0,Bui Thi Thai Duong,Inhouse 1,Bui Thi Thai Duong,Inhouse 1,Ellie Advisor,7950000.0,True,True,TMP_3222919120_20260731,2026-07-31 00:00:00,7950000.0,GMV,184.0,2026-08-07
2026-08,728740502886664,2,3223106686,Đến hạn,Normal,"1-20, idle<=90",2026-01-17,2026-02-09 18:15:47,16,15,2026-07-31 16:00:00,0.0,Tran Thi Son,Inhouse 1,Tran Thi Son,Inhouse 1,Diem Quynh Advisor,8250000.0,False,False,,,,,,2026-08-07
2026-08,731043908034822,3,3223612240,Đến hạn,Normal,"1-20, idle<=90",2026-02-22,2026-02-22 19:22:14,8,7,2026-07-31 22:00:00,0.0,Nguyen Kieu Trang,Inhouse 1,Nguyen Kieu Trang,Inhouse 1,Thao Chi Advisor,8480000.0,False,False,,,,,,2026-08-07
2026-08,583250976975120,3,3224525550,Đến hạn,Normal,"1-20, idle<=90",2023-11-10,2023-11-10 12:34:01,12,10,2026-07-28 21:30:00,3.0,Dao Thi Trang,Inhouse 1,Ta Thuy Van,Inhouse 1,Ellie Advisor,15128000.0,False,False,,,,,,2026-08-07
2026-08,726795404906760,3,3224853419,Đến hạn,Normal,"1-20, idle<=90",2026-01-29,2026-02-01 18:37:07,6,4,2026-07-29 17:30:00,2.0,Ta Thuy Van,Inhouse 1,Ta Thuy Van,Inhouse 1,Ellie Advisor,7950000.0,True,True,TMP_3224853419_20260729,2026-07-29 00:00:00,8250000.0,GMV,177.0,2026-08-07
2026-08,684101888717056,5,3224902126,Đến hạn,Normal,"1-20, idle<=90",2025-03-31,2025-06-02 18:28:01,10,8,2026-07-30 20:30:00,1.0,Nguyen Lan Anh,Other,Le To Hai My,Inhouse 1,Ellie Advisor,15370000.0,False,False,,,,,,2026-08-07
2026-08,684101739270404,5,3224939632,Đến hạn,Normal,"1-20, idle<=90",2025-03-31,2025-06-02 18:38:32,10,8,2026-07-30 20:30:00,1.0,Nguyen Lan Anh,Other,Le To Hai My,Inhouse 1,Ellie Advisor,15370000.0,False,False,,,,,,2026-08-07
2026-08,731929659236614,4,3228391207,Đến hạn,Normal,"1-20, idle<=90",2026-01-26,2026-02-27 22:33:37,13,12,2026-07-31 20:30:00,0.0,Nguyen Linh Chi,Inhouse 1,Ho Thi Thanh,Inhouse 1,Ms Laura,23250000.0,False,False,,,,,,2026-08-07
2026-08,735103811944712,1,3228863501,Đến hạn,Normal,"1-20, idle<=90",2026-03-17,2026-03-17 17:20:11,19,18,2026-08-01 19:30:00,-1.0,Le Kim Chi,Inhouse 1,Le Kim Chi,Inhouse 1,Diem Quynh Advisor,9580000.0,False,False,,,,,,2026-08-07
2026-08,675261360677120,1,3229702302,Đến hạn,Frozen,"1-20, idle<=90",2025-04-12,2025-04-13 13:53:27,20,20,2026-06-19 21:00:00,42.0,Ta Thuy Van,Inhouse 1,Ta Thuy Van,Inhouse 1,Ellie Advisor,18820000.0,False,False,,,,,,2026-08-07
2026-08,735583395629320,6,3229785299,Đến hạn,Normal,"1-20, idle<=90",2026-02-28,2026-03-20 15:16:15,19,18,2026-07-29 21:30:00,2.0,Nguyen Thuy Trang,Inhouse 1,Nguyen Thuy Trang,Inhouse 1,Thao Chi Advisor,7685000.0,False,False,,,,,,2026-08-07
2026-08,694179437175040,5,3229959313,Đến hạn,Normal,"1-20, idle<=90",2025-06-30,2025-07-29 10:26:30,6,4,2026-07-29 17:30:00,2.0,Nguyen Lan Anh,Other,Kieu Thi Thu Quynh,Inhouse 1,Ellie Advisor,15370000.0,False,False,,,,,,2026-08-07
2026-08,697732151181568,3,3230777997,Đến hạn,Normal,"1-20, idle<=90",2025-07-31,2025-08-18 12:12:20,18,17,2026-07-29 11:00:00,2.0,Le Thi Lan Anh,Inhouse 1,Le Thi Lan Anh,Inhouse 1,Ellie Advisor,15370000.0,False,False,,,,,,2026-08-07
2026-08,708204856615168,2,3234408578,Đến hạn,Normal,"1-20, idle<=90",2025-02-11,2025-10-16 16:26:41,7,7,2026-07-31 19:00:00,0.0,Le To Hai My,Inhouse 1,Le To Hai My,Inhouse 1,Ms Laura,17400000.0,False,False,,,,,,2026-08-07
2026-08,735423247251714,1,3238176939,Đến hạn,Normal,"1-20, idle<=90",2026-03-19,2026-03-19 16:53:29,17,15,2026-07-29 18:00:00,2.0,Nguyen Thuy Trang,Inhouse 1,Nguyen Thuy Trang,Inhouse 1,Ms Jenny Advisor,9580000.0,False,False,,,,,,2026-08-07
2026-08,585765465307406,3,3238606168,Đến hạn,Normal,"1-20, idle<=90",2023-11-24,2023-11-24 17:51:30,8,7,2026-07-30 01:30:00,1.0,Le Thi Thuy Trinh,Other,Bui Thi Thai Duong,Inhouse 1,Ms Laura,14000000.0,False,False,,,,,,2026-08-07
2026-08,731727740702982,2,3239825171,Đến hạn,Normal,"1-20, idle<=90",2026-02-26,2026-02-27 09:39:22,10,9,2026-07-31 19:00:00,0.0,Tran Thi Thaoo,Inhouse 1,Le To Hai My,Inhouse 1,Ellie Advisor,9080000.0,True,True,TMP_3239825171_20260619,2026-06-19 00:00:00,15900000.0,GMV,111.0,2026-08-07
2026-08,636329686120716,4,3240060437,Đến hạn,Normal,"1-20, idle<=90",2024-08-31,2024-09-06 18:45:49,13,13,2026-07-31 19:00:00,0.0,Le Kim Chi,Inhouse 1,Le Kim Chi,Inhouse 1,Ruby Advisor,14340000.0,False,False,,,,,,2026-08-07
2026-08,731757633143048,1,3241097818,Đến hạn,Normal,"1-20, idle<=90",2026-02-25,2026-02-27 12:51:01,9,8,2026-07-31 10:30:00,0.0,Dao Ngoc Lan Anh,Inhouse 1,Bui Thi Hong Van,Inhouse 1,Ellie Advisor,9080000.0,False,False,,,,,,2026-08-07
2026-08,728333170424066,8,3242875467,Đến hạn,Normal,"1-20, idle<=90",2026-01-30,2026-02-07 18:07:46,10,8,2026-07-30 22:00:00,1.0,Le Thuy Nhung,Inhouse 1,Le Thuy Nhung,Inhouse 1,Thao Chi Advisor,8250000.0,False,False,,,,,,2026-08-07
2026-08,746043700173064,2,3243779799,Đến hạn,Normal,"1-20, idle<=90",2026-04-18,2026-05-18 13:33:10,7,7,2026-08-01 10:30:00,-1.0,Ta Thi Thu Phuong,Inhouse 2,Ta Thi Thu Phuong,Inhouse 2,Tran Thu Ha,4180000.0,False,False,,,,,,2026-08-07
2026-08,729408007913730,1,3243962420,Đến hạn,Normal,"1-20, idle<=90",2026-02-12,2026-02-13 16:25:43,13,12,2026-07-31 17:00:00,0.0,Tran Thi Son,Inhouse 1,Tran Thi Son,Inhouse 1,Diem Quynh Advisor,9080000.0,False,False,,,,,,2026-08-07
2026-08,736133150212354,4,3245165642,Đến hạn,Normal,"1-20, idle<=90",2026-02-09,2026-03-25 12:15:46,17,16,2026-07-31 22:00:00,0.0,Nguyen Thuy Trang,Inhouse 1,Nguyen Thuy Trang,Inhouse 1,Thao Chi Advisor,7685000.0,False,False,,,,,,2026-08-07
2026-08,726427722883330,6,3248757238,Đến hạn,Normal,"1-20, idle<=90",2026-01-27,2026-01-27 19:21:43,13,12,2026-07-30 20:30:00,1.0,Ta Thuy Van,Inhouse 1,Ta Thuy Van,Inhouse 1,Ellie Advisor,8350000.0,False,False,,,,,,2026-08-07
2026-08,726789765228802,3,3250166219,Đến hạn,Normal,"1-20, idle<=90",2026-01-20,2026-02-05 12:48:17,20,17,2026-07-28 17:00:00,3.0,Nguyen Thuy Trang,Inhouse 1,Nguyen Thuy Trang,Inhouse 1,Thao Chi Advisor,9080000.0,False,False,,,,,,2026-08-07
2026-08,747283007273222,2,3251507630,Đến hạn,Frozen,"1-20, idle<=90",2026-05-24,2026-05-25 16:03:27,15,15,2026-07-18 20:00:00,13.0,Nguyen Thi Thu Huyen,Inhouse 2,Nguyen Thi Thu Huyen,Inhouse 2,Ms Jenny Advisor,4300000.0,False,False,,,,,,2026-08-07
2026-08,732932567994626,6,3251658324,Đến hạn,Normal,"1-20, idle<=90",2026-03-04,2026-03-05 18:12:06,14,12,2026-07-30 18:30:00,1.0,Bui Thi Thai Duong,Inhouse 1,Bui Thi Thai Duong,Inhouse 1,Ellie Advisor,7950000.0,False,False,,,,,,2026-08-07
2026-08,736124095920390,4,3252208107,Đến hạn,Normal,"1-20, idle<=90",2025-07-22,2026-03-23 21:24:45,14,11,2026-07-30 10:00:00,1.0,Bui Thi Hong Van,Inhouse 1,Bui Thi Hong Van,Inhouse 1,Ruby Advisor,8301500.0,False,False,,,,,,2026-08-07
2026-08,574974480197904,1,3254495092,Đến hạn,Normal,"1-20, idle<=90",2023-08-25,2023-09-25 10:07:32,1,0,2026-07-24 21:30:00,7.0,Le Thi Lan Anh,Inhouse 1,Le Thi Lan Anh,Inhouse 1,Ellie Advisor,17820000.0,False,False,,,,,,2026-08-07
2026-08,748006340403464,8,3258980367,Đến hạn,Normal,"1-20, idle<=90",2026-05-29,2026-05-29 15:31:03,15,14,2026-07-31 19:00:00,0.0,Le Thi Lan Anh,Inhouse 1,Le Thi Lan Anh,Inhouse 1,Ellie Advisor,12375000.0,False,False,,,,,,2026-08-07
2026-08,699673742463232,3,3259080581,Đến hạn,Normal,"1-20, idle<=90",2025-07-30,2025-08-30 17:32:31,12,11,2026-07-29 15:30:00,2.0,Le Kim Chi,Inhouse 1,Le Kim Chi,Inhouse 1,Ruby Advisor,15370000.0,False,False,,,,,,2026-08-07
2026-08,731162442977542,1,3259387472,Đến hạn,Normal,"1-20, idle<=90",2026-02-12,2026-02-24 16:38:39,15,14,2026-07-30 21:00:00,1.0,Kieu Thi Thu Quynh,Inhouse 1,Kieu Thi Thu Quynh,Inhouse 1,Thao Chi Advisor,9580000.0,False,False,,,,,,2026-08-07
2026-08,684314283479298,2,3260545746,Đến hạn,Normal,"1-20, idle<=90",2025-05-31,2025-06-03 16:10:36,20,18,2026-07-31 10:00:00,0.0,Le Kim Chi,Inhouse 1,Le Kim Chi,Inhouse 1,Ruby Advisor,15900000.0,False,False,,,,,,2026-08-07
2026-08,731572297060616,5,3261186700,Đến hạn,Normal,"1-20, idle<=90",2026-01-28,2026-02-25 22:29:41,16,15,2026-08-01 21:30:00,-1.0,Le Kim Chi,Inhouse 1,Le Kim Chi,Inhouse 1,Thao Chi Advisor,7950000.0,False,False,,,,,,2026-08-07
2026-08,732988303677704,3,3261583823,Đến hạn,Normal,"1-20, idle<=90",2026-03-05,2026-03-09 12:20:32,18,16,2026-08-01 13:30:00,-1.0,Nguyen Linh Chi,Inhouse 1,Ho Thi Thanh,Inhouse 1,Diem Quynh Advisor,7950000.0,False,False,,,,,,2026-08-07
2026-08,694568458836228,4,3263021053,Đến hạn,Normal,"1-20, idle<=90",2025-07-30,2025-07-31 15:43:47,10,10,2026-07-31 21:30:00,0.0,Le Thi Thanh Thuy,Inhouse 1,Nguyen Kieu Trang,Inhouse 1,Thao Chi Advisor,15370000.0,False,False,,,,,,2026-08-07
2026-08,751055138220294,1,3263629262,Đến hạn,Normal,"1-20, idle<=90",2026-06-15,2026-06-16 18:11:33,10,8,2026-07-30 11:30:00,1.0,Le Thi Lan Anh,Inhouse 1,Le Thi Lan Anh,Inhouse 1,Diem Quynh Advisor,5040000.0,False,False,,,,,,2026-08-07
2026-08,695457643245824,2,3265070913,Đến hạn,Normal,"1-20, idle<=90",2025-06-10,2025-08-09 08:45:16,18,17,2026-08-01 16:30:00,-1.0,Tran Thi Thu Hang,Inhouse 1,Bui Thi Thai Duong,Inhouse 1,Ellie Advisor,16087500.0,False,False,,,,,,2026-08-07
2026-08,684461653735680,2,3265298485,Đến hạn,Normal,"1-20, idle<=90",2025-04-28,2025-06-04 21:25:48,9,7,2026-07-29 17:30:00,2.0,Nguyen Thuy Trang,Inhouse 1,Nguyen Thuy Trang,Inhouse 1,Thao Chi Advisor,15900000.0,False,False,,,,,,2026-08-07
2026-08,746947581645058,1,3265766705,Đến hạn,Normal,"1-20, idle<=90",2026-05-23,2026-05-23 18:34:46,14,13,2026-08-01 21:30:00,-1.0,Le Kim Chi,Inhouse 1,Le Kim Chi,Inhouse 1,Thao Chi Advisor,8775000.0,False,False,,,,,,2026-08-07
2026-08,726754402027782,1,3265899862,Đến hạn,Normal,"1-20, idle<=90",2026-01-28,2026-01-29 20:44:02,6,6,2026-07-31 13:30:00,0.0,Pham Thi Thao,Inhouse 1,Pham Thi Thao,Inhouse 1,Thao Chi Advisor,10080000.0,False,False,,,,,,2026-08-07
2026-08,732439814865160,1,3267274471,Đến hạn,Normal,"1-20, idle<=90",2026-03-02,2026-03-03 14:12:42,9,7,2026-07-30 20:00:00,1.0,Luu Thi Hoang Ngan,Inhouse 1,Luu Thi Hoang Ngan,Inhouse 1,Thao Chi Advisor,8580000.0,True,True,TMP_3267274471_20260726,2026-07-26 00:00:00,8009625.0,GMV,144.0,2026-08-07
2026-08,739829723246850,1,3267308236,Đến hạn,Normal,"1-20, idle<=90",2026-04-09,2026-04-13 12:33:20,17,14,2026-07-30 15:00:00,1.0,Le Thi Lan Anh,Inhouse 1,Le Thi Lan Anh,Inhouse 1,Thao Chi Advisor,9340500.0,False,False,,,,,,2026-08-07
2026-08,749744520530184,5,3267648337,Đến hạn,Normal,"1-20, idle<=90",2026-05-09,2026-06-08 10:42:30,4,2,2026-07-31 15:30:00,0.0,Ta Thuy Van,Inhouse 1,Ta Thuy Van,Inhouse 1,Ellie Advisor,4740000.0,False,False,,,,,,2026-08-07
2026-08,732062260824322,5,3268025042,Đến hạn,Normal,"1-20, idle<=90",2026-02-28,2026-03-02 19:42:55,14,12,2026-07-29 18:30:00,2.0,Le Kim Chi,Inhouse 1,Le Kim Chi,Inhouse 1,Ruby Advisor,7950000.0,False,False,,,,,,2026-08-07
2026-08,693532876671232,3,3268129413,Đến hạn,Normal,"1-20, idle<=90",2025-06-30,2025-07-25 18:27:28,9,9,2026-07-31 18:30:00,0.0,Ta Thuy Van,Inhouse 1,Ta Thuy Van,Inhouse 1,Ellie Advisor,15370000.0,False,False,,,,,,2026-08-07
2026-08,691034242093312,2,3269092356,Đến hạn,Normal,"1-20, idle<=90",2025-06-30,2025-07-14 20:29:54,10,8,2026-07-30 13:00:00,1.0,Tran Thi Son,Inhouse 1,Tran Thi Son,Inhouse 1,Ellie Advisor,15370000.0,False,False,,,,,,2026-08-07
2026-08,681357851828480,1,3269492677,Đến hạn,Normal,"1-20, idle<=90",2025-05-17,2025-05-19 18:00:20,12,9,2026-07-29 18:30:00,2.0,Nguyen Kieu Trang,Inhouse 1,Nguyen Kieu Trang,Inhouse 1,Ruby Advisor,16960000.0,False,False,,,,,,2026-08-07
2026-08,732409248059654,2,3269516052,Đến hạn,Normal,"1-20, idle<=90",2026-03-01,2026-03-03 12:02:01,15,15,2026-08-01 16:30:00,-1.0,Nguyen Kieu Trang,Inhouse 1,Nguyen Kieu Trang,Inhouse 1,Diem Quynh Advisor,7950000.0,False,False,,,,,,2026-08-07
2026-08,669278210947332,3,3269578127,Đến hạn,Normal,"1-20, idle<=90",2025-02-10,2025-03-10 16:43:12,8,7,2026-08-01 13:30:00,-1.0,Tran Thi Thu Hang,Inhouse 1,Le Thi Lan Anh,Inhouse 1,Ellie Advisor,7950000.0,False,False,,,,,,2026-08-07
2026-08,619399771201792,1,3269623909,Đến hạn,Normal,"1-20, idle<=90",2024-05-31,2024-06-03 10:48:39,1,1,2026-08-01 22:30:00,-1.0,Hoang Thi Hong Tham,Offline Team HaNoi,Nguyen Kieu Trang,Inhouse 1,Thao Chi Advisor,8000000.0,False,False,,,,,,2026-08-07
2026-08,747988010684674,1,3270105568,Đến hạn,Normal,"1-20, idle<=90",2026-05-28,2026-06-01 16:44:20,6,5,2026-07-30 21:00:00,1.0,Nguyen Kieu Trang,Inhouse 1,Nguyen Kieu Trang,Inhouse 1,Ruby Advisor,4436200.0,False,False,,,,,,2026-08-07
2026-08,695154503209216,3,3270130290,Đến hạn,Normal,"1-20, idle<=90",2025-02-24,2025-08-04 09:55:16,6,6,2026-07-31 13:30:00,0.0,Le To Hai My,Inhouse 1,Le To Hai My,Inhouse 1,Ms Laura,15900000.0,False,False,,,,,,2026-08-07
2026-08,749223381170440,2,3270238462,Đến hạn,Normal,"1-20, idle<=90",2026-06-05,2026-06-05 12:45:53,9,9,2026-08-01 12:00:00,-1.0,Kieu Thi Thu Quynh,Inhouse 1,Kieu Thi Thu Quynh,Inhouse 1,Thao Chi Advisor,4740000.0,False,False,,,,,,2026-08-07
2026-08,724130631446784,7,3270365858,Đến hạn,Normal,"1-20, idle<=90",2026-01-13,2026-01-14 16:39:55,9,7,2026-07-30 19:30:00,1.0,Le Thi Lan Anh,Inhouse 1,Le Thi Lan Anh,Inhouse 1,Ellie Advisor,7975500.0,False,False,,,,,,2026-08-07
2026-08,732642080678146,1,3270948207,Đến hạn,Normal,"1-20, idle<=90",2026-03-01,2026-03-03 19:52:30,13,31,2026-07-29 16:00:00,2.0,Kieu Thi Thu Quynh,Inhouse 1,Kieu Thi Thu Quynh,Inhouse 1,Thao Chi Advisor,8480000.0,True,True,TMP_3270948207_20260630,2026-06-30 00:00:00,15900000.0,GMV,118.0,2026-08-07
2026-08,698430306885888,3,3270992796,Đến hạn,Normal,"1-20, idle<=90",2024-12-31,2025-08-25 07:11:04,13,11,2026-07-29 16:00:00,2.0,Nguyen Kieu Trang,Inhouse 1,Nguyen Kieu Trang,Inhouse 1,Ellie Advisor,14840000.0,False,False,,,,,,2026-08-07
2026-08,674951120949506,3,3271497915,Đến hạn,Normal,"1-20, idle<=90",2025-03-30,2025-04-11 20:35:04,12,12,2026-07-31 20:00:00,0.0,Ho Thi Thanh,Inhouse 1,Ho Thi Thanh,Inhouse 1,Ms Laura,15400000.0,False,False,,,,,,2026-08-07
2026-08,731599992883464,4,3271654287,Đến hạn,Normal,"1-20, idle<=90",2026-01-31,2026-02-27 20:52:53,11,10,2026-07-31 21:30:00,0.0,Nguyen Kieu Trang,Inhouse 1,Nguyen Kieu Trang,Inhouse 1,Ruby Advisor,7685000.0,False,False,,,,,,2026-08-07
2026-08,731173634476294,3,3271790705,Đến hạn,Normal,"1-20, idle<=90",2025-12-31,2026-02-23 11:56:14,12,10,2026-07-29 21:00:00,2.0,Ta Thuy Van,Inhouse 1,Ta Thuy Van,Inhouse 1,Ellie Advisor,8450000.0,False,False,,,,,,2026-08-07
2026-08,738078679085314,2,3272432880,Đến hạn,Normal,"1-20, idle<=90",2026-03-31,2026-04-06 18:20:34,20,19,2026-07-31 18:30:00,0.0,Kieu Thi Thu Quynh,Inhouse 1,Kieu Thi Thu Quynh,Inhouse 1,Ms Jenny Advisor,7950000.0,False,False,,,,,,2026-08-07
2026-08,702706670960896,1,3272543666,Đến hạn,Normal,"1-20, idle<=90",2025-09-15,2025-09-15 14:47:59,14,13,2026-08-01 10:30:00,-1.0,Nguyen Kieu Trang,Inhouse 1,Nguyen Kieu Trang,Inhouse 1,Ruby Advisor,18820000.0,True,True,TMP_3272543666_20260731,2026-07-31 00:00:00,7950000.0,GMV,318.0,2026-08-07
2026-08,689052670492930,3,3272543732,Đến hạn,Normal,"1-20, idle<=90",,2025-06-30 17:54:03,9,7,2026-07-29 19:30:00,2.0,Le Thi Lan Anh,Inhouse 1,Le Thi Lan Anh,Inhouse 1,Ellie Advisor,15900000.0,False,False,,,,,,2026-08-07
2026-08,723198305902848,1,3272635217,Đến hạn,Normal,"1-20, idle<=90",2026-01-08,2026-01-14 18:00:00,13,13,2026-08-01 22:00:00,-1.0,Le Hung Cuong,Inhouse 2,Vu Cam Ly,Inhouse 2,Tran Thu Ha,8745000.0,False,False,,,,,,2026-08-07
2026-08,732438869256456,4,3272674173,Đến hạn,Normal,"1-20, idle<=90",2026-01-29,2026-03-02 16:37:19,15,14,2026-07-31 11:30:00,0.0,Nguyen Kieu Trang,Inhouse 1,Nguyen Kieu Trang,Inhouse 1,Thao Chi Advisor,8080000.0,False,False,,,,,,2026-08-07
2026-08,726619812034818,3,3272771303,Đến hạn,Normal,"1-20, idle<=90",2026-01-28,2026-01-29 15:45:24,9,9,2026-08-01 16:00:00,-1.0,Hoang Thi Hong Tham,Offline Team HaNoi,Hoang Thi Hong Tham,Offline Team HaNoi,Tran Thu Ha,8980000.0,False,False,,,,,,2026-08-07
2026-08,673032989210884,2,3272992337,Đến hạn,Normal,"1-20, idle<=90",2025-03-31,2025-04-02 21:46:50,11,9,2026-07-30 21:00:00,1.0,Ho Thi Thanh,Inhouse 1,Ho Thi Thanh,Inhouse 1,Ellie Advisor,15370000.0,False,False,,,,,,2026-08-07
2026-08,685739898192130,2,3273028220,Đến hạn,Normal,"1-20, idle<=90",2025-03-29,2025-06-11 18:44:26,18,16,2026-07-30 19:30:00,1.0,Nguyen Kieu Trang,Inhouse 1,Nguyen Kieu Trang,Inhouse 1,Ruby Advisor,16340000.0,False,False,,,,,,2026-08-07
2026-08,741080522600712,2,3273115680,Đến hạn,Normal,"1-20, idle<=90",2026-04-19,2026-04-24 20:34:12,2,1,2026-08-01 22:00:00,-1.0,Tran Thi Son,Inhouse 1,Tran Thi Son,Inhouse 1,Thao Chi Advisor,8200000.0,False,False,,,,,,2026-08-07
2026-08,733318040135938,4,3273122025,Đến hạn,Frozen,"1-20, idle<=90",2026-03-06,2026-03-09 19:44:08,16,15,2026-06-10 22:00:00,51.0,Ta Thuy Van,Inhouse 1,Ta Thuy Van,Inhouse 1,Ellie Advisor,8580000.0,False,False,,,,,,2026-08-07
2026-08,752759223087368,1,3273430880,Đến hạn,Normal,"1-20, idle<=90",2026-05-29,2026-06-27 19:31:44,17,15,2026-07-29 21:00:00,2.0,Le Thi Lan Anh,Inhouse 1,Le Thi Lan Anh,Inhouse 1,Dao Thi Hoang Yen,4740000.0,False,False,,,,,,2026-08-07
2026-08,725896189450498,4,3273627060,Đến hạn,Normal,"1-20, idle<=90",2026-01-24,2026-01-29 17:47:27,13,11,2026-07-30 10:30:00,1.0,Le Kim Chi,Inhouse 1,Le Kim Chi,Inhouse 1,Ruby Advisor,7950000.0,False,False,,,,,,2026-08-07
2026-08,687109351284996,2,3273643995,Đến hạn,Normal,"1-20, idle<=90",2025-04-29,2025-06-19 15:24:21,8,7,2026-07-31 21:30:00,0.0,Laura - Team 2 Admin,Other,Ho Thi Thanh,Inhouse 1,Ms Laura,15900000.0,False,False,,,,,,2026-08-07
2026-08,755112759484674,1,3273664626,Đến hạn,Normal,"1-20, idle<=90",2026-07-08,2026-07-10 12:55:00,19,18,2026-08-01 21:00:00,-1.0,Vu Thuy Huong,Offline Team HaNoi,Vu Thuy Huong,Offline Team HaNoi,Tran Thu Ha,4900000.0,False,False,,,,,,2026-08-07
2026-08,733317557084418,3,3273702580,Đến hạn,Normal,"1-20, idle<=90",2026-03-06,2026-03-12 00:17:57,19,18,2026-08-01 22:30:00,-1.0,Bui Thi Hong Van,Inhouse 1,Bui Thi Hong Van,Inhouse 1,Ruby Advisor,7725000.0,False,False,,,,,,2026-08-07
2026-08,732124429209864,4,3273909497,Đến hạn,Normal,"1-20, idle<=90",2026-02-28,2026-03-01 21:06:04,9,8,2026-07-31 21:00:00,0.0,Le Thi Tuyet,Inhouse 1,Le Thi Tuyet,Inhouse 1,Ruby Advisor,7950000.0,False,False,,,,,,2026-08-07
2026-08,695459494750464,2,3274369812,Đến hạn,Normal,"1-20, idle<=90",2024-10-30,2025-08-05 16:15:54,15,13,2026-07-30 14:00:00,1.0,Le Thi Lan Anh,Inhouse 1,Le Thi Lan Anh,Inhouse 1,Ellie Advisor,15160000.0,False,False,,,,,,2026-08-07
2026-08,731694408931590,3,3274381695,Đến hạn,Normal,"1-20, idle<=90",2026-01-31,2026-02-26 10:27:02,14,12,2026-07-29 18:00:00,2.0,Nguyen Kieu Trang,Inhouse 1,Nguyen Kieu Trang,Inhouse 1,Ruby Advisor,8280000.0,False,False,,,,,,2026-08-07
2026-08,697239124713728,1,3274415250,Đến hạn,Normal,"1-20, idle<=90",2025-08-09,2025-08-17 11:51:59,16,16,2026-08-01 19:30:00,-1.0,Hoang Thi Hong Tham,Offline Team HaNoi,Hoang Thi Hong Tham,Offline Team HaNoi,Tran Thu Ha,15912000.0,False,False,,,,,,2026-08-07
2026-08,712453858681088,3,3274483645,Đến hạn,Normal,"1-20, idle<=90",2025-10-31,2025-11-09 18:45:20,10,8,2026-07-26 17:00:00,5.0,Le To Hai My,Inhouse 1,Le To Hai My,Inhouse 1,Ms Laura,8500000.0,False,False,,,,,,2026-08-07
2026-08,676168167252228,3,3275302166,Đến hạn,Normal,"1-20, idle<=90",,2025-04-24 11:05:27,16,15,2026-07-31 17:30:00,0.0,Nguyen Cong Nguyen,Other,彭胜君,Other,Ellie Advisor,7950000.0,False,False,,,,,,2026-08-07
2026-08,724134915287298,5,3275408826,Đến hạn,Frozen,"1-20, idle<=90",2026-01-13,2026-01-14 19:56:18,15,14,2026-05-29 16:30:00,63.0,Nguyen Kieu Trang,Inhouse 1,Nguyen Kieu Trang,Inhouse 1,Ruby Advisor,8362600.0,False,False,,,,,,2026-08-07
2026-08,679714250232066,2,3275582134,Đến hạn,Normal,"1-20, idle<=90",2025-04-29,2025-05-10 07:04:53,12,65,2026-08-01 21:00:00,-1.0,Ho Thi Thanh,Inhouse 1,Ho Thi Thanh,Inhouse 1,Ms Laura,15370000.0,True,True,680377279564036,2025-05-13 10:25:14,7844000.0,REM,3.0,2026-08-07
2026-08,653724939362568,1,3275800870,Đến hạn,Frozen,"1-20, idle<=90",2024-12-12,2024-12-13 11:01:19,19,19,2026-05-28 21:30:00,64.0,Le To Hai My,Inhouse 1,Le To Hai My,Inhouse 1,Le To Hai My,9580000.0,False,False,,,,,,2026-08-07
2026-08,691525187877120,3,3275925096,Đến hạn,Normal,"1-20, idle<=90",2025-07-14,2025-07-14 12:51:14,8,9,2026-08-01 17:00:00,-1.0,Nguyen Kieu Trang,Inhouse 1,Nguyen Kieu Trang,Inhouse 1,Ellie Advisor,15900000.0,False,False,,,,,,2026-08-07
2026-08,684144982194434,2,3276042623,Đến hạn,Normal,"1-20, idle<=90",2025-05-31,2025-06-02 17:13:10,16,16,2026-07-30 12:30:00,1.0,Le Thuy Nhung,Inhouse 1,Le Thuy Nhung,Inhouse 1,Thao Chi Advisor,15840000.0,False,False,,,,,,2026-08-07
2026-08,655790684408068,2,3276303810,Đến hạn,Normal,"1-20, idle<=90",,2024-12-25 13:59:33,16,16,2026-08-01 17:30:00,-1.0,Nguyen Lan Anh,Other,Le Thi Lan Anh,Inhouse 1,Ellie Advisor,7950000.0,False,False,,,,,,2026-08-07
2026-08,721468984721668,4,3276369038,Đến hạn,Frozen,"1-20, idle<=90",2025-12-29,2025-12-30 21:18:38,17,17,2026-06-25 13:00:00,36.0,Ho Thi Thanh,Inhouse 1,Ho Thi Thanh,Inhouse 1,Ms Laura,7950000.0,False,False,,,,,,2026-08-07
2026-08,651546732007682,2,3276370094,Đến hạn,Normal,"1-20, idle<=90",2024-11-29,2024-11-30 16:13:40,20,19,2026-08-01 17:00:00,-1.0,Nguyen Thi Nhung,Other,Le To Hai My,Inhouse 1,Ms Laura,15400000.0,False,False,,,,,,2026-08-07
2026-08,737011977699592,1,3276459634,Đến hạn,Normal,"1-20, idle<=90",2026-03-26,2026-03-29 18:56:11,17,16,2026-07-31 21:30:00,0.0,Nguyen Thi Thao Ngoc,Inhouse 1,Nguyen Thi Thao Ngoc,Inhouse 1,Diem Quynh Advisor,9045700.0,False,False,,,,,,2026-08-07
2026-08,669427113535748,2,3276555475,Đến hạn,Normal,"1-20, idle<=90",2025-02-27,2025-03-12 11:57:08,7,7,2026-08-01 08:30:00,-1.0,Le Thuy Nhung,Inhouse 1,Le Thuy Nhung,Inhouse 1,Thao Chi Advisor,15370000.0,False,False,,,,,,2026-08-07
2026-08,697897418213636,2,3276643405,Đến hạn,Normal,"1-20, idle<=90",2025-04-18,2025-08-19 10:30:23,12,10,2026-07-29 21:30:00,2.0,Le To Hai My,Inhouse 1,Le To Hai My,Inhouse 1,Ms Laura,15900000.0,True,True,TMP_3276643405_20260715,2026-07-15 00:00:00,15900000.0,GMV,329.0,2026-08-07
2026-08,701828171700482,2,3276659215,Đến hạn,Normal,"1-20, idle<=90",2025-09-10,2025-09-10 16:14:30,14,12,2026-07-30 17:30:00,1.0,Ho Thi Thanh,Inhouse 1,Ho Thi Thanh,Inhouse 1,Ms Laura,15900000.0,False,False,,,,,,2026-08-07
2026-08,731342515118342,3,3276875381,Đến hạn,Normal,"1-20, idle<=90",2026-02-24,2026-02-25 13:35:51,12,11,2026-07-31 18:30:00,0.0,Tran Thi Son,Inhouse 1,Tran Thi Son,Inhouse 1,Ellie Advisor,8215000.0,False,False,,,,,,2026-08-07
2026-08,720247982082304,2,3277087805,Đến hạn,Normal,"1-20, idle<=90",2025-11-30,2025-12-25 19:22:49,19,18,2026-07-31 19:30:00,0.0,Nguyen Kieu Trang,Inhouse 1,Nguyen Kieu Trang,Inhouse 1,Ruby Advisor,16820000.0,False,False,,,,,,2026-08-07
2026-08,735928243822854,1,3277087885,Đến hạn,Normal,"1-20, idle<=90",2026-03-22,2026-03-22 12:37:30,15,13,2026-07-30 21:00:00,1.0,Pham Thi Tam Thuy,Inhouse 1,Le Thi Lan Anh,Inhouse 1,Ruby Advisor,25800000.0,False,False,,,,,,2026-08-07
2026-08,720781225724162,4,3277145580,Đến hạn,Normal,"1-20, idle<=90",2025-12-26,2025-12-31 13:59:08,17,15,2026-07-22 18:00:00,9.0,Nguyen Linh Chi,Inhouse 1,Bui Thi Thai Duong,Inhouse 1,Ellie Advisor,8150000.0,False,False,,,,,,2026-08-07
2026-08,637389273411852,2,3277547888,Đến hạn,Normal,"1-20, idle<=90",2024-08-27,2024-09-11 19:31:01,20,19,2026-07-31 22:00:00,0.0,Nguyen Kieu Trang,Inhouse 1,Nguyen Kieu Trang,Inhouse 1,Ruby Advisor,8000000.0,False,False,,,,,,2026-08-07
2026-08,698955875199236,2,3277902883,Đến hạn,Normal,"1-20, idle<=90",2025-08-24,2025-08-26 19:31:08,13,13,2026-07-31 17:30:00,0.0,Ta Thuy Van,Inhouse 1,Ta Thuy Van,Inhouse 1,Ellie Advisor,16500000.0,False,False,,,,,,2026-08-07
2026-08,702194033502464,2,3277972623,Đến hạn,Normal,"1-20, idle<=90",2025-09-12,2025-09-12 18:07:53,12,10,2026-07-30 15:00:00,1.0,Dao Thi Trang,Inhouse 1,Ho Thi Thanh,Inhouse 1,Ms Laura,16430000.0,False,False,,,,,,2026-08-07
2026-08,698254591039748,2,3278170295,Đến hạn,Normal,"1-20, idle<=90",2025-08-20,2025-08-26 16:47:58,17,16,2026-07-31 18:00:00,0.0,Ta Thuy Van,Inhouse 1,Ta Thuy Van,Inhouse 1,Ellie Advisor,16820000.0,False,False,,,,,,2026-08-07
2026-08,738810803749128,4,3278412192,Đến hạn,Normal,"1-20, idle<=90",2026-02-28,2026-04-08 18:22:29,15,15,2026-07-30 18:30:00,1.0,Ta Thuy Van,Inhouse 1,Ta Thuy Van,Inhouse 1,Ellie Advisor,9330000.0,False,False,,,,,,2026-08-07
2026-08,727108546459910,1,3278446051,Đến hạn,Normal,"1-20, idle<=90",2026-01-30,2026-01-31 17:26:07,9,9,2026-07-30 20:30:00,1.0,Le Thi Lan Anh,Inhouse 1,Le Thi Lan Anh,Inhouse 1,Diem Quynh Advisor,9080000.0,False,False,,,,,,2026-08-07
2026-08,705370939537664,3,3278960830,Đến hạn,Normal,"1-20, idle<=90",2025-09-30,2025-10-02 10:58:48,8,7,2026-07-30 11:30:00,1.0,Nguyen Linh Chi,Inhouse 1,Le To Hai My,Inhouse 1,Ms Laura,7950000.0,False,False,,,,,,2026-08-07
2026-08,726438437460232,3,3279198909,Đến hạn,Normal,"1-20, idle<=90",2026-01-27,2026-01-27 17:33:23,14,12,2026-07-29 12:00:00,2.0,Ho Thi Thanh,Inhouse 1,Ho Thi Thanh,Inhouse 1,Ms Laura,7685000.0,False,False,,,,,,2026-08-07
2026-08,711564116672770,2,3279455189,Đến hạn,Normal,"1-20, idle<=90",2025-10-21,2025-11-07 11:45:36,8,7,2026-08-01 21:00:00,-1.0,Nguyen Linh Chi,Inhouse 1,Ho Thi Thanh,Inhouse 1,Ellie Advisor,7950000.0,False,False,,,,,,2026-08-07
2026-08,697901752396032,2,3279591653,Đến hạn,Normal,"1-20, idle<=90",2025-08-16,2025-08-22 14:52:54,19,18,2026-07-31 22:00:00,0.0,Nguyen Lan Anh,Other,Kieu Thi Thu Quynh,Inhouse 1,Ellie Advisor,15911700.0,False,False,,,,,,2026-08-07
2026-08,731519584016648,3,3279594594,Đến hạn,Normal,"1-20, idle<=90",2026-02-25,2026-02-25 11:00:09,13,13,2026-07-31 22:00:00,0.0,Bui Thi Hong Van,Inhouse 1,Bui Thi Hong Van,Inhouse 1,Thao Chi Advisor,7950000.0,False,False,,,,,,2026-08-07
2026-08,703438240721152,1,3279743658,Đến hạn,Normal,"1-20, idle<=90",2025-08-26,2025-09-20 12:46:47,19,18,2026-07-29 22:00:00,2.0,Nguyen Kieu Trang,Inhouse 1,Nguyen Kieu Trang,Inhouse 1,Ruby Advisor,17400000.0,False,False,,,,,,2026-08-07
2026-08,742838531545352,5,3279974455,Đến hạn,Normal,"1-20, idle<=90",2026-04-29,2026-05-05 15:23:25,15,68,2026-08-01 16:00:00,-1.0,Ho Thi Thanh,Inhouse 1,Ho Thi Thanh,Inhouse 1,Ms Laura,4160000.0,True,True,743764785873154,2026-05-05 15:36:32,7950000.0,REM,0.0,2026-08-07
2026-08,705689111144708,2,3279988197,Đến hạn,Normal,"1-20, idle<=90",2025-10-01,2025-10-02 20:40:47,12,10,2026-07-30 16:00:00,1.0,Nguyen Linh Chi,Inhouse 1,Kieu Thi Thu Quynh,Inhouse 1,Nguyen Linh Chi,7950000.0,False,False,,,,,,2026-08-07
2026-08,732440378538248,3,3280016136,Đến hạn,Normal,"1-20, idle<=90",2026-02-22,2026-03-02 15:49:17,17,17,2026-06-30 22:00:00,31.0,Le To Hai My,Inhouse 1,Le To Hai My,Inhouse 1,Le To Hai My,8450000.0,False,False,,,,,,2026-08-07
2026-08,705365663533312,2,3280277153,Đến hạn,Normal,"1-20, idle<=90",2025-04-05,2025-09-30 15:30:38,10,112,2026-07-31 17:00:00,0.0,Le Thuy Nhung,Inhouse 1,Le Thuy Nhung,Inhouse 1,Thao Chi Advisor,16420000.0,True,True,759170738104582,2026-07-31 00:00:00,16000000.0,GMV+REM,303.0,2026-08-07
2026-08,729263607097608,1,3280385382,Đến hạn,Normal,"1-20, idle<=90",2026-02-12,2026-02-13 17:26:30,16,14,2026-07-30 22:00:00,1.0,Tran Thi Son,Inhouse 1,Tran Thi Son,Inhouse 1,Thao Chi Advisor,9580000.0,False,False,,,,,,2026-08-07
2026-08,668000435671296,1,3280477569,Đến hạn,Frozen,"1-20, idle<=90",2025-02-28,2025-03-03 21:31:03,18,18,2026-06-28 15:00:00,33.0,Tran Thi Son,Inhouse 1,Tran Thi Son,Inhouse 1,Ms Laura,18120000.0,False,False,,,,,,2026-08-07
2026-08,739841028729094,4,3280596642,Đến hạn,Normal,"1-20, idle<=90",2026-01-30,2026-04-13 11:24:32,20,18,2026-07-30 18:00:00,1.0,Le To Hai My,Inhouse 1,Le To Hai My,Inhouse 1,Le To Hai My,23250000.0,True,True,TMP_3280596642_20260619,2026-06-19 00:00:00,23250000.0,GMV,66.0,2026-08-07
2026-08,714705207570688,3,3280818772,Đến hạn,Normal,"1-20, idle<=90",,2025-11-26 20:25:48,8,7,2026-07-31 20:30:00,0.0,Nguyen Linh Chi,Inhouse 1,Le To Hai My,Inhouse 1,Ms Laura,7950000.0,False,False,,,,,,2026-08-07
2026-08,726434222729474,3,3280894798,Đến hạn,Normal,"1-20, idle<=90",2026-01-27,2026-01-27 17:05:57,15,13,2026-07-29 11:00:00,2.0,Ho Thi Thanh,Inhouse 1,Ho Thi Thanh,Inhouse 1,Ms Laura,7685000.0,False,False,,,,,,2026-08-07
2026-08,670995786909954,2,3281024916,Đến hạn,Normal,"1-20, idle<=90",2025-03-19,2025-03-20 11:23:24,12,10,2026-07-30 21:00:00,1.0,Nguyen Thi Nhung,Other,Kieu Thi Thu Quynh,Inhouse 1,Ms Laura,15600000.0,False,False,,,,,,2026-08-07
2026-08,685580677492994,2,3281112638,Đến hạn,Normal,"1-20, idle<=90",2025-05-31,2025-06-12 23:05:02,14,10,2026-07-23 21:30:00,8.0,Nguyen Thi Thao Ngoc,Inhouse 1,Nguyen Thi Thao Ngoc,Inhouse 1,Thao Chi Advisor,7950000.0,False,False,,,,,,2026-08-07
2026-08,727974088345858,3,3281125282,Đến hạn,Normal,"1-20, idle<=90",2026-01-31,2026-02-06 16:58:01,19,18,2026-07-31 22:00:00,0.0,Nguyen Thuy Trang,Inhouse 1,Nguyen Thuy Trang,Inhouse 1,Thao Chi Advisor,8380000.0,False,False,,,,,,2026-08-07
2026-08,727499131965702,4,3281265325,Đến hạn,Normal,"1-20, idle<=90",2026-01-23,2026-02-04 19:03:41,9,8,2026-07-31 21:30:00,0.0,Nguyen Thuy Trang,Inhouse 1,Nguyen Thuy Trang,Inhouse 1,Thao Chi Advisor,8220000.0,False,False,,,,,,2026-08-07
2026-08,740401051224328,4,3281344137,Đến hạn,Normal,"1-20, idle<=90",2026-04-16,2026-04-16 21:25:48,17,14,2026-07-30 21:30:00,1.0,Kieu Thi Thu Quynh,Inhouse 1,Kieu Thi Thu Quynh,Inhouse 1,Ms Laura,8215000.0,False,False,,,,,,2026-08-07
2026-08,727527910945032,1,3281568279,Đến hạn,Normal,"1-20, idle<=90",2026-01-17,2026-02-03 17:02:00,8,7,2026-07-31 21:30:00,0.0,Nguyen Minh Hieu,Ho Chi Minh,Nguyen Minh Phat,Ho Chi Minh,Dao Thi Hoang Yen,9500000.0,False,False,,,,,,2026-08-07
2026-08,688393523466500,3,3281838460,Đến hạn,Normal,"1-20, idle<=90",,2025-06-26 17:34:18,1,1,2026-07-31 01:00:00,0.0,Le Kim Chi,Inhouse 1,Le Kim Chi,Inhouse 1,Ruby Advisor,30840000.0,False,False,,,,,,2026-08-07
2026-08,729037630664962,5,3281974075,Đến hạn,Normal,"1-20, idle<=90",2026-02-11,2026-02-11 11:20:34,6,5,2026-07-31 21:30:00,0.0,Ta Thuy Van,Inhouse 1,Ta Thuy Van,Inhouse 1,Ellie Advisor,7950000.0,True,True,TMP_3281974075_20260731,2026-07-31 00:00:00,8115000.0,GMV,169.0,2026-08-07
2026-08,708496734324994,2,3282071803,Đến hạn,Normal,"1-20, idle<=90",2025-10-17,2025-10-21 17:37:29,4,1,2026-07-29 21:00:00,2.0,Nguyen Thuy Trang,Inhouse 1,Nguyen Thuy Trang,Inhouse 1,Thao Chi Advisor,16430000.0,False,False,,,,,,2026-08-07
2026-08,691714775656706,1,3282215250,Đến hạn,Normal,"1-20, idle<=90",2025-07-14,2025-07-16 15:14:30,16,16,2026-08-01 11:00:00,-1.0,Bui Thi Hong Van,Inhouse 1,Bui Thi Hong Van,Inhouse 1,Ruby Advisor,17615500.0,False,False,,,,,,2026-08-07
2026-08,753341434876166,1,3282222736,Đến hạn,Normal,"1-20, idle<=90",2026-06-28,2026-07-01 18:14:16,16,15,2026-07-31 21:00:00,0.0,Nguyen Thi Hang Nga,Inhouse 1,Nguyen Thi Hang Nga,Inhouse 1,Ellie Advisor,4740000.0,False,False,,,,,,2026-08-07
2026-08,731725634251016,1,3282354478,Đến hạn,Normal,"1-20, idle<=90",2026-02-26,2026-02-26 20:38:17,11,11,2026-08-01 21:30:00,-1.0,Pham Thi Tam Thuy,Inhouse 1,Le Thi Lan Anh,Inhouse 1,Ruby Advisor,9880000.0,False,False,,,,,,2026-08-07
2026-08,732407741503746,1,3282377035,Đến hạn,Normal,"1-20, idle<=90",2026-03-02,2026-03-02 11:21:35,15,13,2026-07-31 10:30:00,0.0,Nguyen Kieu Trang,Inhouse 1,Nguyen Kieu Trang,Inhouse 1,Ruby Advisor,9010000.0,False,False,,,,,,2026-08-07
2026-08,750270360295688,1,3282399353,Đến hạn,Normal,"1-20, idle<=90",2026-06-11,2026-06-13 10:06:22,12,10,2026-07-30 17:30:00,1.0,Cao Thi Lua,Inhouse 1,Cao Thi Lua,Inhouse 1,Ellie Advisor,5240000.0,False,False,,,,,,2026-08-07
2026-08,752639866065158,4,3282521736,Đến hạn,Normal,"1-20, idle<=90",2026-06-24,2026-06-25 09:40:52,18,16,2026-07-29 21:30:00,2.0,Ho Thi Thanh,Inhouse 1,Ho Thi Thanh,Inhouse 1,Ms Laura,4420000.0,False,False,,,,,,2026-08-07
2026-08,731338578047234,2,3282712369,Đến hạn,Normal,"1-20, idle<=90",2026-01-30,2026-02-24 13:13:30,8,6,2026-07-30 21:30:00,1.0,Do Thi Tuyet Nhung,Inhouse 1,Do Thi Tuyet Nhung,Inhouse 1,Ms Laura,7685000.0,False,False,,,,,,2026-08-07
2026-08,715803740219652,1,3282858304,Đến hạn,Normal,"1-20, idle<=90",2025-11-27,2025-11-28 19:15:15,10,8,2026-07-31 22:00:00,0.0,Dang Nhat Anh,Inhouse 2,Nguyen Thi Thu Huyen,Inhouse 2,Tran Thu Ha,16631500.0,False,False,,,,,,2026-08-07
2026-08,687476158548224,1,3282935712,Đến hạn,Normal,"1-20, idle<=90",2025-03-09,2025-06-22 17:53:08,8,7,2026-07-31 20:00:00,0.0,Le Thi Lan Anh,Inhouse 1,Le Thi Lan Anh,Inhouse 1,Ellie Advisor,16500000.0,False,False,,,,,,2026-08-07
2026-08,724618790101248,2,3283052914,Đến hạn,Frozen,"1-20, idle<=90",2026-01-16,2026-01-17 11:14:42,20,19,2026-06-04 20:00:00,57.0,Bui Thi Hong Van,Inhouse 1,Bui Thi Hong Van,Inhouse 1,Ruby Advisor,7950000.0,False,False,,,,,,2026-08-07
2026-08,736310356863240,1,3283061302,Đến hạn,Normal,"1-20, idle<=90",2026-03-23,2026-03-25 14:37:49,20,18,2026-07-29 20:30:00,2.0,Nguyen Thuy Trang,Inhouse 1,Nguyen Thuy Trang,Inhouse 1,Thao Chi Advisor,8853000.0,False,False,,,,,,2026-08-07
2026-08,716530402887940,3,3283312274,Đến hạn,Normal,"1-20, idle<=90",2025-12-01,2025-12-02 18:02:16,8,7,2026-07-31 22:30:00,0.0,Nguyen Thuy Trang,Inhouse 1,Nguyen Thuy Trang,Inhouse 1,Thao Chi Advisor,7950000.0,False,False,,,,,,2026-08-07
2026-08,720055549118720,3,3283376533,Đến hạn,Normal,"1-20, idle<=90",2025-12-22,2025-12-23 16:53:22,18,17,2026-07-21 23:30:00,10.0,Nguyen Linh Chi,Inhouse 1,Kieu Thi Thu Quynh,Inhouse 1,Ms Laura,8480000.0,True,True,TMP_3283376533_20260702,2026-07-02 00:00:00,8215000.0,GMV,190.0,2026-08-07
2026-08,685531341826304,2,3283447351,Đến hạn,Normal,"1-20, idle<=90",2025-04-18,2025-06-10 15:54:53,11,10,2026-07-29 19:00:00,2.0,Bui Thi Hong Van,Inhouse 1,Bui Thi Hong Van,Inhouse 1,Ruby Advisor,16450000.0,True,True,TMP_3283447351_20260524,2026-05-24 00:00:00,16650000.0,GMV,347.0,2026-08-07
2026-08,673163422908672,2,3283492041,Đến hạn,Normal,"1-20, idle<=90",2025-03-31,2025-04-01 15:41:16,18,16,2026-07-29 19:30:00,2.0,Le To Hai My,Inhouse 1,Le To Hai My,Inhouse 1,Ms Laura,15500000.0,True,True,TMP_3283492041_20260519,2026-05-19 00:00:00,15900000.0,GMV,412.0,2026-08-07
2026-08,673163234001154,2,3283492707,Đến hạn,Normal,"1-20, idle<=90",2025-03-31,2025-04-01 15:42:25,15,14,2026-07-31 19:30:00,0.0,Le To Hai My,Inhouse 1,Le To Hai My,Inhouse 1,Ms Laura,15500000.0,False,False,,,,,,2026-08-07
2026-08,703469221417216,1,3283496092,Đến hạn,Normal,"1-20, idle<=90",2025-09-19,2025-09-20 18:47:36,18,122,2026-07-30 16:00:00,1.0,Le Thi Thuy Trang,Inhouse 1,Le Thi Thuy Trang,Inhouse 1,Ruby Advisor,18820000.0,True,True,729071270373638,2026-02-11 00:00:00,16630000.0,GMV+REM,143.0,2026-08-07
2026-08,691920344744194,2,3283729946,Đến hạn,Normal,"1-20, idle<=90",2025-05-31,2025-07-17 22:16:09,10,9,2026-07-31 21:30:00,0.0,Le Thuy Nhung,Inhouse 1,Le Thuy Nhung,Inhouse 1,Thao Chi Advisor,15920000.0,False,False,,,,,,2026-08-07
2026-08,689496715065602,2,3283940861,Đến hạn,Normal,"1-20, idle<=90",2025-05-01,2025-07-03 16:16:42,13,117,2026-07-28 10:00:00,3.0,Nguyen Kieu Trang,Inhouse 1,Nguyen Kieu Trang,Inhouse 1,Ruby Advisor,15370000.0,True,True,759178544267528,2026-07-31 00:00:00,15900000.0,GMV+REM,392.0,2026-08-07
2026-08,732442118775048,3,3284143911,Đến hạn,Normal,"1-20, idle<=90",2026-02-22,2026-03-02 15:50:39,20,20,2026-07-02 22:30:00,29.0,Le To Hai My,Inhouse 1,Le To Hai My,Inhouse 1,Le To Hai My,8450000.0,False,False,,,,,,2026-08-07
2026-08,736645583388934,3,3284365074,Đến hạn,Normal,"1-20, idle<=90",2026-01-31,2026-03-26 12:59:35,19,17,2026-07-31 22:00:00,0.0,Bui Thi Thai Duong,Inhouse 1,Bui Thi Thai Duong,Inhouse 1,Ellie Advisor,7950000.0,False,False,,,,,,2026-08-07
2026-08,686980749998336,1,3284486747,Đến hạn,Normal,"1-20, idle<=90",2025-02-28,2025-06-22 11:16:45,11,11,2026-07-31 21:00:00,0.0,Nguyen Thi Thao Ngoc,Inhouse 1,Nguyen Thi Thao Ngoc,Inhouse 1,Thao Chi Advisor,16561000.0,False,False,,,,,,2026-08-07
2026-08,692969772630276,2,3284633338,Đến hạn,Normal,"1-20, idle<=90",2025-07-22,2025-07-23 10:39:45,12,12,2026-08-01 09:00:00,-1.0,Nguyen Thuy Trang,Inhouse 1,Nguyen Thuy Trang,Inhouse 1,Thao Chi Advisor,16430000.0,False,False,,,,,,2026-08-07
2026-08,731774591822086,2,3284753942,Đến hạn,Normal,"1-20, idle<=90",2026-02-26,2026-02-27 09:20:57,12,10,2026-07-30 19:00:00,1.0,Ho Thi Thanh,Inhouse 1,Ho Thi Thanh,Inhouse 1,Ellie Advisor,8215000.0,False,False,,,,,,2026-08-07
2026-08,677382313908482,2,3284945061,Đến hạn,Normal,"1-20, idle<=90",2025-04-25,2025-04-25 16:28:31,16,15,2026-07-29 19:00:00,2.0,Bui Thi Hong Van,Inhouse 1,Bui Thi Hong Van,Inhouse 1,Ruby Advisor,15450000.0,False,False,,,,,,2026-08-07
2026-08,694243837135108,2,3284946182,Đến hạn,Normal,"1-20, idle<=90",2025-07-29,2025-07-29 19:19:29,18,122,2026-07-31 17:00:00,0.0,Bui Thi Hong Van,Inhouse 1,Bui Thi Hong Van,Inhouse 1,Ruby Advisor,16450000.0,True,True,753668096952582,2026-06-29 00:00:00,16450000.0,GMV+REM,334.0,2026-08-07
2026-08,732946016033032,2,3285212104,Đến hạn,Normal,"1-20, idle<=90",2026-03-04,2026-03-05 20:25:17,12,10,2026-07-30 20:30:00,1.0,Hoang Thi Hong Tham,Offline Team HaNoi,Hoang Thi Hong Tham,Offline Team HaNoi,Tran Thu Ha,8215000.0,False,False,,,,,,2026-08-07
2026-08,732433201385736,2,3285578314,Đến hạn,Normal,"1-20, idle<=90",2026-03-01,2026-03-02 14:43:28,13,12,2026-07-31 18:30:00,0.0,Ho Thi Thanh,Inhouse 1,Ho Thi Thanh,Inhouse 1,Ms Laura,8166000.0,False,False,,,,,,2026-08-07
2026-08,725533401039106,3,3285578501,Đến hạn,Normal,"1-20, idle<=90",2026-01-22,2026-01-22 14:48:31,12,11,2026-07-31 21:00:00,0.0,Nguyen Kieu Trang,Inhouse 1,Nguyen Kieu Trang,Inhouse 1,Ruby Advisor,8480000.0,False,False,,,,,,2026-08-07
2026-08,733162620152066,2,3285664103,Đến hạn,Normal,"1-20, idle<=90",2026-03-06,2026-03-10 20:50:41,5,4,2026-07-31 18:30:00,0.0,Bui Thi Hong Van,Inhouse 1,Bui Thi Hong Van,Inhouse 1,Ruby Advisor,23250000.0,False,False,,,,,,2026-08-07
2026-08,735928751237382,3,3285721633,Đến hạn,Normal,"1-20, idle<=90",2026-03-21,2026-03-24 21:15:45,19,18,2026-07-31 21:00:00,0.0,Kieu Thi Thu Quynh,Inhouse 1,Kieu Thi Thu Quynh,Inhouse 1,Ellie Advisor,8200000.0,False,False,,,,,,2026-08-07
2026-08,698956005370116,2,3285765838,Đến hạn,Normal,"1-20, idle<=90",2025-08-24,2025-08-25 22:39:12,12,10,2026-07-30 19:30:00,1.0,Laura - Team 2 Admin,Other,Ho Thi Thanh,Inhouse 1,Ms Laura,15900000.0,False,False,,,,,,2026-08-07
2026-08,720724026806528,2,3285935956,Đến hạn,Frozen,"1-20, idle<=90",2025-11-30,2025-12-26 13:17:59,19,19,2026-07-10 21:00:00,21.0,Pham Thi Thao,Inhouse 1,Pham Thi Thao,Inhouse 1,Ellie Advisor,7950000.0,True,True,TMP_3285935956_20260630,2026-06-30 00:00:00,7950000.0,GMV,185.0,2026-08-07
2026-08,732459139535112,3,3285966869,Đến hạn,Normal,"1-20, idle<=90",2026-03-02,2026-03-02 22:05:17,10,9,2026-08-01 19:00:00,-1.0,Kieu Thi Thu Quynh,Inhouse 1,Kieu Thi Thu Quynh,Inhouse 1,Diem Quynh Advisor,7685000.0,False,False,,,,,,2026-08-07
2026-08,753850015060232,3,3286533749,Đến hạn,Normal,"1-20, idle<=90",2026-06-30,2026-07-01 16:01:55,18,16,2026-07-29 21:00:00,2.0,Le Thi Tuyet,Inhouse 1,Le Thi Tuyet,Inhouse 1,Ms Laura,4290000.0,False,False,,,,,,2026-08-07
2026-08,748333163704578,6,3286646047,Đến hạn,Normal,"1-20, idle<=90",2026-05-31,2026-06-03 22:23:10,18,17,2026-07-31 21:30:00,0.0,Nguyen Thi Thao Ngoc,Inhouse 1,Nguyen Thi Thao Ngoc,Inhouse 1,Thao Chi Advisor,4700000.0,False,False,,,,,,2026-08-07
2026-08,733149419974914,3,3286779787,Đến hạn,Normal,"1-20, idle<=90",2026-02-28,2026-03-06 16:04:41,16,15,2026-07-31 19:00:00,0.0,Hoang Thi Hong Tham,Offline Team HaNoi,Hoang Thi Hong Tham,Offline Team HaNoi,Tran Thu Ha,8215900.0,False,False,,,,,,2026-08-07
2026-08,701485521115392,2,3286847698,Đến hạn,Normal,"1-20, idle<=90",2025-08-31,2025-09-08 17:19:54,11,10,2026-07-31 23:00:00,0.0,Ta Thuy Van,Inhouse 1,Ta Thuy Van,Inhouse 1,Thao Chi Advisor,16450000.0,False,False,,,,,,2026-08-07
2026-08,747459445283080,4,3286859857,Đến hạn,Normal,"1-20, idle<=90",2026-05-26,2026-06-02 11:49:36,13,12,2026-07-31 21:00:00,0.0,Lai Ngoc Thuy Linh,Ho Chi Minh,Lai Ngoc Thuy Linh,Ho Chi Minh,Dao Thi Hoang Yen,4290000.0,False,False,,,,,,2026-08-07
2026-08,740600741761286,3,3286888156,Đến hạn,Normal,"1-20, idle<=90",2026-03-31,2026-04-19 02:48:58,13,13,2026-08-01 19:00:00,-1.0,Le To Hai My,Inhouse 1,Le To Hai My,Inhouse 1,Ms Laura,8305000.0,False,False,,,,,,2026-08-07
2026-08,693708503404804,2,3286898775,Đến hạn,Normal,"1-20, idle<=90",2025-07-26,2025-07-26 18:32:54,19,18,2026-08-01 14:00:00,-1.0,Le Thi Lan Anh,Inhouse 1,Le Thi Lan Anh,Inhouse 1,Ms Laura,16320000.0,False,False,,,,,,2026-08-07
2026-08,736893001775366,3,3286954932,Đến hạn,Normal,"1-20, idle<=90",2026-03-27,2026-03-31 20:07:35,20,19,2026-07-31 12:00:00,0.0,Tran Thi Son,Inhouse 1,Tran Thi Son,Inhouse 1,Ellie Advisor,7950000.0,False,False,,,,,,2026-08-07
2026-08,681262394005760,1,3287012072,Đến hạn,Normal,"1-20, idle<=90",2025-03-21,2025-05-17 11:03:26,7,6,2026-08-01 19:00:00,-1.0,Nguyen Thuy Trang,Inhouse 1,Nguyen Thuy Trang,Inhouse 1,Thao Chi Advisor,16140000.0,False,False,,,,,,2026-08-07
2026-08,697241778690304,2,3287024361,Đến hạn,Frozen,"1-20, idle<=90",2025-08-15,2025-08-16 17:40:08,14,14,2026-07-13 16:30:00,18.0,Le Kim Chi,Inhouse 1,Le Kim Chi,Inhouse 1,Ruby Advisor,15900000.0,False,False,,,,,,2026-08-07
2026-08,754906827997442,1,3287032666,Đến hạn,Frozen,"1-20, idle<=90",2026-07-07,2026-07-07 14:58:06,18,18,2026-07-30 15:00:00,1.0,Le Thi Tuyet,Inhouse 1,Le Thi Tuyet,Inhouse 1,Thao Chi Advisor,4550000.0,False,False,,,,,,2026-08-07
2026-08,742597796454658,3,3287065302,Đến hạn,Normal,"1-20, idle<=90",2026-04-27,2026-04-30 20:41:57,12,10,2026-07-30 21:00:00,1.0,Nguyen Kieu Trang,Inhouse 1,Nguyen Kieu Trang,Inhouse 1,Thao Chi Advisor,4240000.0,False,False,,,,,,2026-08-07
2026-08,673180674056452,1,3287234372,Đến hạn,Normal,"1-20, idle<=90",2025-03-31,2025-04-01 19:05:34,7,6,2026-07-31 20:00:00,0.0,Nguyen Kieu Trang,Inhouse 1,Nguyen Kieu Trang,Inhouse 1,Ruby Advisor,15900000.0,False,False,,,,,,2026-08-07
2026-08,668746038098178,1,3287330351,Đến hạn,Frozen,"1-20, idle<=90",2025-03-06,2025-03-07 16:34:47,13,13,2026-07-12 10:30:00,19.0,Le Kim Chi,Inhouse 1,Le Kim Chi,Inhouse 1,Ruby Advisor,18820000.0,False,False,,,,,,2026-08-07
2026-08,738632187906306,1,3287406590,Đến hạn,Normal,"1-20, idle<=90",2026-04-04,2026-04-08 20:54:40,16,15,2026-07-30 20:30:00,1.0,Luu Thi Hoang Ngan,Inhouse 1,Luu Thi Hoang Ngan,Inhouse 1,Ms Jenny Advisor,9340500.0,False,False,,,,,,2026-08-07
2026-08,694243437390080,2,3287419095,Đến hạn,Normal,"1-20, idle<=90",2025-07-29,2025-07-29 21:21:23,16,14,2026-07-30 20:30:00,1.0,Bui Thi Hong Van,Inhouse 1,Bui Thi Hong Van,Inhouse 1,Ruby Advisor,16450000.0,False,False,,,,,,2026-08-07
2026-08,732622648375554,2,3287525553,Đến hạn,Normal,"1-20, idle<=90",2026-03-03,2026-03-03 17:27:24,19,18,2026-08-01 17:00:00,-1.0,Kieu Thi Thu Quynh,Inhouse 1,Kieu Thi Thu Quynh,Inhouse 1,Ellie Advisor,7685000.0,False,False,,,,,,2026-08-07
2026-08,697407697912066,2,3287780681,Đến hạn,Normal,"1-20, idle<=90",2025-05-26,2025-08-16 19:24:21,17,15,2026-07-29 22:00:00,2.0,Le Thuy Nhung,Inhouse 1,Le Thuy Nhung,Inhouse 1,Thao Chi Advisor,15900000.0,False,False,,,,,,2026-08-07
2026-08,727131521446150,3,3287994880,Đến hạn,Normal,"1-20, idle<=90",2026-01-31,2026-02-01 09:17:29,19,119,2026-07-28 13:30:00,3.0,Lai Ngoc Thuy Linh,Ho Chi Minh,Lai Ngoc Thuy Linh,Ho Chi Minh,Dao Thi Hoang Yen,23500000.0,True,True,755423523748098,2026-07-10 00:00:00,45955000.0,GMV+REM,158.0,2026-08-07
2026-08,697021979384068,1,3288170575,Đến hạn,Normal,"1-20, idle<=90",2025-03-31,2025-08-18 16:57:43,20,18,2026-07-26 14:30:00,5.0,Bui Thi Hong Van,Inhouse 1,Bui Thi Hong Van,Inhouse 1,Ruby Advisor,15900000.0,False,False,,,,,,2026-08-07
2026-08,673182886547716,1,3288174847,Đến hạn,Normal,"1-20, idle<=90",2025-03-21,2025-04-01 18:17:40,13,117,2026-07-31 20:00:00,0.0,Ho Thi Thanh,Inhouse 1,Ho Thi Thanh,Inhouse 1,Ms Laura,18820000.0,True,True,742534402593030,2026-04-28 00:00:00,15930000.0,GMV+REM,391.0,2026-08-07
2026-08,681978593581316,1,3288408028,Đến hạn,Frozen,"1-20, idle<=90",2025-03-22,2025-05-21 16:59:57,9,9,2026-07-22 19:00:00,9.0,Tran Thi Son,Inhouse 1,Tran Thi Son,Inhouse 1,Ellie Advisor,9340500.0,False,False,,,,,,2026-08-07
2026-08,721657621369088,3,3288479291,Đến hạn,Normal,"1-20, idle<=90",2025-11-27,2025-12-31 17:14:22,17,17,2026-08-01 09:30:00,-1.0,Le Thi Lan Anh,Inhouse 1,Le Thi Lan Anh,Inhouse 1,Ellie Advisor,8480000.0,False,False,,,,,,2026-08-07
2026-08,733693930326280,1,3288530498,Đến hạn,Normal,"1-20, idle<=90",,2026-03-09 17:46:50,13,11,2026-07-30 19:30:00,1.0,Luu Thi Hoang Ngan,Inhouse 1,Luu Thi Hoang Ngan,Inhouse 1,Diem Quynh Advisor,8480000.0,False,False,,,,,,2026-08-07
2026-08,747341901644038,2,3288971612,Đến hạn,Normal,"1-20, idle<=90",2026-04-28,2026-05-25 22:04:08,6,6,2026-07-31 19:30:00,0.0,Nguyen Thi Hang Nga,Inhouse 1,Nguyen Thi Hang Nga,Inhouse 1,Thao Chi Advisor,4300000.0,False,False,,,,,,2026-08-07
2026-08,733641633339656,1,3288973910,Đến hạn,Normal,"1-20, idle<=90",2026-03-03,2026-03-09 19:07:26,18,21,2026-07-31 20:30:00,0.0,Bui Thi Thai Duong,Inhouse 1,Bui Thi Thai Duong,Inhouse 1,Ellie Advisor,8480000.0,False,False,,,,,,2026-08-07
2026-08,733694346832130,4,3289464685,Đến hạn,Frozen,"1-20, idle<=90",2026-03-09,2026-03-11 21:13:58,16,16,2026-05-05 19:30:00,87.0,Nguyen Thuy Trang,Inhouse 1,Nguyen Thuy Trang,Inhouse 1,Thao Chi Advisor,12375000.0,False,False,,,,,,2026-08-07
2026-08,697187077136642,1,3289589434,Đến hạn,Normal,"1-20, idle<=90",2025-08-14,2025-08-16 16:56:46,11,10,2026-08-01 18:00:00,-1.0,Ta Thuy Van,Inhouse 1,Ta Thuy Van,Inhouse 1,Ellie Advisor,16260000.0,False,False,,,,,,2026-08-07
2026-08,688904576549124,1,3289620065,Đến hạn,Normal,"1-20, idle<=90",2025-06-29,2025-06-29 15:36:42,12,10,2026-07-28 19:30:00,3.0,Nguyen Thi Thao Ngoc,Inhouse 1,Nguyen Thi Thao Ngoc,Inhouse 1,Thao Chi Advisor,15900000.0,False,False,,,,,,2026-08-07
2026-08,731195316939014,3,3289639502,Đến hạn,Normal,"1-20, idle<=90",2026-02-23,2026-02-23 18:39:16,19,18,2026-07-31 21:00:00,0.0,Tran Thi Son,Inhouse 1,Tran Thi Son,Inhouse 1,Ellie Advisor,7950000.0,False,False,,,,,,2026-08-07
2026-08,693517042071810,1,3289949504,Đến hạn,Normal,"1-20, idle<=90",2025-07-25,2025-07-25 16:31:43,14,13,2026-07-31 20:30:00,0.0,Nguyen Thuy Trang,Inhouse 1,Nguyen Thuy Trang,Inhouse 1,Thao Chi Advisor,17400000.0,False,False,,,,,,2026-08-07
2026-08,723250453285122,2,3289966460,Đến hạn,Normal,"1-20, idle<=90",2026-01-08,2026-01-09 17:08:15,20,18,2026-07-30 18:00:00,1.0,Ho Thi Thanh,Inhouse 1,Ho Thi Thanh,Inhouse 1,Ellie Advisor,4620000.0,False,False,,,,,,2026-08-07
2026-08,705340455018752,2,3289967486,Đến hạn,Normal,"1-20, idle<=90",2025-09-30,2025-09-30 20:10:45,18,15,2026-06-29 17:30:00,32.0,Le To Hai My,Inhouse 1,Le To Hai My,Inhouse 1,Le To Hai My,16430000.0,False,False,,,,,,2026-08-07
2026-08,741821998313734,5,3290064491,Đến hạn,Normal,"1-20, idle<=90",2026-04-24,2026-04-26 20:35:03,11,9,2026-07-30 11:30:00,1.0,Kieu Thi Thu Quynh,Inhouse 1,Kieu Thi Thu Quynh,Inhouse 1,Ms Laura,4200000.0,False,False,,,,,,2026-08-07
2026-08,693127476388098,1,3290191799,Đến hạn,Normal,"1-20, idle<=90",2025-07-21,2025-07-23 18:52:19,20,19,2026-07-31 21:00:00,0.0,Bui Thi Thai Duong,Inhouse 1,Bui Thi Thai Duong,Inhouse 1,Ellie Advisor,16740000.0,True,True,TMP_3290191799_20260630,2026-06-30 00:00:00,16820000.0,GMV,341.0,2026-08-07
2026-08,731402718456072,3,3290200143,Đến hạn,Normal,"1-20, idle<=90",2026-01-18,2026-02-27 18:28:17,10,9,2026-07-31 18:30:00,0.0,Le To Hai My,Inhouse 1,Le To Hai My,Inhouse 1,Ellie Advisor,8580000.0,False,False,,,,,,2026-08-07
2026-08,705339813624068,2,3290444057,Đến hạn,Normal,"1-20, idle<=90",2025-09-30,2025-10-01 12:20:58,18,16,2026-07-26 17:00:00,5.0,Le Thi Tuyet,Inhouse 1,Le Thi Tuyet,Inhouse 1,Ruby Advisor,7950000.0,False,False,,,,,,2026-08-07
2026-08,750495757828360,1,3290451213,Đến hạn,Normal,"1-20, idle<=90",2025-04-29,2026-06-12 18:21:57,15,13,2026-07-30 21:30:00,1.0,Le Kim Chi,Inhouse 1,Le Kim Chi,Inhouse 1,Thao Chi Advisor,4160000.0,False,False,,,,,,2026-08-07
2026-08,740011252418824,3,3290578759,Đến hạn,Normal,"1-20, idle<=90",2026-04-14,2026-04-16 13:42:50,16,16,2026-08-01 01:30:00,-1.0,Le Thi Lan Anh,Inhouse 1,Le Thi Lan Anh,Inhouse 1,Ms Laura,8000000.0,False,False,,,,,,2026-08-07
2026-08,733643311681798,1,3290614805,Đến hạn,Normal,"1-20, idle<=90",2026-03-08,2026-03-10 17:18:45,14,14,2026-08-01 17:00:00,-1.0,Tran Thi Son,Inhouse 1,Tran Thi Son,Inhouse 1,Ellie Advisor,10080000.0,False,False,,,,,,2026-08-07
2026-08,742879270674690,2,3290872985,Đến hạn,Normal,"1-20, idle<=90",2026-04-30,2026-04-30 17:28:40,19,16,2026-07-26 16:00:00,5.0,Le Thi Thuy Van,Inhouse 2,Le Thi Thuy Van,Inhouse 2,Tran Thu Ha,7900000.0,False,False,,,,,,2026-08-07
2026-08,679377977663744,1,3290933342,Đến hạn,Normal,"1-20, idle<=90",2025-05-06,2025-05-07 10:10:30,3,1,2026-07-30 16:30:00,1.0,Vo Thi Thom,Offline Team HaNoi,Nguyen Thi Lan,Offline Team HaNoi,Tran Thu Ha,16467700.0,False,False,,,,,,2026-08-07
2026-08,686791195504900,2,3290998844,Đến hạn,Normal,"1-20, idle<=90",2025-05-28,2025-06-17 16:29:56,6,5,2026-07-31 21:30:00,0.0,Nguyen Thi Thao Ngoc,Inhouse 1,Nguyen Thi Thao Ngoc,Inhouse 1,Thao Chi Advisor,5240000.0,False,False,,,,,,2026-08-07
2026-08,712816077519106,2,3291040797,Đến hạn,Normal,"1-20, idle<=90",2025-11-01,2025-11-11 17:57:42,5,5,2026-08-01 20:30:00,-1.0,Ho Thi Thanh,Inhouse 1,Ho Thi Thanh,Inhouse 1,Ms Laura,15900000.0,False,False,,,,,,2026-08-07
2026-08,698428997509380,1,3291149247,Đến hạn,Normal,"1-20, idle<=90",2025-05-10,2025-08-22 16:36:50,6,4,2026-07-30 18:30:00,1.0,Nguyen Linh Chi,Inhouse 1,Le To Hai My,Inhouse 1,Ms Laura,17500000.0,False,False,,,,,,2026-08-07
2026-08,749207363166472,1,3291352398,Đến hạn,Normal,"1-20, idle<=90",2026-06-04,2026-06-08 19:37:11,16,15,2026-07-31 10:30:00,0.0,Nguyen Thao Anh,Inhouse 1,Nguyen Thao Anh,Inhouse 1,Ms Jenny Advisor,4940000.0,False,False,,,,,,2026-08-07
2026-08,729085502304518,3,3291427567,Đến hạn,Normal,"1-20, idle<=90",2026-02-11,2026-02-12 09:07:19,20,18,2026-07-28 19:00:00,3.0,Bui Thi Thai Duong,Inhouse 1,Bui Thi Thai Duong,Inhouse 1,Ms Laura,8115000.0,False,False,,,,,,2026-08-07
2026-08,716347066564868,2,3291502148,Đến hạn,Normal,"1-20, idle<=90",2025-11-30,2025-12-02 01:01:54,11,10,2026-07-31 21:00:00,0.0,Le Kim Chi,Inhouse 1,Le Kim Chi,Inhouse 1,Ruby Advisor,8250000.0,False,False,,,,,,2026-08-07
2026-08,734004651858182,2,3291564974,Đến hạn,Normal,"1-20, idle<=90",2026-03-11,2026-03-11 16:33:14,19,19,2026-08-01 17:00:00,-1.0,Ta Thuy Van,Inhouse 1,Ta Thuy Van,Inhouse 1,Ellie Advisor,8250000.0,False,False,,,,,,2026-08-07
2026-08,735803358540038,1,3291610861,Đến hạn,Normal,"1-20, idle<=90",2025-12-14,2026-03-24 22:22:00,18,16,2026-07-29 16:00:00,2.0,Vu Thuy Huong,Offline Team HaNoi,Vu Thuy Huong,Offline Team HaNoi,Tran Thu Ha,8215000.0,False,False,,,,,,2026-08-07
2026-08,737352640119048,1,3291661616,Đến hạn,Normal,"1-20, idle<=90",2026-03-29,2026-03-30 12:25:35,7,6,2026-07-30 21:30:00,1.0,Nguyen Cam Tu,Inhouse 1,Nguyen Cam Tu,Inhouse 1,Ms Jenny Advisor,9280000.0,False,False,,,,,,2026-08-07
2026-08,681094747810050,1,3291712185,Đến hạn,Normal,"1-20, idle<=90",2025-05-16,2025-05-16 19:15:12,9,8,2026-07-24 21:30:00,7.0,Pham Thi Thao,Inhouse 1,Pham Thi Thao,Inhouse 1,Ellie Advisor,17820000.0,False,False,,,,,,2026-08-07
2026-08,750449195458818,4,3291912365,Đến hạn,Normal,"1-20, idle<=90",2026-05-17,2026-06-12 10:16:50,10,8,2026-07-28 18:30:00,3.0,Lai Ngoc Thuy Linh,Ho Chi Minh,Lai Ngoc Thuy Linh,Ho Chi Minh,Dao Thi Hoang Yen,4290000.0,False,False,,,,,,2026-08-07
2026-08,751604112029958,2,3291967251,Đến hạn,Normal,"1-20, idle<=90",2026-06-18,2026-06-21 19:36:14,13,12,2026-08-01 18:00:00,-1.0,Le Thi Thuy Van,Inhouse 2,Le Thi Thuy Van,Inhouse 2,Ms Jenny Advisor,4550000.0,False,False,,,,,,2026-08-07
2026-08,732789013213448,2,3292053563,Đến hạn,Normal,"1-20, idle<=90",2026-01-21,2026-03-04 15:20:39,15,14,2026-07-28 14:00:00,3.0,Ta Thuy Van,Inhouse 1,Ta Thuy Van,Inhouse 1,Ellie Advisor,8800000.0,False,False,,,,,,2026-08-07
2026-08,702675291123972,2,3292061386,Đến hạn,Normal,"1-20, idle<=90",2025-09-14,2025-09-15 22:49:24,5,4,2026-07-31 17:30:00,0.0,Le Thi Lan Anh,Inhouse 1,Le Thi Lan Anh,Inhouse 1,Ellie Advisor,7950000.0,False,False,,,,,,2026-08-07
2026-08,739012013740296,3,3292081285,Đến hạn,Normal,"1-20, idle<=90",2026-03-31,2026-04-10 18:07:23,20,19,2026-08-01 00:00:00,0.0,Nguyen Kieu Trang,Inhouse 1,Nguyen Kieu Trang,Inhouse 1,Ruby Advisor,23250000.0,False,False,,,,,,2026-08-07
2026-08,748687088943368,1,3292105246,Đến hạn,Normal,"1-20, idle<=90",2026-04-24,2026-06-03 18:12:07,12,11,2026-08-01 13:30:00,-1.0,Do Thi Tuyet Nhung,Inhouse 1,Do Thi Tuyet Nhung,Inhouse 1,Thao Chi Advisor,4790000.0,False,False,,,,,,2026-08-07
2026-08,753699649112328,5,3292166877,Đến hạn,Normal,"1-20, idle<=90",,2026-07-01 16:35:38,20,18,2026-07-28 15:30:00,3.0,Lai Ngoc Thuy Linh,Ho Chi Minh,Lai Ngoc Thuy Linh,Ho Chi Minh,Dao Thi Hoang Yen,4160000.0,False,False,,,,,,2026-08-07
2026-08,709627018064128,2,3292167514,Đến hạn,Normal,"1-20, idle<=90",2025-10-24,2025-10-25 11:46:32,12,11,2026-07-28 15:00:00,3.0,Nguyen Thuy Trang,Inhouse 1,Nguyen Thuy Trang,Inhouse 1,Thao Chi Advisor,8580000.0,False,False,,,,,,2026-08-07
2026-08,713822100506880,2,3292277957,Đến hạn,Normal,"1-20, idle<=90",2025-11-15,2025-11-20 17:02:14,10,8,2026-07-30 17:00:00,1.0,Ta Thuy Van,Inhouse 1,Ta Thuy Van,Inhouse 1,Ellie Advisor,8650000.0,False,False,,,,,,2026-08-07
2026-08,733150396102920,3,3292319069,Đến hạn,Normal,"1-20, idle<=90",2026-02-27,2026-03-10 09:53:10,17,17,2026-08-01 21:30:00,-1.0,Ta Thuy Van,Inhouse 1,Ta Thuy Van,Inhouse 1,Ellie Advisor,8580000.0,False,False,,,,,,2026-08-07
2026-08,688522298134786,1,3292323632,Đến hạn,Normal,"1-20, idle<=90",2025-06-26,2025-06-27 15:11:38,9,8,2026-07-31 16:00:00,0.0,Nguyen Linh Chi,Inhouse 1,Ho Thi Thanh,Inhouse 1,Ms Laura,15900000.0,False,False,,,,,,2026-08-07
2026-08,755069164169480,1,3292370137,Đến hạn,Normal,"1-20, idle<=90",2026-07-08,2026-07-08 20:50:01,18,16,2026-07-29 21:30:00,2.0,Luu Thi Hoang Ngan,Inhouse 1,Luu Thi Hoang Ngan,Inhouse 1,Ms Laura,4490000.0,False,False,,,,,,2026-08-07
2026-08,683243875166464,1,3292437494,Đến hạn,Normal,"1-20, idle<=90",2025-05-28,2025-05-28 15:27:52,10,8,2026-07-30 19:00:00,1.0,Bui Thi Thai Duong,Inhouse 1,Bui Thi Thai Duong,Inhouse 1,Ellie Advisor,18820000.0,False,False,,,,,,2026-08-07
2026-08,729036722432264,2,3292447093,Đến hạn,Normal,"1-20, idle<=90",2025-11-29,2026-02-11 10:30:15,16,121,2026-07-31 20:00:00,0.0,Le Thi Tuyet,Inhouse 1,Le Thi Tuyet,Inhouse 1,Ruby Advisor,9080000.0,True,True,752301096554754,2026-06-22 00:00:00,15900000.0,GMV+REM,130.0,2026-08-07
2026-08,718153957939458,2,3292455355,Đến hạn,Normal,"1-20, idle<=90",2025-12-05,2025-12-11 21:54:00,12,10,2026-07-30 21:00:00,1.0,Hoang Thi Hong Tham,Offline Team HaNoi,Hoang Thi Hong Tham,Offline Team HaNoi,Tran Thu Ha,8658000.0,False,False,,,,,,2026-08-07
2026-08,746087895267590,1,3292493174,Đến hạn,Normal,"1-20, idle<=90",2026-05-18,2026-05-19 17:12:39,20,17,2026-07-30 18:30:00,1.0,Tran Thi Son,Inhouse 1,Tran Thi Son,Inhouse 1,Diem Quynh Advisor,9080000.0,False,False,,,,,,2026-08-07
2026-08,695623321430274,2,3292533121,Đến hạn,Normal,"1-20, idle<=90",2025-07-31,2025-08-09 10:59:00,20,19,2026-08-01 16:00:00,-1.0,Le Thuy Nhung,Inhouse 1,Le Thuy Nhung,Inhouse 1,Thao Chi Advisor,15550000.0,True,True,TMP_3292533121_20260728,2026-07-28 00:00:00,15900000.0,GMV,352.0,2026-08-07
2026-08,728167415679240,2,3292609451,Đến hạn,Normal,"1-20, idle<=90",2026-02-06,2026-02-09 12:48:39,16,16,2026-08-01 19:00:00,-1.0,Pham Thi Thao,Inhouse 1,Pham Thi Thao,Inhouse 1,Ellie Advisor,8215000.0,False,False,,,,,,2026-08-07
2026-08,727991849328898,2,3292965385,Đến hạn,Normal,"1-20, idle<=90",2026-02-05,2026-02-05 12:13:29,14,11,2026-07-27 21:30:00,4.0,Ho Thi Thanh,Inhouse 1,Ho Thi Thanh,Inhouse 1,Ms Laura,8480000.0,False,False,,,,,,2026-08-07
2026-08,685200860829956,1,3292975981,Đến hạn,Normal,"1-20, idle<=90",2025-06-08,2025-06-08 16:19:37,18,18,2026-08-01 21:30:00,-1.0,Ta Thuy Van,Inhouse 1,Ta Thuy Van,Inhouse 1,Ellie Advisor,9800000.0,False,False,,,,,,2026-08-07
2026-08,688216213915908,1,3293145886,Đến hạn,Normal,"1-20, idle<=90",2025-06-25,2025-06-25 17:45:06,8,8,2026-08-01 18:30:00,-1.0,Tran Vo Minh Thu,Ho Chi Minh,Kieu Thi Thu Quynh,Inhouse 1,Dao Thi Hoang Yen,8400000.0,True,True,TMP_3293145886_20260731,2026-07-31 00:00:00,15900000.0,GMV,400.0,2026-08-07
2026-08,697376392323330,1,3293186058,Đến hạn,Normal,"1-20, idle<=90",2025-08-15,2025-08-16 13:16:16,17,17,2026-08-01 10:30:00,-1.0,Vu Thi Tuyet Trinh,Inhouse 1,Vu Thi Tuyet Trinh,Inhouse 1,Thao Chi Advisor,17239100.0,False,False,,,,,,2026-08-07
2026-08,720724101753088,2,3293264993,Đến hạn,Normal,"1-20, idle<=90",2025-11-30,2025-12-30 16:30:31,17,17,2026-08-01 20:00:00,-1.0,Pham Thi Thao,Inhouse 1,Pham Thi Thao,Inhouse 1,Ellie Advisor,7950000.0,True,True,TMP_3293264993_20260630,2026-06-30 00:00:00,7950000.0,GMV,181.0,2026-08-07
2026-08,747847573948674,2,3293365116,Đến hạn,Normal,"1-20, idle<=90",2026-05-28,2026-06-01 20:54:16,15,14,2026-07-31 20:00:00,0.0,Kieu Thi Thu Quynh,Inhouse 1,Kieu Thi Thu Quynh,Inhouse 1,Thao Chi Advisor,4350000.0,False,False,,,,,,2026-08-07
2026-08,717906150398210,2,3293384390,Đến hạn,Frozen,"1-20, idle<=90",2025-12-04,2025-12-11 11:46:34,20,20,2026-05-21 21:00:00,71.0,Nguyen Linh Chi,Inhouse 1,Ho Thi Thanh,Inhouse 1,Ms Laura,7950000.0,False,False,,,,,,2026-08-07
2026-08,735103501672712,2,3293428054,Đến hạn,Normal,"1-20, idle<=90",2026-03-17,2026-03-17 19:04:59,6,5,2026-07-24 11:30:00,7.0,Nguyen Thi Thao Ngoc,Inhouse 1,Nguyen Thi Thao Ngoc,Inhouse 1,Thao Chi Advisor,8000000.0,False,False,,,,,,2026-08-07
2026-08,696133593745664,1,3293508898,Đến hạn,Normal,"1-20, idle<=90",2025-06-18,2025-08-09 11:12:54,7,5,2026-07-30 19:00:00,1.0,Hoang Thi Hong Tham,Offline Team HaNoi,Hoang Thi Hong Tham,Offline Team HaNoi,Tran Thu Ha,16236200.0,False,False,,,,,,2026-08-07
2026-08,696133722165508,1,3293529486,Đến hạn,Normal,"1-20, idle<=90",2025-06-18,2025-08-09 11:15:42,12,11,2026-07-29 19:30:00,2.0,Hoang Thi Hong Tham,Offline Team HaNoi,Hoang Thi Hong Tham,Offline Team HaNoi,Tran Thu Ha,16500000.0,False,False,,,,,,2026-08-07
2026-08,709590483558660,1,3293539054,Đến hạn,Normal,"1-20, idle<=90",2025-10-23,2025-10-25 10:51:12,14,12,2026-07-31 19:00:00,0.0,Le Thuy Nhung,Inhouse 1,Le Thuy Nhung,Inhouse 1,Thao Chi Advisor,17820000.0,True,True,TMP_3293539054_20260731,2026-07-31 00:00:00,31800000.0,GMV,278.0,2026-08-07
2026-08,688198652356866,1,3293570327,Đến hạn,Frozen,"1-20, idle<=90",2025-06-25,2025-06-26 10:36:30,11,11,2026-07-17 21:30:00,14.0,Le Thi Tuyet,Inhouse 1,Le Thi Tuyet,Inhouse 1,Ruby Advisor,18820000.0,False,False,,,,,,2026-08-07
2026-08,699333881657600,1,3293571281,Đến hạn,Normal,"1-20, idle<=90",2025-08-27,2025-08-27 16:59:43,18,18,2026-07-29 20:30:00,2.0,Tran Vo Minh Thu,Ho Chi Minh,Nguyen Kieu Trang,Inhouse 1,Dao Thi Hoang Yen,17157500.0,False,False,,,,,,2026-08-07
2026-08,692801777645824,1,3293651939,Đến hạn,Normal,"1-20, idle<=90",2025-07-21,2025-07-21 18:10:34,13,12,2026-07-31 21:30:00,0.0,Bui Thi Hong Van,Inhouse 1,Bui Thi Hong Van,Inhouse 1,Ruby Advisor,16320000.0,False,False,,,,,,2026-08-07
2026-08,724136366461188,2,3293700843,Đến hạn,Normal,"1-20, idle<=90",2026-01-13,2026-01-14 17:59:15,7,6,2026-07-31 21:00:00,0.0,Le Thi Thuy Trang,Inhouse 1,Le Thi Thuy Trang,Inhouse 1,Ruby Advisor,8015000.0,False,False,,,,,,2026-08-07
2026-08,722676631001346,2,3293757013,Đến hạn,Normal,"1-20, idle<=90",2025-12-31,2026-01-06 19:29:40,10,8,2026-07-30 20:00:00,1.0,Ta Thuy Van,Inhouse 1,Ta Thuy Van,Inhouse 1,Ellie Advisor,8250000.0,False,False,,,,,,2026-08-07
2026-08,698251853588738,1,3293824014,Đến hạn,Normal,"1-20, idle<=90",2025-08-21,2025-08-22 20:08:20,16,16,2026-07-28 16:00:00,3.0,Nguyen Kieu Trang,Inhouse 1,Nguyen Kieu Trang,Inhouse 1,Ruby Advisor,18820000.0,False,False,,,,,,2026-08-07
2026-08,712973168460032,2,3293931597,Đến hạn,Normal,"1-20, idle<=90",,2025-11-16 19:06:17,18,18,2026-08-01 15:00:00,-1.0,Le Thuy Nhung,Inhouse 1,Le Thuy Nhung,Inhouse 1,Diem Quynh Advisor,9410000.0,False,False,,,,,,2026-08-07
2026-08,740007764234498,3,3294030668,Đến hạn,Normal,"1-20, idle<=90",2026-03-26,2026-04-14 10:41:01,10,8,2026-07-30 17:00:00,1.0,Ho Thi Thanh,Inhouse 1,Ho Thi Thanh,Inhouse 1,Ms Laura,7950000.0,False,False,,,,,,2026-08-07
2026-08,727091654891778,2,3294035978,Đến hạn,Normal,"1-20, idle<=90",2025-12-30,2026-01-31 11:24:49,19,18,2026-08-01 21:30:00,-1.0,Le To Hai My,Inhouse 1,Le To Hai My,Inhouse 1,Ms Laura,8200000.0,False,False,,,,,,2026-08-07
2026-08,696706672638212,1,3294058913,Đến hạn,Normal,"1-20, idle<=90",2025-08-12,2025-08-12 17:17:49,17,15,2026-07-30 20:00:00,1.0,Le Quang Tung,Offline Team HaNoi,Hoang Thi Hong Tham,Offline Team HaNoi,Tran Thu Ha,17820000.0,False,False,,,,,,2026-08-07
2026-08,732598660286722,2,3294105299,Đến hạn,Normal,"1-20, idle<=90",2026-01-31,2026-03-05 22:06:37,11,9,2026-07-30 22:00:00,1.0,Le Kim Chi,Inhouse 1,Le Kim Chi,Inhouse 1,Ruby Advisor,7950000.0,False,False,,,,,,2026-08-07
2026-08,698996409483522,2,3294107646,Đến hạn,Normal,"1-20, idle<=90",2025-08-25,2025-08-26 10:23:25,9,7,2026-07-30 19:30:00,1.0,Do Thi Tuyet Nhung,Inhouse 1,Do Thi Tuyet Nhung,Inhouse 1,Thao Chi Advisor,16820000.0,False,False,,,,,,2026-08-07
2026-08,689763238330626,1,3294146056,Đến hạn,Normal,"1-20, idle<=90",2025-06-27,2025-07-04 11:53:29,12,13,2026-07-31 21:00:00,0.0,Le Kim Chi,Inhouse 1,Le Kim Chi,Inhouse 1,Ruby Advisor,17820000.0,False,False,,,,,,2026-08-07
2026-08,690816567175428,1,3294244282,Đến hạn,Normal,"1-20, idle<=90",2025-07-09,2025-07-10 18:37:53,6,4,2026-07-30 22:00:00,1.0,Tran Thi Thaoo,Inhouse 1,Bui Thi Thai Duong,Inhouse 1,Ms Laura,16820000.0,False,False,,,,,,2026-08-07
2026-08,692089391563010,1,3294381596,Đến hạn,Normal,"1-20, idle<=90",2025-07-17,2025-07-17 18:25:48,10,115,2026-07-31 21:30:00,0.0,Do Thi Hong Nhung,Inhouse 1,Le Kim Chi,Inhouse 1,Thao Chi Advisor,18820000.0,True,True,758411761660168,2026-07-26 00:00:00,16850000.0,GMV+REM,373.0,2026-08-07
2026-08,689283035494656,1,3294452420,Đến hạn,Normal,"1-20, idle<=90",,2025-07-01 20:48:54,14,12,2026-07-30 22:30:00,1.0,Bui Thi Thai Duong,Inhouse 1,Bui Thi Thai Duong,Inhouse 1,Ms Laura,17820000.0,False,False,,,,,,2026-08-07
2026-08,711731359418628,2,3294453270,Đến hạn,Normal,"1-20, idle<=90",2025-11-05,2025-11-06 14:45:31,8,7,2026-08-01 21:30:00,-1.0,Le Quang Tung,Offline Team HaNoi,Hoang Thi Hong Tham,Offline Team HaNoi,Tran Thu Ha,8215000.0,False,False,,,,,,2026-08-07
2026-08,689801287567618,1,3294515520,Đến hạn,Frozen,"1-20, idle<=90",2025-07-04,2025-07-07 09:52:39,20,20,2026-06-17 09:30:00,44.0,Pham Thi Thao,Inhouse 1,Pham Thi Thao,Inhouse 1,Ellie Advisor,16960000.0,False,False,,,,,,2026-08-07
2026-08,716472403996930,2,3294640312,Đến hạn,Normal,"1-20, idle<=90",2025-12-01,2025-12-08 19:52:51,20,19,2026-07-31 21:00:00,0.0,Do Thi Tuyet Nhung,Inhouse 1,Do Thi Tuyet Nhung,Inhouse 1,Thao Chi Advisor,7950000.0,False,False,,,,,,2026-08-07
2026-08,731520142168326,2,3294644281,Đến hạn,Normal,"1-20, idle<=90",2026-02-25,2026-02-25 10:52:44,10,9,2026-07-31 18:30:00,0.0,Nguyen Thi Thao Ngoc,Inhouse 1,Nguyen Thi Thao Ngoc,Inhouse 1,Thao Chi Advisor,23250000.0,False,False,,,,,,2026-08-07
2026-08,745907658488066,3,3294662593,Đến hạn,Normal,"1-20, idle<=90",2026-04-28,2026-05-18 19:18:18,9,7,2026-07-29 21:30:00,2.0,Le Minh Thanh,Ho Chi Minh,Nina,Inhouse 1,Dao Thi Hoang Yen,4160000.0,False,False,,,,,,2026-08-07
2026-08,690020354380034,1,3294662896,Đến hạn,Normal,"1-20, idle<=90",2025-07-05,2025-07-07 11:56:46,7,7,2026-08-01 19:30:00,-1.0,Le Kim Chi,Inhouse 1,Le Kim Chi,Inhouse 1,Ruby Advisor,17820000.0,False,False,,,,,,2026-08-07
2026-08,751900664367366,1,3294725757,Đến hạn,Normal,"1-20, idle<=90",2026-06-20,2026-06-20 15:18:47,13,12,2026-07-31 21:00:00,0.0,Le Thi Thu Yen,Inhouse 1,Le Thi Thu Yen,Inhouse 1,Thao Chi Advisor,4550000.0,False,False,,,,,,2026-08-07
2026-08,710107921672448,2,3294817896,Đến hạn,Frozen,"1-20, idle<=90",2025-10-17,2025-10-27 10:39:03,19,19,2026-05-25 22:30:00,67.0,Nguyen Kieu Trang,Inhouse 1,Nguyen Kieu Trang,Inhouse 1,Ruby Advisor,9080000.0,False,False,,,,,,2026-08-07
2026-08,712951521937666,2,3294828552,Đến hạn,Frozen,"1-20, idle<=90",2025-09-25,2025-11-12 19:54:51,17,17,2026-06-24 19:30:00,37.0,Vu Thi Tuyet Trinh,Inhouse 1,Vu Thi Tuyet Trinh,Inhouse 1,Thao Chi Advisor,8300000.0,False,False,,,,,,2026-08-07
2026-08,726938776058118,2,3294875094,Đến hạn,Normal,"1-20, idle<=90",2026-01-30,2026-01-30 16:00:29,7,6,2026-07-31 16:00:00,0.0,Le To Hai My,Inhouse 1,Le To Hai My,Inhouse 1,Ms Laura,7950000.0,False,False,,,,,,2026-08-07
2026-08,738249071200520,3,3294875605,Đến hạn,Normal,"1-20, idle<=90",2026-04-04,2026-04-04 14:13:11,12,12,2026-08-01 21:00:00,-1.0,Nguyen Thuy Trang,Inhouse 1,Nguyen Thuy Trang,Inhouse 1,Thao Chi Advisor,4200000.0,False,False,,,,,,2026-08-07
2026-08,727878735864072,2,3294876659,Đến hạn,Normal,"1-20, idle<=90",2026-01-31,2026-02-05 05:37:56,6,4,2026-07-30 19:30:00,1.0,Ho Thi Thanh,Inhouse 1,Ho Thi Thanh,Inhouse 1,Diem Quynh Advisor,8000000.0,False,False,,,,,,2026-08-07
2026-08,737012742721794,3,3294939178,Đến hạn,Normal,"1-20, idle<=90",2026-03-27,2026-03-28 11:53:57,6,4,2026-08-01 17:30:00,-1.0,Bui Thi Thai Duong,Inhouse 1,Bui Thi Thai Duong,Inhouse 1,Ellie Advisor,8040200.0,False,False,,,,,,2026-08-07
2026-08,691028351226114,1,3294958614,Đến hạn,Normal,"1-20, idle<=90",2025-07-11,2025-07-11 14:56:02,17,15,2026-07-29 18:00:00,2.0,Le Thi Tuyet,Inhouse 1,Le Thi Tuyet,Inhouse 1,Ruby Advisor,18820000.0,False,False,,,,,,2026-08-07
2026-08,738981351143688,3,3294959030,Đến hạn,Normal,"1-20, idle<=90",2026-04-08,2026-04-10 13:16:58,18,18,2026-07-26 15:30:00,5.0,Tran Thi Son,Inhouse 1,Tran Thi Son,Inhouse 1,Ms Laura,7950000.0,False,False,,,,,,2026-08-07
2026-08,737011412001026,2,3294998136,Đến hạn,Normal,"1-20, idle<=90",2026-03-25,2026-03-28 14:59:34,19,18,2026-07-30 22:00:00,1.0,Bui Thi Thai Duong,Inhouse 1,Bui Thi Thai Duong,Inhouse 1,Ellie Advisor,8495500.0,False,False,,,,,,2026-08-07
2026-08,692128473286916,1,3294999547,Đến hạn,Normal,"1-20, idle<=90",2025-07-17,2025-07-17 20:22:39,8,0,2026-07-24 17:00:00,7.0,Do Thi Tuyet Nhung,Inhouse 1,Do Thi Tuyet Nhung,Inhouse 1,Ms Laura,18320000.0,False,False,,,,,,2026-08-07
2026-08,734215296876802,3,3295059482,Đến hạn,Normal,"1-20, idle<=90",2026-03-12,2026-03-16 12:31:06,17,16,2026-08-01 21:30:00,-1.0,Ta Thuy Van,Inhouse 1,Ta Thuy Van,Inhouse 1,Ellie Advisor,23500000.0,False,False,,,,,,2026-08-07
2026-08,705149164019968,2,3295060178,Đến hạn,Normal,"1-20, idle<=90",2025-09-28,2025-09-29 10:11:09,17,122,2026-07-29 18:30:00,2.0,Le Thi Tuyet,Inhouse 1,Le Thi Tuyet,Inhouse 1,Ruby Advisor,8750000.0,True,True,728722699180290,2026-02-09 00:00:00,16450000.0,GMV+REM,132.0,2026-08-07
2026-08,691741089698052,2,3295060629,Đến hạn,Normal,"1-20, idle<=90",2025-07-15,2025-07-15 20:33:53,17,17,2026-08-01 13:00:00,-1.0,Do Thi Tuyet Nhung,Inhouse 1,Do Thi Tuyet Nhung,Inhouse 1,Thao Chi Advisor,9410000.0,False,False,,,,,,2026-08-07
2026-08,724847618525440,2,3295173467,Đến hạn,Normal,"1-20, idle<=90",2026-01-18,2026-01-19 12:05:52,20,18,2026-07-30 21:00:00,1.0,Le Minh Thanh,Ho Chi Minh,Nina,Inhouse 1,Dao Thi Hoang Yen,8580000.0,False,False,,,,,,2026-08-07
2026-08,692075425659140,1,3295185782,Đến hạn,Normal,"1-20, idle<=90",2025-07-16,2025-07-17 12:58:56,11,10,2026-07-31 21:30:00,0.0,Pham Thi Thao,Inhouse 1,Pham Thi Thao,Inhouse 1,Ellie Advisor,17137500.0,False,False,,,,,,2026-08-07
2026-08,691700918878464,1,3295249139,Đến hạn,Normal,"1-20, idle<=90",2025-07-15,2025-07-15 10:02:51,13,119,2026-07-26 08:00:00,5.0,Le Thi Tuyet,Inhouse 1,Le Thi Tuyet,Inhouse 1,Ruby Advisor,18820000.0,True,True,710166817464578,2025-10-27 00:00:00,16900000.0,GMV+REM,103.0,2026-08-07
2026-08,723939914043648,2,3295339578,Đến hạn,Normal,"1-20, idle<=90",2026-01-11,2026-01-13 20:55:05,11,10,2026-07-25 20:30:00,6.0,Le Thuy Nhung,Inhouse 1,Le Thuy Nhung,Inhouse 1,Thao Chi Advisor,8580000.0,False,False,,,,,,2026-08-07
2026-08,695786357924100,1,3295390732,Đến hạn,Normal,"1-20, idle<=90",2025-08-07,2025-08-07 12:09:53,17,15,2026-07-29 21:30:00,2.0,Pham Thi Thao,Inhouse 1,Pham Thi Thao,Inhouse 1,Ellie Advisor,17820000.0,False,False,,,,,,2026-08-07
2026-08,726793061116162,2,3295430097,Đến hạn,Normal,"1-20, idle<=90",2025-11-30,2026-01-31 15:17:21,9,7,2026-07-30 21:00:00,1.0,Le Thi Thuy Trang,Inhouse 1,Le Thi Thuy Trang,Inhouse 1,Ruby Advisor,8550000.0,False,False,,,,,,2026-08-07
2026-08,692128672088324,1,3295431501,Đến hạn,Normal,"1-20, idle<=90",2025-07-17,2025-07-17 20:21:57,16,16,2026-07-31 20:30:00,0.0,Nguyen Kieu Trang,Inhouse 1,Nguyen Kieu Trang,Inhouse 1,Ruby Advisor,18820000.0,False,False,,,,,,2026-08-07
2026-08,693128691501312,1,3295514247,Đến hạn,Normal,"1-20, idle<=90",2025-07-21,2025-07-23 18:59:40,12,11,2026-07-31 21:00:00,0.0,Bui Thi Thai Duong,Inhouse 1,Bui Thi Thai Duong,Inhouse 1,Ellie Advisor,17820000.0,True,True,TMP_3295514247_20260630,2026-06-30 00:00:00,16820000.0,GMV,341.0,2026-08-07
2026-08,694012235622656,1,3295626955,Đến hạn,Normal,"1-20, idle<=90",2025-07-28,2025-07-28 15:52:11,15,14,2026-08-01 11:00:00,-1.0,Hoang Thi Hong Tham,Offline Team HaNoi,Hoang Thi Hong Tham,Offline Team HaNoi,Tran Thu Ha,17000000.0,False,False,,,,,,2026-08-07
2026-08,715238705303810,2,3295641166,Đến hạn,Normal,"1-20, idle<=90",2025-11-22,2025-12-01 22:41:12,6,5,2026-08-01 21:30:00,-1.0,Le Thi Lan Anh,Inhouse 1,Le Thi Lan Anh,Inhouse 1,Ellie Advisor,8658000.0,False,False,,,,,,2026-08-07
2026-08,693647219114240,1,3295666346,Đến hạn,Normal,"1-20, idle<=90",2025-07-25,2025-07-26 16:18:22,12,11,2026-07-30 17:00:00,1.0,Vu Thi Tuyet Trinh,Inhouse 1,Vu Thi Tuyet Trinh,Inhouse 1,Thao Chi Advisor,16430000.0,False,False,,,,,,2026-08-07
2026-08,693335493675266,1,3295720097,Đến hạn,Normal,"1-20, idle<=90",2025-07-24,2025-07-26 10:47:54,13,118,2026-07-31 18:00:00,0.0,Le Thi Tuyet,Inhouse 1,Le Thi Tuyet,Inhouse 1,Ellie Advisor,18820000.0,True,True,748024132962568,2026-05-29 00:00:00,17320000.0,GMV+REM,306.0,2026-08-07
2026-08,700725217329410,1,3295720178,Đến hạn,Normal,"1-20, idle<=90",2025-09-03,2025-09-05 13:17:07,12,12,2026-08-01 20:00:00,-1.0,Pham Thi Thao,Inhouse 1,Pham Thi Thao,Inhouse 1,Ms Laura,17320000.0,False,False,,,,,,2026-08-07
2026-08,721707101763840,2,3295732481,Đến hạn,Normal,"1-20, idle<=90",2025-12-31,2026-01-07 13:22:13,7,5,2026-07-29 20:30:00,2.0,Le Minh Thanh,Ho Chi Minh,Bui Thi Hong Van,Inhouse 1,Dao Thi Hoang Yen,8215000.0,False,False,,,,,,2026-08-07
2026-08,693302125269250,1,3295795041,Đến hạn,Normal,"1-20, idle<=90",2025-07-24,2025-07-24 12:19:24,12,11,2026-07-30 16:30:00,1.0,Pham Thi Thao,Inhouse 1,Pham Thi Thao,Inhouse 1,Ellie Advisor,18820000.0,False,False,,,,,,2026-08-07
2026-08,694405121675524,1,3295818728,Đến hạn,Normal,"1-20, idle<=90",2025-07-30,2025-07-30 18:25:08,1,1,2026-08-01 21:30:00,-1.0,Do Thi Hong Nhung,Inhouse 1,Phan Thi Huong,Inhouse 1,Thao Chi Advisor,17320000.0,False,False,,,,,,2026-08-07
2026-08,701801611944194,1,3295818942,Đến hạn,Normal,"1-20, idle<=90",2025-08-28,2025-09-10 12:26:23,19,123,2026-07-30 19:00:00,1.0,Le Kim Chi,Inhouse 1,Le Kim Chi,Inhouse 1,Ruby Advisor,18560000.0,True,True,752791907168518,2026-06-25 00:00:00,17280000.0,GMV+REM,287.0,2026-08-07
2026-08,693705659070720,1,3295889766,Đến hạn,Normal,"1-20, idle<=90",2025-07-26,2025-07-26 19:07:02,9,7,2026-07-28 17:30:00,3.0,Tran Thi Thaoo,Inhouse 1,Le To Hai My,Inhouse 1,Ms Laura,18320000.0,False,False,,,,,,2026-08-07
2026-08,724854160761090,2,3295900399,Đến hạn,Normal,"1-20, idle<=90",2026-01-18,2026-01-19 19:26:50,13,11,2026-07-27 22:30:00,4.0,Le Vo Anh Thu,Ho Chi Minh,Ta Thuy Van,Inhouse 1,Dao Thi Hoang Yen,8215000.0,False,False,,,,,,2026-08-07
2026-08,734054592479494,2,3295929238,Đến hạn,Normal,"1-20, idle<=90",2026-03-11,2026-03-15 09:19:16,19,18,2026-07-29 20:30:00,2.0,Vu Thuy Huong,Offline Team HaNoi,Vu Thuy Huong,Offline Team HaNoi,Tran Thu Ha,8580000.0,False,False,,,,,,2026-08-07
2026-08,735605664198914,2,3295935109,Đến hạn,Normal,"1-20, idle<=90",2025-12-31,2026-03-24 21:34:03,18,18,2026-07-31 21:30:00,0.0,Bui Thi Hong Van,Inhouse 1,Bui Thi Hong Van,Inhouse 1,Ruby Advisor,8350000.0,False,False,,,,,,2026-08-07
2026-08,720388146114818,3,3295975415,Đến hạn,Normal,"1-20, idle<=90",2025-12-24,2025-12-24 12:57:51,5,4,2026-08-01 14:00:00,-1.0,Tran Thi Son,Inhouse 1,Tran Thi Son,Inhouse 1,Ms Laura,8000000.0,False,False,,,,,,2026-08-07
2026-08,716168814459140,1,3296041392,Đến hạn,Normal,"1-20, idle<=90",2025-11-30,2025-11-30 22:20:57,14,12,2026-07-17 21:00:00,14.0,Vu Cam Ly,Inhouse 2,Vu Cam Ly,Inhouse 2,Tran Thu Ha,9580000.0,False,False,,,,,,2026-08-07
2026-08,694413607270658,1,3296064115,Đến hạn,Normal,"1-20, idle<=90",2025-07-30,2025-07-30 19:22:05,11,10,2026-08-01 21:30:00,-1.0,Le Thi Thuy Trang,Inhouse 1,Le Thi Thuy Trang,Inhouse 1,Ruby Advisor,16480000.0,False,False,,,,,,2026-08-07
2026-08,693866462134530,1,3296088928,Đến hạn,Normal,"1-20, idle<=90",2025-07-27,2025-07-28 19:48:49,10,10,2026-07-23 13:00:00,8.0,Le Thi Tuyet,Inhouse 1,Le Thi Tuyet,Inhouse 1,Ruby Advisor,18820000.0,False,False,,,,,,2026-08-07
2026-08,732581172699394,2,3296097371,Đến hạn,Normal,"1-20, idle<=90",2026-02-06,2026-03-03 11:44:38,16,14,2026-07-29 20:30:00,2.0,Vu Thuy Huong,Offline Team HaNoi,Vu Thuy Huong,Offline Team HaNoi,Tran Thu Ha,8215000.0,False,False,,,,,,2026-08-07
2026-08,694588946788612,1,3296115635,Đến hạn,Normal,"1-20, idle<=90",2025-07-30,2025-07-31 19:14:17,5,5,2026-08-01 14:00:00,-1.0,Tran Thi Thaoo,Inhouse 1,Bui Thi Thai Duong,Inhouse 1,Ms Laura,16430000.0,False,False,,,,,,2026-08-07
2026-08,695514260365572,1,3296146799,Đến hạn,Normal,"1-20, idle<=90",2025-07-29,2025-08-06 13:09:49,19,17,2026-07-30 18:30:00,1.0,Vo Thi Thom,Offline Team HaNoi,Hoang Thi Hong Tham,Offline Team HaNoi,Tran Thu Ha,17820000.0,False,False,,,,,,2026-08-07
2026-08,732125177358594,2,3296156065,Đến hạn,Normal,"1-20, idle<=90",2026-02-28,2026-02-28 21:17:11,10,10,2026-07-30 09:30:00,1.0,Ho Thi Thanh,Inhouse 1,Ho Thi Thanh,Inhouse 1,Ms Laura,7685000.0,False,False,,,,,,2026-08-07
2026-08,732633440215304,2,3296170835,Đến hạn,Normal,"1-20, idle<=90",2025-10-29,2026-03-04 18:14:31,19,17,2026-07-14 12:00:00,17.0,Vo Tran Anh Thuy,Ho Chi Minh,Nina,Inhouse 1,Dao Thi Hoang Yen,8215000.0,False,False,,,,,,2026-08-07
2026-08,733694990684424,1,3296196100,Đến hạn,Normal,"1-20, idle<=90",2026-03-09,2026-03-10 17:55:23,15,14,2026-07-31 18:30:00,0.0,Tran Thi Son,Inhouse 1,Tran Thi Son,Inhouse 1,Ruby Advisor,9080000.0,False,False,,,,,,2026-08-07
2026-08,694744125778176,1,3296249542,Đến hạn,Normal,"1-20, idle<=90",2025-07-31,2025-08-04 19:34:50,15,120,2026-07-30 18:00:00,1.0,Le Thi Tuyet,Inhouse 1,Le Thi Tuyet,Inhouse 1,Ruby Advisor,18820000.0,True,True,746247536480520,2026-02-28 00:00:00,16820000.0,GMV+REM,207.0,2026-08-07
2026-08,722901526749440,1,3296253635,Đến hạn,Frozen,"1-20, idle<=90",2025-12-17,2026-01-07 19:02:46,16,16,2026-06-09 10:30:00,52.0,Nguyen Thuy Hien,Inhouse 2,Mai Thi Lien,Inhouse 2,Tran Thu Ha,8500000.0,False,False,,,,,,2026-08-07
2026-08,694576282075392,1,3296272198,Đến hạn,Normal,"1-20, idle<=90",2025-07-31,2025-07-31 16:49:18,8,6,2026-07-31 21:00:00,0.0,Le To Hai My,Inhouse 1,Le To Hai My,Inhouse 1,Ms Laura,15900000.0,False,False,,,,,,2026-08-07
2026-08,748528541128962,4,3296300077,Đến hạn,Normal,"1-20, idle<=90",2026-05-31,2026-06-01 16:17:04,11,10,2026-07-30 21:30:00,1.0,Lai Ngoc Thuy Linh,Ho Chi Minh,Lai Ngoc Thuy Linh,Ho Chi Minh,Dao Thi Hoang Yen,4290000.0,False,False,,,,,,2026-08-07
2026-08,695101129427204,1,3296345667,Đến hạn,Normal,"1-20, idle<=90",2025-08-03,2025-08-06 23:47:19,16,15,2026-07-30 10:00:00,1.0,Nguyen Nhung Nhu Ngoc,Ho Chi Minh,Lai Ngoc Thuy Linh,Ho Chi Minh,Dao Thi Hoang Yen,15405000.0,False,False,,,,,,2026-08-07
2026-08,721265302003968,2,3296377323,Đến hạn,Normal,"1-20, idle<=90",2025-12-29,2025-12-29 15:41:09,10,8,2026-07-30 17:00:00,1.0,Nguyen Thuy Trang,Inhouse 1,Nguyen Thuy Trang,Inhouse 1,Thao Chi Advisor,8220000.0,False,False,,,,,,2026-08-07
2026-08,700567373594884,1,3296473131,Đến hạn,Normal,"1-20, idle<=90",2025-08-26,2025-09-04 22:21:31,13,13,2026-07-31 16:00:00,0.0,Le To Hai My,Inhouse 1,Le To Hai My,Inhouse 1,Ms Laura,16430000.0,False,False,,,,,,2026-08-07
2026-08,731965382691078,2,3296510673,Đến hạn,Normal,"1-20, idle<=90",2026-02-27,2026-02-28 09:24:35,9,8,2026-07-31 20:30:00,0.0,Pham Thuy Linh,Other,Hoang Thi Hong Tham,Offline Team HaNoi,Tran Thu Ha,8215000.0,False,False,,,,,,2026-08-07
2026-08,695818019205376,1,3296513506,Đến hạn,Normal,"1-20, idle<=90",2025-08-07,2025-08-08 08:49:56,20,20,2026-07-30 19:00:00,1.0,Do Tran Phuong Anh,Inhouse 1,Ta Thuy Van,Inhouse 1,Ellie Advisor,18820000.0,False,False,,,,,,2026-08-07
2026-08,725915385979144,2,3296521225,Đến hạn,Normal,"1-20, idle<=90",2026-01-24,2026-01-24 21:20:18,6,4,2026-08-01 13:00:00,-1.0,Le Minh Thanh,Ho Chi Minh,Tran Thi Son,Inhouse 1,Dao Thi Hoang Yen,8215000.0,False,False,,,,,,2026-08-07
2026-08,697736311783684,1,3296552974,Đến hạn,Normal,"1-20, idle<=90",2025-08-18,2025-08-18 14:51:17,18,122,2026-07-29 21:00:00,2.0,Nguyen Linh Chi,Inhouse 1,Kieu Thi Thu Quynh,Inhouse 1,Ms Laura,18820000.0,True,True,756346361205000,2026-07-15 00:00:00,17320000.0,GMV+REM,330.0,2026-08-07
2026-08,720241552263424,2,3296558969,Đến hạn,Normal,"1-20, idle<=90",2025-11-27,2025-12-23 21:04:08,11,9,2026-07-30 20:30:00,1.0,Le Minh Thanh,Ho Chi Minh,Nina,Inhouse 1,Dao Thi Hoang Yen,8215000.0,False,False,,,,,,2026-08-07
2026-08,695669945053444,1,3296599949,Đến hạn,Normal,"1-20, idle<=90",2025-08-06,2025-08-07 11:15:39,13,13,2026-08-01 20:00:00,-1.0,Tran Vo Minh Thu,Ho Chi Minh,Lai Ngoc Thuy Linh,Ho Chi Minh,Dao Thi Hoang Yen,16430000.0,False,False,,,,,,2026-08-07
2026-08,740540698499334,2,3296632731,Đến hạn,Normal,"1-20, idle<=90",2026-04-16,2026-04-17 11:04:41,14,14,2026-08-01 14:00:00,-1.0,Nguyen Thi Trang,Inhouse 2,Nguyen Thi Trang,Inhouse 2,Tran Thu Ha,4160000.0,False,False,,,,,,2026-08-07
2026-08,710105058683138,2,3296689334,Đến hạn,Normal,"1-20, idle<=90",2025-10-26,2025-10-27 14:53:35,15,14,2026-07-31 21:00:00,0.0,Le Thi Thuy Trang,Inhouse 1,Le Thi Thuy Trang,Inhouse 1,Ruby Advisor,8650000.0,False,False,,,,,,2026-08-07
2026-08,696477114736896,1,3296689658,Đến hạn,Normal,"1-20, idle<=90",2025-08-11,2025-08-11 15:12:10,6,6,2026-08-01 18:00:00,-1.0,Nguyen Kieu Trang,Inhouse 1,Nguyen Kieu Trang,Inhouse 1,Thao Chi Advisor,18820000.0,True,True,TMP_3296689658_20260530,2026-05-30 00:00:00,16820000.0,GMV,291.0,2026-08-07
2026-08,696706335228160,1,3296696253,Đến hạn,Normal,"1-20, idle<=90",2025-08-12,2025-08-12 19:02:39,11,9,2026-07-26 11:00:00,5.0,Tran Thi Son,Inhouse 1,Tran Thi Son,Inhouse 1,Ms Laura,18820000.0,False,False,,,,,,2026-08-07
2026-08,696175371835648,1,3296703179,Đến hạn,Normal,"1-20, idle<=90",2025-08-09,2025-08-10 10:27:53,11,11,2026-07-30 21:30:00,1.0,Vo Thi Thom,Offline Team HaNoi,Pham Thuy Linh,Other,Tran Thu Ha,17820000.0,False,False,,,,,,2026-08-07
2026-08,745021982449928,1,3296768641,Đến hạn,Normal,"1-20, idle<=90",2026-05-12,2026-05-13 11:25:05,18,18,2026-07-31 21:00:00,0.0,Kieu Thi Thu Quynh,Inhouse 1,Kieu Thi Thu Quynh,Inhouse 1,Diem Quynh Advisor,9080000.0,False,False,,,,,,2026-08-07
2026-08,711555354587392,2,3296899272,Đến hạn,Normal,"1-20, idle<=90",2025-10-31,2025-11-04 20:32:22,11,9,2026-07-29 16:00:00,2.0,Nguyen Linh Chi,Inhouse 1,Ho Thi Thanh,Inhouse 1,Ellie Advisor,8365500.0,False,False,,,,,,2026-08-07
2026-08,696844787290372,1,3296913801,Đến hạn,Normal,"1-20, idle<=90",2025-08-12,2025-08-13 14:46:24,18,123,2026-07-31 19:00:00,0.0,Ho Thi Thanh,Inhouse 1,Ho Thi Thanh,Inhouse 1,Ms Laura,17820000.0,True,True,759206144246024,2026-07-31 00:00:00,16450000.0,GMV+REM,351.0,2026-08-07
2026-08,699208698708224,1,3296926374,Đến hạn,Normal,"1-20, idle<=90",2025-08-26,2025-08-27 11:38:41,8,7,2026-07-31 21:00:00,0.0,Nguyen Thi Thao Ngoc,Inhouse 1,Nguyen Thi Thao Ngoc,Inhouse 1,Ms Laura,8500000.0,False,False,,,,,,2026-08-07
2026-08,697458138816768,1,3296926494,Đến hạn,Normal,"1-20, idle<=90",2025-08-16,2025-08-23 13:11:28,19,18,2026-07-29 22:00:00,2.0,Do Tran Phuong Anh,Inhouse 1,Ta Thuy Van,Inhouse 1,Ellie Advisor,17020000.0,False,False,,,,,,2026-08-07
2026-08,702158613942528,1,3296928052,Đến hạn,Normal,"1-20, idle<=90",2025-08-16,2025-09-13 19:09:35,19,18,2026-07-30 17:00:00,1.0,Ho Thi Thanh,Inhouse 1,Ho Thi Thanh,Inhouse 1,Ms Laura,18820000.0,False,False,,,,,,2026-08-07
2026-08,697409599795460,1,3296976544,Đến hạn,Normal,"1-20, idle<=90",2025-08-16,2025-08-17 20:40:39,10,9,2026-08-01 20:30:00,-1.0,Bui Thi Thai Duong,Inhouse 1,Bui Thi Thai Duong,Inhouse 1,Ellie Advisor,16620000.0,True,True,TMP_3296976544_20260731,2026-07-31 00:00:00,7950000.0,GMV,347.0,2026-08-07
2026-08,726433640265992,2,3296977669,Đến hạn,Normal,"1-20, idle<=90",2026-01-27,2026-01-28 17:10:07,20,20,2026-08-01 15:00:00,-1.0,Le Thuy Nhung,Inhouse 1,Le Thuy Nhung,Inhouse 1,Thao Chi Advisor,8202600.0,False,False,,,,,,2026-08-07
2026-08,698163269519620,1,3296980710,Đến hạn,Normal,"1-20, idle<=90",2025-08-20,2025-08-26 21:06:46,19,19,2026-08-01 18:00:00,-1.0,Nguyen Kieu Trang,Inhouse 1,Nguyen Kieu Trang,Inhouse 1,Ruby Advisor,18820000.0,False,False,,,,,,2026-08-07
2026-08,736506542057736,2,3297052227,Đến hạn,Normal,"1-20, idle<=90",2026-03-25,2026-03-25 22:21:51,20,19,2026-07-30 21:30:00,1.0,Tran Thi Thaoo,Inhouse 1,Le To Hai My,Inhouse 1,Ms Laura,8000000.0,False,False,,,,,,2026-08-07
2026-08,727837745389826,2,3297052678,Đến hạn,Normal,"1-20, idle<=90",2026-01-31,2026-02-04 19:34:47,11,9,2026-07-30 16:00:00,1.0,Lai Ngoc Thuy Linh,Ho Chi Minh,Lai Ngoc Thuy Linh,Ho Chi Minh,Dao Thi Hoang Yen,8215400.0,False,False,,,,,,2026-08-07
2026-08,729126721947910,1,3297061967,Đến hạn,Normal,"1-20, idle<=90",2026-02-11,2026-02-13 20:38:08,9,8,2026-07-31 21:30:00,0.0,Kieu Lan Anh,Inhouse 2,Kieu Lan Anh,Inhouse 2,Tran Thu Ha,8850000.0,False,False,,,,,,2026-08-07
2026-08,697935296254212,1,3297066021,Đến hạn,Normal,"1-20, idle<=90",2025-08-19,2025-08-19 15:49:58,12,10,2026-07-30 20:30:00,1.0,Le Quang Tung,Offline Team HaNoi,Pham Thuy Linh,Other,Tran Thu Ha,16772500.0,False,False,,,,,,2026-08-07
2026-08,724121449394432,2,3297088185,Đến hạn,Frozen,"1-20, idle<=90",2026-01-13,2026-01-14 15:19:56,10,10,2026-07-23 21:30:00,8.0,Tran Thi Thaoo,Inhouse 1,Le To Hai My,Inhouse 1,Ms Laura,9080000.0,False,False,,,,,,2026-08-07
2026-08,697944462354688,1,3297146717,Đến hạn,Normal,"1-20, idle<=90",2025-08-19,2025-08-19 16:48:49,10,8,2026-07-30 20:00:00,1.0,Do Thi Hong Nhung,Inhouse 1,Le Kim Chi,Inhouse 1,Thao Chi Advisor,18820000.0,False,False,,,,,,2026-08-07
2026-08,698511263131908,1,3297147262,Đến hạn,Normal,"1-20, idle<=90",2025-08-22,2025-08-23 07:40:26,15,14,2026-07-30 23:00:00,1.0,Pham Thi Thao,Inhouse 1,Pham Thi Thao,Inhouse 1,Ms Laura,18820000.0,True,True,TMP_3297147262_20260513,2026-05-13 00:00:00,16620000.0,GMV,262.0,2026-08-07
2026-08,732121876324610,2,3297308561,Đến hạn,Normal,"1-20, idle<=90",2026-02-28,2026-02-28 20:44:34,20,18,2026-07-28 17:30:00,3.0,Ho Thi Thanh,Inhouse 1,Ho Thi Thanh,Inhouse 1,Ruby Advisor,8500000.0,False,False,,,,,,2026-08-07
2026-08,698477921542404,1,3297379075,Đến hạn,Normal,"1-20, idle<=90",2025-08-22,2025-08-22 22:51:43,16,120,2026-07-29 19:00:00,2.0,Le Thi Thao,Inhouse 2,Le Thi Thuy Van,Inhouse 2,Tran Thu Ha,17820000.0,True,True,753004036534534,2026-06-26 00:00:00,16450000.0,GMV+REM,307.0,2026-08-07
2026-08,698640907925764,1,3297417223,Đến hạn,Normal,"1-20, idle<=90",2025-08-23,2025-08-23 19:28:16,10,10,2026-08-01 18:00:00,-1.0,Le Thi Tuyet,Inhouse 1,Le Thi Tuyet,Inhouse 1,Ellie Advisor,17450000.0,False,False,,,,,,2026-08-07
2026-08,698297622905088,1,3297433865,Đến hạn,Normal,"1-20, idle<=90",2025-08-21,2025-08-22 12:21:32,10,9,2026-08-01 17:00:00,-1.0,Le Thuy Nhung,Inhouse 1,Le Thuy Nhung,Inhouse 1,Thao Chi Advisor,16960000.0,False,False,,,,,,2026-08-07
2026-08,698956194261248,1,3297455037,Đến hạn,Normal,"1-20, idle<=90",2025-08-24,2025-08-26 19:40:59,17,17,2026-08-01 20:30:00,-1.0,Pham Thi Thao,Inhouse 1,Pham Thi Thao,Inhouse 1,Ms Laura,18820000.0,True,True,TMP_3297455037_20260801,2026-08-01 00:00:00,31800000.0,GMV,339.0,2026-08-07
2026-08,698288496050432,1,3297497209,Đến hạn,Normal,"1-20, idle<=90",,2025-08-23 15:40:07,5,5,2026-07-28 23:00:00,3.0,Nguyen Kieu Trang,Inhouse 1,Nguyen Kieu Trang,Inhouse 1,Ruby Advisor,18820000.0,False,False,,,,,,2026-08-07
2026-08,734041739940098,1,3297532297,Đến hạn,Normal,"1-20, idle<=90",2026-03-11,2026-03-11 22:06:18,16,16,2026-07-31 20:00:00,0.0,Ho Thi Thanh,Inhouse 1,Ho Thi Thanh,Inhouse 1,Ruby Advisor,9800000.0,False,False,,,,,,2026-08-07
2026-08,700593054748932,1,3297532349,Đến hạn,Normal,"1-20, idle<=90",2025-08-31,2025-09-03 16:28:12,13,13,2026-07-31 16:30:00,0.0,Do Thi Tuyet Nhung,Inhouse 1,Do Thi Tuyet Nhung,Inhouse 1,Ms Laura,16430000.0,False,False,,,,,,2026-08-07
2026-08,708917727097092,1,3297536790,Đến hạn,Normal,"1-20, idle<=90",2025-10-15,2025-10-21 15:27:15,14,12,2026-07-30 21:30:00,1.0,Dao Ngoc Lan Anh,Inhouse 1,Bui Thi Hong Van,Inhouse 1,Ruby Advisor,9080000.0,False,False,,,,,,2026-08-07
2026-08,699175695436036,1,3297578128,Đến hạn,Normal,"1-20, idle<=90",2025-08-26,2025-08-26 21:06:00,15,119,2026-08-01 10:00:00,-1.0,Pham Thi Thao,Inhouse 1,Pham Thi Thao,Inhouse 1,Ellie Advisor,18820000.0,True,True,754340658180354,2026-07-03 00:00:00,16820000.0,GMV+REM,310.0,2026-08-07
2026-08,702217716525314,1,3297594529,Đến hạn,Normal,"1-20, idle<=90",2025-09-05,2025-09-12 22:04:31,17,15,2026-07-30 16:00:00,1.0,Le Vo Anh Thu,Ho Chi Minh,Nguyen Thuy Trang,Inhouse 1,Dao Thi Hoang Yen,16430000.0,False,False,,,,,,2026-08-07
2026-08,728895431911686,2,3297594754,Đến hạn,Normal,"1-20, idle<=90",2026-02-10,2026-02-10 16:06:58,16,15,2026-08-01 21:30:00,-1.0,Ta Thuy Van,Inhouse 1,Ta Thuy Van,Inhouse 1,Ellie Advisor,24000000.0,False,False,,,,,,2026-08-07
2026-08,731341178945794,2,3297633793,Đến hạn,Normal,"1-20, idle<=90",2026-02-23,2026-02-26 14:58:08,12,10,2026-07-30 19:30:00,1.0,Tran Thi Thaoo,Inhouse 1,Le To Hai My,Inhouse 1,Ms Laura,9410000.0,False,False,,,,,,2026-08-07
2026-08,737883442657542,2,3297712396,Đến hạn,Normal,"1-20, idle<=90",2026-03-19,2026-04-03 14:59:19,1,0,2026-08-01 21:30:00,-1.0,Nguyen Kieu Trang,Inhouse 1,Nguyen Kieu Trang,Inhouse 1,Ruby Advisor,8671400.0,False,False,,,,,,2026-08-07
2026-08,725684802251014,2,3297738722,Đến hạn,Normal,"1-20, idle<=90",2026-01-23,2026-01-23 16:47:04,14,12,2026-07-29 19:30:00,2.0,Tran Thi Thaoo,Inhouse 1,Le To Hai My,Inhouse 1,Ms Laura,7950000.0,False,False,,,,,,2026-08-07
2026-08,738460761975042,2,3297741288,Đến hạn,Normal,"1-20, idle<=90",2026-01-10,2026-04-06 01:30:45,17,16,2026-07-27 15:00:00,4.0,Le To Hai My,Inhouse 1,Le To Hai My,Inhouse 1,Le To Hai My,8500000.0,False,False,,,,,,2026-08-07
2026-08,737719499729160,1,3297777438,Đến hạn,Normal,"1-20, idle<=90",2026-03-31,2026-04-01 15:25:39,17,15,2026-07-30 18:30:00,1.0,Le Thi Thuy Trang,Inhouse 1,Le Thi Thuy Trang,Inhouse 1,Thao Chi Advisor,8750000.0,False,False,,,,,,2026-08-07
2026-08,699401638527234,1,3297777439,Đến hạn,Normal,"1-20, idle<=90",2025-08-27,2025-08-28 21:36:07,18,123,2026-07-30 21:00:00,1.0,Dang Thi Kim Tuyen,Ho Chi Minh,Bui Thi Hong Van,Inhouse 1,Dao Thi Hoang Yen,17472000.0,True,True,759353120483590,2026-07-31 00:00:00,15930000.0,GMV+REM,336.0,2026-08-07
2026-08,736506001584392,2,3297859327,Đến hạn,Normal,"1-20, idle<=90",2026-03-06,2026-03-28 15:57:42,14,14,2026-08-01 15:30:00,-1.0,Le To Hai My,Inhouse 1,Le To Hai My,Inhouse 1,Ms Laura,8500000.0,True,True,TMP_3297859327_20260621,2026-06-21 00:00:00,15900000.0,GMV,84.0,2026-08-07
2026-08,736506149794054,2,3297859493,Đến hạn,Normal,"1-20, idle<=90",2026-03-06,2026-03-28 15:58:48,18,18,2026-08-01 15:30:00,-1.0,Le To Hai My,Inhouse 1,Le To Hai My,Inhouse 1,Ms Laura,8500000.0,True,True,TMP_3297859493_20260621,2026-06-21 00:00:00,15900000.0,GMV,84.0,2026-08-07
2026-08,700761763766528,1,3297882656,Đến hạn,Normal,"1-20, idle<=90",2025-09-04,2025-09-04 17:43:28,10,9,2026-07-29 18:00:00,2.0,Nguyen Thi Huong,Inhouse 1,Ta Thuy Van,Inhouse 1,Ellie Advisor,18720000.0,False,False,,,,,,2026-08-07
2026-08,727091942748422,1,3297898719,Đến hạn,Normal,"1-20, idle<=90",2026-01-31,2026-01-31 11:52:10,7,7,2026-07-31 17:00:00,0.0,Dao Ngoc Lan Anh,Inhouse 1,Bui Thi Hong Van,Inhouse 1,Ruby Advisor,9580000.0,False,False,,,,,,2026-08-07
2026-08,700255825989890,1,3297963101,Đến hạn,Normal,"1-20, idle<=90",2025-08-31,2025-09-01 19:41:56,17,15,2026-07-30 18:30:00,1.0,Ho Thi Thanh,Inhouse 1,Ho Thi Thanh,Inhouse 1,Ms Laura,17900000.0,False,False,,,,,,2026-08-07
2026-08,700255998519556,1,3297963222,Đến hạn,Normal,"1-20, idle<=90",2025-08-31,2025-09-01 19:45:23,17,15,2026-07-30 17:30:00,1.0,Ho Thi Thanh,Inhouse 1,Ho Thi Thanh,Inhouse 1,Ms Laura,17900000.0,False,False,,,,,,2026-08-07
2026-08,703921079023872,1,3297989182,Đến hạn,Normal,"1-20, idle<=90",2025-09-21,2025-09-22 19:01:59,8,7,2026-07-31 21:30:00,0.0,Nguyen Thi Thao Ngoc,Inhouse 1,Nguyen Thi Thao Ngoc,Inhouse 1,Thao Chi Advisor,17020000.0,False,False,,,,,,2026-08-07
2026-08,734227494955266,2,3297989209,Đến hạn,Normal,"1-20, idle<=90",2026-03-12,2026-03-15 07:42:35,13,12,2026-07-31 21:30:00,0.0,Le Minh Thanh,Ho Chi Minh,Nina,Inhouse 1,Dao Thi Hoang Yen,8400000.0,False,False,,,,,,2026-08-07
2026-08,733643578808582,2,3298019136,Đến hạn,Normal,"1-20, idle<=90",2026-03-08,2026-03-09 11:15:32,16,14,2026-08-01 12:00:00,-1.0,Le To Hai My,Inhouse 1,Le To Hai My,Inhouse 1,Le To Hai My,8300000.0,False,False,,,,,,2026-08-07
2026-08,703429903878400,1,3298020673,Đến hạn,Normal,"1-20, idle<=90",2025-09-19,2025-09-21 11:06:49,17,15,2026-07-28 21:00:00,3.0,Nguyen Thuy Hien,Inhouse 2,Le Thi Thuy Van,Inhouse 2,Tran Thu Ha,15900000.0,False,False,,,,,,2026-08-07
2026-08,700948275011842,1,3298145034,Đến hạn,Normal,"1-20, idle<=90",2025-09-05,2025-09-05 18:04:09,10,10,2026-07-29 13:00:00,2.0,Le Thi Lan Anh,Inhouse 1,Le Thi Lan Anh,Inhouse 1,Ellie Advisor,18820000.0,False,False,,,,,,2026-08-07
2026-08,700786625386754,1,3298145048,Đến hạn,Normal,"1-20, idle<=90",2025-09-04,2025-09-05 11:16:26,12,12,2026-07-30 19:30:00,1.0,Le Thuy Nhung,Inhouse 1,Le Thuy Nhung,Inhouse 1,Thao Chi Advisor,18820000.0,False,False,,,,,,2026-08-07
2026-08,701484961962242,1,3298145260,Đến hạn,Normal,"1-20, idle<=90",2025-09-08,2025-09-08 17:43:06,4,1,2026-07-30 17:00:00,1.0,Le To Hai My,Inhouse 1,Le To Hai My,Inhouse 1,Le To Hai My,16430000.0,False,False,,,,,,2026-08-07
2026-08,732084802664710,1,3298145464,Đến hạn,Normal,"1-20, idle<=90",2026-02-10,2026-02-28 15:25:21,10,9,2026-07-31 19:00:00,0.0,Le Thuy Nhung,Inhouse 1,Le Thuy Nhung,Inhouse 1,Ellie Advisor,9580000.0,False,False,,,,,,2026-08-07
2026-08,701492060498180,1,3298146560,Đến hạn,Normal,"1-20, idle<=90",2025-09-08,2025-09-08 18:11:39,9,7,2026-07-30 17:00:00,1.0,Le To Hai My,Inhouse 1,Le To Hai My,Inhouse 1,Le To Hai My,19070000.0,False,False,,,,,,2026-08-07
2026-08,701437955068160,1,3298158410,Đến hạn,Normal,"1-20, idle<=90",2025-09-06,2025-09-08 10:39:33,17,16,2026-08-01 18:00:00,-1.0,Nguyen Kieu Trang,Inhouse 1,Nguyen Kieu Trang,Inhouse 1,Ruby Advisor,17820000.0,False,False,,,,,,2026-08-07
2026-08,724088850442498,2,3298189818,Đến hạn,Normal,"1-20, idle<=90",2026-01-14,2026-01-20 08:24:18,19,18,2026-07-28 18:30:00,3.0,Le Thi Thuy Van,Inhouse 2,Le Thi Thuy Van,Inhouse 2,Tran Thu Ha,8215000.0,False,False,,,,,,2026-08-07
2026-08,701478582948098,1,3298214333,Đến hạn,Normal,"1-20, idle<=90",2025-09-08,2025-09-08 20:10:23,17,16,2026-07-31 18:30:00,0.0,Le To Hai My,Inhouse 1,Le To Hai My,Inhouse 1,Le To Hai My,17880000.0,False,False,,,,,,2026-08-07
2026-08,752973087873282,1,3298220875,Đến hạn,Normal,"1-20, idle<=90",2026-06-26,2026-06-27 10:05:52,10,8,2026-08-01 21:00:00,-1.0,Nguyen Thi Thu Huyen,Inhouse 2,Nguyen Thi Thu Huyen,Inhouse 2,Tran Thu Ha,13500000.0,False,False,,,,,,2026-08-07
2026-08,701654631053568,1,3298281284,Đến hạn,Normal,"1-20, idle<=90",2025-09-09,2025-09-09 16:02:31,13,12,2026-07-31 19:30:00,0.0,Le Thi Tuyet,Inhouse 1,Le Thi Tuyet,Inhouse 1,Ruby Advisor,18820000.0,False,False,,,,,,2026-08-07
2026-08,750306040844546,3,3298334333,Đến hạn,Normal,"1-20, idle<=90",2026-06-11,2026-06-11 17:24:36,17,12,2026-08-01 15:30:00,-1.0,Ta Thuy Van,Inhouse 1,Ta Thuy Van,Inhouse 1,Ellie Advisor,9680000.0,False,False,,,,,,2026-08-07
2026-08,747853662294278,2,3298366047,Đến hạn,Normal,"1-20, idle<=90",2026-05-28,2026-05-29 09:43:52,11,11,2026-08-01 22:30:00,-1.0,Le Thi Tuyet,Inhouse 1,Le Thi Tuyet,Inhouse 1,Ruby Advisor,9580000.0,False,False,,,,,,2026-08-07
2026-08,734581755683080,2,3298395351,Đến hạn,Normal,"1-20, idle<=90",2026-03-14,2026-03-17 20:12:05,15,15,2026-08-01 08:30:00,-1.0,Nguyen Duy Thinh,Ho Chi Minh,Le Thuy Nhung,Inhouse 1,Dao Thi Hoang Yen,8215000.0,False,False,,,,,,2026-08-07
2026-08,733831206482182,1,3298401791,Đến hạn,Normal,"1-20, idle<=90",2026-03-09,2026-03-10 12:20:51,16,16,2026-08-01 19:00:00,-1.0,Tran Thi Thaoo,Inhouse 1,Kieu Thi Thu Quynh,Inhouse 1,Diem Quynh Advisor,10080000.0,False,False,,,,,,2026-08-07
2026-08,702336046758144,1,3298503851,Đến hạn,Normal,"1-20, idle<=90",2025-09-13,2025-09-13 15:45:59,11,10,2026-08-01 21:00:00,-1.0,Nguyen Kieu Trang,Inhouse 1,Nguyen Kieu Trang,Inhouse 1,Ruby Advisor,16862700.0,False,False,,,,,,2026-08-07
2026-08,705338129240324,1,3298506619,Đến hạn,Normal,"1-20, idle<=90",2025-09-29,2025-09-30 16:40:23,20,18,2026-07-30 17:30:00,1.0,Pham Thi Thao,Inhouse 1,Pham Thi Thao,Inhouse 1,Ellie Advisor,17820000.0,False,False,,,,,,2026-08-07
2026-08,702179057715458,1,3298516658,Đến hạn,Normal,"1-20, idle<=90",2025-09-12,2025-09-12 16:35:39,18,18,2026-08-01 11:00:00,-1.0,Bui Thi Hong Van,Inhouse 1,Bui Thi Hong Van,Inhouse 1,Ruby Advisor,16450000.0,False,False,,,,,,2026-08-07
2026-08,701663510098180,1,3298524342,Đến hạn,Normal,"1-20, idle<=90",2025-09-09,2025-09-10 12:22:10,17,17,2026-07-19 22:00:00,12.0,Tran Thi Son,Inhouse 1,Tran Thi Son,Inhouse 1,Ellie Advisor,17820000.0,False,False,,,,,,2026-08-07
2026-08,701608843018500,1,3298554111,Đến hạn,Normal,"1-20, idle<=90",2025-09-09,2025-09-09 15:34:41,8,7,2026-07-31 02:30:00,0.0,Pham Thi Thao,Inhouse 1,Pham Thi Thao,Inhouse 1,Ms Laura,18820000.0,False,False,,,,,,2026-08-07
2026-08,753988338501894,1,3298568194,Đến hạn,Normal,"1-20, idle<=90",2026-07-02,2026-07-02 10:20:58,18,18,2026-08-01 21:00:00,-1.0,Le Thi Tuyet,Inhouse 1,Le Thi Tuyet,Inhouse 1,Thao Chi Advisor,4540000.0,False,False,,,,,,2026-08-07
2026-08,750494073184520,1,3298595773,Đến hạn,Normal,"1-20, idle<=90",2026-06-12,2026-06-13 10:44:52,12,10,2026-07-27 20:00:00,4.0,Le Thi Lan Anh,Inhouse 1,Le Thi Lan Anh,Inhouse 1,Ms Jenny Advisor,4550000.0,False,False,,,,,,2026-08-07
2026-08,732122333014278,2,3298633697,Đến hạn,Normal,"1-20, idle<=90",2026-02-28,2026-03-01 18:02:48,18,17,2026-08-01 11:30:00,-1.0,Nguyen Nhat Vy,Inhouse 1,Phan Thi Huong,Inhouse 1,Ruby Advisor,8580000.0,False,False,,,,,,2026-08-07
2026-08,733646880833800,2,3298635750,Đến hạn,Normal,"1-20, idle<=90",2026-03-09,2026-03-09 11:18:14,18,71,2026-07-30 16:30:00,1.0,Tran Thi Thaoo,Inhouse 1,Bui Thi Thai Duong,Inhouse 1,Ellie Advisor,8745000.0,True,True,759182084376834,2026-07-31 00:00:00,8430000.0,GMV+REM,143.0,2026-08-07
2026-08,702855095822592,1,3298696188,Đến hạn,Normal,"1-20, idle<=90",2025-09-15,2025-09-16 21:47:09,18,17,2026-08-01 16:00:00,-1.0,Dang Thi Kim Tuyen,Ho Chi Minh,Nguyen Thi Thao Ngoc,Inhouse 1,Dao Thi Hoang Yen,16972000.0,False,False,,,,,,2026-08-07
2026-08,734393463030018,2,3298723741,Đến hạn,Normal,"1-20, idle<=90",2026-02-13,2026-03-13 16:57:19,14,13,2026-07-30 13:00:00,1.0,Pham Thi Thao,Inhouse 1,Pham Thi Thao,Inhouse 1,Ellie Advisor,8760000.0,False,False,,,,,,2026-08-07
2026-08,702524181549312,1,3298763760,Đến hạn,Normal,"1-20, idle<=90",2025-09-14,2025-09-14 16:00:56,12,10,2026-07-30 16:00:00,1.0,Pham Thi Thao,Inhouse 1,Pham Thi Thao,Inhouse 1,Ellie Advisor,17820000.0,False,False,,,,,,2026-08-07
2026-08,750150688516360,1,3298826584,Đến hạn,Normal,"1-20, idle<=90",2026-06-09,2026-06-10 19:45:27,10,9,2026-07-31 21:00:00,0.0,Nguyen Thuy Trang,Inhouse 1,Nguyen Thuy Trang,Inhouse 1,Dao Thi Hoang Yen,12918700.0,False,False,,,,,,2026-08-07
2026-08,702411092289794,1,3298847985,Đến hạn,Normal,"1-20, idle<=90",2025-09-13,2025-09-15 13:50:49,13,11,2026-07-30 21:00:00,1.0,Le Minh Thanh,Ho Chi Minh,Tran Thi Son,Inhouse 1,Dao Thi Hoang Yen,7950000.0,False,False,,,,,,2026-08-07
2026-08,703081145446660,1,3298878351,Đến hạn,Normal,"1-20, idle<=90",2025-09-17,2025-09-17 17:33:21,16,14,2026-07-30 19:00:00,1.0,Nguyen Thuy Trang,Inhouse 1,Nguyen Thuy Trang,Inhouse 1,Thao Chi Advisor,10080000.0,False,False,,,,,,2026-08-07
2026-08,706788014225664,1,3298925102,Đến hạn,Normal,"1-20, idle<=90",2025-10-07,2025-10-08 19:28:09,8,5,2026-07-31 18:00:00,0.0,Pham Thi Thao,Inhouse 1,Pham Thi Thao,Inhouse 1,Ellie Advisor,17320000.0,False,False,,,,,,2026-08-07
2026-08,703080919011584,1,3298925770,Đến hạn,Normal,"1-20, idle<=90",2025-09-17,2025-09-19 17:06:10,15,14,2026-08-01 19:00:00,-1.0,Le Thuy Nhung,Inhouse 1,Le Thuy Nhung,Inhouse 1,Ruby Advisor,18820000.0,False,False,,,,,,2026-08-07
2026-08,703253580507392,1,3298926008,Đến hạn,Normal,"1-20, idle<=90",2025-09-18,2025-09-18 18:22:47,14,12,2026-07-29 17:30:00,2.0,Le Thuy Nhung,Inhouse 1,Le Thuy Nhung,Inhouse 1,Thao Chi Advisor,18820000.0,False,False,,,,,,2026-08-07
2026-08,723046372083968,2,3298927389,Đến hạn,Normal,"1-20, idle<=90",2026-01-08,2026-01-08 18:44:08,11,62,2026-08-01 12:00:00,-1.0,Nguyen Minh Phat,Ho Chi Minh,Nguyen Minh Phat,Ho Chi Minh,Dao Thi Hoang Yen,8215000.0,True,True,753188062941442,2026-06-27 00:00:00,8238750.0,GMV+REM,169.0,2026-08-07
2026-08,703580878262530,1,3298987273,Đến hạn,Normal,"1-20, idle<=90",2025-09-20,2025-09-22 16:41:21,13,13,2026-08-01 14:30:00,-1.0,Nguyen Kieu Trang,Inhouse 1,Nguyen Kieu Trang,Inhouse 1,Ruby Advisor,17820000.0,False,False,,,,,,2026-08-07
2026-08,702953793515776,1,3299015588,Đến hạn,Normal,"1-20, idle<=90",2025-09-16,2025-09-18 11:20:25,18,17,2026-08-01 17:00:00,-1.0,Dang Thi Kim Tuyen,Ho Chi Minh,Dang Kim Thuong,Inhouse 1,Dao Thi Hoang Yen,16750000.0,False,False,,,,,,2026-08-07
2026-08,736296856652034,2,3299030398,Đến hạn,Normal,"1-20, idle<=90",2026-03-20,2026-03-24 10:59:46,18,17,2026-08-01 18:30:00,-1.0,Ta Thuy Van,Inhouse 1,Ta Thuy Van,Inhouse 1,Ellie Advisor,8850000.0,False,False,,,,,,2026-08-07
2026-08,704140386087170,1,3299031700,Đến hạn,Normal,"1-20, idle<=90",2025-09-23,2025-09-23 17:10:17,16,14,2026-07-30 10:00:00,1.0,Ho Thi Thanh,Inhouse 1,Ho Thi Thanh,Inhouse 1,Ho Thi Thanh,18820000.0,False,False,,,,,,2026-08-07
2026-08,723748795287810,2,3299189351,Đến hạn,Normal,"1-20, idle<=90",2025-11-03,2026-01-12 18:35:35,10,9,2026-07-29 18:30:00,2.0,Tran Thi Son,Inhouse 1,Vu Thi Khanh Huyen,Inhouse 2,Tran Thu Ha,8500000.0,False,False,,,,,,2026-08-07
2026-08,703922500804864,1,3299257042,Đến hạn,Normal,"1-20, idle<=90",2025-09-21,2025-09-22 11:44:45,6,4,2026-07-31 18:00:00,0.0,Le Thuy Nhung,Inhouse 1,Le Thuy Nhung,Inhouse 1,Thao Chi Advisor,18900000.0,True,True,TMP_3299257042_20260731,2026-07-31 00:00:00,16820000.0,GMV,311.0,2026-08-07
2026-08,732106923858178,1,3299262618,Đến hạn,Normal,"1-20, idle<=90",2026-02-28,2026-03-03 09:56:05,15,14,2026-07-31 10:00:00,0.0,Le Thi Thuy Trang,Inhouse 1,Le Thi Thuy Trang,Inhouse 1,Diem Quynh Advisor,9580000.0,False,False,,,,,,2026-08-07
2026-08,704535043715330,1,3299290063,Đến hạn,Normal,"1-20, idle<=90",2025-09-25,2025-09-26 09:04:17,16,16,2026-08-01 17:30:00,-1.0,Le Thi Tuyet,Inhouse 1,Le Thi Tuyet,Inhouse 1,Ruby Advisor,18820000.0,False,False,,,,,,2026-08-07
2026-08,706118321797380,2,3299306277,Đến hạn,Normal,"1-20, idle<=90",2025-10-04,2025-10-04 21:53:03,20,18,2026-07-29 19:00:00,2.0,Chang Thi Thanh Binh,Ho Chi Minh,Nina,Inhouse 1,Dao Thi Hoang Yen,4808000.0,False,False,,,,,,2026-08-07
2026-08,705569829785858,1,3299340330,Đến hạn,Frozen,"1-20, idle<=90",2025-10-01,2025-10-02 01:08:37,16,122,2026-07-31 02:00:00,0.0,Le Thi Tuyet,Inhouse 1,Le Thi Tuyet,Inhouse 1,Ruby Advisor,18820000.0,True,True,756691861391622,2026-03-01 00:00:00,17320000.0,GMV+REM,149.0,2026-08-07
2026-08,746563348877576,3,3299417406,Đến hạn,Normal,"1-20, idle<=90",2026-05-20,2026-05-21 18:12:06,8,6,2026-07-30 21:00:00,1.0,Le Minh Thanh,Ho Chi Minh,Nina,Inhouse 1,Dao Thi Hoang Yen,4290000.0,False,False,,,,,,2026-08-07
2026-08,706406263097602,1,3299483489,Đến hạn,Normal,"1-20, idle<=90",2025-09-26,2025-10-07 00:53:21,10,9,2026-07-28 21:30:00,3.0,Le To Hai My,Inhouse 1,Le To Hai My,Inhouse 1,Ellie Advisor,8880000.0,False,False,,,,,,2026-08-07
2026-08,705147943667972,1,3299493111,Đến hạn,Normal,"1-20, idle<=90",2025-09-27,2025-09-29 20:54:02,20,19,2026-07-31 21:00:00,0.0,Ho Thi Thanh,Inhouse 1,Ho Thi Thanh,Inhouse 1,Ellie Advisor,17820000.0,False,False,,,,,,2026-08-07
2026-08,753653249773826,1,3299516440,Đến hạn,Normal,"1-20, idle<=90",2026-06-30,2026-07-02 20:28:45,19,17,2026-07-29 20:30:00,2.0,Kieu Thi Thu Quynh,Inhouse 1,Kieu Thi Thu Quynh,Inhouse 1,Ellie Advisor,4420000.0,False,False,,,,,,2026-08-07
2026-08,722546571071744,2,3299524479,Đến hạn,Normal,"1-20, idle<=90",2025-12-31,2026-01-05 17:41:25,20,19,2026-08-01 19:30:00,-1.0,Le Thi Tuyet,Inhouse 1,Le Thi Tuyet,Inhouse 1,Ruby Advisor,8250000.0,False,False,,,,,,2026-08-07
2026-08,754788310739208,4,3299555953,Đến hạn,Normal,"1-20, idle<=90",2026-07-06,2026-07-07 22:14:22,20,19,2026-07-28 13:30:00,3.0,Bui Thi Thai Duong,Inhouse 1,Bui Thi Thai Duong,Inhouse 1,Ellie Advisor,4290000.0,False,False,,,,,,2026-08-07
2026-08,737001298374918,2,3299559646,Đến hạn,Normal,"1-20, idle<=90",2026-01-26,2026-03-28 10:15:08,16,14,2026-07-29 21:00:00,2.0,Bui Thi Thai Duong,Inhouse 1,Bui Thi Thai Duong,Inhouse 1,Ellie Advisor,8400000.0,False,False,,,,,,2026-08-07
2026-08,714559639869700,2,3299717265,Đến hạn,Normal,"1-20, idle<=90",2025-11-21,2025-11-25 22:27:58,7,5,2026-07-29 22:30:00,2.0,Le Vo Anh Thu,Ho Chi Minh,Lai Ngoc Thuy Linh,Ho Chi Minh,Dao Thi Hoang Yen,8015000.0,False,False,,,,,,2026-08-07
2026-08,705725709744386,1,3299736887,Đến hạn,Normal,"1-20, idle<=90",2025-10-02,2025-10-02 17:17:32,16,120,2026-07-29 18:30:00,2.0,Le Thi Lan Anh,Inhouse 1,Le Thi Lan Anh,Inhouse 1,Ellie Advisor,17400000.0,True,True,747006207785224,2026-05-23 00:00:00,15900000.0,GMV+REM,232.0,2026-08-07
2026-08,737886104447238,2,3299827357,Đến hạn,Normal,"1-20, idle<=90",2026-03-31,2026-04-02 11:03:34,13,12,2026-07-30 18:00:00,1.0,Le Thi Lan Anh,Inhouse 1,Le Thi Lan Anh,Inhouse 1,Ellie Advisor,8268000.0,False,False,,,,,,2026-08-07
2026-08,732994719193346,2,3299855355,Đến hạn,Normal,"1-20, idle<=90",2026-01-15,2026-03-07 17:45:26,17,16,2026-08-01 17:00:00,-1.0,Dao Thi Hoang Yen,Ho Chi Minh,Le To Hai My,Inhouse 1,Dao Thi Hoang Yen,8215000.0,False,False,,,,,,2026-08-07
2026-08,746568641726728,1,3299900813,Đến hạn,Normal,"1-20, idle<=90",2026-01-10,2026-05-21 11:55:13,10,8,2026-07-28 18:30:00,3.0,Lai Ngoc Thuy Linh,Ho Chi Minh,Lai Ngoc Thuy Linh,Ho Chi Minh,Dao Thi Hoang Yen,4420000.0,False,False,,,,,,2026-08-07
2026-08,707343601572096,1,3299906772,Đến hạn,Normal,"1-20, idle<=90",2025-10-11,2025-10-11 19:55:01,18,17,2026-07-31 17:30:00,0.0,Le Thi Tuyet,Inhouse 1,Le Thi Tuyet,Inhouse 1,Ms Laura,18820000.0,True,True,TMP_3299906772_20260630,2026-06-30 00:00:00,46500000.0,GMV,261.0,2026-08-07
2026-08,707852812882180,1,3299909480,Đến hạn,Normal,"1-20, idle<=90",2025-10-14,2025-10-17 11:24:09,15,13,2026-07-30 21:00:00,1.0,Tran Vo Minh Thu,Ho Chi Minh,Pham Thi Thao,Inhouse 1,Dao Thi Hoang Yen,9408000.0,False,False,,,,,,2026-08-07
2026-08,747267756605702,3,3299917868,Đến hạn,Normal,"1-20, idle<=90",2026-05-24,2026-05-25 11:23:09,8,7,2026-08-01 20:30:00,-1.0,Bui Thi Thai Duong,Inhouse 1,Bui Thi Thai Duong,Inhouse 1,Ellie Advisor,4290000.0,False,False,,,,,,2026-08-07
2026-08,728011185160450,2,3299938189,Đến hạn,Normal,"1-20, idle<=90",2025-12-24,2026-02-05 15:28:18,13,11,2026-07-30 14:00:00,1.0,Ho Thi Thanh,Inhouse 1,Ho Thi Thanh,Inhouse 1,Ms Laura,8900000.0,False,False,,,,,,2026-08-07
2026-08,712055680454914,1,3299955015,Đến hạn,Frozen,"1-20, idle<=90",2025-11-05,2025-11-07 10:46:38,20,126,2026-07-25 22:30:00,6.0,Nguyen Thuy Hien,Inhouse 2,Le Thi Thuy Van,Inhouse 2,Tran Thu Ha,16435500.0,True,True,752943015104770,2026-06-25 00:00:00,16435575.0,GMV+REM,229.0,2026-08-07
2026-08,744834521569544,3,3300085694,Đến hạn,Normal,"1-20, idle<=90",2026-01-31,2026-05-11 16:56:38,13,13,2026-07-26 21:00:00,5.0,Le Thi Tuyet,Inhouse 1,Le Thi Tuyet,Inhouse 1,Ruby Advisor,4160000.0,False,False,,,,,,2026-08-07
2026-08,748681149788422,1,3300092694,Đến hạn,Normal,"1-20, idle<=90",2026-06-01,2026-06-02 17:32:20,12,10,2026-07-30 22:00:00,1.0,Dao Phuong Thao,Inhouse 1,Dao Phuong Thao,Inhouse 1,Ms Laura,4420000.0,False,False,,,,,,2026-08-07
2026-08,709749740572930,1,3300099769,Đến hạn,Normal,"1-20, idle<=90",2025-10-24,2025-10-26 00:03:14,3,0,2026-08-01 11:00:00,-1.0,Nguyen Phuong Thao,Inhouse 2,Le Thi Thuy Van,Inhouse 2,Tran Thu Ha,17820000.0,False,False,,,,,,2026-08-07
2026-08,710634934694148,2,3300158877,Đến hạn,Normal,"1-20, idle<=90",2025-10-29,2025-10-30 11:51:52,6,5,2026-08-01 12:00:00,-1.0,Le Hung Cuong,Inhouse 2,Vu Cam Ly,Inhouse 2,Tran Thu Ha,8500000.0,False,False,,,,,,2026-08-07
2026-08,750279496737026,2,3300205659,Đến hạn,Normal,"1-20, idle<=90",2026-06-11,2026-06-11 20:19:43,17,16,2026-07-31 19:00:00,0.0,Nguyen Minh Phat,Ho Chi Minh,Nguyen Minh Phat,Ho Chi Minh,Dao Thi Hoang Yen,4400000.0,False,False,,,,,,2026-08-07
2026-08,739334316534018,2,3300211609,Đến hạn,Normal,"1-20, idle<=90",2026-04-02,2026-04-10 15:24:46,20,19,2026-07-31 20:00:00,0.0,Nguyen Duy Thinh,Ho Chi Minh,Lai Ngoc Thuy Linh,Ho Chi Minh,Dao Thi Hoang Yen,8215000.0,False,False,,,,,,2026-08-07
2026-08,728422216091910,1,3300226955,Đến hạn,Normal,"1-20, idle<=90",2026-02-07,2026-02-08 16:25:35,5,5,2026-08-01 19:00:00,-1.0,Kieu Thi Thu Quynh,Inhouse 1,Kieu Thi Thu Quynh,Inhouse 1,Ellie Advisor,9080000.0,False,False,,,,,,2026-08-07
2026-08,748540902367496,1,3300296806,Đến hạn,Normal,"1-20, idle<=90",2026-06-01,2026-06-01 15:32:19,7,6,2026-07-27 17:00:00,4.0,Le Thi Lan Anh,Inhouse 1,Le Thi Lan Anh,Inhouse 1,Ms Laura,4550000.0,False,False,,,,,,2026-08-07
2026-08,727493089523970,1,3300360507,Đến hạn,Normal,"1-20, idle<=90",2026-02-01,2026-02-02 16:58:43,7,5,2026-07-31 21:30:00,0.0,Nguyen Phuong Thuy,Inhouse 1,Nguyen Phuong Thuy,Inhouse 1,Ellie Advisor,9580000.0,True,True,TMP_3300360507_20260731,2026-07-31 00:00:00,8850000.0,GMV,178.0,2026-08-07
2026-08,737553224984834,2,3300378202,Đến hạn,Normal,"1-20, idle<=90",2026-02-12,2026-04-01 17:41:56,13,12,2026-07-31 17:00:00,0.0,Hoang Thi Hong Tham,Offline Team HaNoi,Hoang Thi Hong Tham,Offline Team HaNoi,Tran Thu Ha,8480000.0,False,False,,,,,,2026-08-07
2026-08,720933546033410,2,3300404038,Đến hạn,Normal,"1-20, idle<=90",2025-12-27,2026-01-01 19:06:48,7,5,2026-07-29 21:00:00,2.0,Tran Thi Son,Inhouse 1,Tran Thi Son,Inhouse 1,Ellie Advisor,8200000.0,False,False,,,,,,2026-08-07
2026-08,747793292609794,1,3300404096,Đến hạn,Normal,"1-20, idle<=90",2026-05-28,2026-05-28 10:11:46,18,14,2026-07-30 21:30:00,1.0,Nguyen Thuy Trang,Inhouse 1,Nguyen Thuy Trang,Inhouse 1,Ms Laura,9580000.0,False,False,,,,,,2026-08-07
2026-08,726418402842882,3,3300431364,Đến hạn,Normal,"1-20, idle<=90",,2026-01-27 19:10:36,11,9,2026-07-30 22:00:00,1.0,Nguyen Ha Giang,Inhouse 2,Nguyen Thi Trang,Inhouse 2,Tran Thu Ha,8263500.0,False,False,,,,,,2026-08-07
2026-08,714402833211648,2,3300492869,Đến hạn,Normal,"1-20, idle<=90",2025-10-22,2025-11-20 21:01:36,14,12,2026-07-30 22:00:00,1.0,Tran Thi Son,Inhouse 1,Tran Thi Son,Inhouse 1,Diem Quynh Advisor,4240000.0,False,False,,,,,,2026-08-07
2026-08,732052787101954,3,3300545070,Đến hạn,Normal,"1-20, idle<=90",2026-02-27,2026-02-28 11:02:41,17,16,2026-07-31 10:00:00,0.0,Nguyen Thi Thuy Trang,Inhouse 2,Nguyen Thi Hai Yen,Inhouse 2,Tran Thu Ha,4030000.0,False,False,,,,,,2026-08-07
2026-08,711047636564226,1,3300554983,Đến hạn,Normal,"1-20, idle<=90",2025-10-31,2025-11-02 20:43:55,17,15,2026-07-29 19:00:00,2.0,Le Thi Lan Anh,Inhouse 1,Le Thi Lan Anh,Inhouse 1,Ellie Advisor,16960000.0,False,False,,,,,,2026-08-07
2026-08,712591141767428,1,3300633804,Đến hạn,Normal,"1-20, idle<=90",2025-11-07,2025-11-10 11:31:21,7,5,2026-07-29 20:30:00,2.0,Tran Thi Thaoo,Inhouse 1,Kieu Thi Thu Quynh,Inhouse 1,Ms Laura,16848000.0,False,False,,,,,,2026-08-07
2026-08,712591233843458,1,3300640201,Đến hạn,Normal,"1-20, idle<=90",2025-11-07,2025-11-10 11:38:56,5,3,2026-08-01 22:00:00,-1.0,Tran Thi Thaoo,Inhouse 1,Kieu Thi Thu Quynh,Inhouse 1,Ms Laura,16848000.0,False,False,,,,,,2026-08-07
2026-08,734911334902022,2,3300682996,Đến hạn,Normal,"1-20, idle<=90",2026-03-16,2026-03-17 20:09:13,14,13,2026-08-01 16:00:00,-1.0,Le Thi Thuy Trang,Inhouse 1,Le Thi Thuy Trang,Inhouse 1,Ruby Advisor,8450000.0,False,False,,,,,,2026-08-07
2026-08,753856289704194,1,3300743323,Đến hạn,Normal,"1-20, idle<=90",2026-06-30,2026-07-01 16:33:26,16,15,2026-08-01 20:30:00,-1.0,Nguyen Thi Hang Nga,Inhouse 1,Nguyen Thi Hang Nga,Inhouse 1,Diem Quynh Advisor,4940000.0,False,False,,,,,,2026-08-07
2026-08,726794450829576,2,3300800559,Đến hạn,Normal,"1-20, idle<=90",2026-01-29,2026-01-29 18:18:17,7,6,2026-07-29 21:30:00,2.0,Dang Nhat Anh,Inhouse 2,Vu Cam Ly,Inhouse 2,Tran Thu Ha,7950000.0,False,False,,,,,,2026-08-07
2026-08,710280967297284,1,3300844534,Đến hạn,Normal,"1-20, idle<=90",2025-10-27,2025-10-28 11:01:04,14,118,2026-08-01 18:30:00,-1.0,Le Thi Tuyet,Inhouse 1,Le Thi Tuyet,Inhouse 1,Ruby Advisor,17820000.0,True,True,729406243236102,2026-02-13 00:00:00,16820000.0,GMV+REM,107.0,2026-08-07
2026-08,725002129344770,2,3300889786,Đến hạn,Normal,"1-20, idle<=90",2026-01-19,2026-01-19 18:15:34,7,6,2026-08-01 20:30:00,-1.0,Nguyen Phuong Thao,Inhouse 2,Vu Ho Thanh Huong,Inhouse 2,Tran Thu Ha,7950000.0,False,False,,,,,,2026-08-07
2026-08,716348561561856,1,3300890213,Đến hạn,Frozen,"1-20, idle<=90",2025-11-30,2025-12-03 17:40:50,18,18,2026-05-18 20:30:00,74.0,Bui Thi Thai Duong,Inhouse 1,Bui Thi Thai Duong,Inhouse 1,Thao Chi Advisor,9580000.0,False,False,,,,,,2026-08-07
2026-08,710464297974018,1,3300999000,Đến hạn,Frozen,"1-20, idle<=90",2025-10-29,2025-10-30 20:46:16,12,12,2026-07-11 20:30:00,20.0,Nguyen Nhung Nhu Ngoc,Ho Chi Minh,Nguyen Minh Phat,Ho Chi Minh,Dao Thi Hoang Yen,8215000.0,False,False,,,,,,2026-08-07
2026-08,742671557943560,2,3301052235,Đến hạn,Normal,"1-20, idle<=90",2026-04-28,2026-04-30 00:25:29,10,8,2026-07-31 22:30:00,0.0,Nguyen Phuong Thao,Inhouse 2,Vu Thi Khanh Huyen,Inhouse 2,Tran Thu Ha,4160000.0,False,False,,,,,,2026-08-07
2026-08,712256936411394,1,3301086366,Đến hạn,Normal,"1-20, idle<=90",2025-11-08,2025-11-08 14:25:02,16,14,2026-08-01 21:00:00,-1.0,Le Thi Thuy Van,Inhouse 2,Le Thi Thuy Van,Inhouse 2,Tran Thu Ha,16960000.0,False,False,,,,,,2026-08-07
2026-08,711714669207810,1,3301132819,Đến hạn,Normal,"1-20, idle<=90",2025-11-04,2025-11-05 12:44:15,14,12,2026-08-01 18:00:00,-1.0,Le Thuy Nhung,Inhouse 1,Le Thuy Nhung,Inhouse 1,Ellie Advisor,18820000.0,False,False,,,,,,2026-08-07
2026-08,753463353016582,1,3301419363,Đến hạn,Normal,"1-20, idle<=90",2026-06-29,2026-06-29 12:48:43,14,12,2026-07-27 21:30:00,4.0,Mai Thi Lien,Inhouse 2,Mai Thi Lien,Inhouse 2,Ms Jenny Advisor,4550000.0,False,False,,,,,,2026-08-07
2026-08,732095279675656,2,3301476250,Đến hạn,Normal,"1-20, idle<=90",2026-02-28,2026-02-28 17:33:24,13,13,2026-07-25 12:00:00,6.0,Bui Thi Thai Duong,Inhouse 1,Bui Thi Thai Duong,Inhouse 1,Ellie Advisor,8880000.0,False,False,,,,,,2026-08-07
2026-08,732834950887686,1,3301484627,Đến hạn,Normal,"1-20, idle<=90",2025-12-18,2026-03-05 19:55:42,17,16,2026-07-29 21:30:00,2.0,Vu Ho Thanh Huong,Inhouse 2,Vu Ho Thanh Huong,Inhouse 2,Tran Thu Ha,8900000.0,False,False,,,,,,2026-08-07
2026-08,731220676002056,2,3301502092,Đến hạn,Normal,"1-20, idle<=90",2026-02-23,2026-02-25 12:43:10,19,18,2026-07-31 22:00:00,0.0,Le Thi Lan Anh,Inhouse 1,Le Thi Lan Anh,Inhouse 1,Ruby Advisor,8380000.0,False,False,,,,,,2026-08-07
2026-08,728717866176770,1,3301533457,Đến hạn,Normal,"1-20, idle<=90",2026-02-09,2026-02-09 15:12:30,20,18,2026-07-28 20:00:00,3.0,Le Thi Thuy Trang,Inhouse 1,Le Thi Thuy Trang,Inhouse 1,Diem Quynh Advisor,10080000.0,False,False,,,,,,2026-08-07
2026-08,713868962367748,1,3301601128,Đến hạn,Frozen,"1-20, idle<=90",2025-11-17,2025-11-17 18:34:44,15,15,2026-06-27 16:30:00,34.0,Kieu Thi Thu Quynh,Inhouse 1,Kieu Thi Thu Quynh,Inhouse 1,Ms Laura,18820000.0,False,False,,,,,,2026-08-07
2026-08,734928833810690,2,3301645504,Đến hạn,Normal,"1-20, idle<=90",2026-01-31,2026-03-18 16:24:57,19,18,2026-07-31 17:00:00,0.0,Nguyen Nhu Ngoc,Inhouse 1,Nguyen Nhu Ngoc,Inhouse 1,Ms Laura,7950000.0,False,False,,,,,,2026-08-07
2026-08,734230313212168,2,3301697472,Đến hạn,Normal,"1-20, idle<=90",2026-01-30,2026-03-12 18:41:53,17,15,2026-07-30 21:30:00,1.0,Bui Lam Linh,Inhouse 1,Bui Lam Linh,Inhouse 1,Thao Chi Advisor,8700000.0,False,False,,,,,,2026-08-07
2026-08,722498528915716,1,3301787870,Đến hạn,Normal,"1-20, idle<=90",2025-11-22,2026-01-05 17:59:05,10,8,2026-07-30 22:30:00,1.0,Le To Hai My,Inhouse 1,Le To Hai My,Inhouse 1,Le To Hai My,8700000.0,False,False,,,,,,2026-08-07
2026-08,713819574171904,1,3301788983,Đến hạn,Normal,"1-20, idle<=90",,2025-11-18 11:21:07,18,17,2026-07-31 20:00:00,0.0,Nguyen Nhat Vy,Inhouse 1,Nguyen Thi Thao Ngoc,Inhouse 1,Ellie Advisor,17820000.0,False,False,,,,,,2026-08-07
2026-08,749075175248130,2,3301789092,Đến hạn,Normal,"1-20, idle<=90",2026-05-13,2026-06-04 20:40:17,11,9,2026-07-30 15:00:00,1.0,Ho Thi Thanh,Inhouse 1,Ho Thi Thanh,Inhouse 1,Diem Quynh Advisor,4790000.0,False,False,,,,,,2026-08-07
2026-08,733637724111106,2,3301789716,Đến hạn,Normal,"1-20, idle<=90",2026-03-08,2026-03-09 11:06:19,20,19,2026-08-01 19:30:00,-1.0,Le Thi Tuyet,Inhouse 1,Le Thi Tuyet,Inhouse 1,Ruby Advisor,8650000.0,False,False,,,,,,2026-08-07
2026-08,729408723921160,2,3301796747,Đến hạn,Normal,"1-20, idle<=90",2026-02-12,2026-02-13 13:07:56,17,16,2026-07-30 22:30:00,1.0,Pham Thi Tam Thuy,Inhouse 1,Le Thi Lan Anh,Inhouse 1,Thao Chi Advisor,8880000.0,False,False,,,,,,2026-08-07
2026-08,714351789748482,1,3301802778,Đến hạn,Normal,"1-20, idle<=90",2025-11-19,2025-11-20 14:59:56,10,10,2026-08-01 15:00:00,-1.0,Tran Thi Thaoo,Inhouse 1,Bui Thi Thai Duong,Inhouse 1,Ms Laura,10080000.0,False,False,,,,,,2026-08-07
2026-08,727128771672322,2,3301847092,Đến hạn,Normal,"1-20, idle<=90",2026-01-31,2026-02-02 13:57:58,13,13,2026-07-31 21:00:00,0.0,Le Kim Chi,Inhouse 1,Le Kim Chi,Inhouse 1,Ellie Advisor,7950000.0,False,False,,,,,,2026-08-07
2026-08,735285768155400,1,3301887417,Đến hạn,Normal,"1-20, idle<=90",2026-03-18,2026-03-21 06:43:20,18,18,2026-08-01 08:00:00,-1.0,Nguyen Nhat Vy,Inhouse 1,Nguyen Thi Thao Ngoc,Inhouse 1,Ms Jenny Advisor,9580000.0,False,False,,,,,,2026-08-07
2026-08,716829968304384,1,3301976076,Đến hạn,Normal,"1-20, idle<=90",2025-11-21,2025-12-04 18:37:48,11,9,2026-07-31 16:30:00,0.0,Le Thi Lan Anh,Inhouse 1,Le Thi Lan Anh,Inhouse 1,Ellie Advisor,16820000.0,False,False,,,,,,2026-08-07
2026-08,714393478029568,1,3301977673,Đến hạn,Normal,"1-20, idle<=90",2025-11-20,2025-11-20 17:48:36,9,8,2026-07-31 23:30:00,0.0,Nguyen Thi Hang Nga,Inhouse 1,Nguyen Thi Hang Nga,Inhouse 1,Ms Laura,9580000.0,True,True,TMP_3301977673_20260624,2026-06-24 00:00:00,8800000.0,GMV,215.0,2026-08-07
2026-08,716887924324610,1,3302123357,Đến hạn,Normal,"1-20, idle<=90",2025-11-29,2025-12-05 15:12:00,9,9,2026-08-01 21:00:00,-1.0,Le Thi Lan Anh,Inhouse 1,Le Thi Lan Anh,Inhouse 1,Ruby Advisor,9080000.0,False,False,,,,,,2026-08-07
2026-08,718084585642242,1,3302184296,Đến hạn,Normal,"1-20, idle<=90",2025-11-27,2025-12-11 21:26:02,1,0,2026-08-01 20:30:00,-1.0,Pham Thi Thao,Inhouse 1,Pham Thi Thao,Inhouse 1,Thao Chi Advisor,17820000.0,False,False,,,,,,2026-08-07
2026-08,717049916229890,1,3302333576,Đến hạn,Normal,"1-20, idle<=90",2025-11-29,2025-12-08 23:17:26,7,6,2026-07-30 20:30:00,1.0,Le Thi Lan Anh,Inhouse 1,Le Thi Lan Anh,Inhouse 1,Ruby Advisor,9080000.0,False,False,,,,,,2026-08-07
2026-08,747663095349510,1,3302383080,Đến hạn,Normal,"1-20, idle<=90",2026-05-27,2026-05-31 12:28:15,7,7,2026-07-30 21:30:00,1.0,Nguyen Cam Tu,Inhouse 1,Nguyen Cam Tu,Inhouse 1,Ms Laura,4420000.0,False,False,,,,,,2026-08-07
2026-08,736362554216706,1,3302420026,Đến hạn,Normal,"1-20, idle<=90",2026-03-17,2026-03-24 19:50:23,14,13,2026-07-31 20:30:00,0.0,Mai Thi Lien,Inhouse 2,Mai Thi Lien,Inhouse 2,Tran Thu Ha,9013800.0,False,False,,,,,,2026-08-07
2026-08,715983822268676,1,3302459052,Đến hạn,Normal,"1-20, idle<=90",2025-11-29,2025-11-29 15:42:21,7,6,2026-07-31 19:00:00,0.0,Le Thi Thuy Trang,Inhouse 1,Le Thi Thuy Trang,Inhouse 1,Ruby Advisor,9080000.0,False,False,,,,,,2026-08-07
2026-08,725360401436936,1,3302524916,Đến hạn,Normal,"1-20, idle<=90",2025-12-26,2026-01-21 18:52:03,17,17,2026-08-01 22:00:00,-1.0,Nguyen Minh Phat,Ho Chi Minh,Nguyen Minh Phat,Ho Chi Minh,Dao Thi Hoang Yen,8694300.0,False,False,,,,,,2026-08-07
2026-08,742711687053576,3,3302571442,Đến hạn,Normal,"1-20, idle<=90",2026-04-29,2026-04-29 18:56:12,18,18,2026-08-01 21:30:00,-1.0,Nguyen Minh Phat,Ho Chi Minh,Nguyen Minh Phat,Ho Chi Minh,Dao Thi Hoang Yen,4160000.0,False,False,,,,,,2026-08-07
2026-08,752394273038594,2,3302575244,Đến hạn,Normal,"1-20, idle<=90",2026-06-23,2026-06-23 17:14:10,18,16,2026-07-29 20:30:00,2.0,Nguyen Kieu Trang,Inhouse 1,Nguyen Kieu Trang,Inhouse 1,Ms Laura,4420000.0,False,False,,,,,,2026-08-07
2026-08,717552053645568,1,3302575548,Đến hạn,Normal,"1-20, idle<=90",2025-12-05,2025-12-08 21:10:35,7,6,2026-08-01 20:30:00,-1.0,Nguyen Thi Thao Ngoc,Inhouse 1,Nguyen Thi Thao Ngoc,Inhouse 1,Thao Chi Advisor,8853000.0,False,False,,,,,,2026-08-07
2026-08,717050211330304,1,3302615737,Đến hạn,Normal,"1-20, idle<=90",2025-12-05,2025-12-05 17:51:01,15,14,2026-08-01 10:00:00,-1.0,Vu Thi Tuyet Trinh,Inhouse 1,Vu Thi Tuyet Trinh,Inhouse 1,Ruby Advisor,18820000.0,False,False,,,,,,2026-08-07
2026-08,740050267773190,2,3302652600,Đến hạn,Normal,"1-20, idle<=90",2026-04-04,2026-04-14 21:52:15,6,4,2026-07-30 21:30:00,1.0,Nguyen Phuong Thao,Inhouse 2,Vu Thi Khanh Huyen,Inhouse 2,Tran Thu Ha,4300000.0,False,False,,,,,,2026-08-07
2026-08,732261825921288,1,3302672027,Đến hạn,Normal,"1-20, idle<=90",2026-01-28,2026-03-03 21:17:50,16,16,2026-07-31 21:30:00,0.0,Lai Ngoc Thuy Linh,Ho Chi Minh,Lai Ngoc Thuy Linh,Ho Chi Minh,Dao Thi Hoang Yen,8580000.0,False,False,,,,,,2026-08-07
2026-08,751388689623298,1,3302691840,Đến hạn,Normal,"1-20, idle<=90",2026-06-17,2026-06-20 12:01:18,10,9,2026-07-29 11:00:00,2.0,Kieu Thi Thu Quynh,Inhouse 1,Kieu Thi Thu Quynh,Inhouse 1,Ms Jenny Advisor,4420000.0,False,False,,,,,,2026-08-07
2026-08,733025808283912,1,3302692867,Đến hạn,Normal,"1-20, idle<=90",2026-03-05,2026-03-06 18:05:37,14,13,2026-08-01 10:00:00,-1.0,Nguyen Thuy Trang,Inhouse 1,Nguyen Thuy Trang,Inhouse 1,Ms Laura,8880000.0,False,False,,,,,,2026-08-07
2026-08,724652447236354,1,3302693177,Đến hạn,Normal,"1-20, idle<=90",2026-01-17,2026-01-19 21:29:31,6,4,2026-07-30 20:00:00,1.0,Nguyen Le Thanh Huyen,Ho Chi Minh,Lai Ngoc Thuy Linh,Ho Chi Minh,Dao Thi Hoang Yen,8904000.0,False,False,,,,,,2026-08-07
2026-08,716893223444736,1,3302702345,Đến hạn,Normal,"1-20, idle<=90",2025-12-04,2025-12-04 19:13:37,20,19,2026-07-31 21:00:00,0.0,Pham Thi Thao,Inhouse 1,Pham Thi Thao,Inhouse 1,Ellie Advisor,20160000.0,False,False,,,,,,2026-08-07
2026-08,717097392505092,1,3302706046,Đến hạn,Normal,"1-20, idle<=90",2025-12-05,2025-12-06 23:27:11,10,10,2026-07-21 21:00:00,10.0,Chang Thi Thanh Binh,Ho Chi Minh,Le To Hai My,Inhouse 1,Dao Thi Hoang Yen,8800000.0,False,False,,,,,,2026-08-07
2026-08,743742793093378,2,3302716458,Đến hạn,Normal,"1-20, idle<=90",2026-04-29,2026-05-05 13:25:30,19,18,2026-07-27 19:30:00,4.0,Le Thi Tuyet,Inhouse 1,Le Thi Tuyet,Inhouse 1,Ruby Advisor,4200000.0,False,False,,,,,,2026-08-07
2026-08,736999072665858,1,3302742657,Đến hạn,Normal,"1-20, idle<=90",2026-03-27,2026-03-30 22:51:17,19,18,2026-07-31 22:00:00,0.0,Vu Thi Tuyet Trinh,Inhouse 1,Vu Thi Tuyet Trinh,Inhouse 1,Thao Chi Advisor,8480000.0,False,False,,,,,,2026-08-07
2026-08,756121183811848,1,3302764183,Đến hạn,Normal,"1-20, idle<=90",2026-07-13,2026-07-15 20:45:46,20,18,2026-07-30 21:00:00,1.0,Vu Thu Thuy,Other,Vu Thu Thuy,Other,Ms Laura,4420000.0,False,False,,,,,,2026-08-07
2026-08,731926157807880,2,3302806567,Đến hạn,Normal,"1-20, idle<=90",2026-02-27,2026-02-27 18:07:15,14,12,2026-07-30 20:00:00,1.0,Nguyen Nhu Ngoc,Inhouse 1,Nguyen Nhu Ngoc,Inhouse 1,Ruby Advisor,7950000.0,False,False,,,,,,2026-08-07
2026-08,741667437435142,2,3302807341,Đến hạn,Normal,"1-20, idle<=90",2026-04-23,2026-04-23 19:28:47,11,10,2026-07-31 21:30:00,0.0,Bui Thi Thai Duong,Inhouse 1,Bui Thi Thai Duong,Inhouse 1,Ms Laura,4160000.0,False,False,,,,,,2026-08-07
2026-08,733644507592968,2,3302834970,Đến hạn,Normal,"1-20, idle<=90",2026-02-06,2026-03-09 11:06:54,16,14,2026-07-30 21:30:00,1.0,Vu Cam Ly,Inhouse 2,Vu Cam Ly,Inhouse 2,Tran Thu Ha,8215000.0,False,False,,,,,,2026-08-07
2026-08,733132442384642,1,3302856226,Đến hạn,Normal,"1-20, idle<=90",2026-03-06,2026-03-06 21:19:24,14,12,2026-07-29 17:00:00,2.0,Lai Ngoc Thuy Linh,Ho Chi Minh,Lai Ngoc Thuy Linh,Ho Chi Minh,Dao Thi Hoang Yen,9775000.0,False,False,,,,,,2026-08-07
2026-08,723939718816002,1,3302863491,Đến hạn,Normal,"1-20, idle<=90",2025-12-24,2026-01-13 14:55:18,12,10,2026-07-29 18:30:00,2.0,Bui Thi Thai Duong,Inhouse 1,Bui Thi Thai Duong,Inhouse 1,Ruby Advisor,9580000.0,False,False,,,,,,2026-08-07
2026-08,732460515320072,1,3302899072,Đến hạn,Normal,"1-20, idle<=90",2026-01-24,2026-03-03 12:40:36,17,16,2026-07-31 22:00:00,0.0,Le Kim Chi,Inhouse 1,Le Kim Chi,Inhouse 1,Diem Quynh Advisor,8500000.0,False,False,,,,,,2026-08-07
2026-08,740552404971778,2,3302949005,Đến hạn,Normal,"1-20, idle<=90",2026-04-17,2026-04-17 12:24:49,11,10,2026-07-30 20:30:00,1.0,Pham Thi Tam Thuy,Inhouse 1,Le Thi Lan Anh,Inhouse 1,Diem Quynh Advisor,4320000.0,False,False,,,,,,2026-08-07
2026-08,737054861996294,1,3302955406,Đến hạn,Normal,"1-20, idle<=90",2026-03-28,2026-03-28 18:02:58,19,19,2026-07-27 17:00:00,4.0,Pham Thi Tam Thuy,Inhouse 1,Le Thi Lan Anh,Inhouse 1,Ruby Advisor,10080000.0,False,False,,,,,,2026-08-07
2026-08,746052092358920,2,3303002468,Đến hạn,Normal,"1-20, idle<=90",2026-01-21,2026-05-19 12:42:50,7,5,2026-07-30 10:00:00,1.0,Nguyen Minh Phat,Ho Chi Minh,Nguyen Minh Phat,Ho Chi Minh,Dao Thi Hoang Yen,4200000.0,False,False,,,,,,2026-08-07
2026-08,736310216055048,1,3303027355,Đến hạn,Normal,"1-20, idle<=90",2026-03-23,2026-03-24 15:54:44,16,14,2026-07-30 20:30:00,1.0,Nguyen Linh Chi,Inhouse 1,Ho Thi Thanh,Inhouse 1,Thao Chi Advisor,8853000.0,False,False,,,,,,2026-08-07
2026-08,752966519300358,3,3303074930,Đến hạn,Normal,"1-20, idle<=90",2026-06-26,2026-06-26 18:46:54,16,15,2026-07-31 20:30:00,0.0,Vu Thi Khanh Huyen,Inhouse 2,Vu Thi Khanh Huyen,Inhouse 2,Tran Thu Ha,4290000.0,False,False,,,,,,2026-08-07
2026-08,724286826170628,1,3303139195,Đến hạn,Normal,"1-20, idle<=90",2026-01-06,2026-01-18 21:55:01,11,10,2026-07-31 19:00:00,0.0,Lai Ngoc Thuy Linh,Ho Chi Minh,Lai Ngoc Thuy Linh,Ho Chi Minh,Dao Thi Hoang Yen,8576000.0,False,False,,,,,,2026-08-07
2026-08,738950657440002,1,3303142694,Đến hạn,Normal,"1-20, idle<=90",2026-04-07,2026-04-08 17:06:25,19,19,2026-07-30 20:00:00,1.0,Kieu Lan Anh,Inhouse 2,Kieu Lan Anh,Inhouse 2,Ms Jenny Advisor,8800000.0,False,False,,,,,,2026-08-07
2026-08,728720938643714,2,3303164453,Đến hạn,Normal,"1-20, idle<=90",2026-02-06,2026-02-09 15:50:14,17,16,2026-07-31 19:30:00,0.0,Le Kim Chi,Inhouse 1,Le Kim Chi,Inhouse 1,Thao Chi Advisor,8541000.0,False,False,,,,,,2026-08-07
2026-08,719304170160388,1,3303217707,Đến hạn,Normal,"1-20, idle<=90",2025-12-18,2025-12-20 16:22:46,20,19,2026-08-01 22:00:00,-1.0,Le Thuy Nhung,Inhouse 1,Le Thuy Nhung,Inhouse 1,Thao Chi Advisor,18820000.0,False,False,,,,,,2026-08-07
2026-08,731340094789894,1,3303237530,Đến hạn,Normal,"1-20, idle<=90",2026-02-24,2026-02-24 17:21:43,7,5,2026-07-29 20:00:00,2.0,Le Thi Lan Anh,Inhouse 1,Le Thi Lan Anh,Inhouse 1,Diem Quynh Advisor,8780000.0,False,False,,,,,,2026-08-07
2026-08,724318595436802,1,3303243381,Đến hạn,Normal,"1-20, idle<=90",2025-12-17,2026-01-21 21:08:50,8,8,2026-08-01 20:00:00,-1.0,Nguyen Kieu Trang,Inhouse 1,Nguyen Kieu Trang,Inhouse 1,Ms Laura,10000000.0,False,False,,,,,,2026-08-07
2026-08,728011693125896,1,3303250407,Đến hạn,Normal,"1-20, idle<=90",2026-02-05,2026-02-05 18:03:33,12,117,2026-07-29 21:00:00,2.0,Vu Cam Ly,Inhouse 2,Vu Cam Ly,Inhouse 2,Tran Thu Ha,8480000.0,True,True,745557961570568,2026-05-15 00:00:00,16450000.0,GMV+REM,98.0,2026-08-07
2026-08,721269366950146,1,3303293496,Đến hạn,Normal,"1-20, idle<=90",2025-12-28,2025-12-30 17:30:34,2,1,2026-07-31 18:00:00,0.0,Nguyen Nhu Ngoc,Inhouse 1,Nguyen Nhu Ngoc,Inhouse 1,Thao Chi Advisor,5040000.0,False,False,,,,,,2026-08-07
2026-08,718950374742274,1,3303300478,Đến hạn,Normal,"1-20, idle<=90",2025-12-15,2025-12-16 21:24:28,10,10,2026-08-01 19:30:00,-1.0,Le To Hai My,Inhouse 1,Le To Hai My,Inhouse 1,Le To Hai My,8750000.0,False,False,,,,,,2026-08-07
2026-08,719304374155524,1,3303339756,Đến hạn,Normal,"1-20, idle<=90",2025-12-17,2025-12-18 11:27:10,17,15,2026-07-29 17:00:00,2.0,Le Thuy Nhung,Inhouse 1,Le Thuy Nhung,Inhouse 1,Ms Laura,18820000.0,False,False,,,,,,2026-08-07
2026-08,749272846975234,1,3303366087,Đến hạn,Normal,"1-20, idle<=90",2026-06-05,2026-06-08 18:51:28,13,11,2026-07-30 20:30:00,1.0,Bui Thi Thai Duong,Inhouse 1,Bui Thi Thai Duong,Inhouse 1,Thao Chi Advisor,4420000.0,False,False,,,,,,2026-08-07
2026-08,719591573766402,1,3303420987,Đến hạn,Normal,"1-20, idle<=90",2025-12-19,2025-12-23 20:23:13,9,8,2026-07-30 21:00:00,1.0,Nguyen Minh Hieu,Ho Chi Minh,Nguyen Minh Phat,Ho Chi Minh,Dao Thi Hoang Yen,9408000.0,False,False,,,,,,2026-08-07
2026-08,731565565677830,2,3303426371,Đến hạn,Normal,"1-20, idle<=90",2026-02-25,2026-02-25 19:51:13,20,18,2026-07-31 20:30:00,0.0,Nguyen Thi Thao Ngoc,Inhouse 1,Nguyen Thi Thao Ngoc,Inhouse 1,Ruby Advisor,8745000.0,False,False,,,,,,2026-08-07
2026-08,753499827669256,1,3303426555,Đến hạn,Normal,"1-20, idle<=90",2026-06-29,2026-06-29 16:14:29,16,16,2026-07-31 18:30:00,0.0,Le Thi Tuyet,Inhouse 1,Le Thi Tuyet,Inhouse 1,Diem Quynh Advisor,4420000.0,False,False,,,,,,2026-08-07
2026-08,722880771688704,1,3303431499,Đến hạn,Normal,"1-20, idle<=90",2026-01-06,2026-01-07 18:24:53,7,7,2026-08-01 09:30:00,-1.0,Nguyen Thuy Trang,Inhouse 1,Nguyen Thuy Trang,Inhouse 1,Ruby Advisor,9380000.0,False,False,,,,,,2026-08-07
2026-08,719670836103428,1,3303431966,Đến hạn,Normal,"1-20, idle<=90",2025-12-20,2025-12-20 15:54:49,17,16,2026-07-31 22:00:00,0.0,Le Thuy Nhung,Inhouse 1,Le Thuy Nhung,Inhouse 1,Ms Laura,10080000.0,True,True,TMP_3303431966_20260720,2026-07-20 00:00:00,16520000.0,GMV,211.0,2026-08-07
2026-08,720402090033412,1,3303469219,Đến hạn,Normal,"1-20, idle<=90",2025-12-23,2025-12-24 15:59:11,8,6,2026-07-30 21:30:00,1.0,Ta Thuy Van,Inhouse 1,Ta Thuy Van,Inhouse 1,Diem Quynh Advisor,9580000.0,False,False,,,,,,2026-08-07
2026-08,720201795350784,1,3303472230,Đến hạn,Normal,"1-20, idle<=90",2025-12-22,2025-12-23 15:19:22,12,9,2026-07-30 11:30:00,1.0,Bui Thi Hong Van,Inhouse 1,Bui Thi Hong Van,Inhouse 1,Ruby Advisor,9280000.0,False,False,,,,,,2026-08-07
2026-08,749033277090056,1,3303488588,Đến hạn,Normal,"1-20, idle<=90",2026-05-20,2026-06-04 10:14:29,12,10,2026-07-28 17:30:00,3.0,Nguyen Thuy Trang,Inhouse 1,Nguyen Thuy Trang,Inhouse 1,Thao Chi Advisor,4420000.0,False,False,,,,,,2026-08-07
2026-08,719712486473984,1,3303567449,Đến hạn,Frozen,"1-20, idle<=90",2025-12-20,2025-12-20 17:23:33,15,15,2026-07-09 19:00:00,22.0,Nguyen Kieu Trang,Inhouse 1,Nguyen Kieu Trang,Inhouse 1,Diem Quynh Advisor,9080000.0,False,False,,,,,,2026-08-07
2026-08,746065692365064,2,3303625189,Đến hạn,Normal,"1-20, idle<=90",2026-05-18,2026-05-19 15:52:00,8,6,2026-07-28 21:30:00,3.0,Nguyen Thuy Trang,Inhouse 1,Nguyen Thuy Trang,Inhouse 1,Diem Quynh Advisor,4290000.0,False,False,,,,,,2026-08-07
2026-08,720373923813634,1,3303660916,Đến hạn,Normal,"1-20, idle<=90",2025-12-23,2025-12-24 12:19:58,12,11,2026-07-31 21:30:00,0.0,Dang Kim Thuong,Inhouse 1,Dang Kim Thuong,Inhouse 1,Diem Quynh Advisor,9410000.0,False,False,,,,,,2026-08-07
2026-08,720023707855108,1,3303680494,Đến hạn,Normal,"1-20, idle<=90",2025-12-21,2025-12-22 22:43:28,14,13,2026-08-01 21:00:00,-1.0,Dao Ngoc Lan Anh,Inhouse 1,Le Thi Tuyet,Inhouse 1,Diem Quynh Advisor,17374500.0,False,False,,,,,,2026-08-07
2026-08,735053779644680,1,3303747828,Đến hạn,Normal,"1-20, idle<=90",2026-03-13,2026-03-21 10:59:37,20,19,2026-07-24 16:00:00,7.0,Dao Ngoc Lan Anh,Inhouse 1,Le Thi Tuyet,Inhouse 1,Thao Chi Advisor,8745000.0,False,False,,,,,,2026-08-07
2026-08,732147874040072,2,3303756138,Đến hạn,Frozen,"1-20, idle<=90",2026-02-28,2026-03-03 21:02:03,20,20,2026-05-26 22:00:00,66.0,Pham Thi Tam Thuy,Inhouse 1,Le Thi Lan Anh,Inhouse 1,Diem Quynh Advisor,4480000.0,False,False,,,,,,2026-08-07
2026-08,736290504567042,2,3303789366,Đến hạn,Normal,"1-20, idle<=90",2026-02-28,2026-03-26 18:12:51,19,17,2026-07-29 20:30:00,2.0,To Thi Ha,Inhouse 2,Nguyen Thi Hai Yen,Inhouse 2,Tran Thu Ha,8780000.0,False,False,,,,,,2026-08-07
2026-08,720723173968130,1,3303850844,Đến hạn,Normal,"1-20, idle<=90",2025-12-25,2025-12-26 12:50:00,5,3,2026-07-30 18:30:00,1.0,Bui Thi Thai Duong,Inhouse 1,Bui Thi Thai Duong,Inhouse 1,Diem Quynh Advisor,4790000.0,False,False,,,,,,2026-08-07
2026-08,721300859265282,1,3303872847,Đến hạn,Normal,"1-20, idle<=90",2025-12-28,2025-12-29 17:26:06,19,17,2026-07-31 21:00:00,0.0,Nguyen Phuong Thuy,Inhouse 1,Nguyen Phuong Thuy,Inhouse 1,Ms Laura,17820000.0,False,False,,,,,,2026-08-07
2026-08,732238455726342,1,3303874292,Đến hạn,Normal,"1-20, idle<=90",2026-01-31,2026-03-04 14:45:43,6,4,2026-07-31 19:30:00,0.0,Nguyen Minh Phat,Ho Chi Minh,Nguyen Minh Phat,Ho Chi Minh,Dao Thi Hoang Yen,8500000.0,False,False,,,,,,2026-08-07
2026-08,720932660949252,1,3303888776,Đến hạn,Normal,"1-20, idle<=90",2025-12-27,2025-12-27 17:07:38,8,113,2026-07-30 22:30:00,1.0,Le Kim Chi,Inhouse 1,Le Kim Chi,Inhouse 1,Ms Laura,10088100.0,True,True,759694006034694,2026-07-31 00:00:00,16820000.0,GMV+REM,215.0,2026-08-07
2026-08,723947070128386,1,3303889345,Đến hạn,Normal,"1-20, idle<=90",2025-12-24,2026-01-13 19:20:07,12,10,2026-07-30 18:30:00,1.0,Bui Thi Thai Duong,Inhouse 1,Bui Thi Thai Duong,Inhouse 1,Ruby Advisor,9580000.0,False,False,,,,,,2026-08-07
2026-08,727132564564226,1,3303889479,Đến hạn,Normal,"1-20, idle<=90",2026-01-31,2026-01-31 18:21:18,13,12,2026-07-29 18:30:00,2.0,Kieu Thi Thu Quynh,Inhouse 1,Kieu Thi Thu Quynh,Inhouse 1,Diem Quynh Advisor,8500000.0,False,False,,,,,,2026-08-07
2026-08,720987297511680,1,3303925994,Đến hạn,Frozen,"1-20, idle<=90",2025-12-27,2025-12-28 12:26:04,19,19,2026-05-31 12:00:00,61.0,To Thi Ha,Inhouse 2,Vu Ho Thanh Huong,Inhouse 2,Tran Thu Ha,8480000.0,False,False,,,,,,2026-08-07
2026-08,750982242984198,1,3303926001,Đến hạn,Normal,"1-20, idle<=90",2026-06-14,2026-06-17 22:30:30,13,12,2026-07-29 20:00:00,2.0,Le Thuy Nhung,Inhouse 1,Le Thuy Nhung,Inhouse 1,Ms Laura,5240000.0,False,False,,,,,,2026-08-07
2026-08,725371389063430,1,3303926521,Đến hạn,Normal,"1-20, idle<=90",2025-12-26,2026-01-22 22:12:39,19,18,2026-08-01 21:30:00,-1.0,Nguyen Thi Thuy Trang,Inhouse 2,Mai Thi Lien,Inhouse 2,Tran Thu Ha,8745000.0,False,False,,,,,,2026-08-07
2026-08,723406236844288,1,3303964903,Đến hạn,Frozen,"1-20, idle<=90",2025-12-30,2026-01-10 18:28:58,19,19,2026-06-13 10:30:00,48.0,Dao Ngoc Lan Anh,Inhouse 1,Le Thi Tuyet,Inhouse 1,Diem Quynh Advisor,10080000.0,False,False,,,,,,2026-08-07
2026-08,724475968141572,1,3304024156,Đến hạn,Normal,"1-20, idle<=90",2026-01-15,2026-01-16 22:08:36,10,10,2026-08-01 21:30:00,-1.0,Bui Lam Linh,Inhouse 1,Bui Lam Linh,Inhouse 1,Ellie Advisor,8916500.0,False,False,,,,,,2026-08-07
2026-08,756163169507592,1,3304034205,Đến hạn,Normal,"1-20, idle<=90",2026-07-14,2026-07-14 17:25:51,19,18,2026-08-01 10:30:00,-1.0,Vu Thu Thuy,Other,Vu Thu Thuy,Other,Ms Laura,4420000.0,False,False,,,,,,2026-08-07
2026-08,736687656018184,1,3304065957,Đến hạn,Normal,"1-20, idle<=90",2026-03-26,2026-03-26 15:57:56,17,16,2026-07-29 18:00:00,2.0,Luu Thi Hoang Ngan,Inhouse 1,Luu Thi Hoang Ngan,Inhouse 1,Diem Quynh Advisor,10080000.0,False,False,,,,,,2026-08-07
2026-08,724346844926210,1,3304066767,Đến hạn,Normal,"1-20, idle<=90",2025-12-29,2026-01-16 09:49:21,10,9,2026-07-31 21:00:00,0.0,Bui Thi Hong Van,Inhouse 1,Bui Thi Hong Van,Inhouse 1,Ruby Advisor,9280000.0,True,True,TMP_3304066767_20260724,2026-07-24 00:00:00,16820000.0,GMV,188.0,2026-08-07
2026-08,743593220786440,2,3304075088,Đến hạn,Normal,"1-20, idle<=90",2026-04-30,2026-05-04 18:02:29,17,15,2026-07-29 21:30:00,2.0,Bui Lam Linh,Inhouse 1,Bui Lam Linh,Inhouse 1,Ellie Advisor,7950000.0,False,False,,,,,,2026-08-07
2026-08,752255106691336,1,3304096325,Đến hạn,Normal,"1-20, idle<=90",2026-06-20,2026-06-23 15:30:42,18,17,2026-07-31 15:30:00,0.0,Nguyen Phuong Thuy,Inhouse 1,Nguyen Phuong Thuy,Inhouse 1,Diem Quynh Advisor,5616000.0,False,False,,,,,,2026-08-07
2026-08,722673470167298,1,3304099144,Đến hạn,Normal,"1-20, idle<=90",2026-01-05,2026-01-06 11:50:42,13,13,2026-07-31 21:00:00,0.0,Nguyen Phuong Thao,Inhouse 2,Mai Thi Lien,Inhouse 2,Tran Thu Ha,8850000.0,False,False,,,,,,2026-08-07
2026-08,722553523902722,1,3304117442,Đến hạn,Normal,"1-20, idle<=90",2025-12-30,2026-01-05 21:22:08,5,4,2026-08-01 17:30:00,-1.0,Bui Thi Thai Duong,Inhouse 1,Bui Thi Thai Duong,Inhouse 1,Ms Laura,8745000.0,False,False,,,,,,2026-08-07
2026-08,752444116252936,1,3304124131,Đến hạn,Normal,"1-20, idle<=90",2026-06-20,2026-06-24 12:30:19,13,12,2026-07-31 18:30:00,0.0,Nguyen Phuong Thuy,Inhouse 1,Nguyen Phuong Thuy,Inhouse 1,Diem Quynh Advisor,5616000.0,False,False,,,,,,2026-08-07
2026-08,725371680162050,1,3304129221,Đến hạn,Normal,"1-20, idle<=90",2026-01-21,2026-01-21 17:40:12,9,8,2026-07-28 22:30:00,3.0,Ta Thuy Van,Inhouse 1,Ta Thuy Van,Inhouse 1,Diem Quynh Advisor,9580000.0,False,False,,,,,,2026-08-07
2026-08,731564417745160,1,3304138994,Đến hạn,Normal,"1-20, idle<=90",2026-01-09,2026-02-25 18:32:07,9,8,2026-07-29 21:30:00,2.0,Vu Ho Thanh Huong,Inhouse 2,Vu Ho Thanh Huong,Inhouse 2,Tran Thu Ha,8800000.0,False,False,,,,,,2026-08-07
2026-08,739831076382984,2,3304150920,Đến hạn,Normal,"1-20, idle<=90",2026-03-31,2026-04-14 11:36:41,15,15,2026-08-01 11:00:00,-1.0,Bui Lam Linh,Inhouse 1,Bui Lam Linh,Inhouse 1,Diem Quynh Advisor,7950000.0,False,False,,,,,,2026-08-07
2026-08,728689278580994,1,3304220299,Đến hạn,Normal,"1-20, idle<=90",2026-02-09,2026-02-09 17:55:12,8,7,2026-07-31 18:30:00,0.0,Tran Thi Son,Inhouse 1,Tran Thi Son,Inhouse 1,Diem Quynh Advisor,9080000.0,False,False,,,,,,2026-08-07
2026-08,750139951905032,1,3304225303,Đến hạn,Normal,"1-20, idle<=90",2026-06-10,2026-06-10 16:28:04,16,14,2026-07-18 12:00:00,13.0,Do Thi Tuyet Nhung,Inhouse 1,Do Thi Tuyet Nhung,Inhouse 1,Thao Chi Advisor,4790000.0,False,False,,,,,,2026-08-07
2026-08,745193668768006,1,3304226321,Đến hạn,Frozen,"1-20, idle<=90",2026-05-13,2026-05-14 14:56:27,18,18,2026-06-08 21:00:00,53.0,Vu Thi Khanh Huyen,Inhouse 2,Nguyen Thi Hai Yen,Inhouse 2,Ms Jenny Advisor,4550000.0,False,False,,,,,,2026-08-07
2026-08,725166693269768,1,3304237269,Đến hạn,Normal,"1-20, idle<=90",2026-01-10,2026-01-21 21:17:52,7,6,2026-08-01 21:30:00,-1.0,Lai Ngoc Thuy Linh,Ho Chi Minh,Lai Ngoc Thuy Linh,Ho Chi Minh,Dao Thi Hoang Yen,8654100.0,False,False,,,,,,2026-08-07
2026-08,741301367322882,2,3304251400,Đến hạn,Normal,"1-20, idle<=90",2026-04-21,2026-04-21 18:12:17,9,9,2026-08-01 16:30:00,-1.0,Vu Thi Khanh Huyen,Inhouse 2,Vu Thi Khanh Huyen,Inhouse 2,Tran Thu Ha,4160000.0,False,False,,,,,,2026-08-07
2026-08,724624808859906,1,3304330992,Đến hạn,Normal,"1-20, idle<=90",2026-01-16,2026-01-17 13:06:36,15,67,2026-07-30 20:30:00,1.0,Le Thuy Nhung,Inhouse 1,Le Thuy Nhung,Inhouse 1,Thao Chi Advisor,9080000.0,True,True,755453152403720,2026-07-10 00:00:00,8250000.0,GMV+REM,173.0,2026-08-07
2026-08,727093066733826,1,3304367061,Đến hạn,Frozen,"1-20, idle<=90",2026-01-30,2026-01-31 12:31:28,18,14,2026-05-31 21:00:00,61.0,Nguyen Thi Thanh Tam,Inhouse 1,Phan Thi Huong,Inhouse 1,Diem Quynh Advisor,8480000.0,False,False,,,,,,2026-08-07
2026-08,722909699787008,1,3304386405,Đến hạn,Normal,"1-20, idle<=90",2026-01-07,2026-01-08 12:30:52,15,14,2026-07-31 20:30:00,0.0,Nguyen Phuong Thuy,Inhouse 1,Nguyen Phuong Thuy,Inhouse 1,Ruby Advisor,10080000.0,False,False,,,,,,2026-08-07
2026-08,746915666008326,2,3304390612,Đến hạn,Normal,"1-20, idle<=90",2026-02-09,2026-05-25 10:44:16,8,7,2026-07-31 22:00:00,0.0,Le Minh Thanh,Ho Chi Minh,Nina,Inhouse 1,Dao Thi Hoang Yen,4408000.0,False,False,,,,,,2026-08-07
2026-08,737357461979400,1,3304409316,Đến hạn,Normal,"1-20, idle<=90",2026-03-30,2026-03-30 19:51:13,17,15,2026-07-30 20:00:00,1.0,Le Minh Thanh,Ho Chi Minh,Bui Thi Thai Duong,Inhouse 1,Dao Thi Hoang Yen,8500000.0,False,False,,,,,,2026-08-07
2026-08,724488197189890,1,3304443879,Đến hạn,Normal,"1-20, idle<=90",2026-01-16,2026-01-16 17:05:48,9,8,2026-07-31 19:30:00,0.0,Kieu Thi Thu Quynh,Inhouse 1,Hoang Thi Hong Tham,Offline Team HaNoi,Tran Thu Ha,8500000.0,False,False,,,,,,2026-08-07
2026-08,749789371465990,1,3304461737,Đến hạn,Normal,"1-20, idle<=90",2026-06-08,2026-06-11 00:59:48,14,13,2026-07-31 19:30:00,0.0,Nguyen Thi Hang Nga,Inhouse 1,Nguyen Thi Hang Nga,Inhouse 1,Dao Thi Hoang Yen,4600000.0,False,False,,,,,,2026-08-07
2026-08,731089397596418,1,3304469319,Đến hạn,Normal,"1-20, idle<=90",2026-02-23,2026-02-24 21:12:16,8,6,2026-07-30 21:30:00,1.0,Nguyen Minh Phat,Ho Chi Minh,Nguyen Minh Phat,Ho Chi Minh,Dao Thi Hoang Yen,9000000.0,True,True,TMP_3304469319_20260727,2026-07-27 00:00:00,8500000.0,GMV,152.0,2026-08-07
2026-08,748868313063686,1,3304484669,Đến hạn,Normal,"1-20, idle<=90",2026-01-15,2026-06-09 20:03:45,11,10,2026-07-30 20:30:00,1.0,Mai Thi Lien,Inhouse 2,Mai Thi Lien,Inhouse 2,Tran Thu Ha,4525000.0,False,False,,,,,,2026-08-07
2026-08,724707117945092,1,3304500405,Đến hạn,Normal,"1-20, idle<=90",2026-01-17,2026-01-21 16:36:43,9,8,2026-07-30 21:30:00,1.0,Lai Ngoc Thuy Linh,Ho Chi Minh,Lai Ngoc Thuy Linh,Ho Chi Minh,Dao Thi Hoang Yen,8745000.0,False,False,,,,,,2026-08-07
2026-08,725153516882180,1,3304508621,Đến hạn,Normal,"1-20, idle<=90",2026-01-19,2026-01-20 20:40:08,13,12,2026-07-31 18:00:00,0.0,Nguyen Nhu Ngoc,Inhouse 1,Nguyen Nhu Ngoc,Inhouse 1,Diem Quynh Advisor,9080000.0,False,False,,,,,,2026-08-07
2026-08,733637361213698,1,3304619407,Đến hạn,Normal,"1-20, idle<=90",2026-03-06,2026-03-09 16:34:47,13,12,2026-07-31 21:30:00,0.0,Nguyen Kieu Trang,Inhouse 1,Nguyen Kieu Trang,Inhouse 1,Ellie Advisor,9416500.0,False,False,,,,,,2026-08-07
2026-08,746944503030018,1,3304639130,Đến hạn,Normal,"1-20, idle<=90",2026-05-23,2026-05-23 17:48:31,7,6,2026-07-31 16:30:00,0.0,Pham Thi Tam Thuy,Inhouse 1,Le Thi Lan Anh,Inhouse 1,Diem Quynh Advisor,12875000.0,False,False,,,,,,2026-08-07
2026-08,733306411895048,1,3304670101,Đến hạn,Normal,"1-20, idle<=90",2026-03-07,2026-03-07 13:33:23,12,10,2026-07-30 21:00:00,1.0,Nguyen Linh Chi,Inhouse 1,Ho Thi Thanh,Inhouse 1,Ms Laura,8750000.0,False,False,,,,,,2026-08-07
2026-08,726789510820102,1,3304689298,Đến hạn,Normal,"1-20, idle<=90",2026-01-27,2026-01-29 17:29:06,15,15,2026-08-01 22:00:00,-1.0,Bui Thi Thai Duong,Inhouse 1,Bui Thi Thai Duong,Inhouse 1,Ellie Advisor,9080000.0,False,False,,,,,,2026-08-07
2026-08,746597300662534,2,3304689881,Đến hạn,Normal,"1-20, idle<=90",2026-05-21,2026-05-22 19:09:22,12,10,2026-07-30 22:00:00,1.0,Bui Lam Linh,Inhouse 1,Bui Lam Linh,Inhouse 1,Thao Chi Advisor,4300000.0,False,False,,,,,,2026-08-07
2026-08,724281164509444,1,3304693972,Đến hạn,Normal,"1-20, idle<=90",2026-01-15,2026-01-19 19:55:11,17,16,2026-08-01 21:00:00,-1.0,Le Thi Lan Anh,Inhouse 1,Le Thi Lan Anh,Inhouse 1,Ruby Advisor,9580000.0,False,False,,,,,,2026-08-07
2026-08,724444031693060,1,3304701534,Đến hạn,Normal,"1-20, idle<=90",2026-01-14,2026-01-16 14:51:07,6,4,2026-07-30 19:30:00,1.0,Dang Kim Thuong,Inhouse 1,Dang Kim Thuong,Inhouse 1,Ms Laura,9340500.0,False,False,,,,,,2026-08-07
2026-08,726975436693762,1,3304767623,Đến hạn,Normal,"1-20, idle<=90",2026-01-30,2026-02-03 19:19:16,6,4,2026-07-30 10:30:00,1.0,Nguyen Minh Phat,Ho Chi Minh,Nguyen Minh Phat,Ho Chi Minh,Dao Thi Hoang Yen,8500000.0,False,False,,,,,,2026-08-07
2026-08,748209556879618,2,3304787460,Đến hạn,Normal,"1-20, idle<=90",2026-05-30,2026-06-04 21:15:55,11,11,2026-07-29 11:30:00,2.0,Nguyen Thi Thao Ngoc,Inhouse 1,Nguyen Thi Thao Ngoc,Inhouse 1,Diem Quynh Advisor,4550000.0,False,False,,,,,,2026-08-07
2026-08,725153653541124,1,3304813432,Đến hạn,Normal,"1-20, idle<=90",2026-01-19,2026-01-21 22:28:01,16,16,2026-08-01 10:00:00,-1.0,Bui Thi Thai Duong,Inhouse 1,Bui Thi Thai Duong,Inhouse 1,Thao Chi Advisor,9080000.0,False,False,,,,,,2026-08-07
2026-08,724982160163076,1,3304837990,Đến hạn,Normal,"1-20, idle<=90",2026-01-17,2026-01-19 15:50:20,15,14,2026-08-01 21:00:00,-1.0,Ta Thuy Van,Inhouse 1,Ta Thuy Van,Inhouse 1,Ms Laura,9580000.0,False,False,,,,,,2026-08-07
2026-08,725012788613380,1,3304838060,Đến hạn,Normal,"1-20, idle<=90",2026-01-17,2026-01-19 20:58:22,12,11,2026-08-01 18:00:00,-1.0,Ta Thuy Van,Inhouse 1,Ta Thuy Van,Inhouse 1,Ms Laura,9580000.0,False,False,,,,,,2026-08-07
2026-08,731181090863362,1,3304894571,Đến hạn,Normal,"1-20, idle<=90",2026-01-19,2026-02-23 12:51:39,12,12,2026-08-01 10:30:00,-1.0,Le Hung Cuong,Inhouse 2,Mai Thi Lien,Inhouse 2,Tran Thu Ha,9010000.0,False,False,,,,,,2026-08-07
2026-08,728377709089026,1,3304947743,Đến hạn,Normal,"1-20, idle<=90",2026-02-05,2026-02-07 18:00:19,10,8,2026-07-29 21:00:00,2.0,Bui Lam Linh,Inhouse 1,Bui Lam Linh,Inhouse 1,Ellie Advisor,8853000.0,False,False,,,,,,2026-08-07
2026-08,746594200045830,1,3304951795,Đến hạn,Normal,"1-20, idle<=90",2026-05-21,2026-05-22 17:30:34,6,4,2026-07-30 10:00:00,1.0,Ho Thi Thanh,Inhouse 1,Ho Thi Thanh,Inhouse 1,Diem Quynh Advisor,4550000.0,False,False,,,,,,2026-08-07
2026-08,724625745033472,1,3304971336,Đến hạn,Normal,"1-20, idle<=90",2026-01-16,2026-01-17 11:42:56,5,3,2026-07-28 20:30:00,3.0,Pham Thi Thao,Inhouse 1,Pham Thi Thao,Inhouse 1,Ms Laura,9580000.0,False,False,,,,,,2026-08-07
2026-08,724987017310464,1,3305022340,Đến hạn,Frozen,"1-20, idle<=90",2026-01-17,2026-01-19 19:05:38,19,19,2026-05-25 21:00:00,67.0,Tran Thi Son,Inhouse 1,Tran Thi Son,Inhouse 1,Diem Quynh Advisor,8580000.0,False,False,,,,,,2026-08-07
2026-08,732758838280454,1,3305088868,Đến hạn,Normal,"1-20, idle<=90",2026-01-25,2026-03-04 19:01:46,18,16,2026-08-01 21:30:00,-1.0,Le Minh Thanh,Ho Chi Minh,Nguyen Nhu Ngoc,Inhouse 1,Dao Thi Hoang Yen,9010000.0,False,False,,,,,,2026-08-07
2026-08,748164703553800,2,3305095020,Đến hạn,Normal,"1-20, idle<=90",2026-05-29,2026-05-30 13:40:27,12,12,2026-07-26 22:00:00,5.0,Le Kim Chi,Inhouse 1,Le Kim Chi,Inhouse 1,Thao Chi Advisor,4740000.0,False,False,,,,,,2026-08-07
2026-08,726390842550534,1,3305096518,Đến hạn,Normal,"1-20, idle<=90",2026-01-26,2026-01-28 15:55:07,7,6,2026-07-31 21:30:00,0.0,Vu Thi Tuyet Trinh,Inhouse 1,Vu Thi Tuyet Trinh,Inhouse 1,Diem Quynh Advisor,9080000.0,False,False,,,,,,2026-08-07
2026-08,725199971574024,1,3305100044,Đến hạn,Normal,"1-20, idle<=90",2026-01-20,2026-01-22 21:49:11,11,11,2026-07-29 20:30:00,2.0,Tran Thi Anh Tuyet,Offline Team HaNoi,Hoang Thi Hong Tham,Offline Team HaNoi,Tran Thu Ha,9300000.0,False,False,,,,,,2026-08-07
2026-08,726389512950022,1,3305105319,Đến hạn,Normal,"1-20, idle<=90",2026-01-27,2026-01-28 05:00:44,16,15,2026-07-31 22:00:00,0.0,Vu Thi Tuyet Trinh,Inhouse 1,Vu Thi Tuyet Trinh,Inhouse 1,Ms Laura,9280000.0,False,False,,,,,,2026-08-07
2026-08,725680928526600,1,3305106440,Đến hạn,Normal,"1-20, idle<=90",2026-01-23,2026-01-26 13:48:43,14,13,2026-07-28 22:00:00,3.0,Mai Thi Lien,Inhouse 2,Mai Thi Lien,Inhouse 2,Tran Thu Ha,9080000.0,False,False,,,,,,2026-08-07
2026-08,733993325945094,1,3305116711,Đến hạn,Normal,"1-20, idle<=90",2026-03-10,2026-03-12 21:50:58,12,11,2026-07-29 21:00:00,2.0,Nguyen Nhat Vy,Inhouse 1,Nguyen Thuy Trang,Inhouse 1,Diem Quynh Advisor,9080000.0,False,False,,,,,,2026-08-07
2026-08,731731971877126,1,3305126120,Đến hạn,Normal,"1-20, idle<=90",2026-01-28,2026-02-28 18:57:52,13,12,2026-07-31 20:30:00,0.0,Le Thi Thuy Van,Inhouse 2,Le Thi Thuy Van,Inhouse 2,Tran Thu Ha,8480000.0,False,False,,,,,,2026-08-07
2026-08,725153070125316,1,3305186427,Đến hạn,Normal,"1-20, idle<=90",2026-01-19,2026-01-22 21:09:53,7,7,2026-07-28 22:30:00,3.0,Dang Kim Thuong,Inhouse 1,Dang Kim Thuong,Inhouse 1,Ruby Advisor,10080000.0,False,False,,,,,,2026-08-07
2026-08,725710218320134,1,3305196392,Đến hạn,Normal,"1-20, idle<=90",2026-01-23,2026-01-25 12:07:36,10,8,2026-07-30 22:00:00,1.0,Nguyen Thi Thuy Trang,Inhouse 2,Ta Thi Thu Phuong,Inhouse 2,Tran Thu Ha,9580000.0,False,False,,,,,,2026-08-07
2026-08,726901649758466,1,3305250650,Đến hạn,Normal,"1-20, idle<=90",2026-01-29,2026-01-30 17:00:47,9,8,2026-07-31 21:00:00,0.0,Le Thi Lan Anh,Inhouse 1,Le Thi Lan Anh,Inhouse 1,Ms Laura,9580000.0,False,False,,,,,,2026-08-07
2026-08,726258354768136,1,3305325441,Đến hạn,Normal,"1-20, idle<=90",2026-01-26,2026-01-26 17:24:21,19,17,2026-07-29 20:30:00,2.0,Hoang Thi Hong Tham 1,Inhouse 2,Vu Ho Thanh Huong,Inhouse 2,Tran Thu Ha,9350000.0,False,False,,,,,,2026-08-07
2026-08,726965499193608,1,3305342350,Đến hạn,Normal,"1-20, idle<=90",2026-01-29,2026-01-31 19:17:58,18,18,2026-08-01 21:30:00,-1.0,Bui Thi Thai Duong,Inhouse 1,Bui Thi Thai Duong,Inhouse 1,Ms Laura,9580000.0,False,False,,,,,,2026-08-07
2026-08,751955942875398,1,3305375228,Đến hạn,Normal,"1-20, idle<=90",2026-06-20,2026-06-21 12:38:48,12,11,2026-07-26 20:30:00,5.0,Le Thi Thu Yen,Inhouse 1,Le Thi Thu Yen,Inhouse 1,Dao Thi Hoang Yen,4420000.0,False,False,,,,,,2026-08-07
2026-08,727857559386376,1,3305381967,Đến hạn,Normal,"1-20, idle<=90",2026-02-04,2026-02-04 18:50:08,10,10,2026-07-30 19:30:00,1.0,Nguyen Nhu Ngoc,Inhouse 1,Nguyen Nhu Ngoc,Inhouse 1,Ellie Advisor,9580000.0,False,False,,,,,,2026-08-07
2026-08,732123631751426,1,3305383557,Đến hạn,Normal,"1-20, idle<=90",2026-02-28,2026-03-01 18:12:50,7,5,2026-07-30 21:00:00,1.0,Kieu Lan Anh,Inhouse 2,Kieu Lan Anh,Inhouse 2,Tran Thu Ha,8745000.0,False,False,,,,,,2026-08-07
2026-08,726446732058886,1,3305385719,Đến hạn,Normal,"1-20, idle<=90",2026-01-27,2026-01-28 17:50:00,10,9,2026-07-31 19:00:00,0.0,Nguyen Nhu Ngoc,Inhouse 1,Nguyen Nhu Ngoc,Inhouse 1,Diem Quynh Advisor,10080000.0,False,False,,,,,,2026-08-07
2026-08,732781097095432,1,3305422700,Đến hạn,Normal,"1-20, idle<=90",2026-01-30,2026-03-04 20:07:06,13,12,2026-07-31 21:00:00,0.0,Nguyen Minh Phat,Ho Chi Minh,Nguyen Minh Phat,Ho Chi Minh,Dao Thi Hoang Yen,9750000.0,False,False,,,,,,2026-08-07
2026-08,727671106611462,1,3305452079,Đến hạn,Normal,"1-20, idle<=90",2026-02-03,2026-02-03 16:55:25,11,10,2026-07-29 22:30:00,2.0,Le To Hai My,Inhouse 1,Le To Hai My,Inhouse 1,Ms Laura,9580000.0,False,False,,,,,,2026-08-07
2026-08,726257194402056,1,3305457881,Đến hạn,Normal,"1-20, idle<=90",2026-01-26,2026-01-27 14:17:24,9,9,2026-07-25 11:30:00,6.0,Vu Cam Ly,Inhouse 2,Vu Cam Ly,Inhouse 2,Tran Thu Ha,8900000.0,False,False,,,,,,2026-08-07
2026-08,727002362618120,1,3305464856,Đến hạn,Normal,"1-20, idle<=90",2026-01-30,2026-01-31 19:48:17,12,11,2026-07-31 20:00:00,0.0,Vo Tran Anh Thuy,Ho Chi Minh,Tran Thi Son,Inhouse 1,Dao Thi Hoang Yen,8800000.0,False,False,,,,,,2026-08-07
2026-08,729446275983622,1,3305503426,Đến hạn,Normal,"1-20, idle<=90",2026-02-13,2026-02-16 15:50:15,16,15,2026-08-01 17:30:00,-1.0,Le Minh Thanh,Ho Chi Minh,Bui Thi Hong Van,Inhouse 1,Dao Thi Hoang Yen,8750000.0,False,False,,,,,,2026-08-07
2026-08,734183955556616,1,3305518565,Đến hạn,Normal,"1-20, idle<=90",2026-03-11,2026-03-13 10:45:06,16,17,2026-08-01 12:00:00,-1.0,Nguyen Phuong Thuy,Inhouse 1,Nguyen Phuong Thuy,Inhouse 1,Ms Laura,10080000.0,False,False,,,,,,2026-08-07
2026-08,726479056228614,1,3305520045,Đến hạn,Normal,"1-20, idle<=90",2026-01-27,2026-01-29 20:21:31,17,70,2026-07-30 21:30:00,1.0,Nguyen Duy Thinh,Ho Chi Minh,Le Thi Tuyet,Inhouse 1,Dao Thi Hoang Yen,9000000.0,True,True,759138101573894,2026-07-31 00:00:00,8500000.0,GMV+REM,182.0,2026-08-07
2026-08,731867350376710,1,3305566997,Đến hạn,Normal,"1-20, idle<=90",2026-02-26,2026-03-03 16:05:25,17,17,2026-07-30 22:30:00,1.0,Le Hung Cuong,Inhouse 2,Vu Thi Khanh Huyen,Inhouse 2,Tran Thu Ha,8980000.0,False,False,,,,,,2026-08-07
2026-08,726562423644418,1,3305578022,Đến hạn,Normal,"1-20, idle<=90",2026-01-27,2026-01-28 10:22:00,12,117,2026-07-30 16:30:00,1.0,Pham Thi Tam Thuy,Inhouse 1,Le Thi Lan Anh,Inhouse 1,Ruby Advisor,9580000.0,True,True,746219689787656,2026-05-19 00:00:00,16430000.0,GMV+REM,110.0,2026-08-07
2026-08,748855004115202,2,3305583637,Đến hạn,Normal,"1-20, idle<=90",2026-06-02,2026-06-03 10:08:31,14,14,2026-08-01 21:30:00,-1.0,Nguyen Thi Hai Yen,Inhouse 2,Nguyen Thi Hai Yen,Inhouse 2,Tran Thu Ha,4300000.0,False,False,,,,,,2026-08-07
2026-08,728732315404552,1,3305595475,Đến hạn,Normal,"1-20, idle<=90",2026-02-08,2026-02-09 19:12:36,9,9,2026-08-01 11:00:00,-1.0,Nguyen Thi Thao Ngoc,Inhouse 1,Nguyen Thi Thao Ngoc,Inhouse 1,Diem Quynh Advisor,8853000.0,False,False,,,,,,2026-08-07
2026-08,726258139691272,1,3305595871,Đến hạn,Frozen,"1-20, idle<=90",2026-01-26,2026-01-26 17:21:41,16,16,2026-07-15 19:30:00,16.0,Le Thi Thuy Trang,Inhouse 1,Le Thi Thuy Trang,Inhouse 1,Diem Quynh Advisor,9010000.0,False,False,,,,,,2026-08-07
2026-08,731565052489986,1,3305711632,Đến hạn,Normal,"1-20, idle<=90",2026-02-25,2026-02-25 17:25:45,11,11,2026-07-31 21:30:00,0.0,Nguyen Thuy Trang,Inhouse 1,Nguyen Thuy Trang,Inhouse 1,Ellie Advisor,9080000.0,False,False,,,,,,2026-08-07
2026-08,731171209421062,1,3305720957,Đến hạn,Normal,"1-20, idle<=90",2026-01-31,2026-02-23 13:08:58,7,4,2026-07-30 11:30:00,1.0,Bui Lam Linh,Inhouse 1,Bui Lam Linh,Inhouse 1,Ms Laura,9080000.0,True,True,TMP_3305720957_20260731,2026-07-31 00:00:00,7950000.0,GMV,157.0,2026-08-07
2026-08,748692569954568,1,3305728008,Đến hạn,Normal,"1-20, idle<=90",2026-05-31,2026-06-03 15:36:54,9,61,2026-07-31 23:00:00,0.0,Luu Thi Hoang Ngan,Inhouse 1,Luu Thi Hoang Ngan,Inhouse 1,Diem Quynh Advisor,4420000.0,True,True,759024211108098,2026-07-30 00:00:00,8215000.0,GMV+REM,56.0,2026-08-07
2026-08,734711793080578,1,3305728855,Đến hạn,Normal,"1-20, idle<=90",2026-03-15,2026-03-16 19:55:36,11,11,2026-08-01 19:30:00,-1.0,Lai Ngoc Thuy Linh,Ho Chi Minh,Lai Ngoc Thuy Linh,Ho Chi Minh,Dao Thi Hoang Yen,8480000.0,False,False,,,,,,2026-08-07
2026-08,731514481549576,1,3305737319,Đến hạn,Normal,"1-20, idle<=90",2026-01-28,2026-02-25 20:32:03,10,8,2026-07-30 20:30:00,1.0,Nguyen Thi Thuy Trang,Inhouse 2,Nguyen Thi Trang,Inhouse 2,Tran Thu Ha,8215000.0,False,False,,,,,,2026-08-07
2026-08,728721186394374,1,3305765237,Đến hạn,Normal,"1-20, idle<=90",2026-02-07,2026-02-10 11:26:05,19,18,2026-07-31 21:30:00,0.0,To Thi Ha,Inhouse 2,Nguyen Thi Hai Yen,Inhouse 2,Tran Thu Ha,8910000.0,False,False,,,,,,2026-08-07
2026-08,727677963667720,1,3305776560,Đến hạn,Normal,"1-20, idle<=90",2026-02-02,2026-02-03 18:11:16,9,9,2026-07-31 00:00:00,1.0,Nguyen Nhu Ngoc,Inhouse 1,Nguyen Nhu Ngoc,Inhouse 1,Ms Laura,10080000.0,False,False,,,,,,2026-08-07
2026-08,731694226432264,1,3305781205,Đến hạn,Normal,"1-20, idle<=90",2026-01-31,2026-02-26 10:35:42,16,15,2026-07-31 22:30:00,0.0,Nguyen Kieu Trang,Inhouse 1,Nguyen Kieu Trang,Inhouse 1,Diem Quynh Advisor,9280000.0,False,False,,,,,,2026-08-07
2026-08,731868478310664,1,3305785772,Đến hạn,Normal,"1-20, idle<=90",2026-02-26,2026-03-02 23:05:37,19,18,2026-07-30 21:30:00,1.0,Le Thuy Nhung,Inhouse 1,Le Thuy Nhung,Inhouse 1,Thao Chi Advisor,8980000.0,False,False,,,,,,2026-08-07
2026-08,728172084041992,1,3305836941,Đến hạn,Normal,"1-20, idle<=90",2026-02-05,2026-02-10 06:28:53,16,16,2026-07-31 22:00:00,0.0,Pham Thi Tam Thuy,Inhouse 1,Le Thi Lan Anh,Inhouse 1,Ms Laura,5240000.0,False,False,,,,,,2026-08-07
2026-08,732262989238536,1,3305842072,Đến hạn,Normal,"1-20, idle<=90",2026-02-13,2026-03-02 18:07:13,11,9,2026-07-30 20:00:00,1.0,Lai Ngoc Thuy Linh,Ho Chi Minh,Lai Ngoc Thuy Linh,Ho Chi Minh,Dao Thi Hoang Yen,8580000.0,False,False,,,,,,2026-08-07
2026-08,727666437249288,1,3305852021,Đến hạn,Normal,"1-20, idle<=90",2026-02-03,2026-02-04 16:08:18,10,10,2026-07-31 18:00:00,0.0,Nguyen Kieu Trang,Inhouse 1,Nguyen Kieu Trang,Inhouse 1,Thao Chi Advisor,9580000.0,True,True,TMP_3305852021_20260731,2026-07-31 00:00:00,16430000.0,GMV,176.0,2026-08-07
2026-08,750305432289542,2,3305852120,Đến hạn,Normal,"1-20, idle<=90",2026-05-30,2026-06-13 17:33:25,12,12,2026-07-29 11:30:00,2.0,Nguyen Thi Thao Ngoc,Inhouse 1,Nguyen Thi Thao Ngoc,Inhouse 1,Diem Quynh Advisor,4550000.0,False,False,,,,,,2026-08-07
2026-08,727464142944514,1,3305855661,Đến hạn,Normal,"1-20, idle<=90",2026-01-30,2026-02-02 12:44:18,17,15,2026-07-29 22:00:00,2.0,Nguyen Nhu Ngoc,Inhouse 1,Nguyen Nhu Ngoc,Inhouse 1,Thao Chi Advisor,9080000.0,False,False,,,,,,2026-08-07
2026-08,750143872606472,2,3305863666,Đến hạn,Normal,"1-20, idle<=90",2026-06-10,2026-06-10 19:27:06,11,10,2026-08-01 21:30:00,-1.0,Lai Ngoc Thuy Linh,Ho Chi Minh,Lai Ngoc Thuy Linh,Ho Chi Minh,Dao Thi Hoang Yen,4290000.0,False,False,,,,,,2026-08-07
2026-08,740715968233736,2,3305872090,Đến hạn,Normal,"1-20, idle<=90",2026-04-17,2026-04-18 12:42:24,7,5,2026-08-01 21:30:00,-1.0,Pham Thi Tam Thuy,Inhouse 1,Le Thi Lan Anh,Inhouse 1,Diem Quynh Advisor,4290000.0,True,True,TMP_3305872090_20260719,2026-07-19 00:00:00,4290000.0,GMV,91.0,2026-08-07
2026-08,739142535946502,1,3305888947,Đến hạn,Normal,"1-20, idle<=90",2026-04-09,2026-04-10 21:15:28,19,19,2026-07-23 11:00:00,8.0,Le To Hai My,Inhouse 1,Le To Hai My,Inhouse 1,Ms Jenny Advisor,9050000.0,False,False,,,,,,2026-08-07
2026-08,744084973406470,2,3305889035,Đến hạn,Normal,"1-20, idle<=90",2026-04-24,2026-05-10 21:02:23,9,9,2026-08-01 16:00:00,-1.0,Luu Thi Hoang Ngan,Inhouse 1,Luu Thi Hoang Ngan,Inhouse 1,Ruby Advisor,4160000.0,False,False,,,,,,2026-08-07
2026-08,727483428798722,1,3305925965,Đến hạn,Normal,"1-20, idle<=90",2026-02-02,2026-02-02 15:45:09,6,5,2026-07-29 19:00:00,2.0,Nguyen Kieu Trang,Inhouse 1,Nguyen Kieu Trang,Inhouse 1,Diem Quynh Advisor,9580000.0,True,True,TMP_3305925965_20260531,2026-05-31 00:00:00,23850000.0,GMV,117.0,2026-08-07
2026-08,727492086616328,1,3305932007,Đến hạn,Normal,"1-20, idle<=90",2026-02-02,2026-02-02 16:27:04,8,7,2026-07-29 19:00:00,2.0,Nguyen Kieu Trang,Inhouse 1,Nguyen Kieu Trang,Inhouse 1,Diem Quynh Advisor,9580000.0,True,True,TMP_3305932007_20260724,2026-07-24 00:00:00,23850000.0,GMV,171.0,2026-08-07
2026-08,728736103450886,1,3305938452,Đến hạn,Normal,"1-20, idle<=90",2026-02-09,2026-02-10 11:19:10,9,8,2026-07-31 11:30:00,0.0,Nguyen Duy Thinh,Ho Chi Minh,Tran Thi Son,Inhouse 1,Dao Thi Hoang Yen,8502000.0,False,False,,,,,,2026-08-07
2026-08,727182108809480,1,3305942287,Đến hạn,Normal,"1-20, idle<=90",2026-01-31,2026-02-03 20:09:26,7,7,2026-08-01 10:00:00,-1.0,Chang Thi Thanh Binh,Ho Chi Minh,Kieu Thi Thu Quynh,Inhouse 1,Dao Thi Hoang Yen,9000000.0,False,False,,,,,,2026-08-07
2026-08,731382516029704,1,3305987470,Đến hạn,Normal,"1-20, idle<=90",2026-02-24,2026-02-25 20:32:34,12,10,2026-07-30 21:30:00,1.0,Le Hung Cuong,Inhouse 2,Le Thi Thuy Van,Inhouse 2,Tran Thu Ha,9500000.0,False,False,,,,,,2026-08-07
2026-08,728546244213000,1,3306005047,Đến hạn,Normal,"1-20, idle<=90",2026-02-08,2026-02-08 15:34:13,7,7,2026-07-31 23:00:00,0.0,Nguyen Nhu Ngoc,Inhouse 1,Nguyen Nhu Ngoc,Inhouse 1,Ms Laura,10080000.0,True,True,TMP_3306005047_20260731,2026-07-31 00:00:00,16430000.0,GMV,172.0,2026-08-07
2026-08,741647250698498,2,3306006685,Đến hạn,Frozen,"1-20, idle<=90",2026-04-23,2026-04-24 11:12:26,12,12,2026-07-12 15:00:00,19.0,Dao Ngoc Lan Anh,Inhouse 1,Bui Thi Hong Van,Inhouse 1,Diem Quynh Advisor,4540000.0,False,False,,,,,,2026-08-07
2026-08,728390447986950,1,3306033417,Đến hạn,Normal,"1-20, idle<=90",2026-02-07,2026-02-07 22:15:10,8,8,2026-07-31 15:30:00,0.0,Le To Hai My,Inhouse 1,Le To Hai My,Inhouse 1,Le To Hai My,9050000.0,False,False,,,,,,2026-08-07
2026-08,731520682875138,1,3306044233,Đến hạn,Normal,"1-20, idle<=90",2026-02-12,2026-03-02 14:35:37,16,16,2026-07-31 21:30:00,0.0,Le Thi Lan Anh,Inhouse 1,Le Thi Lan Anh,Inhouse 1,Diem Quynh Advisor,25800000.0,False,False,,,,,,2026-08-07
2026-08,728421807538438,1,3306057296,Đến hạn,Normal,"1-20, idle<=90",2026-02-07,2026-02-07 22:33:43,8,6,2026-07-31 15:00:00,0.0,Le To Hai My,Inhouse 1,Le To Hai My,Inhouse 1,Le To Hai My,9050000.0,True,True,TMP_3306057296_20260729,2026-07-29 00:00:00,15900000.0,GMV,171.0,2026-08-07
2026-08,747830804896002,1,3306059801,Đến hạn,Normal,"1-20, idle<=90",2026-05-28,2026-06-02 11:35:38,19,18,2026-07-23 22:00:00,8.0,Nguyen Nhu Ngoc,Inhouse 1,Nguyen Nhu Ngoc,Inhouse 1,Ms Laura,4800000.0,False,False,,,,,,2026-08-07
2026-08,748693225752834,1,3306074301,Đến hạn,Normal,"1-20, idle<=90",2026-05-28,2026-06-02 12:09:19,10,9,2026-07-23 21:30:00,8.0,Nguyen Nhu Ngoc,Inhouse 1,Nguyen Nhu Ngoc,Inhouse 1,Ms Laura,4800000.0,False,False,,,,,,2026-08-07
2026-08,728025831354630,1,3306105182,Đến hạn,Normal,"1-20, idle<=90",2026-02-05,2026-02-08 18:35:54,14,15,2026-07-30 11:30:00,1.0,Nguyen Nhat Vy,Inhouse 1,Le Thuy Nhung,Inhouse 1,Ruby Advisor,10080000.0,False,False,,,,,,2026-08-07
2026-08,729079906265346,1,3306105577,Đến hạn,Normal,"1-20, idle<=90",2026-02-11,2026-02-11 16:22:41,3,54,2026-07-31 21:00:00,0.0,Nguyen Thuy Trang,Inhouse 1,Nguyen Thuy Trang,Inhouse 1,Diem Quynh Advisor,9580000.0,True,True,760060572276994,2026-08-05 00:00:00,8780000.0,GMV+REM,174.0,2026-08-07
2026-08,745141911243016,2,3306113644,Đến hạn,Normal,"1-20, idle<=90",2026-05-12,2026-05-14 17:58:17,17,15,2026-07-29 17:00:00,2.0,Bui Lam Linh,Inhouse 1,Bui Lam Linh,Inhouse 1,Thao Chi Advisor,4290000.0,False,False,,,,,,2026-08-07
2026-08,732120858202374,1,3306188212,Đến hạn,Normal,"1-20, idle<=90",2026-02-07,2026-02-28 21:06:23,19,18,2026-07-30 21:30:00,1.0,Nguyen Nhu Ngoc,Inhouse 1,Nguyen Nhu Ngoc,Inhouse 1,Ruby Advisor,9080000.0,False,False,,,,,,2026-08-07
2026-08,728332748017926,1,3306235836,Đến hạn,Normal,"1-20, idle<=90",2026-02-06,2026-02-07 18:50:42,6,4,2026-07-30 18:00:00,1.0,Le Thi Thuy Trang,Inhouse 1,Le Thi Thuy Trang,Inhouse 1,Diem Quynh Advisor,9580000.0,False,False,,,,,,2026-08-07
2026-08,729072981979400,1,3306238607,Đến hạn,Normal,"1-20, idle<=90",2026-02-07,2026-02-11 14:54:09,8,6,2026-07-31 09:00:00,0.0,Le Hung Cuong,Inhouse 2,Kieu Lan Anh,Inhouse 2,Tran Thu Ha,9160000.0,False,False,,,,,,2026-08-07
2026-08,732128417947910,1,3306256805,Đến hạn,Normal,"1-20, idle<=90",2026-02-07,2026-02-28 21:40:19,15,14,2026-07-30 22:30:00,1.0,Nguyen Nhu Ngoc,Inhouse 1,Nguyen Nhu Ngoc,Inhouse 1,Ruby Advisor,9080000.0,False,False,,,,,,2026-08-07
2026-08,735311478294786,1,3306287567,Đến hạn,Normal,"1-20, idle<=90",2026-03-18,2026-03-19 16:21:18,19,17,2026-07-30 21:00:00,1.0,Dao Ngoc Lan Anh,Inhouse 1,Bui Thi Hong Van,Inhouse 1,Diem Quynh Advisor,9580000.0,True,True,TMP_3306287567_20260630,2026-06-30 00:00:00,16038750.0,GMV,102.0,2026-08-07
2026-08,732152896946440,1,3306356017,Đến hạn,Normal,"1-20, idle<=90",2026-02-28,2026-03-02 19:30:40,10,9,2026-07-31 18:30:00,0.0,Pham Thi Tam Thuy,Inhouse 1,Le Thi Lan Anh,Inhouse 1,Ellie Advisor,10080000.0,False,False,,,,,,2026-08-07
2026-08,731921264654594,1,3306362792,Đến hạn,Normal,"1-20, idle<=90",2026-02-27,2026-03-01 08:33:20,10,8,2026-07-30 19:00:00,1.0,Le Thi Thuy Trang,Inhouse 1,Le Thi Thuy Trang,Inhouse 1,Ms Laura,9580000.0,False,False,,,,,,2026-08-07
2026-08,731518587115778,1,3306397589,Đến hạn,Normal,"1-20, idle<=90",2026-02-25,2026-02-25 11:24:23,10,8,2026-07-30 21:30:00,1.0,Pham Thi Tam Thuy,Inhouse 1,Le Thi Lan Anh,Inhouse 1,Ellie Advisor,9080000.0,False,False,,,,,,2026-08-07
2026-08,728861141231880,1,3306469569,Đến hạn,Frozen,"1-20, idle<=90",2026-02-09,2026-02-10 15:07:27,14,14,2026-07-04 02:30:00,27.0,Tran Thi Son,Inhouse 1,Tran Thi Son,Inhouse 1,Diem Quynh Advisor,24250000.0,False,False,,,,,,2026-08-07
2026-08,731353391728898,1,3306470801,Đến hạn,Normal,"1-20, idle<=90",2026-02-14,2026-02-24 16:06:14,8,6,2026-07-30 21:00:00,1.0,Vu Thi Tuyet Trinh,Inhouse 1,Vu Thi Tuyet Trinh,Inhouse 1,Ellie Advisor,8853700.0,False,False,,,,,,2026-08-07
2026-08,731356631963906,1,3306472706,Đến hạn,Normal,"1-20, idle<=90",2026-02-13,2026-02-24 13:24:23,11,9,2026-07-30 21:30:00,1.0,Dang Kim Thuong,Inhouse 1,Dang Kim Thuong,Inhouse 1,Thao Chi Advisor,10080000.0,False,False,,,,,,2026-08-07
2026-08,730190384140550,1,3306478561,Đến hạn,Normal,"1-20, idle<=90",2026-02-17,2026-02-20 02:03:39,14,14,2026-07-26 16:30:00,5.0,Nguyen Linh Chi,Inhouse 1,Ho Thi Thanh,Inhouse 1,Ms Laura,10080000.0,False,False,,,,,,2026-08-07
2026-08,733694063360262,1,3306479652,Đến hạn,Normal,"1-20, idle<=90",2026-02-07,2026-03-09 21:55:17,16,14,2026-07-30 21:00:00,1.0,Luu Thi Hoang Ngan,Inhouse 1,Luu Thi Hoang Ngan,Inhouse 1,Diem Quynh Advisor,8480000.0,False,False,,,,,,2026-08-07
2026-08,729222571395334,1,3306497900,Đến hạn,Normal,"1-20, idle<=90",2026-02-11,2026-02-12 12:43:33,10,10,2026-07-29 18:00:00,2.0,Nguyen Kieu Trang,Inhouse 1,Nguyen Kieu Trang,Inhouse 1,Ms Laura,10080000.0,False,False,,,,,,2026-08-07
2026-08,752271233702146,2,3306540272,Đến hạn,Normal,"1-20, idle<=90",2026-06-22,2026-06-22 19:43:23,15,15,2026-08-01 19:30:00,-1.0,Nguyen Kieu Trang,Inhouse 1,Nguyen Kieu Trang,Inhouse 1,Ruby Advisor,4420000.0,False,False,,,,,,2026-08-07
2026-08,729077728502022,1,3306544065,Đến hạn,Normal,"1-20, idle<=90",2026-02-11,2026-02-11 16:46:43,6,4,2026-07-31 18:30:00,0.0,Bui Thi Thai Duong,Inhouse 1,Bui Thi Thai Duong,Inhouse 1,Ellie Advisor,8750000.0,False,False,,,,,,2026-08-07
2026-08,732580368232712,1,3306552845,Đến hạn,Normal,"1-20, idle<=90",2026-03-02,2026-03-03 12:38:05,13,12,2026-07-31 18:00:00,0.0,Do Thi Tuyet Nhung,Inhouse 1,Do Thi Tuyet Nhung,Inhouse 1,Ruby Advisor,10080000.0,False,False,,,,,,2026-08-07
2026-08,731340874234118,1,3306562000,Đến hạn,Normal,"1-20, idle<=90",2026-02-24,2026-02-26 01:06:08,12,11,2026-08-01 16:30:00,-1.0,Le Kim Chi,Inhouse 1,Le Kim Chi,Inhouse 1,Ms Laura,9280000.0,False,False,,,,,,2026-08-07
2026-08,754930339672322,1,3306645460,Đến hạn,Normal,"1-20, idle<=90",2026-07-07,2026-07-07 19:08:38,18,18,2026-08-01 20:00:00,-1.0,Ta Thi Thu Phuong,Inhouse 2,Ta Thi Thu Phuong,Inhouse 2,Tran Thu Ha,4925000.0,False,False,,,,,,2026-08-07
2026-08,731693663193346,1,3306654358,Đến hạn,Normal,"1-20, idle<=90",2026-02-25,2026-02-26 20:11:46,11,10,2026-07-31 18:00:00,0.0,Nguyen Nhu Ngoc,Inhouse 1,Nguyen Nhu Ngoc,Inhouse 1,Ellie Advisor,8745000.0,False,False,,,,,,2026-08-07
2026-08,731590921910534,1,3306677366,Đến hạn,Normal,"1-20, idle<=90",2026-02-25,2026-02-26 20:14:17,9,7,2026-07-30 21:00:00,1.0,Chang Thi Thanh Binh,Ho Chi Minh,Kieu Thi Thu Quynh,Inhouse 1,Dao Thi Hoang Yen,8500000.0,False,False,,,,,,2026-08-07
2026-08,731249091629320,1,3306706537,Đến hạn,Normal,"1-20, idle<=90",2026-02-23,2026-02-24 15:24:57,14,66,2026-07-31 21:00:00,0.0,Nguyen Nhat Vy,Inhouse 1,Le Kim Chi,Inhouse 1,Diem Quynh Advisor,9580000.0,True,True,758427331023112,2026-06-30 00:00:00,8650000.0,GMV+REM,125.0,2026-08-07
2026-08,731726543763718,1,3306716036,Đến hạn,Normal,"1-20, idle<=90",2026-02-26,2026-03-02 15:07:53,10,8,2026-07-30 17:30:00,1.0,Dang Kim Thuong,Inhouse 1,Dang Kim Thuong,Inhouse 1,Thao Chi Advisor,10080000.0,True,True,TMP_3306716036_20260731,2026-07-31 00:00:00,16820000.0,GMV,150.0,2026-08-07
2026-08,731516263596296,1,3306740494,Đến hạn,Normal,"1-20, idle<=90",2026-02-24,2026-02-25 11:42:49,14,12,2026-07-30 18:00:00,1.0,Vu Thi Tuyet Trinh,Inhouse 1,Vu Thi Tuyet Trinh,Inhouse 1,Diem Quynh Advisor,9010000.0,False,False,,,,,,2026-08-07
2026-08,731377964839176,1,3306743327,Đến hạn,Normal,"1-20, idle<=90",2026-02-23,2026-02-24 15:30:27,16,68,2026-07-31 21:00:00,0.0,Nguyen Nhat Vy,Inhouse 1,Le Kim Chi,Inhouse 1,Diem Quynh Advisor,9580000.0,True,True,758427538966792,2026-06-30 00:00:00,8650000.0,GMV+REM,125.0,2026-08-07
2026-08,731519139676422,1,3306774443,Đến hạn,Normal,"1-20, idle<=90",2026-02-25,2026-02-25 18:02:22,14,14,2026-07-31 18:30:00,0.0,Dao Ngoc Lan Anh,Inhouse 1,Bui Thi Hong Van,Inhouse 1,Thao Chi Advisor,9580000.0,False,False,,,,,,2026-08-07
2026-08,730112344697090,1,3306790434,Đến hạn,Normal,"1-20, idle<=90",2026-02-18,2026-02-17 19:50:53,15,120,2026-07-30 00:00:00,2.0,Pham Thi Tam Thuy,Inhouse 1,Le Thi Lan Anh,Inhouse 1,Ms Laura,10080000.0,True,True,759668904165634,2026-02-18 00:00:00,10080000.0,GMV+REM,0.0,2026-08-07
2026-08,732147511613702,1,3306800083,Đến hạn,Normal,"1-20, idle<=90",2026-02-28,2026-03-04 18:21:41,7,113,2026-08-01 18:00:00,-1.0,Dao Ngoc Lan Anh,Inhouse 1,Trinh Thi Hoa,Other,Diem Quynh Advisor,9080000.0,True,True,759835621531906,2026-07-31 00:00:00,15950000.0,GMV+REM,148.0,2026-08-07
2026-08,731701013049606,1,3306840141,Đến hạn,Normal,"1-20, idle<=90",2026-02-26,2026-02-26 18:03:10,13,118,2026-07-31 21:00:00,0.0,Tran Thi Son,Inhouse 1,Tran Thi Son,Inhouse 1,Diem Quynh Advisor,8780000.0,True,True,758097034117382,2026-07-25 00:00:00,16430000.0,GMV+REM,148.0,2026-08-07
2026-08,731341393199366,1,3306842323,Đến hạn,Normal,"1-20, idle<=90",2026-02-23,2026-02-24 11:50:19,9,8,2026-07-29 20:30:00,2.0,Kieu Lan Anh,Inhouse 2,Kieu Lan Anh,Inhouse 2,Tran Thu Ha,9080000.0,False,False,,,,,,2026-08-07
2026-08,731393127932168,1,3306873334,Đến hạn,Normal,"1-20, idle<=90",2026-02-24,2026-02-25 20:00:26,6,6,2026-08-01 17:00:00,-1.0,Le Thuy Nhung,Inhouse 1,Le Thuy Nhung,Inhouse 1,Diem Quynh Advisor,10080000.0,False,False,,,,,,2026-08-07
2026-08,732966596563202,1,3306906464,Đến hạn,Normal,"1-20, idle<=90",2026-03-04,2026-03-10 10:18:28,13,12,2026-07-31 20:30:00,0.0,Mai Thi Lien,Inhouse 2,Mai Thi Lien,Inhouse 2,Tran Thu Ha,8902300.0,False,False,,,,,,2026-08-07
2026-08,731516017381634,1,3306940923,Đến hạn,Normal,"1-20, idle<=90",2026-02-24,2026-02-25 16:33:10,11,10,2026-07-29 18:30:00,2.0,Dao Ngoc Lan Anh,Inhouse 1,Bui Thi Hong Van,Inhouse 1,Ruby Advisor,9580000.0,False,False,,,,,,2026-08-07
2026-08,731774405101826,1,3306940933,Đến hạn,Normal,"1-20, idle<=90",2026-02-26,2026-02-28 18:01:31,8,6,2026-07-30 19:00:00,1.0,Bui Lam Linh,Inhouse 1,Bui Lam Linh,Inhouse 1,Ruby Advisor,8800000.0,True,True,TMP_3306940933_20260714,2026-07-14 00:00:00,8215000.0,GMV,135.0,2026-08-07
2026-08,731347060787462,1,3306972386,Đến hạn,Normal,"1-20, idle<=90",2026-02-24,2026-02-25 02:56:26,13,13,2026-08-01 21:30:00,-1.0,Lai Ngoc Thuy Linh,Ho Chi Minh,Lai Ngoc Thuy Linh,Ho Chi Minh,Dao Thi Hoang Yen,8745000.0,False,False,,,,,,2026-08-07
2026-08,731922921091334,1,3307006817,Đến hạn,Normal,"1-20, idle<=90",2026-02-27,2026-02-28 15:43:08,14,12,2026-07-13 18:00:00,18.0,Nguyen Kieu Trang,Inhouse 1,Nguyen Kieu Trang,Inhouse 1,Thao Chi Advisor,9580000.0,False,False,,,,,,2026-08-07
2026-08,733128808081666,1,3307016414,Đến hạn,Normal,"1-20, idle<=90",2026-03-03,2026-03-09 16:47:41,11,9,2026-07-29 21:30:00,2.0,Kieu Lan Anh,Inhouse 2,Kieu Lan Anh,Inhouse 2,Tran Thu Ha,8880000.0,False,False,,,,,,2026-08-07
2026-08,731534661331202,1,3307017475,Đến hạn,Normal,"1-20, idle<=90",2026-02-24,2026-02-25 15:06:25,15,14,2026-07-30 21:00:00,1.0,Bui Lam Linh,Inhouse 1,Bui Lam Linh,Inhouse 1,Thao Chi Advisor,8910000.0,True,True,TMP_3307017475_20260731,2026-07-31 00:00:00,7950000.0,GMV,155.0,2026-08-07
2026-08,743739842922754,2,3307038209,Đến hạn,Normal,"1-20, idle<=90",2026-04-30,2026-05-05 20:48:03,13,11,2026-07-30 21:00:00,1.0,To Thi Ha,Inhouse 2,Vu Ho Thanh Huong,Inhouse 2,Tran Thu Ha,4160000.0,False,False,,,,,,2026-08-07
2026-08,732412082503942,1,3307039718,Đến hạn,Normal,"1-20, idle<=90",2026-02-28,2026-03-02 16:58:43,17,16,2026-07-28 21:00:00,3.0,Nguyen Thuy Trang,Inhouse 1,Nguyen Thuy Trang,Inhouse 1,Diem Quynh Advisor,9380000.0,False,False,,,,,,2026-08-07
2026-08,746910137235714,2,3307050216,Đến hạn,Normal,"1-20, idle<=90",2026-05-22,2026-05-27 17:37:58,14,12,2026-07-29 16:00:00,2.0,Nguyen Thi Thao Ngoc,Inhouse 1,Nguyen Thi Thao Ngoc,Inhouse 1,Thao Chi Advisor,4500000.0,False,False,,,,,,2026-08-07
2026-08,731390313668870,1,3307069828,Đến hạn,Normal,"1-20, idle<=90",2026-02-24,2026-02-24 17:18:21,13,12,2026-08-01 18:30:00,-1.0,Tran Thi Thaoo,Inhouse 1,Dao Thi Trang,Inhouse 1,Thao Chi Advisor,17820000.0,False,False,,,,,,2026-08-07
2026-08,731701283068168,1,3307089701,Đến hạn,Normal,"1-20, idle<=90",2026-02-26,2026-02-26 15:56:04,11,10,2026-07-31 20:00:00,0.0,Ho Thi Thanh,Inhouse 1,Ho Thi Thanh,Inhouse 1,Thao Chi Advisor,9080000.0,False,False,,,,,,2026-08-07
2026-08,731552648134918,1,3307098020,Đến hạn,Normal,"1-20, idle<=90",2026-02-24,2026-02-25 15:15:38,16,14,2026-07-30 21:00:00,1.0,Bui Lam Linh,Inhouse 1,Bui Lam Linh,Inhouse 1,Thao Chi Advisor,8910000.0,True,True,TMP_3307098020_20260731,2026-07-31 00:00:00,7950000.0,GMV,155.0,2026-08-07
2026-08,733831603276034,1,3307109035,Đến hạn,Normal,"1-20, idle<=90",2026-02-28,2026-03-11 18:30:09,16,15,2026-07-31 11:00:00,0.0,Nguyen Nhu Ngoc,Inhouse 1,Nguyen Nhu Ngoc,Inhouse 1,Ruby Advisor,9580000.0,False,False,,,,,,2026-08-07
2026-08,732759734761736,1,3307113917,Đến hạn,Normal,"1-20, idle<=90",2026-03-03,2026-03-04 22:52:32,10,9,2026-07-31 22:00:00,0.0,Kieu Lan Anh,Inhouse 2,Kieu Lan Anh,Inhouse 2,Tran Thu Ha,8880000.0,False,False,,,,,,2026-08-07
2026-08,731557902145800,1,3307113967,Đến hạn,Normal,"1-20, idle<=90",2026-02-25,2026-02-25 16:00:19,7,5,2026-07-29 10:00:00,2.0,Bui Thi Thai Duong,Inhouse 1,Bui Thi Thai Duong,Inhouse 1,Thao Chi Advisor,8880000.0,False,False,,,,,,2026-08-07
2026-08,732067595499778,1,3307115067,Đến hạn,Normal,"1-20, idle<=90",2026-02-28,2026-03-01 21:53:42,12,11,2026-08-01 14:30:00,-1.0,Nguyen Duy Thinh,Ho Chi Minh,Nguyen Thi Ninh,Other,Dao Thi Hoang Yen,8860000.0,True,True,TMP_3307115067_20260731,2026-07-31 00:00:00,8480000.0,GMV,151.0,2026-08-07
2026-08,731904965624070,1,3307116824,Đến hạn,Normal,"1-20, idle<=90",2026-02-27,2026-02-27 18:47:59,16,16,2026-07-16 22:00:00,15.0,Vu Thi Tuyet Trinh,Inhouse 1,Vu Thi Tuyet Trinh,Inhouse 1,Ms Laura,9580000.0,False,False,,,,,,2026-08-07
2026-08,732580791642376,1,3307126008,Đến hạn,Normal,"1-20, idle<=90",2026-03-02,2026-03-03 13:22:38,9,7,2026-07-30 20:30:00,1.0,Do Thi Tuyet Nhung,Inhouse 1,Do Thi Tuyet Nhung,Inhouse 1,Diem Quynh Advisor,9080000.0,False,False,,,,,,2026-08-07
2026-08,731934062817544,1,3307128547,Đến hạn,Normal,"1-20, idle<=90",2026-02-27,2026-02-27 18:58:52,17,17,2026-07-17 22:30:00,14.0,Vu Thi Tuyet Trinh,Inhouse 1,Vu Thi Tuyet Trinh,Inhouse 1,Ms Laura,9580000.0,False,False,,,,,,2026-08-07
2026-08,731906663966984,1,3307130023,Đến hạn,Normal,"1-20, idle<=90",2026-02-27,2026-02-27 19:41:36,14,14,2026-07-26 22:00:00,5.0,Le To Hai My,Inhouse 1,Le To Hai My,Inhouse 1,Ellie Advisor,9080000.0,False,False,,,,,,2026-08-07
2026-08,732790373693702,1,3307131022,Đến hạn,Normal,"1-20, idle<=90",2026-03-04,2026-03-04 18:58:21,18,16,2026-07-30 21:30:00,1.0,Ho Thi Thanh,Inhouse 1,Ho Thi Thanh,Inhouse 1,Ellie Advisor,8750000.0,False,False,,,,,,2026-08-07
2026-08,733169559482632,1,3307154801,Đến hạn,Frozen,"1-20, idle<=90",2026-03-06,2026-03-10 18:07:52,18,18,2026-06-18 20:30:00,43.0,Tran Thi Thaoo,Inhouse 1,Le To Hai My,Inhouse 1,Diem Quynh Advisor,8745000.0,False,False,,,,,,2026-08-07
2026-08,731925908244744,1,3307163355,Đến hạn,Normal,"1-20, idle<=90",2026-02-27,2026-02-27 21:13:40,17,16,2026-07-29 22:00:00,2.0,Le Thi Lan Anh,Inhouse 1,Le Thi Lan Anh,Inhouse 1,Ellie Advisor,9080000.0,False,False,,,,,,2026-08-07
2026-08,731868644157702,1,3307168445,Đến hạn,Normal,"1-20, idle<=90",2026-02-26,2026-02-27 14:46:36,12,12,2026-08-01 20:30:00,-1.0,Nguyen Linh Chi,Inhouse 1,Ho Thi Thanh,Inhouse 1,Ellie Advisor,8480000.0,False,False,,,,,,2026-08-07
2026-08,733832027007240,1,3307169303,Đến hạn,Normal,"1-20, idle<=90",2026-02-28,2026-03-10 14:17:16,16,14,2026-07-30 21:00:00,1.0,Le Thi Lan Anh,Inhouse 1,Le Thi Lan Anh,Inhouse 1,Thao Chi Advisor,8910000.0,False,False,,,,,,2026-08-07
2026-08,732765549052162,1,3307174602,Đến hạn,Normal,"1-20, idle<=90",2026-03-03,2026-03-04 13:28:15,10,8,2026-07-29 22:00:00,2.0,Nguyen Nhu Ngoc,Inhouse 1,Nguyen Nhu Ngoc,Inhouse 1,Thao Chi Advisor,8745000.0,False,False,,,,,,2026-08-07
2026-08,732099293995270,1,3307181182,Đến hạn,Normal,"1-20, idle<=90",2026-02-28,2026-02-28 17:38:26,12,11,2026-08-01 09:00:00,-1.0,Tran Thi Thaoo,Inhouse 1,Ho Thi Thanh,Inhouse 1,Ruby Advisor,8880000.0,False,False,,,,,,2026-08-07
2026-08,732804988600582,1,3307212516,Đến hạn,Normal,"1-20, idle<=90",2026-03-04,2026-03-04 22:58:49,10,8,2026-07-30 20:30:00,1.0,Nguyen Thi Thuy Trang,Inhouse 2,Nguyen Thi Trang,Inhouse 2,Tran Thu Ha,9580000.0,False,False,,,,,,2026-08-07
2026-08,735272089594114,1,3307214807,Đến hạn,Normal,"1-20, idle<=90",2026-03-18,2026-03-18 18:16:46,20,19,2026-07-30 21:00:00,1.0,Le Thuy Nhung,Inhouse 1,Le Thuy Nhung,Inhouse 1,Diem Quynh Advisor,9080000.0,False,False,,,,,,2026-08-07
2026-08,733161331755270,1,3307215319,Đến hạn,Normal,"1-20, idle<=90",2026-03-06,2026-03-09 19:26:49,9,8,2026-07-31 19:00:00,0.0,Nguyen Thi Trang,Inhouse 2,Nguyen Thi Trang,Inhouse 2,Tran Thu Ha,9080000.0,False,False,,,,,,2026-08-07
2026-08,753008752308482,2,3307215322,Đến hạn,Normal,"1-20, idle<=90",2026-06-26,2026-06-26 21:37:59,19,18,2026-07-31 18:00:00,0.0,Nguyen Kieu Trang,Inhouse 1,Nguyen Kieu Trang,Inhouse 1,Thao Chi Advisor,4790000.0,False,False,,,,,,2026-08-07
2026-08,733890789277960,1,3307216785,Đến hạn,Normal,"1-20, idle<=90",2026-03-10,2026-03-10 20:37:50,11,10,2026-07-31 22:30:00,0.0,Le Thi Thuy Trang,Inhouse 1,Le Thi Thuy Trang,Inhouse 1,Ellie Advisor,9150000.0,False,False,,,,,,2026-08-07
2026-08,732460246354182,1,3307218686,Đến hạn,Normal,"1-20, idle<=90",2026-02-28,2026-03-03 10:27:52,11,9,2026-07-30 21:00:00,1.0,Bui Thi Thai Duong,Inhouse 1,Bui Thi Thai Duong,Inhouse 1,Diem Quynh Advisor,8880000.0,False,False,,,,,,2026-08-07
2026-08,733653588752646,1,3307230940,Đến hạn,Normal,"1-20, idle<=90",2026-02-27,2026-03-10 09:58:45,14,12,2026-08-01 18:00:00,-1.0,Le Thi Thuy Van,Inhouse 2,Le Thi Thuy Van,Inhouse 2,Tran Thu Ha,9540000.0,False,False,,,,,,2026-08-07
2026-08,737422282725638,2,3307232031,Đến hạn,Normal,"1-20, idle<=90",2026-03-30,2026-03-30 21:42:27,13,13,2026-08-01 17:00:00,-1.0,Le Thi Thuy Van,Inhouse 2,Le Thi Thuy Van,Inhouse 2,Tran Thu Ha,4500000.0,False,False,,,,,,2026-08-07
2026-08,735962459146498,1,3307237949,Đến hạn,Normal,"1-20, idle<=90",2026-03-18,2026-03-23 15:16:49,20,18,2026-07-30 17:30:00,1.0,Dang Kim Thuong,Inhouse 1,Dang Kim Thuong,Inhouse 1,Diem Quynh Advisor,9980000.0,False,False,,,,,,2026-08-07
2026-08,732804151539976,1,3307260592,Đến hạn,Normal,"1-20, idle<=90",2026-03-04,2026-03-04 19:09:25,12,11,2026-07-27 20:30:00,4.0,Le Hung Cuong,Inhouse 2,Mai Thi Lien,Inhouse 2,Tran Thu Ha,8880000.0,False,False,,,,,,2026-08-07
2026-08,746918887774472,2,3307280243,Đến hạn,Normal,"1-20, idle<=90",2026-05-22,2026-05-23 21:50:31,6,4,2026-07-30 21:30:00,1.0,Le Thi Thuy Van,Inhouse 2,Le Thi Thuy Van,Inhouse 2,Tran Thu Ha,12500000.0,False,False,,,,,,2026-08-07
2026-08,732106795217160,1,3307283461,Đến hạn,Normal,"1-20, idle<=90",2026-02-28,2026-02-28 19:35:34,8,6,2026-07-30 19:30:00,1.0,Le Thi Thuy Trang,Inhouse 1,Le Thi Thuy Trang,Inhouse 1,Ms Laura,9580000.0,True,True,TMP_3307283461_20260528,2026-05-28 00:00:00,8531250.0,GMV,88.0,2026-08-07
2026-08,732483719061762,1,3307287823,Đến hạn,Normal,"1-20, idle<=90",2026-03-02,2026-03-03 13:40:49,15,14,2026-07-31 20:00:00,0.0,Nguyen Kieu Trang,Inhouse 1,Nguyen Kieu Trang,Inhouse 1,Thao Chi Advisor,9380000.0,False,False,,,,,,2026-08-07
2026-08,733647407870210,1,3307305760,Đến hạn,Normal,"1-20, idle<=90",2026-03-02,2026-03-09 13:17:10,11,10,2026-07-31 18:00:00,0.0,Nguyen Nhu Ngoc,Inhouse 1,Nguyen Nhu Ngoc,Inhouse 1,Diem Quynh Advisor,8745000.0,False,False,,,,,,2026-08-07
2026-08,732120638017798,1,3307305951,Đến hạn,Normal,"1-20, idle<=90",2026-02-28,2026-02-28 21:07:41,14,13,2026-07-31 20:30:00,0.0,Pham Thi Tam Thuy,Inhouse 1,Le Thi Lan Anh,Inhouse 1,Ms Laura,9780000.0,False,False,,,,,,2026-08-07
2026-08,734882846218502,1,3307314378,Đến hạn,Normal,"1-20, idle<=90",2026-03-02,2026-03-16 12:10:50,18,17,2026-07-31 22:00:00,0.0,Pham Thi Tam Thuy,Inhouse 1,Le Thi Lan Anh,Inhouse 1,Diem Quynh Advisor,8800000.0,False,False,,,,,,2026-08-07
2026-08,750662896998662,2,3307318200,Đến hạn,Normal,"1-20, idle<=90",2026-06-13,2026-06-15 10:49:21,15,13,2026-07-30 11:00:00,1.0,Ta Thuy Van,Inhouse 1,Ta Thuy Van,Inhouse 1,Diem Quynh Advisor,4740000.0,False,False,,,,,,2026-08-07
2026-08,732081587456258,1,3307322455,Đến hạn,Normal,"1-20, idle<=90",2026-02-28,2026-03-02 20:27:29,17,15,2026-07-30 20:00:00,1.0,Le Minh Thanh,Ho Chi Minh,Le To Hai My,Inhouse 1,Dao Thi Hoang Yen,8745000.0,False,False,,,,,,2026-08-07
2026-08,732764944779522,1,3307341507,Đến hạn,Normal,"1-20, idle<=90",2026-01-30,2026-03-04 16:40:51,15,14,2026-07-30 17:30:00,1.0,Le Kim Chi,Inhouse 1,Le Kim Chi,Inhouse 1,Ruby Advisor,9010000.0,False,False,,,,,,2026-08-07
2026-08,732933037306114,1,3307345268,Đến hạn,Normal,"1-20, idle<=90",2026-03-04,2026-03-05 15:37:32,13,117,2026-07-30 22:00:00,1.0,Pham Thi Thao,Inhouse 1,Pham Thi Thao,Inhouse 1,Ms Laura,9080000.0,True,True,758988263244040,2026-07-30 00:00:00,16430000.0,GMV+REM,146.0,2026-08-07
2026-08,748730134124802,1,3307376955,Đến hạn,Normal,"1-20, idle<=90",2026-05-31,2026-06-04 10:52:32,10,9,2026-08-01 20:30:00,-1.0,Nguyen Nhu Ngoc,Inhouse 1,Nguyen Nhu Ngoc,Inhouse 1,Ellie Advisor,4420000.0,False,False,,,,,,2026-08-07
2026-08,732587459555592,1,3307382773,Đến hạn,Normal,"1-20, idle<=90",2026-03-02,2026-03-04 19:56:12,16,14,2026-07-29 19:30:00,2.0,Tran Thi Son,Inhouse 1,Tran Thi Son,Inhouse 1,Thao Chi Advisor,10080000.0,False,False,,,,,,2026-08-07
2026-08,746797502048518,1,3307389514,Đến hạn,Normal,"1-20, idle<=90",2026-05-22,2026-05-23 13:50:54,8,9,2026-07-31 21:30:00,0.0,Vu Ho Thanh Huong,Inhouse 2,Vu Ho Thanh Huong,Inhouse 2,Ms Jenny Advisor,4450000.0,False,False,,,,,,2026-08-07
2026-08,732950881810694,1,3307395439,Đến hạn,Normal,"1-20, idle<=90",2026-03-05,2026-03-08 00:17:34,15,13,2026-07-30 22:00:00,1.0,Le Thuy Nhung,Inhouse 1,Le Thuy Nhung,Inhouse 1,Ms Laura,9580000.0,False,False,,,,,,2026-08-07
2026-08,734178685481222,1,3307403644,Đến hạn,Normal,"1-20, idle<=90",2026-03-12,2026-03-12 11:26:31,19,17,2026-07-30 21:30:00,1.0,Nguyen Kieu Trang,Inhouse 1,Nguyen Kieu Trang,Inhouse 1,Ms Laura,9580000.0,False,False,,,,,,2026-08-07
2026-08,742698618757378,2,3307422443,Đến hạn,Normal,"1-20, idle<=90",2026-04-28,2026-05-05 18:59:22,17,15,2026-07-29 20:30:00,2.0,Kieu Lan Anh,Inhouse 2,Kieu Lan Anh,Inhouse 2,Tran Thu Ha,4160000.0,False,False,,,,,,2026-08-07
2026-08,733997621694726,1,3307430132,Đến hạn,Normal,"1-20, idle<=90",2026-03-09,2026-03-11 14:31:25,13,11,2026-07-30 21:00:00,1.0,Vu Thi Khanh Huyen,Inhouse 2,Vu Thi Khanh Huyen,Inhouse 2,Tran Thu Ha,9583200.0,False,False,,,,,,2026-08-07
2026-08,732946180608264,1,3307434567,Đến hạn,Normal,"1-20, idle<=90",2026-03-04,2026-03-05 20:06:24,8,8,2026-07-29 16:00:00,2.0,Le Hung Cuong,Inhouse 2,Vu Thi Khanh Huyen,Inhouse 2,Tran Thu Ha,10080000.0,False,False,,,,,,2026-08-07
2026-08,732817582027010,1,3307443002,Đến hạn,Normal,"1-20, idle<=90",2026-03-04,2026-03-04 21:09:18,6,4,2026-07-31 21:30:00,0.0,Le Hung Cuong,Inhouse 2,Nguyen Thi Thu Huyen,Inhouse 2,Tran Thu Ha,9080000.0,False,False,,,,,,2026-08-07
2026-08,733643853367558,1,3307446251,Đến hạn,Normal,"1-20, idle<=90",2026-03-07,2026-03-09 16:29:04,13,11,2026-07-30 19:30:00,1.0,Nguyen Phuong Thuy,Inhouse 1,Nguyen Phuong Thuy,Inhouse 1,Ellie Advisor,9580000.0,False,False,,,,,,2026-08-07
2026-08,733997453695234,1,3307463114,Đến hạn,Normal,"1-20, idle<=90",2026-03-09,2026-03-12 13:04:44,14,14,2026-07-31 22:00:00,0.0,Nguyen Thi Hai Yen,Inhouse 2,Nguyen Thi Hai Yen,Inhouse 2,Tran Thu Ha,9145500.0,False,False,,,,,,2026-08-07
2026-08,733644317552902,1,3307464577,Đến hạn,Normal,"1-20, idle<=90",2026-03-09,2026-03-09 11:00:23,17,17,2026-08-01 21:00:00,-1.0,Pham Thi Tam Thuy,Inhouse 1,Le Thi Lan Anh,Inhouse 1,Ms Laura,10080000.0,False,False,,,,,,2026-08-07
2026-08,758446172979458,2,3307472680,Đến hạn,Normal,"1-20, idle<=90",2026-07-24,2026-08-03 10:51:28,9,61,2026-08-01 16:00:00,-1.0,Le Thi Tuyet,Inhouse 1,Le Thi Tuyet,Inhouse 1,Diem Quynh Advisor,8887100.0,False,False,,,,,,2026-08-07
2026-08,733168840984834,1,3307479761,Đến hạn,Normal,"1-20, idle<=90",2026-03-06,2026-03-09 22:20:10,17,15,2026-07-30 09:00:00,1.0,Nguyen Thuy Trang,Inhouse 1,Nguyen Thuy Trang,Inhouse 1,Ellie Advisor,8780000.0,False,False,,,,,,2026-08-07
2026-08,734233685238018,1,3307480761,Đến hạn,Normal,"1-20, idle<=90",2026-03-12,2026-03-13 12:45:02,13,11,2026-07-31 10:30:00,0.0,Pham Thi Thao,Inhouse 1,Pham Thi Thao,Inhouse 1,Diem Quynh Advisor,9580000.0,False,False,,,,,,2026-08-07
2026-08,733830627121416,1,3307482734,Đến hạn,Normal,"1-20, idle<=90",2026-03-10,2026-03-10 12:27:42,13,12,2026-07-30 22:00:00,1.0,Kieu Thi Thu Quynh,Inhouse 1,Kieu Thi Thu Quynh,Inhouse 1,Ellie Advisor,10080000.0,True,True,TMP_3307482734_20260630,2026-06-30 00:00:00,8000000.0,GMV,111.0,2026-08-07
2026-08,733025962021126,1,3307486283,Đến hạn,Normal,"1-20, idle<=90",2026-03-05,2026-03-06 18:38:42,20,18,2026-07-29 19:00:00,2.0,Nguyen Thuy Trang,Inhouse 1,Nguyen Thuy Trang,Inhouse 1,Ruby Advisor,8750000.0,False,False,,,,,,2026-08-07
2026-08,733996475533574,1,3307496676,Đến hạn,Normal,"1-20, idle<=90",2026-03-11,2026-03-11 16:51:15,17,16,2026-07-31 21:00:00,0.0,Nguyen Thi Trang,Inhouse 2,Nguyen Thi Trang,Inhouse 2,Tran Thu Ha,8850000.0,False,False,,,,,,2026-08-07
2026-08,733872856310018,1,3307534016,Đến hạn,Normal,"1-20, idle<=90",2026-03-10,2026-03-10 21:05:57,19,18,2026-08-01 22:00:00,-1.0,Nguyen Thi Thao Ngoc,Inhouse 1,Nguyen Thi Thao Ngoc,Inhouse 1,Diem Quynh Advisor,10080000.0,False,False,,,,,,2026-08-07
2026-08,733814131384578,1,3307534877,Đến hạn,Normal,"1-20, idle<=90",2026-03-04,2026-03-10 10:51:56,14,13,2026-07-31 21:30:00,0.0,Hoang Thi Hong Tham,Offline Team HaNoi,Hoang Thi Hong Tham,Offline Team HaNoi,Tran Thu Ha,8500000.0,False,False,,,,,,2026-08-07
2026-08,733316840368386,1,3307545894,Đến hạn,Normal,"1-20, idle<=90",2026-03-06,2026-03-08 16:39:40,11,9,2026-07-28 21:00:00,3.0,Bui Lam Linh,Inhouse 1,Bui Lam Linh,Inhouse 1,Ellie Advisor,9080000.0,False,False,,,,,,2026-08-07
2026-08,733643105431810,1,3307546674,Đến hạn,Normal,"1-20, idle<=90",2026-03-08,2026-03-09 17:50:45,16,12,2026-08-01 09:30:00,-1.0,Pham Thi Thao,Inhouse 1,Pham Thi Thao,Inhouse 1,Ms Laura,9080000.0,False,False,,,,,,2026-08-07
2026-08,732966035296520,1,3307547836,Đến hạn,Normal,"1-20, idle<=90",2026-03-05,2026-03-06 23:30:26,7,5,2026-07-28 10:00:00,3.0,Le To Hai My,Inhouse 1,Le To Hai My,Inhouse 1,Le To Hai My,9580000.0,False,False,,,,,,2026-08-07
2026-08,733152293697800,1,3307551406,Đến hạn,Normal,"1-20, idle<=90",2026-03-06,2026-03-09 19:20:16,18,14,2026-08-01 21:00:00,-1.0,Chang Thi Thanh Binh,Ho Chi Minh,Nina,Inhouse 1,Dao Thi Hoang Yen,9275000.0,False,False,,,,,,2026-08-07
2026-08,736708729559298,1,3307573082,Đến hạn,Normal,"1-20, idle<=90",2026-03-26,2026-03-26 18:32:50,17,15,2026-07-30 21:00:00,1.0,Nguyen Nhu Ngoc,Inhouse 1,Nguyen Nhu Ngoc,Inhouse 1,Ellie Advisor,9080000.0,False,False,,,,,,2026-08-07
2026-08,733656383258886,1,3307573307,Đến hạn,Normal,"1-20, idle<=90",2026-03-09,2026-03-09 21:34:10,11,10,2026-07-31 21:00:00,0.0,Le To Hai My,Inhouse 1,Le To Hai My,Inhouse 1,Ruby Advisor,9580000.0,False,False,,,,,,2026-08-07
2026-08,750663117375752,2,3307589940,Đến hạn,Normal,"1-20, idle<=90",2026-06-13,2026-06-15 10:50:09,14,13,2026-07-29 15:00:00,2.0,Le Kim Chi,Inhouse 1,Ta Thuy Van,Inhouse 1,Diem Quynh Advisor,4740000.0,False,False,,,,,,2026-08-07
2026-08,733996805984518,1,3307600687,Đến hạn,Normal,"1-20, idle<=90",2026-03-10,2026-03-11 10:52:30,13,11,2026-07-29 20:00:00,2.0,Le Hung Cuong,Inhouse 2,Vu Cam Ly,Inhouse 2,Tran Thu Ha,9080000.0,False,False,,,,,,2026-08-07
2026-08,735409204371718,1,3307610742,Đến hạn,Normal,"1-20, idle<=90",2026-03-18,2026-03-19 10:48:03,15,14,2026-07-31 19:00:00,0.0,Vu Cam Ly,Inhouse 2,Vu Cam Ly,Inhouse 2,Ms Jenny Advisor,9080000.0,False,False,,,,,,2026-08-07
2026-08,733642239056136,1,3307614840,Đến hạn,Normal,"1-20, idle<=90",2026-03-06,2026-03-10 12:57:25,18,69,2026-07-30 19:00:00,1.0,Le Thi Lan Anh,Inhouse 1,Le Thi Lan Anh,Inhouse 1,Diem Quynh Advisor,9380000.0,True,True,751573142362370,2026-05-31 00:00:00,8480000.0,GMV+REM,81.0,2026-08-07
2026-08,733995480029446,1,3307628769,Đến hạn,Normal,"1-20, idle<=90",2026-03-11,2026-03-11 16:52:30,19,19,2026-07-30 20:30:00,1.0,Nguyen Thi Trang,Inhouse 2,Nguyen Thi Trang,Inhouse 2,Tran Thu Ha,9850000.0,False,False,,,,,,2026-08-07
2026-08,733637542052098,1,3307640270,Đến hạn,Normal,"1-20, idle<=90",2026-03-07,2026-03-09 10:07:56,9,113,2026-07-30 12:00:00,1.0,Cao Thi Lua,Inhouse 1,Cao Thi Lua,Inhouse 1,Diem Quynh Advisor,9080000.0,True,True,759730742419714,2026-08-03 00:00:00,15900000.0,GMV+REM,146.0,2026-08-07
2026-08,734353218859266,1,3307640866,Đến hạn,Normal,"1-20, idle<=90",2026-03-13,2026-03-13 11:08:32,5,3,2026-07-31 18:30:00,0.0,Le Thi Tuyet,Inhouse 1,Le Thi Tuyet,Inhouse 1,Ruby Advisor,26300000.0,False,False,,,,,,2026-08-07
2026-08,733997834150152,1,3307642181,Đến hạn,Normal,"1-20, idle<=90",2026-03-10,2026-03-11 12:43:52,13,119,2026-07-26 10:00:00,5.0,Dang Kim Thuong,Inhouse 1,Dang Kim Thuong,Inhouse 1,Thao Chi Advisor,9410000.0,True,True,743743567132936,2026-04-29 00:00:00,16520000.0,GMV+REM,48.0,2026-08-07
2026-08,733659200672002,1,3307683649,Đến hạn,Normal,"1-20, idle<=90",2026-03-09,2026-03-09 19:31:40,13,118,2026-08-01 19:00:00,-1.0,Luu Thi Hoang Ngan,Inhouse 1,Luu Thi Hoang Ngan,Inhouse 1,Diem Quynh Advisor,9580000.0,True,True,759139816331526,2026-07-31 00:00:00,16430000.0,GMV+REM,143.0,2026-08-07
2026-08,735052334393608,1,3307688820,Đến hạn,Normal,"1-20, idle<=90",2026-03-12,2026-03-17 17:39:02,16,15,2026-08-01 22:00:00,-1.0,Dang Kim Thuong,Inhouse 1,Dang Kim Thuong,Inhouse 1,Ellie Advisor,9410000.0,False,False,,,,,,2026-08-07
2026-08,734385871524098,1,3307693536,Đến hạn,Normal,"1-20, idle<=90",2026-03-13,2026-03-13 17:08:28,20,44,2026-07-30 21:30:00,1.0,Le Kim Chi,Inhouse 1,Le Kim Chi,Inhouse 1,Thao Chi Advisor,9275000.0,True,True,734398622372102,2026-03-15 16:19:11,4740000.0,REM,1.0,2026-08-07
2026-08,754512215857410,2,3307703078,Đến hạn,Normal,"1-20, idle<=90",2026-05-31,2026-07-05 09:16:50,19,18,2026-07-29 20:00:00,2.0,Bui Lam Linh,Inhouse 1,Bui Lam Linh,Inhouse 1,Thao Chi Advisor,4940000.0,False,False,,,,,,2026-08-07
2026-08,734613503357192,1,3307705707,Đến hạn,Normal,"1-20, idle<=90",2026-03-14,2026-03-16 17:04:38,14,14,2026-07-31 21:00:00,0.0,Nguyen Thuy Trang,Inhouse 1,Nguyen Thuy Trang,Inhouse 1,Thao Chi Advisor,9080000.0,False,False,,,,,,2026-08-07
2026-08,735770080065798,1,3307729719,Đến hạn,Normal,"1-20, idle<=90",2026-03-20,2026-03-21 11:33:32,16,67,2026-07-30 21:30:00,1.0,Luu Thi Hoang Ngan,Inhouse 1,Luu Thi Hoang Ngan,Inhouse 1,Diem Quynh Advisor,9080000.0,True,True,759184270643462,2026-07-31 00:00:00,8215000.0,GMV+REM,131.0,2026-08-07
2026-08,733902508869896,1,3307749728,Đến hạn,Normal,"1-20, idle<=90",2026-03-10,2026-03-10 21:55:34,13,11,2026-07-29 21:30:00,2.0,Pham Thi Thao,Inhouse 1,Pham Thi Thao,Inhouse 1,Ruby Advisor,9580000.0,False,False,,,,,,2026-08-07
2026-08,750151309639942,2,3307764556,Đến hạn,Normal,"1-20, idle<=90",2026-06-10,2026-06-11 13:56:53,14,13,2026-07-31 14:30:00,0.0,Do Thi Tuyet Nhung,Inhouse 1,Do Thi Tuyet Nhung,Inhouse 1,Thao Chi Advisor,4740000.0,False,False,,,,,,2026-08-07
2026-08,735131765451014,1,3307772791,Đến hạn,Normal,"1-20, idle<=90",2026-03-17,2026-03-18 12:56:30,19,17,2026-07-31 12:30:00,0.0,Bui Lam Linh,Inhouse 1,Bui Lam Linh,Inhouse 1,Thao Chi Advisor,9480000.0,False,False,,,,,,2026-08-07
2026-08,748153096536326,1,3307778687,Đến hạn,Normal,"1-20, idle<=90",2026-04-17,2026-05-30 11:02:02,10,8,2026-07-29 21:00:00,2.0,Nguyen Thuy Trang,Inhouse 1,Nguyen Thuy Trang,Inhouse 1,Ms Jenny Advisor,4740000.0,False,False,,,,,,2026-08-07
2026-08,734362832949510,1,3307812127,Đến hạn,Normal,"1-20, idle<=90",2026-03-13,2026-03-13 13:24:10,14,13,2026-07-31 19:00:00,0.0,Kieu Lan Anh,Inhouse 2,Kieu Lan Anh,Inhouse 2,Tran Thu Ha,9050000.0,False,False,,,,,,2026-08-07
2026-08,734208557263112,1,3307820525,Đến hạn,Normal,"1-20, idle<=90",2026-03-12,2026-03-12 18:50:06,17,15,2026-07-28 20:00:00,3.0,Le Thi Thuy Trang,Inhouse 1,Le Thi Thuy Trang,Inhouse 1,Ellie Advisor,10080000.0,False,False,,,,,,2026-08-07
2026-08,734895235977474,1,3307831234,Đến hạn,Normal,"1-20, idle<=90",2026-03-13,2026-03-18 12:00:53,16,16,2026-07-31 21:30:00,0.0,Nguyen Nhu Ngoc,Inhouse 1,Nguyen Nhu Ngoc,Inhouse 1,Diem Quynh Advisor,10080000.0,False,False,,,,,,2026-08-07
2026-08,734347388506374,1,3307834921,Đến hạn,Normal,"1-20, idle<=90",2026-03-13,2026-03-13 10:22:13,12,11,2026-08-01 21:00:00,-1.0,Le To Hai My,Inhouse 1,Le To Hai My,Inhouse 1,Ellie Advisor,9380000.0,False,False,,,,,,2026-08-07
2026-08,733882352052482,1,3307835373,Đến hạn,Normal,"1-20, idle<=90",2026-03-10,2026-03-10 19:55:23,10,9,2026-07-31 21:30:00,0.0,Vu Cam Ly,Inhouse 2,Vu Cam Ly,Inhouse 2,Tran Thu Ha,9850000.0,False,False,,,,,,2026-08-07
2026-08,734071062939910,1,3307835988,Đến hạn,Normal,"1-20, idle<=90",2026-03-11,2026-03-12 18:00:38,18,123,2026-07-30 18:30:00,1.0,Dao Ngoc Lan Anh,Inhouse 1,Bui Thi Hong Van,Inhouse 1,Thao Chi Advisor,10080000.0,True,True,753849602552072,2026-06-30 00:00:00,16450000.0,GMV+REM,109.0,2026-08-07
2026-08,734785982601480,1,3307837265,Đến hạn,Normal,"1-20, idle<=90",2026-03-12,2026-03-16 12:48:00,20,20,2026-07-28 18:00:00,3.0,Nguyen Phuong Thao,Inhouse 2,Vu Cam Ly,Inhouse 2,Tran Thu Ha,9275000.0,False,False,,,,,,2026-08-07
2026-08,733833575807234,1,3308442479,Đến hạn,Normal,"1-20, idle<=90",2026-03-09,2026-03-10 12:40:06,16,14,2026-07-30 20:00:00,1.0,Tran Thi Thaoo,Inhouse 1,Kieu Thi Thu Quynh,Inhouse 1,Diem Quynh Advisor,10080000.0,False,False,,,,,,2026-08-07
2026-08,750994365974786,2,3308444081,Đến hạn,Normal,"1-20, idle<=90",2026-06-03,2026-06-16 20:38:17,14,13,2026-07-31 21:30:00,0.0,Le Kim Chi,Inhouse 1,Le Kim Chi,Inhouse 1,Thao Chi Advisor,4290000.0,False,False,,,,,,2026-08-07
2026-08,734170881702152,1,3308459102,Đến hạn,Normal,"1-20, idle<=90",2026-03-12,2026-03-12 10:23:41,15,14,2026-07-31 11:30:00,0.0,Nguyen Thi Thao Ngoc,Inhouse 1,Nguyen Thi Thao Ngoc,Inhouse 1,Diem Quynh Advisor,9580000.0,False,False,,,,,,2026-08-07
2026-08,734232580393218,1,3308461093,Đến hạn,Normal,"1-20, idle<=90",2026-03-12,2026-03-13 10:56:41,13,13,2026-07-31 20:00:00,0.0,Dao Ngoc Lan Anh,Inhouse 1,Bui Thi Hong Van,Inhouse 1,Ms Laura,9080000.0,False,False,,,,,,2026-08-07
2026-08,734927235682566,1,3308496868,Đến hạn,Normal,"1-20, idle<=90",2026-03-16,2026-03-16 20:29:34,13,12,2026-07-31 20:30:00,0.0,Nguyen Thi Trang,Inhouse 2,Nguyen Thi Trang,Inhouse 2,Tran Thu Ha,9010000.0,False,False,,,,,,2026-08-07
2026-08,734940659761416,1,3308497919,Đến hạn,Normal,"1-20, idle<=90",2026-03-16,2026-03-16 18:49:09,15,14,2026-07-29 22:00:00,2.0,Le Thi Thuy Trang,Inhouse 1,Le Thi Thuy Trang,Inhouse 1,Diem Quynh Advisor,9080000.0,False,False,,,,,,2026-08-07
2026-08,734442387976450,1,3308502093,Đến hạn,Normal,"1-20, idle<=90",2026-03-13,2026-03-14 16:43:24,13,8,2026-07-29 12:00:00,2.0,Le Thuy Quynh,Inhouse 2,Nguyen Thi Trang,Inhouse 2,Tran Thu Ha,9280000.0,False,False,,,,,,2026-08-07
2026-08,734541300953346,1,3308512107,Đến hạn,Normal,"1-20, idle<=90",2026-03-13,2026-03-16 15:12:54,9,7,2026-07-31 19:30:00,0.0,Le Thi Lan Anh,Inhouse 1,Le Thi Lan Anh,Inhouse 1,Diem Quynh Advisor,9500000.0,False,False,,,,,,2026-08-07
2026-08,747663282770182,2,3308517227,Đến hạn,Normal,"1-20, idle<=90",2026-05-27,2026-05-27 18:37:29,5,4,2026-07-31 20:30:00,0.0,Le Thi Lan Anh,Inhouse 1,Le Thi Lan Anh,Inhouse 1,Diem Quynh Advisor,8580000.0,False,False,,,,,,2026-08-07
2026-08,736360691597570,1,3308521547,Đến hạn,Normal,"1-20, idle<=90",2026-03-24,2026-03-25 15:28:11,19,16,2026-07-30 21:30:00,1.0,Le Thi Lan Anh,Inhouse 1,Le Thi Lan Anh,Inhouse 1,Thao Chi Advisor,9580000.0,False,False,,,,,,2026-08-07
2026-08,734405112434952,1,3308577476,Đến hạn,Normal,"1-20, idle<=90",2026-03-13,2026-03-16 17:41:47,15,14,2026-08-01 20:00:00,-1.0,Dang Kim Thuong,Inhouse 1,Dang Kim Thuong,Inhouse 1,Ruby Advisor,10080000.0,False,False,,,,,,2026-08-07
2026-08,734941220038918,1,3308577629,Đến hạn,Normal,"1-20, idle<=90",2026-03-16,2026-03-16 19:31:15,17,15,2026-07-31 20:00:00,0.0,Vu Cam Ly,Inhouse 2,Vu Cam Ly,Inhouse 2,Tran Thu Ha,9050000.0,False,False,,,,,,2026-08-07
2026-08,749989628956934,1,3308578104,Đến hạn,Normal,"1-20, idle<=90",2026-06-09,2026-06-11 10:07:16,11,10,2026-07-31 21:00:00,0.0,Mai Thi Lien,Inhouse 2,Mai Thi Lien,Inhouse 2,Ms Jenny Advisor,4550000.0,False,False,,,,,,2026-08-07
2026-08,739354980272390,1,3308587065,Đến hạn,Normal,"1-20, idle<=90",2026-04-10,2026-04-11 11:56:57,19,18,2026-07-29 17:00:00,2.0,Pham Thi Thao,Inhouse 1,Pham Thi Thao,Inhouse 1,Diem Quynh Advisor,10080000.0,False,False,,,,,,2026-08-07
2026-08,734906500380936,1,3308594662,Đến hạn,Normal,"1-20, idle<=90",2026-03-14,2026-03-18 19:25:56,20,19,2026-07-30 22:00:00,1.0,Nguyen Thi Hang Nga,Inhouse 1,Nguyen Thi Hang Nga,Inhouse 1,Diem Quynh Advisor,9580000.0,False,False,,,,,,2026-08-07
2026-08,734878992920838,1,3308614312,Đến hạn,Normal,"1-20, idle<=90",2026-03-15,2026-03-16 18:34:24,18,16,2026-07-29 21:00:00,2.0,Nguyen Thi Thuy Trang,Inhouse 2,Mai Thi Lien,Inhouse 2,Tran Thu Ha,9275000.0,False,False,,,,,,2026-08-07
2026-08,735591917605126,1,3308641822,Đến hạn,Normal,"1-20, idle<=90",2026-03-20,2026-03-20 11:13:59,19,17,2026-07-30 20:30:00,1.0,Le To Hai My,Inhouse 1,Le To Hai My,Inhouse 1,Diem Quynh Advisor,9080000.0,False,False,,,,,,2026-08-07
2026-08,734354516424968,1,3308643794,Đến hạn,Normal,"1-20, idle<=90",2026-03-13,2026-03-13 15:13:11,6,4,2026-07-31 19:00:00,0.0,Le Thi Tuyet,Inhouse 1,Le Thi Tuyet,Inhouse 1,Ruby Advisor,10080000.0,False,False,,,,,,2026-08-07
2026-08,734613336897800,1,3308644532,Đến hạn,Normal,"1-20, idle<=90",2026-03-14,2026-03-14 22:35:52,20,20,2026-08-01 10:30:00,-1.0,Do Thi Tuyet Nhung,Inhouse 1,Do Thi Tuyet Nhung,Inhouse 1,Ruby Advisor,9580000.0,False,False,,,,,,2026-08-07
2026-08,735414922230022,1,3308645332,Đến hạn,Normal,"1-20, idle<=90",2026-03-18,2026-03-19 21:47:13,16,15,2026-08-01 22:30:00,-1.0,Nguyen Kieu Trang,Inhouse 1,Nguyen Kieu Trang,Inhouse 1,Thao Chi Advisor,9580000.0,False,False,,,,,,2026-08-07
2026-08,752443751377154,2,3308658986,Đến hạn,Normal,"1-20, idle<=90",2026-06-23,2026-06-29 19:49:52,17,16,2026-07-31 21:00:00,0.0,Tran Thi Son,Inhouse 1,Tran Thi Son,Inhouse 1,Ms Laura,4290000.0,False,False,,,,,,2026-08-07
2026-08,736657327556872,1,3308700085,Đến hạn,Normal,"1-20, idle<=90",2026-03-26,2026-03-27 18:42:23,18,16,2026-07-30 18:00:00,1.0,Le Thi Tuyet,Inhouse 1,Le Thi Tuyet,Inhouse 1,Ruby Advisor,10080000.0,False,False,,,,,,2026-08-07
2026-08,736642547206406,1,3308700243,Đến hạn,Normal,"1-20, idle<=90",2026-03-25,2026-03-27 11:24:18,17,17,2026-08-01 15:30:00,-1.0,Do Thi Tuyet Nhung,Inhouse 1,Do Thi Tuyet Nhung,Inhouse 1,Thao Chi Advisor,9410000.0,False,False,,,,,,2026-08-07
2026-08,735286382213382,1,3308702204,Đến hạn,Normal,"1-20, idle<=90",2026-03-17,2026-03-18 17:45:55,17,16,2026-07-28 20:30:00,3.0,Nguyen Nhu Ngoc,Inhouse 1,Nguyen Nhu Ngoc,Inhouse 1,Thao Chi Advisor,9048000.0,False,False,,,,,,2026-08-07
2026-08,735647774257416,1,3308707419,Đến hạn,Normal,"1-20, idle<=90",2026-03-20,2026-03-21 16:47:51,18,16,2026-07-30 21:00:00,1.0,Le Hung Cuong,Inhouse 2,Vu Ho Thanh Huong,Inhouse 2,Tran Thu Ha,10080000.0,False,False,,,,,,2026-08-07
2026-08,734939993979138,1,3308713066,Đến hạn,Normal,"1-20, idle<=90",2026-03-16,2026-03-16 20:47:13,19,19,2026-08-01 21:00:00,-1.0,Do Thi Tuyet Nhung,Inhouse 1,Do Thi Tuyet Nhung,Inhouse 1,Ruby Advisor,9580000.0,False,False,,,,,,2026-08-07
2026-08,735306174298370,1,3308713271,Đến hạn,Normal,"1-20, idle<=90",2026-03-18,2026-03-19 13:28:18,13,13,2026-08-01 17:30:00,-1.0,Mai Thi Lien,Inhouse 2,Mai Thi Lien,Inhouse 2,Tran Thu Ha,10080000.0,False,False,,,,,,2026-08-07
2026-08,752790967476482,1,3308728072,Đến hạn,Normal,"1-20, idle<=90",2026-04-26,2026-06-26 13:45:38,15,13,2026-07-30 20:30:00,1.0,Nguyen Thi Hang Nga,Inhouse 1,Nguyen Thi Hang Nga,Inhouse 1,Ms Jenny Advisor,4440000.0,False,False,,,,,,2026-08-07
2026-08,741457517848834,1,3308728135,Đến hạn,Frozen,"1-20, idle<=90",2026-04-22,2026-04-22 16:10:42,19,19,2026-05-12 21:00:00,80.0,Vu Ho Thanh Huong,Inhouse 2,Vu Ho Thanh Huong,Inhouse 2,Ms Jenny Advisor,4450000.0,False,False,,,,,,2026-08-07
2026-08,735453776685314,1,3308759846,Đến hạn,Normal,"1-20, idle<=90",2026-03-16,2026-03-20 11:51:49,16,16,2026-08-01 16:00:00,-1.0,Tran Thi Son,Inhouse 1,Tran Thi Son,Inhouse 1,Ruby Advisor,9080000.0,False,False,,,,,,2026-08-07
2026-08,735818790283522,1,3308805751,Đến hạn,Normal,"1-20, idle<=90",2026-03-21,2026-03-21 21:59:16,17,16,2026-08-01 10:30:00,-1.0,Vu Ho Thanh Huong,Inhouse 2,Vu Ho Thanh Huong,Inhouse 2,Tran Thu Ha,9850000.0,True,True,TMP_3308805751_20260731,2026-07-31 00:00:00,8600000.0,GMV,131.0,2026-08-07
2026-08,736345399185670,1,3308805776,Đến hạn,Normal,"1-20, idle<=90",2026-03-24,2026-03-26 14:58:06,14,65,2026-08-01 20:00:00,-1.0,Luu Thi Hoang Ngan,Inhouse 1,Luu Thi Hoang Ngan,Inhouse 1,Diem Quynh Advisor,9580000.0,True,True,755237819396358,2026-05-26 00:00:00,8410000.0,GMV+REM,60.0,2026-08-07
2026-08,736120433473800,1,3308811476,Đến hạn,Normal,"1-20, idle<=90",2026-03-19,2026-03-23 12:38:07,18,17,2026-07-29 17:00:00,2.0,Nguyen Thi Trang,Inhouse 2,Nguyen Thi Trang,Inhouse 2,Tran Thu Ha,9850000.0,False,False,,,,,,2026-08-07
2026-08,736031041104134,1,3308815783,Đến hạn,Normal,"1-20, idle<=90",2026-03-20,2026-03-23 09:00:44,20,18,2026-07-30 21:00:00,1.0,Vu Thi Khanh Huyen,Inhouse 2,Vu Thi Khanh Huyen,Inhouse 2,Tran Thu Ha,9580000.0,True,True,TMP_3308815783_20260529,2026-05-29 00:00:00,8600000.0,GMV,66.0,2026-08-07
2026-08,735423983599878,1,3308871072,Đến hạn,Normal,"1-20, idle<=90",,2026-03-19 17:27:01,19,18,2026-07-31 21:30:00,0.0,Nguyen Thi Hang Nga,Inhouse 1,Nguyen Thi Hang Nga,Inhouse 1,Ms Jenny Advisor,10080000.0,False,False,,,,,,2026-08-07
2026-08,736359718457608,1,3308873921,Đến hạn,Normal,"1-20, idle<=90",2026-03-23,2026-03-27 14:48:40,10,9,2026-07-30 14:30:00,1.0,Dang Kim Thuong,Inhouse 1,Dang Kim Thuong,Inhouse 1,Diem Quynh Advisor,9080000.0,True,True,TMP_3308873921_20260630,2026-06-30 00:00:00,24850000.0,GMV,94.0,2026-08-07
2026-08,736705186629890,1,3308875037,Đến hạn,Normal,"1-20, idle<=90",2026-03-26,2026-03-26 18:18:33,17,16,2026-07-31 20:00:00,0.0,Nguyen Thi Trang,Inhouse 2,Nguyen Thi Trang,Inhouse 2,Tran Thu Ha,9010000.0,False,False,,,,,,2026-08-07
2026-08,735424244769032,1,3308876070,Đến hạn,Normal,"1-20, idle<=90",2026-03-19,2026-03-19 16:30:06,19,18,2026-07-31 21:00:00,0.0,Nguyen Thi Hang Nga,Inhouse 1,Nguyen Thi Hang Nga,Inhouse 1,Ms Jenny Advisor,10080000.0,False,False,,,,,,2026-08-07
2026-08,736643692701958,1,3308916729,Đến hạn,Normal,"1-20, idle<=90",2026-03-25,2026-03-26 17:33:57,14,12,2026-07-31 16:30:00,0.0,Vu Thuy Huong,Offline Team HaNoi,Vu Thuy Huong,Offline Team HaNoi,Tran Thu Ha,9300000.0,False,False,,,,,,2026-08-07
2026-08,740255650992392,1,3308922451,Đến hạn,Normal,"1-20, idle<=90",2026-04-15,2026-04-15 19:49:17,20,18,2026-08-01 12:00:00,-1.0,Le Kim Chi,Inhouse 1,Le Kim Chi,Inhouse 1,Ms Jenny Advisor,10080000.0,False,False,,,,,,2026-08-07
2026-08,746567591008520,2,3308927957,Đến hạn,Normal,"1-20, idle<=90",2026-05-21,2026-05-26 17:00:08,17,16,2026-08-01 20:30:00,-1.0,Le Thi Thuy Trang,Inhouse 1,Le Thi Thuy Trang,Inhouse 1,Diem Quynh Advisor,4500000.0,False,False,,,,,,2026-08-07
2026-08,736182098198792,1,3308935173,Đến hạn,Normal,"1-20, idle<=90",2026-03-20,2026-03-24 15:06:32,20,18,2026-07-30 21:00:00,1.0,Nguyen Linh Chi,Inhouse 1,Ho Thi Thanh,Inhouse 1,Diem Quynh Advisor,9280000.0,False,False,,,,,,2026-08-07
2026-08,753521741957382,1,3308941021,Đến hạn,Normal,"1-20, idle<=90",2026-05-08,2026-06-30 19:04:50,18,17,2026-07-30 12:00:00,1.0,Vu Thi Tuyet Trinh,Inhouse 1,Vu Thi Tuyet Trinh,Inhouse 1,Ms Jenny Advisor,4520400.0,False,False,,,,,,2026-08-07
2026-08,735649391857928,1,3308950038,Đến hạn,Normal,"1-20, idle<=90",2026-03-20,2026-03-20 21:19:42,20,20,2026-07-18 21:30:00,13.0,Ho Thi Thanh,Inhouse 1,Ho Thi Thanh,Inhouse 1,Ms Laura,25250000.0,False,False,,,,,,2026-08-07
2026-08,753822458044674,1,3308983157,Đến hạn,Normal,"1-20, idle<=90",2026-05-08,2026-07-03 13:32:40,17,16,2026-07-30 12:00:00,1.0,Vu Thi Tuyet Trinh,Inhouse 1,Vu Thi Tuyet Trinh,Inhouse 1,Ms Jenny Advisor,4680000.0,False,False,,,,,,2026-08-07
2026-08,738103548651778,1,3309001182,Đến hạn,Normal,"1-20, idle<=90",2026-04-03,2026-04-03 16:18:40,7,5,2026-07-31 18:00:00,0.0,Pham Thi Thao,Inhouse 1,Pham Thi Thao,Inhouse 1,Diem Quynh Advisor,9500000.0,False,False,,,,,,2026-08-07
2026-08,735824652144904,1,3309008819,Đến hạn,Normal,"1-20, idle<=90",2026-03-21,2026-03-25 18:54:39,20,19,2026-07-30 19:30:00,1.0,Le Thi Thuy Van,Inhouse 2,Le Thi Thuy Van,Inhouse 2,Tran Thu Ha,10680000.0,False,False,,,,,,2026-08-07
2026-08,751561073154310,2,3309025116,Đến hạn,Normal,"1-20, idle<=90",2026-06-18,2026-06-18 17:17:07,20,19,2026-07-30 21:00:00,1.0,Nguyen Thuy Trang,Inhouse 1,Nguyen Thuy Trang,Inhouse 1,Thao Chi Advisor,4540000.0,False,False,,,,,,2026-08-07
2026-08,736336323819778,1,3309047442,Đến hạn,Normal,"1-20, idle<=90",2026-03-21,2026-03-24 19:08:15,19,17,2026-07-30 18:00:00,1.0,To Thi Ha,Inhouse 2,Vu Ho Thanh Huong,Inhouse 2,Tran Thu Ha,9580000.0,False,False,,,,,,2026-08-07
2026-08,736181725282568,1,3309064549,Đến hạn,Normal,"1-20, idle<=90",2026-03-23,2026-03-23 19:41:00,15,66,2026-08-01 19:30:00,-1.0,Kieu Thi Thu Quynh,Inhouse 1,Kieu Thi Thu Quynh,Inhouse 1,Diem Quynh Advisor,9410000.0,True,True,739187144110344,2026-04-09 00:00:00,9410000.0,GMV+REM,16.0,2026-08-07
2026-08,736285029445896,1,3309083892,Đến hạn,Normal,"1-20, idle<=90",2026-03-24,2026-03-24 12:37:53,17,16,2026-07-31 10:00:00,0.0,Le Thi Thuy Trang,Inhouse 1,Le Thi Thuy Trang,Inhouse 1,Thao Chi Advisor,10080000.0,False,False,,,,,,2026-08-07
2026-08,736472555858184,1,3309089011,Đến hạn,Frozen,"1-20, idle<=90",2026-03-24,2026-03-25 17:25:44,19,19,2026-05-23 21:00:00,69.0,Dang Kim Thuong,Inhouse 1,Dang Kim Thuong,Inhouse 1,Diem Quynh Advisor,26300000.0,False,False,,,,,,2026-08-07
2026-08,746435003769094,1,3309104035,Đến hạn,Normal,"1-20, idle<=90",2026-03-26,2026-05-20 18:14:27,7,7,2026-08-01 20:00:00,-1.0,Lai Ngoc Thuy Linh,Ho Chi Minh,Lai Ngoc Thuy Linh,Ho Chi Minh,Dao Thi Hoang Yen,4550000.0,False,False,,,,,,2026-08-07
2026-08,737076706949378,1,3309112230,Đến hạn,Normal,"1-20, idle<=90",2026-03-25,2026-03-28 20:53:25,19,124,2026-08-01 21:00:00,-1.0,Kieu Lan Anh,Inhouse 2,Kieu Lan Anh,Inhouse 2,Tran Thu Ha,9280000.0,True,True,753184633604360,2026-06-27 00:00:00,16550000.0,GMV+REM,90.0,2026-08-07
2026-08,737395916497158,1,3309120790,Đến hạn,Normal,"1-20, idle<=90",2026-03-30,2026-03-30 18:29:54,13,12,2026-07-30 21:00:00,1.0,Vu Thi Khanh Huyen,Inhouse 2,Vu Thi Khanh Huyen,Inhouse 2,Ms Jenny Advisor,9580000.0,False,False,,,,,,2026-08-07
2026-08,736883563575560,1,3309143391,Đến hạn,Normal,"1-20, idle<=90",2026-03-27,2026-03-30 20:28:54,20,18,2026-07-29 21:30:00,2.0,Tran Thi Son,Inhouse 1,Tran Thi Son,Inhouse 1,Thao Chi Advisor,9080000.0,False,False,,,,,,2026-08-07
2026-08,737886825117960,1,3309146195,Đến hạn,Normal,"1-20, idle<=90",2026-03-31,2026-04-03 11:33:16,19,18,2026-07-31 20:30:00,0.0,To Thi Ha,Inhouse 2,Mai Thi Lien,Inhouse 2,Ms Jenny Advisor,9583200.0,False,False,,,,,,2026-08-07
2026-08,737363600978178,1,3309150475,Đến hạn,Normal,"1-20, idle<=90",2026-03-30,2026-03-31 22:12:29,15,13,2026-07-30 11:00:00,1.0,Le Hung Cuong,Inhouse 2,Nguyen Thi Hai Yen,Inhouse 2,Tran Thu Ha,9540000.0,False,False,,,,,,2026-08-07
2026-08,736866020729094,1,3309170932,Đến hạn,Normal,"1-20, idle<=90",2026-03-27,2026-03-27 18:10:17,17,15,2026-07-29 21:00:00,2.0,Dao Ngoc Lan Anh,Inhouse 1,Bui Thi Hong Van,Inhouse 1,Diem Quynh Advisor,10080000.0,False,False,,,,,,2026-08-07
2026-08,753989099692296,2,3309173656,Đến hạn,Normal,"1-20, idle<=90",2026-06-30,2026-07-02 11:46:01,16,15,2026-07-31 21:30:00,0.0,Ta Thi Thu Phuong,Inhouse 2,Ta Thi Thu Phuong,Inhouse 2,Tran Thu Ha,4750000.0,False,False,,,,,,2026-08-07
2026-08,737255352604934,1,3309182505,Đến hạn,Normal,"1-20, idle<=90",2026-03-28,2026-03-29 20:47:40,18,17,2026-07-31 10:30:00,0.0,Bui Lam Linh,Inhouse 1,Bui Lam Linh,Inhouse 1,Thao Chi Advisor,8745000.0,False,False,,,,,,2026-08-07
2026-08,753184076335362,2,3309193204,Đến hạn,Normal,"1-20, idle<=90",2026-06-27,2026-06-28 17:44:41,17,16,2026-08-01 21:00:00,-1.0,Le Kim Chi,Inhouse 1,Le Kim Chi,Inhouse 1,Thao Chi Advisor,4420000.0,False,False,,,,,,2026-08-07
2026-08,748732351707398,1,3309200619,Đến hạn,Normal,"1-20, idle<=90",2026-04-16,2026-06-04 14:34:10,5,3,2026-07-27 20:00:00,4.0,Nguyen Nhu Ngoc,Inhouse 1,Nguyen Nhu Ngoc,Inhouse 1,Dao Thi Hoang Yen,4550000.0,False,False,,,,,,2026-08-07
2026-08,736480203305222,1,3309200904,Đến hạn,Normal,"1-20, idle<=90",2026-03-25,2026-03-25 13:43:06,18,16,2026-07-30 19:00:00,1.0,Kieu Lan Anh,Inhouse 2,Kieu Lan Anh,Inhouse 2,Tran Thu Ha,9580000.0,False,False,,,,,,2026-08-07
2026-08,736710786588936,1,3309226516,Đến hạn,Normal,"1-20, idle<=90",2026-03-26,2026-03-26 18:58:27,18,124,2026-07-31 22:00:00,0.0,Nguyen Phuong Thuy,Inhouse 1,Nguyen Phuong Thuy,Inhouse 1,Ms Laura,10080000.0,True,True,754742201268488,2026-06-30 00:00:00,16460000.0,GMV+REM,95.0,2026-08-07
2026-08,736665445163270,1,3309245737,Đến hạn,Normal,"1-20, idle<=90",2026-03-26,2026-03-26 22:12:45,16,16,2026-08-01 22:00:00,-1.0,Bui Thi Thai Duong,Inhouse 1,Bui Thi Thai Duong,Inhouse 1,Ms Laura,25250000.0,False,False,,,,,,2026-08-07
2026-08,736339150795010,1,3309246126,Đến hạn,Normal,"1-20, idle<=90",2026-03-24,2026-03-24 22:50:40,20,125,2026-07-31 10:30:00,0.0,Nguyen Phuong Thao,Inhouse 2,Vu Thi Khanh Huyen,Inhouse 2,Tran Thu Ha,9350000.0,True,True,756877425740038,2026-07-18 00:00:00,16430000.0,GMV+REM,115.0,2026-08-07
2026-08,752582435672328,1,3309246844,Đến hạn,Normal,"1-20, idle<=90",2026-06-24,2026-06-24 12:01:59,13,12,2026-08-01 21:00:00,-1.0,Nguyen Thi Hai Yen,Inhouse 2,Nguyen Thi Hai Yen,Inhouse 2,Ms Jenny Advisor,4550000.0,False,False,,,,,,2026-08-07
2026-08,736525145895170,1,3309265215,Đến hạn,Normal,"1-20, idle<=90",2026-03-25,2026-03-25 22:09:38,18,69,2026-07-30 21:00:00,1.0,Nguyen Nhu Ngoc,Inhouse 1,Nguyen Nhu Ngoc,Inhouse 1,Diem Quynh Advisor,10080000.0,True,True,758985163081986,2026-07-30 00:00:00,9080000.0,GMV+REM,126.0,2026-08-07
2026-08,737000821750022,1,3309281200,Đến hạn,Normal,"1-20, idle<=90",2026-03-27,2026-03-28 11:41:19,20,18,2026-07-30 20:00:00,1.0,Luu Thi Hoang Ngan,Inhouse 1,Luu Thi Hoang Ngan,Inhouse 1,Ellie Advisor,9580000.0,False,False,,,,,,2026-08-07
2026-08,737567345176834,1,3309285127,Đến hạn,Normal,"1-20, idle<=90",2026-03-26,2026-03-31 14:59:35,18,16,2026-07-29 20:30:00,2.0,Nguyen Thi Thuy Trang,Inhouse 2,Vu Cam Ly,Inhouse 2,Tran Thu Ha,9340500.0,False,False,,,,,,2026-08-07
2026-08,737395624444162,1,3309295065,Đến hạn,Normal,"1-20, idle<=90",2026-03-28,2026-03-30 16:27:09,8,6,2026-07-29 21:00:00,2.0,Vu Thi Khanh Huyen,Inhouse 2,Vu Thi Khanh Huyen,Inhouse 2,Ms Jenny Advisor,9012900.0,False,False,,,,,,2026-08-07
2026-08,754384801097990,2,3309325583,Đến hạn,Normal,"1-20, idle<=90",2026-07-04,2026-07-06 11:51:54,20,18,2026-07-29 19:30:00,2.0,Nguyen Thuy Trang,Inhouse 1,Nguyen Thuy Trang,Inhouse 1,Diem Quynh Advisor,4940000.0,False,False,,,,,,2026-08-07
2026-08,736826772424962,1,3309336140,Đến hạn,Normal,"1-20, idle<=90",2026-03-27,2026-03-28 13:49:38,19,17,2026-07-30 20:00:00,1.0,Le Thi Thuy Van,Inhouse 2,Le Thi Thuy Van,Inhouse 2,Tran Thu Ha,10080000.0,False,False,,,,,,2026-08-07
2026-08,738833083586822,1,3309339948,Đến hạn,Normal,"1-20, idle<=90",2026-04-03,2026-04-07 19:31:11,20,19,2026-07-30 21:00:00,1.0,Nguyen Thi Hang Nga,Inhouse 1,Nguyen Thi Hang Nga,Inhouse 1,Diem Quynh Advisor,8800000.0,False,False,,,,,,2026-08-07
2026-08,737748404842754,1,3309362350,Đến hạn,Normal,"1-20, idle<=90",2026-04-01,2026-04-01 22:40:43,20,19,2026-07-31 21:30:00,0.0,Vu Cam Ly,Inhouse 2,Vu Cam Ly,Inhouse 2,Ms Jenny Advisor,9580000.0,False,False,,,,,,2026-08-07
2026-08,748537195127042,1,3309366478,Đến hạn,Normal,"1-20, idle<=90",2026-05-31,2026-06-02 10:26:02,10,8,2026-07-30 10:30:00,1.0,Vu Cam Ly,Inhouse 2,Vu Cam Ly,Inhouse 2,Tran Thu Ha,4550000.0,False,False,,,,,,2026-08-07
2026-08,754219056767240,1,3309379214,Đến hạn,Normal,"1-20, idle<=90",2026-07-03,2026-07-04 16:43:21,18,16,2026-07-30 20:30:00,1.0,Vu Thi Khanh Huyen,Inhouse 2,Vu Thi Khanh Huyen,Inhouse 2,Ms Jenny Advisor,4550000.0,False,False,,,,,,2026-08-07
2026-08,737929053606150,1,3309397312,Đến hạn,Normal,"1-20, idle<=90",2026-04-02,2026-04-02 19:20:45,19,18,2026-07-31 11:30:00,0.0,Lai Ngoc Thuy Linh,Ho Chi Minh,Lai Ngoc Thuy Linh,Ho Chi Minh,Dao Thi Hoang Yen,8745100.0,False,False,,,,,,2026-08-07
2026-08,739533189726466,1,3309433588,Đến hạn,Normal,"1-20, idle<=90",2026-04-11,2026-04-12 10:54:23,13,12,2026-07-30 21:00:00,1.0,Nguyen Kieu Trang,Inhouse 1,Nguyen Kieu Trang,Inhouse 1,Thao Chi Advisor,9580000.0,False,False,,,,,,2026-08-07
2026-08,737719951005958,1,3309474291,Đến hạn,Normal,"1-20, idle<=90",2026-03-31,2026-04-04 15:49:15,19,17,2026-07-29 20:30:00,2.0,Cao Thi Lua,Inhouse 1,Cao Thi Lua,Inhouse 1,Ms Jenny Advisor,9580000.0,False,False,,,,,,2026-08-07
2026-08,737955062147334,1,3309484497,Đến hạn,Normal,"1-20, idle<=90",2026-04-02,2026-04-02 20:41:07,14,14,2026-08-01 09:00:00,-1.0,Mai Thi Lien,Inhouse 2,Mai Thi Lien,Inhouse 2,Tran Thu Ha,8480000.0,False,False,,,,,,2026-08-07
2026-08,738598052911368,1,3309500628,Đến hạn,Normal,"1-20, idle<=90",2026-04-03,2026-04-06 16:26:10,13,11,2026-07-31 20:00:00,0.0,Kieu Lan Anh,Inhouse 2,Kieu Lan Anh,Inhouse 2,Tran Thu Ha,9450000.0,False,False,,,,,,2026-08-07
2026-08,737892872364296,1,3309518193,Đến hạn,Normal,"1-20, idle<=90",2026-04-02,2026-04-02 19:25:12,19,18,2026-08-01 10:30:00,-1.0,Vu Ho Thanh Huong,Inhouse 2,Vu Ho Thanh Huong,Inhouse 2,Ms Jenny Advisor,9010000.0,False,False,,,,,,2026-08-07
2026-08,737721702379778,1,3309593345,Đến hạn,Normal,"1-20, idle<=90",2026-03-31,2026-04-01 12:02:23,16,13,2026-07-30 16:00:00,1.0,Nguyen Thi Thao Ngoc,Inhouse 1,Nguyen Thi Thao Ngoc,Inhouse 1,Ms Jenny Advisor,9580000.0,False,False,,,,,,2026-08-07
2026-08,739309905172744,1,3309606738,Đến hạn,Normal,"1-20, idle<=90",2026-04-10,2026-04-10 11:49:47,20,20,2026-07-31 17:30:00,0.0,Nguyen Cam Tu,Inhouse 1,Nguyen Cam Tu,Inhouse 1,Ms Jenny Advisor,9580000.0,False,False,,,,,,2026-08-07
2026-08,746785211232514,1,3309625545,Đến hạn,Normal,"1-20, idle<=90",2026-05-22,2026-05-22 21:53:36,8,6,2026-07-30 16:30:00,1.0,Vu Thi Tuyet Trinh,Inhouse 1,Vu Thi Tuyet Trinh,Inhouse 1,Ms Jenny Advisor,4640000.0,False,False,,,,,,2026-08-07
2026-08,751334513910018,1,3309651738,Đến hạn,Normal,"1-20, idle<=90",2026-04-14,2026-06-17 10:27:22,12,11,2026-08-01 20:30:00,-1.0,Le Hung Cuong,Inhouse 2,Le Thi Thuy Van,Inhouse 2,Ms Jenny Advisor,4550000.0,False,False,,,,,,2026-08-07
2026-08,738610763116806,1,3309706317,Đến hạn,Normal,"1-20, idle<=90",2026-04-04,2026-04-06 12:40:36,20,20,2026-08-01 20:00:00,-1.0,Nguyen Thao Anh,Inhouse 1,Nguyen Thao Anh,Inhouse 1,Diem Quynh Advisor,10080000.0,False,False,,,,,,2026-08-07
2026-08,739363148710146,1,3309760326,Đến hạn,Normal,"1-20, idle<=90",2026-04-10,2026-04-10 18:49:18,15,119,2026-07-31 22:00:00,0.0,Nguyen Nhat Vy,Inhouse 1,Nguyen Thuy Trang,Inhouse 1,Ms Jenny Advisor,10080000.0,True,True,759837932574978,2026-07-31 00:00:00,16320000.0,GMV+REM,111.0,2026-08-07
2026-08,739144428130562,1,3309777960,Đến hạn,Normal,"1-20, idle<=90",2026-04-09,2026-04-12 18:41:55,18,16,2026-08-01 17:00:00,-1.0,Le Thi Tram,Inhouse 2,Le Thi Thuy Van,Inhouse 2,Ms Jenny Advisor,9580000.0,False,False,,,,,,2026-08-07
2026-08,739885236195592,1,3309779201,Đến hạn,Normal,"1-20, idle<=90",2026-04-13,2026-04-13 18:20:01,16,15,2026-07-31 21:00:00,0.0,Le Thi Thuy Trang,Inhouse 1,Le Thi Thuy Trang,Inhouse 1,Thao Chi Advisor,10080000.0,False,False,,,,,,2026-08-07
2026-08,739167193925896,1,3309832195,Đến hạn,Normal,"1-20, idle<=90",2026-04-09,2026-04-10 13:00:03,20,19,2026-07-31 22:30:00,0.0,Le Thi Tuyet,Inhouse 1,Le Thi Tuyet,Inhouse 1,Diem Quynh Advisor,10080000.0,False,False,,,,,,2026-08-07
2026-08,743572689674498,1,3309877523,Đến hạn,Frozen,"1-20, idle<=90",2026-04-21,2026-05-04 18:55:29,17,17,2026-06-04 11:00:00,57.0,Nguyen Thi Hai Yen,Inhouse 2,Nguyen Thi Hai Yen,Inhouse 2,Ms Jenny Advisor,4550000.0,False,False,,,,,,2026-08-07
2026-08,738843827130632,1,3309883749,Đến hạn,Normal,"1-20, idle<=90",2026-04-07,2026-04-07 20:30:08,14,12,2026-07-29 21:00:00,2.0,Pham Thi Thao,Inhouse 1,Pham Thi Thao,Inhouse 1,Thao Chi Advisor,11580000.0,False,False,,,,,,2026-08-07
2026-08,746038243512582,1,3309886077,Đến hạn,Normal,"1-20, idle<=90",2026-05-16,2026-05-18 22:07:53,7,7,2026-08-01 15:00:00,-1.0,Kieu Lan Anh,Inhouse 2,Kieu Lan Anh,Inhouse 2,Ms Jenny Advisor,4420000.0,False,False,,,,,,2026-08-07
2026-08,754036814639366,1,3309886826,Đến hạn,Normal,"1-20, idle<=90",2026-07-02,2026-07-02 18:00:10,14,13,2026-07-30 18:00:00,1.0,Luu Thi Hoang Ngan,Inhouse 1,Luu Thi Hoang Ngan,Inhouse 1,Diem Quynh Advisor,4550000.0,False,False,,,,,,2026-08-07
2026-08,753323716935944,2,3309898320,Đến hạn,Normal,"1-20, idle<=90",2026-05-31,2026-06-28 16:04:51,17,17,2026-07-31 22:30:00,0.0,Pham Thi Tam Thuy,Inhouse 1,Le Thi Lan Anh,Inhouse 1,Ms Jenny Advisor,4790000.0,False,False,,,,,,2026-08-07
2026-08,739538071990536,1,3309963787,Đến hạn,Normal,"1-20, idle<=90",2026-04-10,2026-04-13 09:45:28,16,14,2026-07-29 16:30:00,2.0,Le Thi Thuy Van,Inhouse 2,Le Thi Thuy Van,Inhouse 2,Tran Thu Ha,9850000.0,False,False,,,,,,2026-08-07
2026-08,741127573455110,1,3309965922,Đến hạn,Normal,"1-20, idle<=90",2026-04-20,2026-04-23 18:12:38,1,1,2026-08-01 22:00:00,-1.0,Le Thi Tuyet,Inhouse 1,Le Thi Tuyet,Inhouse 1,Ruby Advisor,9680000.0,False,False,,,,,,2026-08-07
2026-08,739303921432840,1,3309998986,Đến hạn,Normal,"1-20, idle<=90",2026-04-09,2026-04-10 10:37:28,19,17,2026-07-31 11:30:00,0.0,Le Thuy Nhung,Inhouse 1,Le Thuy Nhung,Inhouse 1,Ms Jenny Advisor,9080000.0,False,False,,,,,,2026-08-07
2026-08,740413539692802,1,3310053845,Đến hạn,Normal,"1-20, idle<=90",2026-04-16,2026-04-16 17:29:13,19,18,2026-08-01 21:00:00,-1.0,Dang Kim Thuong,Inhouse 1,Dang Kim Thuong,Inhouse 1,Diem Quynh Advisor,9410000.0,False,False,,,,,,2026-08-07
2026-08,743193650266376,1,3310073388,Đến hạn,Normal,"1-20, idle<=90",2026-05-01,2026-05-02 10:59:21,15,14,2026-07-31 19:00:00,0.0,Nguyen Nhu Ngoc,Inhouse 1,Nguyen Nhu Ngoc,Inhouse 1,Ruby Advisor,9080000.0,False,False,,,,,,2026-08-07
2026-08,740938522353928,1,3310122402,Đến hạn,Frozen,"1-20, idle<=90",2026-04-19,2026-04-19 17:21:19,19,19,2026-05-21 21:30:00,71.0,Nguyen Thuy Trang,Inhouse 1,Nguyen Thuy Trang,Inhouse 1,Ms Jenny Advisor,5240000.0,False,False,,,,,,2026-08-07
2026-08,749268729678082,1,3310127653,Đến hạn,Normal,"1-20, idle<=90",2026-06-05,2026-06-06 08:40:26,9,8,2026-08-01 20:00:00,-1.0,Vu Ho Thanh Huong,Inhouse 2,Vu Ho Thanh Huong,Inhouse 2,Ms Jenny Advisor,4600000.0,False,False,,,,,,2026-08-07
2026-08,753853285650694,1,3310148157,Đến hạn,Normal,"1-20, idle<=90",2026-06-30,2026-07-02 22:26:03,16,16,2026-07-30 10:30:00,1.0,Cao Thi Lua,Inhouse 1,Cao Thi Lua,Inhouse 1,Dao Thi Hoang Yen,4740000.0,False,False,,,,,,2026-08-07
2026-08,741285297504514,1,3310191634,Đến hạn,Normal,"1-20, idle<=90",2026-04-21,2026-04-21 18:40:44,12,12,2026-07-29 20:00:00,2.0,Nguyen Cam Tu,Inhouse 1,Nguyen Cam Tu,Inhouse 1,Ms Jenny Advisor,10080000.0,False,False,,,,,,2026-08-07
2026-08,749036906676482,1,3310292319,Đến hạn,Normal,"1-20, idle<=90",2026-05-31,2026-06-05 17:41:31,7,4,2026-07-22 20:30:00,9.0,Lai Ngoc Thuy Linh,Ho Chi Minh,Lai Ngoc Thuy Linh,Ho Chi Minh,Dao Thi Hoang Yen,4800000.0,False,False,,,,,,2026-08-07
2026-08,743585659353350,1,3310387792,Đến hạn,Normal,"1-20, idle<=90",2026-04-28,2026-05-04 17:40:51,20,18,2026-07-31 20:30:00,0.0,Nguyen Thuy Trang,Inhouse 1,Nguyen Thuy Trang,Inhouse 1,Ms Laura,9280000.0,False,False,,,,,,2026-08-07
2026-08,741838671702278,1,3310471906,Đến hạn,Normal,"1-20, idle<=90",2026-04-24,2026-04-24 18:54:20,10,8,2026-08-01 16:30:00,-1.0,Nguyen Nhu Ngoc,Inhouse 1,Nguyen Nhu Ngoc,Inhouse 1,Thao Chi Advisor,9580000.0,True,True,TMP_3310471906_20260729,2026-07-29 00:00:00,45955000.0,GMV,95.0,2026-08-07
2026-08,741638681340168,1,3310515386,Đến hạn,Normal,"1-20, idle<=90",2026-04-23,2026-04-23 20:46:27,19,17,2026-07-31 20:30:00,0.0,Nguyen Nhu Ngoc,Inhouse 1,Nguyen Nhu Ngoc,Inhouse 1,Ms Jenny Advisor,9580000.0,False,False,,,,,,2026-08-07
2026-08,749605853100290,1,3310584014,Đến hạn,Normal,"1-20, idle<=90",2026-04-30,2026-06-10 11:08:35,12,11,2026-07-31 14:00:00,0.0,Hoang Thi Hong Tham,Offline Team HaNoi,Hoang Thi Hong Tham,Offline Team HaNoi,Tran Thu Ha,4560000.0,False,False,,,,,,2026-08-07
2026-08,743018806929672,1,3310598246,Đến hạn,Normal,"1-20, idle<=90",2026-04-30,2026-05-01 10:36:55,17,15,2026-07-31 18:00:00,0.0,Nguyen Phuong Thuy,Inhouse 1,Nguyen Phuong Thuy,Inhouse 1,Ms Jenny Advisor,9580000.0,True,True,TMP_3310598246_20260731,2026-07-31 00:00:00,8950000.0,GMV,90.0,2026-08-07
2026-08,742700403511558,1,3310710260,Đến hạn,Normal,"1-20, idle<=90",2026-04-29,2026-05-05 23:48:08,17,15,2026-07-31 20:30:00,0.0,Cao Thi Lua,Inhouse 1,Cao Thi Lua,Inhouse 1,Ms Jenny Advisor,10080000.0,False,False,,,,,,2026-08-07
2026-08,754699576287490,1,3310874670,Đến hạn,Normal,"1-20, idle<=90",2026-06-25,2026-07-06 11:07:58,18,16,2026-07-30 21:00:00,1.0,Cao Thi Lua,Inhouse 1,Cao Thi Lua,Inhouse 1,Thao Chi Advisor,4420000.0,False,False,,,,,,2026-08-07
2026-08,748694864998664,1,3311022904,Đến hạn,Normal,"1-20, idle<=90",,2026-06-02 21:03:09,12,11,2026-07-29 21:00:00,2.0,Vu Ho Thanh Huong,Inhouse 2,Vu Ho Thanh Huong,Inhouse 2,Ms Jenny Advisor,4550000.0,False,False,,,,,,2026-08-07
2026-08,746375590617346,1,3311026002,Đến hạn,Normal,"1-20, idle<=90",2026-05-19,2026-05-20 21:04:28,7,6,2026-08-01 11:30:00,-1.0,Nguyen Nhu Ngoc,Inhouse 1,Nguyen Nhu Ngoc,Inhouse 1,Diem Quynh Advisor,4680000.0,False,False,,,,,,2026-08-07
2026-08,743960979665154,1,3311032514,Đến hạn,Normal,"1-20, idle<=90",2026-05-06,2026-05-06 20:48:45,20,19,2026-08-01 21:30:00,-1.0,Vu Thi Khanh Huyen,Inhouse 2,Vu Thi Khanh Huyen,Inhouse 2,Tran Thu Ha,9080000.0,False,False,,,,,,2026-08-07
2026-08,747269723025666,1,3311044261,Đến hạn,Normal,"1-20, idle<=90",2026-05-25,2026-05-25 19:54:15,7,6,2026-07-30 19:00:00,1.0,Kieu Thi Thu Quynh,Inhouse 1,Kieu Thi Thu Quynh,Inhouse 1,Diem Quynh Advisor,5040000.0,False,False,,,,,,2026-08-07
2026-08,746562957639942,1,3311052568,Đến hạn,Normal,"1-20, idle<=90",2026-05-20,2026-05-22 18:25:23,7,5,2026-07-30 11:00:00,1.0,Cao Thi Lua,Inhouse 1,Cao Thi Lua,Inhouse 1,Ms Jenny Advisor,4740000.0,False,False,,,,,,2026-08-07
2026-08,749744684050694,1,3311059412,Đến hạn,Normal,"1-20, idle<=90",2026-06-06,2026-06-09 10:34:12,3,1,2026-07-31 15:30:00,0.0,Le To Hai My,Inhouse 1,Le To Hai My,Inhouse 1,Diem Quynh Advisor,4550000.0,False,False,,,,,,2026-08-07
2026-08,748538738008322,1,3311107757,Đến hạn,Normal,"1-20, idle<=90",2026-05-31,2026-06-01 15:28:34,12,10,2026-07-31 11:00:00,0.0,Bui Thi Thai Duong,Inhouse 1,Bui Thi Thai Duong,Inhouse 1,Ruby Advisor,4550000.0,False,False,,,,,,2026-08-07
2026-08,744135276812546,1,3311109861,Đến hạn,Normal,"1-20, idle<=90",2026-05-07,2026-05-08 17:08:05,8,7,2026-07-31 20:30:00,0.0,Vu Cam Ly,Inhouse 2,Vu Cam Ly,Inhouse 2,Tran Thu Ha,4725000.0,False,False,,,,,,2026-08-07
2026-08,746263617487112,1,3311137283,Đến hạn,Normal,"1-20, idle<=90",2026-05-19,2026-05-19 18:33:39,6,6,2026-08-01 12:30:00,-1.0,Le To Hai My,Inhouse 1,Le To Hai My,Inhouse 1,Thao Chi Advisor,4550000.0,False,False,,,,,,2026-08-07
2026-08,749567285043464,1,3311235114,Đến hạn,Normal,"1-20, idle<=90",2026-06-05,2026-06-08 11:29:11,5,2,2026-07-30 19:30:00,1.0,Lai Ngoc Thuy Linh,Ho Chi Minh,Lai Ngoc Thuy Linh,Ho Chi Minh,Dao Thi Hoang Yen,4550000.0,False,False,,,,,,2026-08-07
2026-08,748162367643912,1,3311265086,Đến hạn,Normal,"1-20, idle<=90",2026-05-21,2026-05-30 13:03:51,9,9,2026-07-30 19:30:00,1.0,Vu Thi Khanh Huyen,Inhouse 2,Vu Thi Khanh Huyen,Inhouse 2,Tran Thu Ha,4650000.0,False,False,,,,,,2026-08-07
2026-08,754696931483910,1,3311285921,Đến hạn,Normal,"1-20, idle<=90",2026-05-31,2026-07-08 09:08:29,18,16,2026-07-29 21:00:00,2.0,Le Thi Thu Yen,Inhouse 1,Le Thi Thu Yen,Inhouse 1,Ms Jenny Advisor,4740000.0,False,False,,,,,,2026-08-07
2026-08,746028796795144,1,3311304271,Đến hạn,Normal,"1-20, idle<=90",2026-05-16,2026-05-18 16:09:20,6,7,2026-07-29 21:30:00,2.0,Cao Thi Lua,Inhouse 1,Cao Thi Lua,Inhouse 1,Diem Quynh Advisor,4550000.0,False,False,,,,,,2026-08-07
2026-08,748864788685064,1,3311310971,Đến hạn,Normal,"1-20, idle<=90",2026-06-02,2026-06-03 17:43:51,9,7,2026-07-30 18:00:00,1.0,Dang Kim Thuong,Inhouse 1,Dang Kim Thuong,Inhouse 1,Ms Jenny Advisor,5040000.0,False,False,,,,,,2026-08-07
2026-08,759653550838024,2,3311356153,Đến hạn,Normal,"1-20, idle<=90",2026-07-31,2026-08-03 10:44:56,14,116,2026-07-31 23:30:00,0.0,Le Thi Tuyet,Inhouse 1,Le Thi Tuyet,Inhouse 1,Thao Chi Advisor,46200000.0,False,False,,,,,,2026-08-07
2026-08,745364850761990,1,3311449575,Đến hạn,Frozen,"1-20, idle<=90",2026-05-14,2026-05-14 17:45:15,19,19,2026-06-06 21:00:00,55.0,Le Kim Chi,Inhouse 1,Le Kim Chi,Inhouse 1,Thao Chi Advisor,5240000.0,False,False,,,,,,2026-08-07
2026-08,746420577560834,1,3311534830,Đến hạn,Normal,"1-20, idle<=90",2026-05-20,2026-05-21 11:37:52,13,10,2026-07-30 21:00:00,1.0,Vu Cam Ly,Inhouse 2,Vu Cam Ly,Inhouse 2,Ms Jenny Advisor,4680000.0,False,False,,,,,,2026-08-07
2026-08,746239273134342,1,3311543009,Đến hạn,Normal,"1-20, idle<=90",2026-05-19,2026-05-19 21:59:05,13,9,2026-07-31 21:00:00,0.0,Vu Thuy Huong,Offline Team HaNoi,Vu Thuy Huong,Offline Team HaNoi,Tran Thu Ha,9800000.0,False,False,,,,,,2026-08-07
2026-08,746239527805190,1,3311555589,Đến hạn,Normal,"1-20, idle<=90",2026-05-19,2026-05-19 21:29:28,9,5,2026-07-31 21:00:00,0.0,Vu Thuy Huong,Offline Team HaNoi,Vu Thuy Huong,Offline Team HaNoi,Tran Thu Ha,9800000.0,False,False,,,,,,2026-08-07
2026-08,747666343069960,1,3311572089,Đến hạn,Normal,"1-20, idle<=90",2026-05-27,2026-05-27 20:11:24,8,6,2026-07-30 21:00:00,1.0,Vu Cam Ly,Inhouse 2,Vu Cam Ly,Inhouse 2,Ms Jenny Advisor,4550000.0,False,False,,,,,,2026-08-07
2026-08,747635732492552,1,3311605431,Đến hạn,Normal,"1-20, idle<=90",2026-05-20,2026-05-27 14:40:41,6,5,2026-07-31 10:00:00,0.0,Lai Ngoc Thuy Linh,Ho Chi Minh,Lai Ngoc Thuy Linh,Ho Chi Minh,Dao Thi Hoang Yen,5240000.0,False,False,,,,,,2026-08-07
2026-08,746385021356294,1,3311671955,Đến hạn,Normal,"1-20, idle<=90",2026-05-19,2026-05-22 20:57:24,9,9,2026-07-09 21:00:00,22.0,Dang Kim Thuong,Inhouse 1,Dang Kim Thuong,Inhouse 1,Ms Laura,4790000.0,False,False,,,,,,2026-08-07
2026-08,746917928726786,1,3311683861,Đến hạn,Normal,"1-20, idle<=90",2026-05-23,2026-05-23 17:57:50,6,4,2026-07-29 21:00:00,2.0,Nguyen Thuy Trang,Inhouse 1,Nguyen Thuy Trang,Inhouse 1,Ms Jenny Advisor,4550000.0,False,False,,,,,,2026-08-07
2026-08,747264574796038,1,3311696395,Đến hạn,Normal,"1-20, idle<=90",2026-05-23,2026-05-25 19:08:01,6,6,2026-08-01 15:00:00,-1.0,Le Thi Tuyet,Inhouse 1,Le Thi Tuyet,Inhouse 1,Ruby Advisor,5240000.0,False,False,,,,,,2026-08-07
2026-08,746577007595782,1,3311728074,Đến hạn,Normal,"1-20, idle<=90",2026-05-21,2026-05-21 13:16:01,13,9,2026-07-31 12:30:00,0.0,Bui Lam Linh,Inhouse 1,Bui Lam Linh,Inhouse 1,Diem Quynh Advisor,9080000.0,False,False,,,,,,2026-08-07
2026-08,754181707407618,1,3311731020,Đến hạn,Normal,"1-20, idle<=90",2026-07-03,2026-07-04 12:11:37,11,11,2026-07-31 15:00:00,0.0,Vu Ho Thanh Huong,Inhouse 2,Vu Ho Thanh Huong,Inhouse 2,Tran Thu Ha,4800000.0,False,False,,,,,,2026-08-07
2026-08,747320587802882,1,3311785056,Đến hạn,Normal,"1-20, idle<=90",2026-05-25,2026-05-25 18:08:17,6,4,2026-07-29 21:30:00,2.0,Pham Thi Tam Thuy,Inhouse 1,Le Thi Lan Anh,Inhouse 1,Ms Laura,4740000.0,False,False,,,,,,2026-08-07
2026-08,746795021283590,1,3311803674,Đến hạn,Normal,"1-20, idle<=90",2026-05-20,2026-05-22 20:46:29,5,3,2026-07-30 12:00:00,1.0,Cao Thi Lua,Inhouse 1,Cao Thi Lua,Inhouse 1,Ms Jenny Advisor,4740000.0,False,False,,,,,,2026-08-07
2026-08,748857563668738,1,3311806669,Đến hạn,Normal,"1-20, idle<=90",2026-06-03,2026-06-03 17:41:06,14,12,2026-07-30 21:00:00,1.0,Bui Thi Thai Duong,Inhouse 1,Bui Thi Thai Duong,Inhouse 1,Diem Quynh Advisor,4550000.0,False,False,,,,,,2026-08-07
2026-08,746948564488456,1,3311812212,Đến hạn,Normal,"1-20, idle<=90",2026-05-23,2026-05-23 16:36:33,17,15,2026-08-01 11:00:00,-1.0,Nguyen Nhu Ngoc,Inhouse 1,Nguyen Nhu Ngoc,Inhouse 1,Diem Quynh Advisor,9580000.0,False,False,,,,,,2026-08-07
2026-08,747176529998082,1,3311850607,Đến hạn,Normal,"1-20, idle<=90",2026-05-24,2026-05-25 12:34:34,5,5,2026-07-30 21:00:00,1.0,Lai Ngoc Thuy Linh,Ho Chi Minh,Lai Ngoc Thuy Linh,Ho Chi Minh,Dao Thi Hoang Yen,4550000.0,False,False,,,,,,2026-08-07
2026-08,748034924814594,1,3311939437,Đến hạn,Normal,"1-20, idle<=90",2026-05-29,2026-05-29 18:53:36,8,8,2026-07-31 16:30:00,0.0,Nguyen Thao Anh,Inhouse 1,Nguyen Thao Anh,Inhouse 1,Thao Chi Advisor,5240000.0,False,False,,,,,,2026-08-07
2026-08,753018542768392,1,3311939457,Đến hạn,Normal,"1-20, idle<=90",2026-06-26,2026-06-27 18:00:30,14,14,2026-07-31 21:00:00,0.0,Kieu Lan Anh,Inhouse 2,Kieu Lan Anh,Inhouse 2,Ms Jenny Advisor,4700000.0,False,False,,,,,,2026-08-07
2026-08,750452984434952,1,3311952051,Đến hạn,Normal,"1-20, idle<=90",2026-06-12,2026-06-13 17:06:21,7,5,2026-07-30 21:00:00,1.0,Nguyen Thi Hai Yen,Inhouse 2,Nguyen Thi Hai Yen,Inhouse 2,Ms Jenny Advisor,4550000.0,False,False,,,,,,2026-08-07
2026-08,749792946397442,1,3312006640,Đến hạn,Normal,"1-20, idle<=90",2026-05-25,2026-06-09 20:30:53,9,5,2026-07-31 19:00:00,0.0,Vu Ho Thanh Huong,Inhouse 2,Vu Ho Thanh Huong,Inhouse 2,Ms Jenny Advisor,4680000.0,False,False,,,,,,2026-08-07
2026-08,749990857937160,1,3312050543,Đến hạn,Normal,"1-20, idle<=90",2026-06-09,2026-06-13 01:17:27,13,12,2026-08-01 20:30:00,-1.0,Le Thuy Nhung,Inhouse 1,Le Thuy Nhung,Inhouse 1,Ms Laura,5240000.0,False,False,,,,,,2026-08-07
2026-08,749654941614338,1,3312067350,Đến hạn,Normal,"1-20, idle<=90",2026-06-07,2026-06-08 21:53:39,12,11,2026-07-30 15:30:00,1.0,Vu Ho Thanh Huong,Inhouse 2,Vu Ho Thanh Huong,Inhouse 2,Ms Jenny Advisor,4700000.0,False,False,,,,,,2026-08-07
2026-08,748214425272578,1,3312078965,Đến hạn,Normal,"1-20, idle<=90",2026-05-30,2026-05-30 19:39:19,6,6,2026-07-27 20:30:00,4.0,Pham Thi Tam Thuy,Inhouse 1,Le Thi Lan Anh,Inhouse 1,Ms Laura,4600000.0,False,False,,,,,,2026-08-07
2026-08,748871285897478,1,3312125512,Đến hạn,Normal,"1-20, idle<=90",2026-06-01,2026-06-03 12:31:29,17,15,2026-07-28 19:30:00,3.0,Le Thuy Nhung,Inhouse 1,Le Thuy Nhung,Inhouse 1,Diem Quynh Advisor,4914000.0,False,False,,,,,,2026-08-07
2026-08,748687408070920,1,3312132356,Đến hạn,Normal,"1-20, idle<=90",2026-06-01,2026-06-04 21:58:03,8,7,2026-07-31 20:30:00,0.0,Nguyen Thuy Trang,Inhouse 1,Nguyen Thuy Trang,Inhouse 1,Diem Quynh Advisor,4940000.0,False,False,,,,,,2026-08-07
2026-08,753861383975174,1,3312144818,Đến hạn,Normal,"1-20, idle<=90",2026-06-30,2026-07-05 17:03:37,14,14,2026-07-31 20:00:00,0.0,Ngo Thi Thuy Linh,Offline Team HaNoi,Ngo Thi Thuy Linh,Offline Team HaNoi,Tran Thu Ha,4550000.0,False,False,,,,,,2026-08-07
2026-08,749070808314114,1,3312145593,Đến hạn,Normal,"1-20, idle<=90",2026-06-04,2026-06-07 11:15:37,9,8,2026-07-31 11:00:00,0.0,Dao Phuong Thao,Inhouse 1,Dao Phuong Thao,Inhouse 1,Dao Thi Hoang Yen,5240000.0,True,True,TMP_3312145593_20260630,2026-06-30 00:00:00,4300000.0,GMV,22.0,2026-08-07
2026-08,748510277902600,1,3312156296,Đến hạn,Normal,"1-20, idle<=90",2026-05-31,2026-06-01 22:10:59,8,7,2026-07-30 20:00:00,1.0,Pham Thi Tam Thuy,Inhouse 1,Le Thi Lan Anh,Inhouse 1,Ms Laura,4940000.0,False,False,,,,,,2026-08-07
2026-08,748725211881734,1,3312168441,Đến hạn,Normal,"1-20, idle<=90",2026-05-31,2026-06-06 16:51:10,10,9,2026-08-01 14:30:00,-1.0,Le Thi Thu Yen,Inhouse 1,Le Thi Thu Yen,Inhouse 1,Ellie Advisor,4550000.0,False,False,,,,,,2026-08-07
2026-08,753164976912646,1,3312172253,Đến hạn,Normal,"1-20, idle<=90",2026-06-26,2026-06-30 11:10:44,20,19,2026-07-29 22:30:00,2.0,Kieu Lan Anh,Inhouse 2,Kieu Lan Anh,Inhouse 2,Ms Jenny Advisor,4700000.0,False,False,,,,,,2026-08-07
2026-08,751040194382082,1,3312175167,Đến hạn,Normal,"1-20, idle<=90",2026-06-15,2026-06-15 21:32:50,15,14,2026-07-29 21:00:00,2.0,Cao Thi Lua,Inhouse 1,Cao Thi Lua,Inhouse 1,Ms Jenny Advisor,4740000.0,False,False,,,,,,2026-08-07
2026-08,748904429941000,1,3312196312,Đến hạn,Normal,"1-20, idle<=90",2026-06-03,2026-06-03 19:00:12,9,8,2026-08-01 21:30:00,-1.0,Cao Thi Lua,Inhouse 1,Cao Thi Lua,Inhouse 1,Thao Chi Advisor,12875000.0,False,False,,,,,,2026-08-07
2026-08,749207498096902,1,3312208954,Đến hạn,Normal,"1-20, idle<=90",2026-06-04,2026-06-07 19:00:18,10,114,2026-07-30 18:30:00,1.0,Bui Lam Linh,Inhouse 1,Bui Lam Linh,Inhouse 1,Diem Quynh Advisor,4940000.0,True,True,759120885192968,2026-07-30 00:00:00,15900000.0,GMV+REM,52.0,2026-08-07
2026-08,750493897433352,1,3312241659,Đến hạn,Normal,"1-20, idle<=90",2026-06-12,2026-06-12 17:46:50,10,10,2026-08-01 15:30:00,-1.0,Pham Thi Tam Thuy,Inhouse 1,Le Thi Lan Anh,Inhouse 1,Diem Quynh Advisor,4940000.0,False,False,,,,,,2026-08-07
2026-08,748912170340610,1,3312255608,Đến hạn,Normal,"1-20, idle<=90",2026-06-03,2026-06-08 14:05:42,12,10,2026-07-29 16:00:00,2.0,Bui Lam Linh,Inhouse 1,Bui Lam Linh,Inhouse 1,Ms Jenny Advisor,4680000.0,False,False,,,,,,2026-08-07
2026-08,749051127535878,1,3312263034,Đến hạn,Normal,"1-20, idle<=90",2026-06-04,2026-06-04 17:17:13,13,11,2026-07-29 21:00:00,2.0,Dao My Nhat Huyen,Inhouse 1,Dao My Nhat Huyen,Inhouse 1,Ms Laura,4550000.0,False,False,,,,,,2026-08-07
2026-08,749267746222344,1,3312263073,Đến hạn,Normal,"1-20, idle<=90",2026-06-05,2026-06-05 18:24:05,9,9,2026-07-31 17:00:00,0.0,Le Hung Cuong,Inhouse 2,Nguyen Thi Hai Yen,Inhouse 2,Ms Jenny Advisor,4550000.0,False,False,,,,,,2026-08-07
2026-08,749269099643138,1,3312266413,Đến hạn,Normal,"1-20, idle<=90",2026-05-31,2026-06-05 18:12:48,7,4,2026-07-22 21:00:00,9.0,Lai Ngoc Thuy Linh,Ho Chi Minh,Lai Ngoc Thuy Linh,Ho Chi Minh,Dao Thi Hoang Yen,4800000.0,False,False,,,,,,2026-08-07
2026-08,751693189515522,1,3312267913,Đến hạn,Normal,"1-20, idle<=90",2026-06-19,2026-06-19 17:50:33,15,14,2026-07-29 21:00:00,2.0,Le Thi Thu Yen,Inhouse 1,Le Thi Thu Yen,Inhouse 1,Ms Jenny Advisor,4550000.0,False,False,,,,,,2026-08-07
2026-08,749205784877314,1,3312283734,Đến hạn,Normal,"1-20, idle<=90",2026-06-04,2026-06-05 12:55:36,8,8,2026-08-01 21:00:00,-1.0,Vu Ho Thanh Huong,Inhouse 2,Vu Ho Thanh Huong,Inhouse 2,Tran Thu Ha,4600000.0,False,False,,,,,,2026-08-07
2026-08,748507142613250,1,3312285639,Đến hạn,Normal,"1-20, idle<=90",2026-05-31,2026-06-01 11:31:12,17,15,2026-07-30 21:30:00,1.0,Vu Ho Thanh Huong,Inhouse 2,Vu Ho Thanh Huong,Inhouse 2,Ms Jenny Advisor,4420000.0,False,False,,,,,,2026-08-07
2026-08,749206700527880,1,3312291075,Đến hạn,Normal,"1-20, idle<=90",2026-06-04,2026-06-05 18:29:56,12,10,2026-07-29 10:30:00,2.0,Le Kim Chi,Inhouse 1,Le Kim Chi,Inhouse 1,Diem Quynh Advisor,4740000.0,False,False,,,,,,2026-08-07
2026-08,749748764096776,1,3312316096,Đến hạn,Normal,"1-20, idle<=90",2026-06-08,2026-06-08 11:38:06,2,0,2026-07-31 16:00:00,0.0,Nguyen Thi Thu Huyen,Inhouse 2,Nguyen Thi Thu Huyen,Inhouse 2,Tran Thu Ha,4940000.0,False,False,,,,,,2026-08-07
2026-08,755112366125320,1,3312338189,Đến hạn,Normal,"1-20, idle<=90",2026-07-08,2026-07-09 11:52:50,19,18,2026-07-31 21:00:00,0.0,Dao My Nhat Huyen,Inhouse 1,Dao My Nhat Huyen,Inhouse 1,Dao Thi Hoang Yen,4420000.0,False,False,,,,,,2026-08-07
2026-08,749805547284744,1,3312365255,Đến hạn,Normal,"1-20, idle<=90",2026-06-07,2026-06-08 20:17:12,2,0,2026-07-31 09:30:00,0.0,Nguyen Thi Thao Ngoc,Inhouse 1,Nguyen Thi Thao Ngoc,Inhouse 1,Dao Thi Hoang Yen,5240000.0,False,False,,,,,,2026-08-07
2026-08,749206993926402,1,3312389269,Đến hạn,Normal,"1-20, idle<=90",2026-06-04,2026-06-05 14:37:16,10,8,2026-07-29 17:00:00,2.0,Cao Thi Lua,Inhouse 1,Cao Thi Lua,Inhouse 1,Diem Quynh Advisor,4740000.0,False,False,,,,,,2026-08-07
2026-08,748948727765250,1,3312389327,Đến hạn,Normal,"1-20, idle<=90",2026-06-03,2026-06-04 12:33:23,11,115,2026-07-28 21:00:00,3.0,Nguyen Cam Tu,Inhouse 1,Nguyen Cam Tu,Inhouse 1,Dao Thi Hoang Yen,5240000.0,True,True,759180882981126,2026-07-31 00:00:00,15900000.0,GMV+REM,56.0,2026-08-07
2026-08,750637043972358,1,3312409904,Đến hạn,Normal,"1-20, idle<=90",2026-06-11,2026-06-13 12:00:41,13,11,2026-07-29 18:30:00,2.0,Dao My Nhat Huyen,Inhouse 1,Dao My Nhat Huyen,Inhouse 1,Diem Quynh Advisor,4851000.0,False,False,,,,,,2026-08-07
2026-08,750128681378056,1,3312444708,Đến hạn,Normal,"1-20, idle<=90",2026-06-10,2026-06-10 21:19:18,1,0,2026-07-30 17:00:00,1.0,Nguyen Thuy Trang,Inhouse 1,Nguyen Thuy Trang,Inhouse 1,Ms Jenny Advisor,5240000.0,False,False,,,,,,2026-08-07
2026-08,752271416078600,1,3312447576,Đến hạn,Normal,"1-20, idle<=90",2026-06-22,2026-06-22 18:01:02,14,13,2026-08-01 17:00:00,-1.0,Le Thuy Nhung,Inhouse 1,Le Thuy Nhung,Inhouse 1,Dao Thi Hoang Yen,4640000.0,False,False,,,,,,2026-08-07
2026-08,749970735362312,1,3312453543,Đến hạn,Normal,"1-20, idle<=90",2026-06-09,2026-06-09 17:42:46,11,9,2026-07-30 10:00:00,1.0,Tran Thi Son,Inhouse 1,Tran Thi Son,Inhouse 1,Thao Chi Advisor,4740000.0,False,False,,,,,,2026-08-07
2026-08,750785617363206,1,3312503422,Đến hạn,Normal,"1-20, idle<=90",2026-06-13,2026-06-16 12:08:21,6,4,2026-07-31 15:00:00,0.0,Le Thi Thu Yen,Inhouse 1,Le Thi Thu Yen,Inhouse 1,Thao Chi Advisor,4550000.0,False,False,,,,,,2026-08-07
2026-08,750140121149704,1,3312504089,Đến hạn,Normal,"1-20, idle<=90",2026-06-10,2026-06-10 16:41:49,9,7,2026-07-31 11:00:00,0.0,Nguyen Thi Thao Ngoc,Inhouse 1,Nguyen Thi Thao Ngoc,Inhouse 1,Dao Thi Hoang Yen,5240000.0,False,False,,,,,,2026-08-07
2026-08,751397337639170,1,3312621265,Đến hạn,Normal,"1-20, idle<=90",2026-06-17,2026-06-18 17:20:34,12,12,2026-07-30 20:30:00,1.0,Le Thi Thu Yen,Inhouse 1,Le Thi Thu Yen,Inhouse 1,Dao Thi Hoang Yen,4550000.0,False,False,,,,,,2026-08-07
2026-08,750493389949186,1,3312634300,Đến hạn,Normal,"1-20, idle<=90",2026-06-10,2026-06-17 15:13:07,10,10,2026-08-01 19:30:00,-1.0,Bui Lam Linh,Inhouse 1,Bui Lam Linh,Inhouse 1,Thao Chi Advisor,4940000.0,False,False,,,,,,2026-08-07
2026-08,750153112811778,1,3312643983,Đến hạn,Normal,"1-20, idle<=90",2026-06-10,2026-06-10 18:40:14,10,9,2026-07-29 22:00:00,2.0,Dao My Nhat Huyen,Inhouse 1,Dao My Nhat Huyen,Inhouse 1,Dao Thi Hoang Yen,5240000.0,False,False,,,,,,2026-08-07
2026-08,750451714339078,1,3312674209,Đến hạn,Normal,"1-20, idle<=90",2026-06-12,2026-06-12 11:58:20,13,13,2026-07-20 17:00:00,11.0,Nguyen Cam Tu,Inhouse 1,Nguyen Cam Tu,Inhouse 1,Diem Quynh Advisor,4740000.0,False,False,,,,,,2026-08-07
2026-08,749991354624258,1,3312685064,Đến hạn,Normal,"1-20, idle<=90",2026-06-09,2026-06-10 13:25:23,6,4,2026-07-31 14:30:00,0.0,Le Thi Thuy Trang,Inhouse 1,Le Thi Thuy Trang,Inhouse 1,Ms Jenny Advisor,5040000.0,False,False,,,,,,2026-08-07
2026-08,750494610538760,1,3312688717,Đến hạn,Normal,"1-20, idle<=90",2026-06-12,2026-06-12 22:39:20,14,14,2026-08-01 16:00:00,-1.0,Vu Thi Tuyet Trinh,Inhouse 1,Vu Thi Tuyet Trinh,Inhouse 1,Ms Jenny Advisor,4790000.0,False,False,,,,,,2026-08-07
2026-08,751727579195650,1,3312697034,Đến hạn,Normal,"1-20, idle<=90",2026-06-19,2026-06-22 15:50:12,11,9,2026-08-01 18:00:00,-1.0,Dang Kim Thuong,Inhouse 1,Dang Kim Thuong,Inhouse 1,Thao Chi Advisor,5240000.0,True,True,TMP_3312697034_20260726,2026-07-26 00:00:00,16820000.0,GMV,33.0,2026-08-07
2026-08,750661785041160,1,3312697073,Đến hạn,Normal,"1-20, idle<=90",2026-06-13,2026-06-13 15:08:01,6,4,2026-07-30 16:30:00,1.0,Pham Thi Thao,Inhouse 1,Pham Thi Thao,Inhouse 1,Diem Quynh Advisor,4940000.0,False,False,,,,,,2026-08-07
2026-08,750278829658376,1,3312713579,Đến hạn,Normal,"1-20, idle<=90",2026-06-10,2026-06-11 15:46:31,11,9,2026-07-30 16:00:00,1.0,Bui Thi Thai Duong,Inhouse 1,Bui Thi Thai Duong,Inhouse 1,Thao Chi Advisor,4420000.0,False,False,,,,,,2026-08-07
2026-08,752306204610818,1,3312739716,Đến hạn,Normal,"1-20, idle<=90",2026-06-22,2026-06-25 19:04:23,16,14,2026-07-29 19:30:00,2.0,Do Thi Tuyet Nhung,Inhouse 1,Do Thi Tuyet Nhung,Inhouse 1,Ruby Advisor,4700000.0,False,False,,,,,,2026-08-07
2026-08,751689242669314,1,3312784188,Đến hạn,Normal,"1-20, idle<=90",2026-06-18,2026-06-22 23:54:31,16,15,2026-07-29 21:30:00,2.0,Cao Thi Lua,Inhouse 1,Cao Thi Lua,Inhouse 1,Ms Jenny Advisor,4640000.0,False,False,,,,,,2026-08-07
2026-08,756192097274120,1,3312787831,Đến hạn,Normal,"1-20, idle<=90",2026-07-14,2026-07-14 21:18:31,20,18,2026-07-30 21:00:00,1.0,Dao Phuong Thao,Inhouse 1,Dao Phuong Thao,Inhouse 1,Ms Laura,4550000.0,False,False,,,,,,2026-08-07
2026-08,750280146565378,1,3312787912,Đến hạn,Normal,"1-20, idle<=90",2026-06-11,2026-06-11 17:38:49,6,4,2026-07-31 10:30:00,0.0,Tran Thi Son,Inhouse 1,Tran Thi Son,Inhouse 1,Diem Quynh Advisor,5240000.0,False,False,,,,,,2026-08-07
2026-08,751016282751240,1,3312838115,Đến hạn,Normal,"1-20, idle<=90",2026-06-15,2026-06-15 17:17:33,12,11,2026-07-31 01:00:00,0.0,Pham Thi Thao,Inhouse 1,Pham Thi Thao,Inhouse 1,Ms Laura,5240000.0,False,False,,,,,,2026-08-07
2026-08,751605120045320,1,3312845037,Đến hạn,Normal,"1-20, idle<=90",2026-06-18,2026-06-19 10:45:43,10,8,2026-08-01 21:00:00,-1.0,Luu Thi Hoang Ngan,Inhouse 1,Luu Thi Hoang Ngan,Inhouse 1,Thao Chi Advisor,4790000.0,False,False,,,,,,2026-08-07
2026-08,751212311546120,1,3312885064,Đến hạn,Normal,"1-20, idle<=90",2026-06-16,2026-06-16 22:30:44,14,13,2026-07-31 21:00:00,0.0,Nguyen Thi Lan,Offline Team HaNoi,Nguyen Thi Lan,Offline Team HaNoi,Tran Thu Ha,4550000.0,False,False,,,,,,2026-08-07
2026-08,751705322268936,1,3312885974,Đến hạn,Normal,"1-20, idle<=90",2026-06-18,2026-06-22 15:06:28,14,13,2026-08-01 12:00:00,-1.0,Cao Thi Lua,Inhouse 1,Cao Thi Lua,Inhouse 1,Thao Chi Advisor,5109000.0,False,False,,,,,,2026-08-07
2026-08,752613773928706,1,3312914648,Đến hạn,Normal,"1-20, idle<=90",2026-06-23,2026-06-25 21:35:21,18,16,2026-07-29 21:30:00,2.0,Lai Ngoc Thuy Linh,Ho Chi Minh,Lai Ngoc Thuy Linh,Ho Chi Minh,Dao Thi Hoang Yen,4680000.0,False,False,,,,,,2026-08-07
2026-08,751380676522246,1,3312939461,Đến hạn,Normal,"1-20, idle<=90",2026-06-17,2026-06-17 19:00:33,12,10,2026-07-28 16:00:00,3.0,Le To Hai My,Inhouse 1,Le To Hai My,Inhouse 1,Thao Chi Advisor,4600000.0,False,False,,,,,,2026-08-07
2026-08,751726757994754,1,3312954300,Đến hạn,Normal,"1-20, idle<=90",2026-06-19,2026-06-20 21:49:00,14,12,2026-07-30 21:00:00,1.0,Le Thi Tuyet,Inhouse 1,Le Thi Tuyet,Inhouse 1,Thao Chi Advisor,5040000.0,False,False,,,,,,2026-08-07
2026-08,751937847687426,1,3312990142,Đến hạn,Normal,"1-20, idle<=90",2026-06-20,2026-06-25 11:54:20,15,15,2026-07-31 20:30:00,0.0,Vu Cam Ly,Inhouse 2,Vu Cam Ly,Inhouse 2,Tran Thu Ha,4450000.0,False,False,,,,,,2026-08-07
2026-08,751155421845762,1,3313025944,Đến hạn,Normal,"1-20, idle<=90",2026-06-15,2026-06-19 21:47:41,16,14,2026-07-30 21:00:00,1.0,Cao Thi Lua,Inhouse 1,Cao Thi Lua,Inhouse 1,Ms Jenny Advisor,4740000.0,False,False,,,,,,2026-08-07
2026-08,753512002205960,1,3313092424,Đến hạn,Normal,"1-20, idle<=90",2026-06-22,2026-06-29 17:42:03,18,18,2026-07-30 21:30:00,1.0,Nguyen Kieu Trang,Inhouse 1,Nguyen Kieu Trang,Inhouse 1,Nguyen Kieu Trang,4790000.0,False,False,,,,,,2026-08-07
2026-08,751737669028098,1,3313094027,Đến hạn,Normal,"1-20, idle<=90",2026-06-17,2026-06-21 07:44:29,17,15,2026-07-29 21:00:00,2.0,Hoang Thi Hong Tham,Offline Team HaNoi,Hoang Thi Hong Tham,Offline Team HaNoi,Tran Thu Ha,4420000.0,False,False,,,,,,2026-08-07
2026-08,752222010132742,1,3313096420,Đến hạn,Normal,"1-20, idle<=90",2026-06-22,2026-06-22 20:29:51,14,13,2026-08-01 20:00:00,-1.0,Dinh Ngoc Hai,Inhouse 2,Dinh Ngoc Hai,Inhouse 2,Ms Jenny Advisor,4550000.0,False,False,,,,,,2026-08-07
2026-08,752119623848194,1,3313148254,Đến hạn,Normal,"1-20, idle<=90",2026-06-18,2026-06-22 04:46:27,10,12,2026-07-30 18:00:00,1.0,Le Thi Thuy Van,Inhouse 2,Le Thi Thuy Van,Inhouse 2,Ms Jenny Advisor,4700000.0,False,False,,,,,,2026-08-07
2026-08,751748280398082,1,3313172460,Đến hạn,Normal,"1-20, idle<=90",2026-06-19,2026-06-19 19:03:48,12,11,2026-07-30 21:00:00,1.0,Le Thi Thu Yen,Inhouse 1,Le Thi Thu Yen,Inhouse 1,Ms Jenny Advisor,4690000.0,False,False,,,,,,2026-08-07
2026-08,752820050659590,1,3313184212,Đến hạn,Normal,"1-20, idle<=90",2026-06-25,2026-06-26 11:03:28,11,37,2026-07-29 21:00:00,2.0,Mai Thi Lien,Inhouse 2,Mai Thi Lien,Inhouse 2,Ms Jenny Advisor,4550000.0,True,True,757944832370946,2026-07-24 00:00:00,4550000.0,GMV+REM,27.0,2026-08-07
2026-08,753513254654210,1,3313219211,Đến hạn,Normal,"1-20, idle<=90",2026-06-22,2026-06-29 17:48:17,17,16,2026-08-01 21:30:00,-1.0,Nguyen Kieu Trang,Inhouse 1,Nguyen Kieu Trang,Inhouse 1,Nguyen Kieu Trang,4790000.0,False,False,,,,,,2026-08-07
2026-08,753476138809602,1,3313236267,Đến hạn,Normal,"1-20, idle<=90",2026-06-29,2026-06-30 18:25:32,16,14,2026-07-30 21:30:00,1.0,Kieu Lan Anh,Inhouse 2,Kieu Lan Anh,Inhouse 2,Tran Thu Ha,4700000.0,False,False,,,,,,2026-08-07
2026-08,752580455037192,1,3313242508,Đến hạn,Normal,"1-20, idle<=90",2026-06-23,2026-06-24 12:20:29,14,13,2026-07-29 21:00:00,2.0,Le Thi Thu Yen,Inhouse 1,Le Thi Thu Yen,Inhouse 1,Thao Chi Advisor,13875000.0,False,False,,,,,,2026-08-07
2026-08,752444451010824,1,3313248061,Đến hạn,Normal,"1-20, idle<=90",2026-06-23,2026-06-23 19:12:51,4,1,2026-07-31 11:00:00,0.0,Nguyen Cam Tu,Inhouse 1,Nguyen Cam Tu,Inhouse 1,Dao Thi Hoang Yen,4550000.0,False,False,,,,,,2026-08-07
2026-08,752461977155846,1,3313282723,Đến hạn,Normal,"1-20, idle<=90",2026-06-23,2026-06-24 12:45:48,13,13,2026-08-01 10:00:00,-1.0,Nguyen Thi Thao Ngoc,Inhouse 1,Nguyen Thi Thao Ngoc,Inhouse 1,Dao Thi Hoang Yen,5240000.0,False,False,,,,,,2026-08-07
2026-08,752752147638530,1,3313299502,Đến hạn,Normal,"1-20, idle<=90",2026-06-25,2026-06-27 17:05:19,15,15,2026-08-01 18:00:00,-1.0,Tran Thi Son,Inhouse 1,Tran Thi Son,Inhouse 1,Thao Chi Advisor,4700000.0,False,False,,,,,,2026-08-07
2026-08,753990838634754,1,3313329823,Đến hạn,Normal,"1-20, idle<=90",2026-06-30,2026-07-05 21:25:19,18,16,2026-07-30 20:30:00,1.0,Le Thi Thu Yen,Inhouse 1,Le Thi Thu Yen,Inhouse 1,Diem Quynh Advisor,4550000.0,False,False,,,,,,2026-08-07
2026-08,752625204611330,1,3313372051,Đến hạn,Normal,"1-20, idle<=90",2026-06-24,2026-06-28 14:37:43,20,18,2026-07-28 20:30:00,3.0,Lai Ngoc Thuy Linh,Ho Chi Minh,Lai Ngoc Thuy Linh,Ho Chi Minh,Dao Thi Hoang Yen,4680000.0,False,False,,,,,,2026-08-07
2026-08,752964931666184,1,3313385437,Đến hạn,Normal,"1-20, idle<=90",2026-06-26,2026-06-29 09:56:21,18,16,2026-07-29 21:00:00,2.0,Ho Thi Thanh,Inhouse 1,Ho Thi Thanh,Inhouse 1,Diem Quynh Advisor,4680000.0,False,False,,,,,,2026-08-07
2026-08,753654203545864,1,3313386640,Đến hạn,Normal,"1-20, idle<=90",2026-06-29,2026-07-01 15:05:20,18,17,2026-07-29 17:00:00,2.0,Pham Thi Thao,Inhouse 1,Pham Thi Thao,Inhouse 1,Ms Laura,5616000.0,False,False,,,,,,2026-08-07
2026-08,752945415948546,1,3313403644,Đến hạn,Normal,"1-20, idle<=90",2026-06-23,2026-06-26 17:30:51,18,17,2026-07-31 22:00:00,0.0,Lai Ngoc Thuy Linh,Ho Chi Minh,Lai Ngoc Thuy Linh,Ho Chi Minh,Dao Thi Hoang Yen,4680000.0,False,False,,,,,,2026-08-07
2026-08,752966082949384,1,3313409714,Đến hạn,Normal,"1-20, idle<=90",2026-06-26,2026-06-29 09:51:18,11,11,2026-08-01 20:00:00,-1.0,Nguyen Thi Hai Yen,Inhouse 2,Nguyen Thi Hai Yen,Inhouse 2,Ms Jenny Advisor,13500000.0,False,False,,,,,,2026-08-07
2026-08,753141062510850,1,3313431388,Đến hạn,Normal,"1-20, idle<=90",2026-06-27,2026-06-27 16:07:03,16,15,2026-07-31 18:30:00,0.0,Nguyen Cam Tu,Inhouse 1,Nguyen Cam Tu,Inhouse 1,Ms Laura,5240000.0,False,False,,,,,,2026-08-07
2026-08,753825777789190,1,3313468366,Đến hạn,Normal,"1-20, idle<=90",2026-06-30,2026-07-01 15:42:00,16,15,2026-07-31 16:00:00,0.0,Trinh Thi Hoa,Other,Trinh Thi Hoa,Other,Dao Thi Hoang Yen,4750000.0,False,False,,,,,,2026-08-07
2026-08,753475984775426,1,3313478950,Đến hạn,Normal,"1-20, idle<=90",2026-06-26,2026-06-30 22:38:07,17,15,2026-07-30 11:00:00,1.0,Nguyen Thi Thu Huyen,Inhouse 2,Nguyen Thi Thu Huyen,Inhouse 2,Ms Jenny Advisor,4777500.0,False,False,,,,,,2026-08-07
2026-08,753123213707522,1,3313530529,Đến hạn,Normal,"1-20, idle<=90",2026-06-27,2026-06-27 15:23:06,14,12,2026-08-01 12:00:00,-1.0,Dang Kim Thuong,Inhouse 1,Dang Kim Thuong,Inhouse 1,Thao Chi Advisor,26300000.0,False,False,,,,,,2026-08-07
2026-08,754177136136456,1,3313536300,Đến hạn,Normal,"1-20, idle<=90",2026-07-03,2026-07-06 17:43:07,19,18,2026-08-01 18:30:00,-1.0,Le Thi Lan Anh,Inhouse 1,Le Thi Lan Anh,Inhouse 1,Ellie Advisor,5240000.0,False,False,,,,,,2026-08-07
2026-08,753491245541640,1,3313539622,Đến hạn,Normal,"1-20, idle<=90",2026-06-29,2026-06-29 20:24:42,15,14,2026-07-31 21:00:00,0.0,Vu Ho Thanh Huong,Inhouse 2,Vu Ho Thanh Huong,Inhouse 2,Ms Jenny Advisor,12900000.0,False,False,,,,,,2026-08-07
2026-08,753522324394242,1,3313585716,Đến hạn,Normal,"1-20, idle<=90",2026-06-29,2026-06-29 19:44:15,15,13,2026-07-30 20:30:00,1.0,Nguyen Thi Hai Yen,Inhouse 2,Nguyen Thi Hai Yen,Inhouse 2,Ms Jenny Advisor,12900000.0,False,False,,,,,,2026-08-07
2026-08,753685128063234,1,3313652526,Đến hạn,Normal,"1-20, idle<=90",2026-06-30,2026-06-30 18:00:15,3,0,2026-08-01 11:30:00,-1.0,Do Thi Tuyet Nhung,Inhouse 1,Do Thi Tuyet Nhung,Inhouse 1,Thao Chi Advisor,13875000.0,True,True,TMP_3313652526_20260731,2026-07-31 00:00:00,18320000.0,GMV,30.0,2026-08-07
2026-08,753688574531842,1,3313700785,Đến hạn,Normal,"1-20, idle<=90",2026-06-30,2026-06-30 21:45:40,12,10,2026-07-31 20:30:00,0.0,Cao Thi Lua,Inhouse 1,Cao Thi Lua,Inhouse 1,Ms Laura,4740000.0,False,False,,,,,,2026-08-07
2026-08,756355645077762,1,3313707203,Đến hạn,Normal,"1-20, idle<=90",2026-07-15,2026-07-16 10:11:12,20,19,2026-07-29 21:00:00,2.0,Nguyen Phuong Thuy,Inhouse 1,Nguyen Phuong Thuy,Inhouse 1,Ruby Advisor,4540000.0,False,False,,,,,,2026-08-07
2026-08,754929542215938,1,3313709078,Đến hạn,Normal,"1-20, idle<=90",2026-07-07,2026-07-08 22:50:29,18,17,2026-07-31 21:30:00,0.0,Nguyen Thi Hang Nga,Inhouse 1,Nguyen Thi Hang Nga,Inhouse 1,Dao Thi Hoang Yen,4940000.0,False,False,,,,,,2026-08-07
2026-08,756202290950406,1,3313735666,Đến hạn,Normal,"1-20, idle<=90",2026-07-14,2026-07-14 22:39:04,5,0,2026-07-31 19:00:00,0.0,Dao My Nhat Huyen,Inhouse 1,Dao My Nhat Huyen,Inhouse 1,Ms Jenny Advisor,4550000.0,False,False,,,,,,2026-08-07
2026-08,754169999851784,1,3313749285,Đến hạn,Normal,"1-20, idle<=90",2026-07-02,2026-07-04 16:32:08,18,17,2026-07-31 20:00:00,0.0,Cao Thi Lua,Inhouse 1,Cao Thi Lua,Inhouse 1,Ms Jenny Advisor,5240000.0,False,False,,,,,,2026-08-07
2026-08,755934241792262,1,3313831125,Đến hạn,Normal,"1-20, idle<=90",2026-07-11,2026-07-13 21:57:33,20,18,2026-07-30 20:30:00,1.0,Cao Thi Lua,Inhouse 1,Cao Thi Lua,Inhouse 1,Dao Thi Hoang Yen,4550000.0,False,False,,,,,,2026-08-07
2026-08,755934117327110,1,3313857364,Đến hạn,Normal,"1-20, idle<=90",2026-07-11,2026-07-13 21:29:40,20,18,2026-07-29 21:00:00,2.0,Cao Thi Lua,Inhouse 1,Cao Thi Lua,Inhouse 1,Ms Jenny Advisor,4790000.0,False,False,,,,,,2026-08-07
2026-08,754589134969096,1,3313900131,Đến hạn,Normal,"1-20, idle<=90",2026-07-05,2026-07-05 21:05:47,18,16,2026-07-29 21:00:00,2.0,Vu Thi Tuyet Trinh,Inhouse 1,Vu Thi Tuyet Trinh,Inhouse 1,Thao Chi Advisor,4740000.0,False,False,,,,,,2026-08-07
2026-08,755046691131656,1,3313908614,Đến hạn,Normal,"1-20, idle<=90",2026-07-07,2026-07-08 10:59:44,19,18,2026-07-29 11:30:00,2.0,Le Thuy Nhung,Inhouse 1,Le Thuy Nhung,Inhouse 1,Ms Jenny Advisor,5240000.0,False,False,,,,,,2026-08-07
2026-08,756299782848770,1,3313947845,Đến hạn,Normal,"1-20, idle<=90",2026-07-13,2026-07-15 12:32:34,20,18,2026-07-30 22:00:00,1.0,Do Thi Tuyet Nhung,Inhouse 1,Do Thi Tuyet Nhung,Inhouse 1,Ms Laura,4670200.0,False,False,,,,,,2026-08-07
2026-08,755227181265154,1,3314004450,Đến hạn,Normal,"1-20, idle<=90",2026-07-08,2026-07-09 10:57:40,19,18,2026-07-30 21:30:00,1.0,Nguyen Thao Anh,Inhouse 1,Nguyen Thao Anh,Inhouse 1,Thao Chi Advisor,4740000.0,False,False,,,,,,2026-08-07
2026-08,754759633318150,1,3314063625,Đến hạn,Normal,"1-20, idle<=90",2026-07-06,2026-07-06 19:05:33,8,4,2026-07-31 10:00:00,0.0,Ho Thi Thanh,Inhouse 1,Ho Thi Thanh,Inhouse 1,Dao Thi Hoang Yen,4740000.0,False,False,,,,,,2026-08-07
2026-08,754907139811586,1,3314077138,Đến hạn,Normal,"1-20, idle<=90",2026-07-07,2026-07-07 18:23:02,19,18,2026-07-31 18:00:00,0.0,Tran Thi Son,Inhouse 1,Tran Thi Son,Inhouse 1,Ruby Advisor,5600000.0,False,False,,,,,,2026-08-07
2026-08,755585225990406,1,3314107505,Đến hạn,Normal,"1-20, idle<=90",2026-07-10,2026-07-11 12:45:09,18,16,2026-07-29 20:30:00,2.0,Bui Thi Thai Duong,Inhouse 1,Bui Thi Thai Duong,Inhouse 1,Ellie Advisor,4790000.0,False,False,,,,,,2026-08-07
2026-08,755438165614850,1,3314111326,Đến hạn,Normal,"1-20, idle<=90",2026-07-10,2026-07-11 15:04:54,20,19,2026-07-31 21:00:00,0.0,Lai Ngoc Thuy Linh,Ho Chi Minh,Lai Ngoc Thuy Linh,Ho Chi Minh,Dao Thi Hoang Yen,5240000.0,False,False,,,,,,2026-08-07
2026-08,755466838173960,1,3314188532,Đến hạn,Normal,"1-20, idle<=90",2026-07-10,2026-07-12 15:51:40,20,20,2026-08-01 15:00:00,-1.0,Pham Thi Thao,Inhouse 1,Pham Thi Thao,Inhouse 1,Ruby Advisor,4790000.0,False,False,,,,,,2026-08-07
2026-08,755070213433606,1,3314217325,Đến hạn,Normal,"1-20, idle<=90",2026-07-08,2026-07-08 16:55:32,19,18,2026-07-31 11:00:00,0.0,Dao My Nhat Huyen,Inhouse 1,Dao My Nhat Huyen,Inhouse 1,Ms Jenny Advisor,5240000.0,False,False,,,,,,2026-08-07
2026-08,754930940651778,1,3314233773,Đến hạn,Normal,"1-20, idle<=90",2026-07-07,2026-07-07 19:07:34,18,18,2026-08-01 20:30:00,-1.0,Ta Thi Thu Phuong,Inhouse 2,Ta Thi Thu Phuong,Inhouse 2,Tran Thu Ha,4925000.0,False,False,,,,,,2026-08-07
2026-08,755457654753542,1,3314255440,Đến hạn,Normal,"1-20, idle<=90",2026-07-10,2026-07-13 14:27:40,20,19,2026-08-01 22:00:00,-1.0,Dao My Nhat Huyen,Inhouse 1,Dao My Nhat Huyen,Inhouse 1,Thao Chi Advisor,4550000.0,False,False,,,,,,2026-08-07
2026-08,755595349649672,1,3314286326,Đến hạn,Normal,"1-20, idle<=90",2026-07-10,2026-07-11 15:01:48,20,18,2026-07-31 21:30:00,0.0,Nguyen Cam Tu,Inhouse 1,Nguyen Cam Tu,Inhouse 1,Diem Quynh Advisor,4940000.0,False,False,,,,,,2026-08-07
2026-08,755301814921480,1,3314289291,Đến hạn,Normal,"1-20, idle<=90",2026-07-09,2026-07-10 15:04:28,19,18,2026-07-29 15:30:00,2.0,Nguyen Thi Hang Nga,Inhouse 1,Nguyen Thi Hang Nga,Inhouse 1,Ellie Advisor,4920000.0,False,False,,,,,,2026-08-07
2026-08,756169239628040,1,3314383099,Đến hạn,Normal,"1-20, idle<=90",2026-07-14,2026-07-14 18:36:55,20,18,2026-07-29 21:30:00,2.0,Le Thi Thuy Trang,Inhouse 1,Le Thi Thuy Trang,Inhouse 1,Dao Thi Hoang Yen,4740000.0,False,False,,,,,,2026-08-07
2026-08,755631875727618,1,3314426256,Đến hạn,Normal,"1-20, idle<=90",2026-07-10,2026-07-12 15:55:16,20,18,2026-07-28 08:30:00,3.0,Nguyen Kieu Trang,Inhouse 1,Le To Hai My,Inhouse 1,Thao Chi Advisor,4420000.0,False,False,,,,,,2026-08-07
2026-08,756464818028802,1,3314635420,Đến hạn,Normal,"1-20, idle<=90",2026-07-16,2026-07-16 10:14:54,20,18,2026-07-31 21:00:00,0.0,Nguyen Thi Hai Yen,Inhouse 2,Nguyen Thi Hai Yen,Inhouse 2,Tran Thu Ha,4750000.0,False,False,,,,,,2026-08-07
