month,order_id,order_no_uid,uid,nhom,tag,ly_do_vao_list,ngay_mua,ngay_kich_hoat,remaining,so_buoi_hien_tai,last_study,idle_ngay,sale_ban_don,team_sale_ban,sale_quan_ly,team_sale_quan_ly,teacher,gia_tri_don_cu,da_gia_han_M90,da_gia_han_vo_han,order_id_moi,ngay_gia_han,gia_tri_don_gia_han,nguon_gia_han,so_ngay_den_gia_han,run_date
2026-10,761458271594760,2,3133891180,Đến hạn,Normal,"1-20, idle<=90",2026-07-31,2026-08-13 18:31:51,13,13,2026-09-24 18:30:00,6.0,Bui Thi Thai Duong,Inhouse 1,Bui Thi Thai Duong,Inhouse 1,Bui Thi Thai Duong,4290000.0,False,False,,,,,,2026-10-01
2026-10,743743791710466,1,3152750042,Đến hạn,Normal,"1-20, idle<=90",2026-04-29,2026-05-06 15:57:12,18,18,2026-09-28 21:30:00,2.0,Nguyen Cam Tu,Inhouse 1,Nguyen Cam Tu,Inhouse 1,Diem Quynh Advisor,9580000.0,False,False,,,,,,2026-10-01
2026-10,748163925858566,1,3164060855,Đến hạn,Normal,"1-20, idle<=90",2026-05-29,2026-05-30 15:42:42,15,15,2026-09-27 20:30:00,3.0,Le Thi Thu Yen,Inhouse 1,Le Thi Thu Yen,Inhouse 1,Diem Quynh Advisor,8745000.0,False,False,,,,,,2026-10-01
2026-10,749223078224136,1,3173464244,Đến hạn,Normal,"1-20, idle<=90",2026-06-05,2026-06-05 21:33:09,19,19,2026-09-28 19:30:00,2.0,Kieu Thi Thu Quynh,Inhouse 1,Kieu Thi Thu Quynh,Inhouse 1,Ms Jenny Advisor,9580000.0,True,True,TMP_3173464244_20260930,2026-09-30 00:00:00,8800000.0,GMV,116.0,2026-10-01
2026-10,748752880128258,2,3175938767,Đến hạn,Normal,"1-20, idle<=90",2026-05-31,2026-06-02 21:12:17,17,17,2026-09-27 19:00:00,3.0,Dang Kim Thuong,Inhouse 1,Dang Kim Thuong,Inhouse 1,Ellie Advisor,9880000.0,False,False,,,,,,2026-10-01
2026-10,752572942303490,1,3176063446,Đến hạn,Normal,"1-20, idle<=90",2026-06-23,2026-06-24 10:24:02,5,5,2026-09-29 17:30:00,1.0,Tran Thi Son,Inhouse 1,Tran Thi Son,Inhouse 1,Diem Quynh Advisor,9080000.0,False,False,,,,,,2026-10-01
2026-10,727665891657990,2,3181658325,Đến hạn,Normal,"1-20, idle<=90",2026-02-02,2026-02-03 16:02:36,19,19,2026-09-29 22:00:00,1.0,Bui Thi Nga,Inhouse 2,Le Thi Thuy Van,Inhouse 2,Tran Thu Ha,8215000.0,False,False,,,,,,2026-10-01
2026-10,747321357685000,5,3195414967,Đến hạn,Normal,"1-20, idle<=90",2026-05-25,2026-05-27 08:47:28,19,19,2026-09-29 21:30:00,1.0,Le Kim Chi,Inhouse 1,Le Kim Chi,Inhouse 1,Ruby Advisor,7950000.0,False,False,,,,,,2026-10-01
2026-10,763933249327362,14,3202602751,Đến hạn,Normal,"1-20, idle<=90",2026-08-27,2026-08-29 16:00:27,19,19,2026-09-29 21:30:00,1.0,Tran Thi Son,Inhouse 1,Tran Thi Son,Inhouse 1,Ellie Advisor,4500000.0,False,False,,,,,,2026-10-01
2026-10,741425342040322,1,3209352775,Đến hạn,Normal,"1-20, idle<=90",2026-04-21,2026-04-22 12:08:43,19,19,2026-09-29 21:30:00,1.0,Le Thi Thuy Trang,Inhouse 1,Le Thi Thuy Trang,Inhouse 1,Ms Jenny Advisor,9580000.0,False,False,,,,,,2026-10-01
2026-10,737019462138118,2,3216428633,Đến hạn,Normal,"1-20, idle<=90",2026-03-28,2026-03-29 11:01:20,14,14,2026-09-29 21:00:00,1.0,Le Thi Lan Anh,Inhouse 1,Le Thi Lan Anh,Inhouse 1,Diem Quynh Advisor,8880000.0,False,False,,,,,,2026-10-01
2026-10,698973773469952,1,3216662973,Đến hạn,Normal,"1-20, idle<=90",2025-07-31,2025-08-25 12:27:16,14,14,2026-09-28 21:30:00,2.0,Tran Thi Thaoo,Inhouse 1,Dao Thi Trang,Inhouse 1,Ellie Advisor,11501000.0,False,False,,,,,,2026-10-01
2026-10,746823691202818,6,3228008712,Đến hạn,Normal,"1-20, idle<=90",,2026-05-23 10:25:12,19,19,2026-09-25 22:00:00,5.0,Le Thuy Nhung,Inhouse 1,Le Thuy Nhung,Inhouse 1,Thao Chi Advisor,7685000.0,False,False,,,,,,2026-10-01
2026-10,737933082628358,2,3233863862,Đến hạn,Normal,"1-20, idle<=90",2026-03-31,2026-04-03 11:39:13,14,14,2026-09-27 10:30:00,3.0,Vu Ho Thanh Huong,Inhouse 2,Vu Ho Thanh Huong,Inhouse 2,Tran Thu Ha,8480000.0,False,False,,,,,,2026-10-01
2026-10,745314643628294,3,3234750244,Đến hạn,Normal,"1-20, idle<=90",2026-05-14,2026-05-14 19:46:05,18,18,2026-09-29 21:30:00,1.0,Le Thi Lan Anh,Inhouse 1,Le Thi Lan Anh,Inhouse 1,Ellie Advisor,7950000.0,False,False,,,,,,2026-10-01
2026-10,743777638983942,5,3238814707,Đến hạn,Normal,"1-20, idle<=90",2026-05-05,2026-05-05 22:36:43,17,17,2026-09-27 16:00:00,3.0,Nguyen Thuy Trang,Inhouse 1,Nguyen Thuy Trang,Inhouse 1,Thao Chi Advisor,7950000.0,False,False,,,,,,2026-10-01
2026-10,723081999780100,4,3247206116,Đến hạn,Normal,"1-20, idle<=90",2025-12-29,2026-01-13 17:55:11,14,14,2026-09-29 00:00:00,2.0,Le Thuy Nhung,Inhouse 1,Le Thuy Nhung,Inhouse 1,Thao Chi Advisor,15900000.0,False,False,,,,,,2026-10-01
2026-10,748184167170310,13,3248211491,Đến hạn,Normal,"1-20, idle<=90",2026-05-29,2026-06-01 19:22:22,14,14,2026-09-29 22:30:00,1.0,Ta Thuy Van,Inhouse 1,Ta Thuy Van,Inhouse 1,Ellie Advisor,7964000.0,False,False,,,,,,2026-10-01
2026-10,693482890461442,3,3249529715,Đến hạn,Normal,"1-20, idle<=90",2025-06-28,2025-07-26 22:24:30,14,14,2026-09-26 11:00:00,4.0,Dang Huyen Trang,Inhouse 1,Kieu Thi Thu Quynh,Inhouse 1,Ms Laura,15370000.0,False,False,,,,,,2026-10-01
2026-10,737442552287490,3,3251018864,Đến hạn,Normal,"1-20, idle<=90",2026-03-30,2026-04-06 16:28:05,20,73,2026-09-28 20:00:00,2.0,Le Thi Thuy Van,Inhouse 2,Le Thi Thuy Van,Inhouse 2,Tran Thu Ha,8215000.0,True,True,738789125095688,2026-04-07 12:47:19,8215000.0,REM,0.0,2026-10-01
2026-10,744830243731714,2,3252554438,Đến hạn,Normal,"1-20, idle<=90",2026-04-23,2026-05-13 20:39:04,17,17,2026-09-25 21:00:00,5.0,Vu Ho Thanh Huong,Inhouse 2,Vu Ho Thanh Huong,Inhouse 2,Tran Thu Ha,8450000.0,False,False,,,,,,2026-10-01
2026-10,738072680997126,8,3254488265,Đến hạn,Normal,"1-20, idle<=90",2026-04-03,2026-04-03 23:53:28,16,16,2026-09-27 20:00:00,3.0,Le Thi Lan Anh,Inhouse 1,Le Thi Lan Anh,Inhouse 1,Ellie Advisor,7950000.0,False,False,,,,,,2026-10-01
2026-10,741988972908802,6,3256436392,Đến hạn,Normal,"1-20, idle<=90",2026-04-25,2026-04-25 15:47:20,18,18,2026-09-27 18:30:00,3.0,Ho Thi Thanh,Inhouse 1,Ho Thi Thanh,Inhouse 1,Ms Laura,8350000.0,False,False,,,,,,2026-10-01
2026-10,754026358311176,2,3256747161,Đến hạn,Normal,"1-20, idle<=90",2026-07-02,2026-07-02 16:08:53,12,12,2026-09-25 12:00:00,5.0,Dao My Nhat Huyen,Inhouse 1,Dao My Nhat Huyen,Inhouse 1,Dao Thi Hoang Yen,8480000.0,False,False,,,,,,2026-10-01
2026-10,706920512715012,3,3256759468,Đến hạn,Normal,"1-20, idle<=90",2025-10-09,2025-10-09 11:38:46,19,19,2026-09-28 17:00:00,2.0,Le Thi Lan Anh,Inhouse 1,Le Thi Lan Anh,Inhouse 1,Ellie Advisor,16160000.0,False,False,,,,,,2026-10-01
2026-10,746440199676166,6,3257331991,Đến hạn,Normal,"1-20, idle<=90",2026-05-20,2026-05-21 16:34:09,19,19,2026-09-28 18:00:00,2.0,Le Kim Chi,Inhouse 1,Le Kim Chi,Inhouse 1,Ruby Advisor,7950000.0,False,False,,,,,,2026-10-01
2026-10,749256073023746,2,3257839335,Đến hạn,Normal,"1-20, idle<=90",2026-06-04,2026-06-05 17:14:10,16,16,2026-09-29 22:00:00,1.0,Kieu Thi Thu Quynh,Inhouse 1,Kieu Thi Thu Quynh,Inhouse 1,Ms Laura,8745700.0,False,False,,,,,,2026-10-01
2026-10,744113164585218,1,3258161418,Đến hạn,Normal,"1-20, idle<=90",2026-05-07,2026-05-07 17:12:18,19,19,2026-09-29 22:00:00,1.0,Nguyen Thi Thao Ngoc,Inhouse 1,Nguyen Thi Thao Ngoc,Inhouse 1,Thao Chi Advisor,9010000.0,False,False,,,,,,2026-10-01
2026-10,657422036252928,6,3261925876,Đến hạn,Normal,"1-20, idle<=90",2024-12-31,2025-01-02 16:44:53,19,19,2026-09-29 18:00:00,1.0,Le Kim Chi,Inhouse 1,Le Kim Chi,Inhouse 1,Ellie Advisor,14840000.0,False,False,,,,,,2026-10-01
2026-10,741781074399490,6,3262245978,Đến hạn,Normal,"1-20, idle<=90",2026-04-24,2026-04-24 10:36:07,18,18,2026-09-26 21:30:00,4.0,Ho Thi Thanh,Inhouse 1,Ho Thi Thanh,Inhouse 1,Ms Laura,7950000.0,False,False,,,,,,2026-10-01
2026-10,762184804948230,2,3263629262,Đến hạn,Normal,"1-20, idle<=90",2026-08-17,2026-08-17 18:45:21,10,10,2026-09-29 15:30:00,1.0,Le Thi Lan Anh,Inhouse 1,Le Thi Lan Anh,Inhouse 1,Diem Quynh Advisor,4690000.0,False,False,,,,,,2026-10-01
2026-10,743733444045064,4,3263676696,Đến hạn,Normal,"1-20, idle<=90",2026-04-30,2026-05-05 17:14:28,16,16,2026-09-27 11:30:00,3.0,Kieu Thi Thu Quynh,Inhouse 1,Kieu Thi Thu Quynh,Inhouse 1,Diem Quynh Advisor,7685000.0,False,False,,,,,,2026-10-01
2026-10,744821174898952,1,3264886860,Đến hạn,Normal,"1-20, idle<=90",2026-05-10,2026-05-11 21:31:16,16,16,2026-09-23 21:00:00,7.0,Vu Ho Thanh Huong,Inhouse 2,Vu Ho Thanh Huong,Inhouse 2,Tran Thu Ha,9200000.0,False,False,,,,,,2026-10-01
2026-10,737395047975170,4,3267658432,Đến hạn,Frozen,"1-20, idle<=90",2026-03-18,2026-03-30 15:37:15,17,17,2026-09-20 14:00:00,10.0,Ho Thi Thanh,Inhouse 1,Ho Thi Thanh,Inhouse 1,Ellie Advisor,7950000.0,False,False,,,,,,2026-10-01
2026-10,751915746205960,1,3268662926,Đến hạn,Normal,"1-20, idle<=90",2026-06-20,2026-06-20 21:50:21,12,12,2026-09-29 21:30:00,1.0,Vu Ho Thanh Huong,Inhouse 2,Vu Ho Thanh Huong,Inhouse 2,Ms Jenny Advisor,9850000.0,False,False,,,,,,2026-10-01
2026-10,741425633120520,2,3268680077,Đến hạn,Normal,"1-20, idle<=90",2026-04-22,2026-04-22 20:58:40,13,13,2026-09-27 21:30:00,3.0,Ho Thi Thanh,Inhouse 1,Ho Thi Thanh,Inhouse 1,Ms Laura,7950000.0,False,False,,,,,,2026-10-01
2026-10,734439991943430,1,3268762902,Đến hạn,Normal,"1-20, idle<=90",2026-03-13,2026-03-18 18:45:38,14,14,2026-09-26 10:00:00,4.0,Lai Ngoc Thuy Linh,Ho Chi Minh,Lai Ngoc Thuy Linh,Ho Chi Minh,Dao Thi Hoang Yen,9275000.0,False,False,,,,,,2026-10-01
2026-10,743789929998598,2,3269639535,Đến hạn,Normal,"1-20, idle<=90",2026-04-26,2026-05-05 18:59:33,15,15,2026-09-29 20:30:00,1.0,Le Thuy Nhung,Inhouse 1,Le Thuy Nhung,Inhouse 1,Thao Chi Advisor,8480000.0,False,False,,,,,,2026-10-01
2026-10,721307309125892,2,3269712460,Đến hạn,Normal,"1-20, idle<=90",2025-12-29,2026-01-02 10:04:36,18,18,2026-09-27 19:30:00,3.0,Ta Thuy Van,Inhouse 1,Ta Thuy Van,Inhouse 1,Ellie Advisor,15950000.0,False,False,,,,,,2026-10-01
2026-10,743604449132802,5,3270124578,Đến hạn,Normal,"1-20, idle<=90",2026-04-29,2026-05-05 11:43:31,15,15,2026-09-24 17:30:00,6.0,Tran Thi Son,Inhouse 1,Tran Thi Son,Inhouse 1,Ellie Advisor,7950000.0,False,False,,,,,,2026-10-01
2026-10,765681897011464,3,3270238462,Đến hạn,Normal,"1-20, idle<=90",2026-09-03,2026-09-06 15:43:46,20,20,2026-09-26 12:00:00,4.0,Kieu Thi Thu Quynh,Inhouse 1,Kieu Thi Thu Quynh,Inhouse 1,Kieu Thi Thu Quynh,4550000.0,False,False,,,,,,2026-10-01
2026-10,703384860961028,3,3270878040,Đến hạn,Normal,"1-20, idle<=90",2025-04-18,2025-09-19 10:42:16,14,14,2026-09-29 21:30:00,1.0,Le To Hai My,Inhouse 1,Bui Thi Thai Duong,Inhouse 1,Ms Laura,15900000.0,True,True,TMP_3270878040_20260715,2026-07-15 00:00:00,15900000.0,GMV,298.0,2026-10-01
2026-10,746909582549256,1,3272037530,Đến hạn,Normal,"1-20, idle<=90",2026-05-22,2026-05-23 11:22:59,15,15,2026-09-29 22:00:00,1.0,Nguyen Thao Anh,Inhouse 1,Nguyen Thao Anh,Inhouse 1,Diem Quynh Advisor,10080000.0,False,False,,,,,,2026-10-01
2026-10,746271737065736,5,3272076643,Đến hạn,Normal,"1-20, idle<=90",2026-04-23,2026-05-20 11:50:49,16,16,2026-09-29 17:00:00,1.0,Le Thi Lan Anh,Inhouse 1,Le Thi Lan Anh,Inhouse 1,Ellie Advisor,8164000.0,False,False,,,,,,2026-10-01
2026-10,705369991026946,3,3272920307,Đến hạn,Normal,"1-20, idle<=90",2025-09-30,2025-10-04 09:33:53,13,172,2026-09-27 17:30:00,3.0,Tran Thi Son,Inhouse 1,Tran Thi Son,Inhouse 1,Ellie Advisor,16820000.0,True,True,762187435536642,2026-07-31 00:00:00,24059000.0,GMV+REM,299.0,2026-10-01
2026-10,755086814611718,6,3273112762,Đến hạn,Normal,"1-20, idle<=90",,2026-07-08 15:26:13,17,17,2026-09-23 21:30:00,7.0,Pham Thi Thao,Inhouse 1,Pham Thi Thao,Inhouse 1,Ellie Advisor,4290000.0,False,False,,,,,,2026-10-01
2026-10,617636364593408,1,3273186169,Đến hạn,Normal,"1-20, idle<=90",2024-05-22,2024-05-23 10:01:35,20,20,2026-09-27 11:00:00,3.0,Le To Hai My,Inhouse 1,Bui Thi Thai Duong,Inhouse 1,Ms Laura,10800000.0,False,False,,,,,,2026-10-01
2026-10,723748590121218,3,3273908564,Đến hạn,Normal,"1-20, idle<=90",2025-11-28,2026-01-13 12:37:56,11,11,2026-09-28 18:30:00,2.0,Bui Thi Hong Van,Inhouse 1,Bui Thi Hong Van,Inhouse 1,Ruby Advisor,15900000.0,False,False,,,,,,2026-10-01
2026-10,747624376287496,5,3275178757,Đến hạn,Normal,"1-20, idle<=90",2026-05-27,2026-05-28 23:55:37,17,17,2026-09-29 20:00:00,1.0,Ho Thi Thanh,Inhouse 1,Ho Thi Thanh,Inhouse 1,Ms Laura,7685000.0,False,False,,,,,,2026-10-01
2026-10,706653076863236,2,3276060073,Đến hạn,Normal,"1-20, idle<=90",,2025-10-07 22:36:29,14,14,2026-09-29 22:00:00,1.0,Ta Thuy Van,Inhouse 1,Ta Thuy Van,Inhouse 1,Ellie Advisor,15650000.0,False,False,,,,,,2026-10-01
2026-10,738651569821958,5,3276230906,Đến hạn,Normal,"1-20, idle<=90",2025-08-16,2026-04-08 21:29:27,18,71,2026-09-25 21:00:00,5.0,Nguyen Thuy Trang,Inhouse 1,Nguyen Thuy Trang,Inhouse 1,Thao Chi Advisor,4160000.0,True,True,760068025327874,2026-08-05 18:53:37,7840000.0,REM,118.0,2026-10-01
2026-10,737075325169922,4,3276338718,Đến hạn,Normal,"1-20, idle<=90",2026-03-28,2026-03-28 20:20:25,17,17,2026-09-27 10:00:00,3.0,Nguyen Thuy Trang,Inhouse 1,Nguyen Thuy Trang,Inhouse 1,Thao Chi Advisor,7950000.0,False,False,,,,,,2026-10-01
2026-10,728394026586374,4,3277044579,Đến hạn,Normal,"1-20, idle<=90",2026-01-31,2026-02-07 18:49:38,18,18,2026-09-28 22:30:00,2.0,Le Thuy Nhung,Inhouse 1,Le Thuy Nhung,Inhouse 1,Thao Chi Advisor,7750000.0,False,False,,,,,,2026-10-01
2026-10,762197590997250,1,3277161197,Đến hạn,Normal,"1-20, idle<=90",2026-08-15,2026-08-20 13:37:43,13,13,2026-09-29 22:00:00,1.0,Dao Phuong Thao,Inhouse 1,Nguyen Phuong Thuy,Inhouse 1,Ms Jenny Advisor,4615400.0,False,False,,,,,,2026-10-01
2026-10,635121226856704,2,3277815871,Đến hạn,Normal,"1-20, idle<=90",2024-08-29,2024-08-29 15:52:41,16,16,2026-09-26 11:00:00,4.0,Le Thuy Nhung,Inhouse 1,Le Thuy Nhung,Inhouse 1,Thao Chi Advisor,16056000.0,False,False,,,,,,2026-10-01
2026-10,764646655127816,1,3278119462,Đến hạn,Normal,"1-20, idle<=90",2026-08-31,2026-08-31 16:46:25,17,17,2026-09-27 21:30:00,3.0,Le Kim Chi,Inhouse 1,Le Kim Chi,Inhouse 1,Ms Laura,4550000.0,False,False,,,,,,2026-10-01
2026-10,739869708849416,4,3278133760,Đến hạn,Normal,"1-20, idle<=90",2025-12-31,2026-04-13 18:19:38,18,18,2026-09-29 20:30:00,1.0,Bui Thi Hong Van,Inhouse 1,Bui Thi Hong Van,Inhouse 1,Ruby Advisor,8050000.0,False,False,,,,,,2026-10-01
2026-10,698972095742208,2,3278167077,Đến hạn,Normal,"1-20, idle<=90",2025-08-13,2025-08-25 12:57:42,17,17,2026-09-29 21:00:00,1.0,Tran Thi Son,Inhouse 1,Tran Thi Son,Inhouse 1,Ellie Advisor,16820000.0,False,False,,,,,,2026-10-01
2026-10,749744965626118,2,3278605963,Đến hạn,Normal,"1-20, idle<=90",2024-09-09,2026-06-08 11:13:18,15,15,2026-09-26 20:30:00,4.0,Nguyen Kieu Trang,Inhouse 1,Nguyen Kieu Trang,Inhouse 1,Ruby Advisor,8013000.0,False,False,,,,,,2026-10-01
2026-10,707117555681538,3,3278782122,Đến hạn,Normal,"1-20, idle<=90",2025-10-09,2025-10-10 20:50:58,20,20,2026-09-28 21:00:00,2.0,Le To Hai My,Inhouse 1,Nguyen Cam Tu,Inhouse 1,Ellie Advisor,16019200.0,False,False,,,,,,2026-10-01
2026-10,732154860488962,4,3278897748,Đến hạn,Normal,"1-20, idle<=90",2026-02-28,2026-03-02 20:16:14,16,16,2026-09-29 18:30:00,1.0,Nguyen Thi Hang Nga,Inhouse 1,Ta Thuy Van,Inhouse 1,Ellie Advisor,9330000.0,False,False,,,,,,2026-10-01
2026-10,747342351307014,4,3279157577,Đến hạn,Normal,"1-20, idle<=90",2026-05-25,2026-05-26 10:45:51,16,16,2026-09-29 16:30:00,1.0,Tran Thi Son,Inhouse 1,Tran Thi Son,Inhouse 1,Ellie Advisor,7685000.0,False,False,,,,,,2026-10-01
2026-10,707095989113088,2,3279267887,Đến hạn,Normal,"1-20, idle<=90",2025-10-09,2025-10-10 10:50:15,16,16,2026-09-29 21:00:00,1.0,Nguyen Linh Chi,Inhouse 1,Kieu Thi Thu Quynh,Inhouse 1,Ellie Advisor,15900000.0,False,False,,,,,,2026-10-01
2026-10,724442848960772,3,3280178184,Đến hạn,Normal,"1-20, idle<=90",2025-08-18,2026-01-16 11:00:23,15,15,2026-09-28 21:30:00,2.0,Le Kim Chi,Inhouse 1,Le Kim Chi,Inhouse 1,Thao Chi Advisor,16430000.0,False,False,,,,,,2026-10-01
2026-10,706439624777984,2,3280456784,Đến hạn,Normal,"1-20, idle<=90",2025-10-03,2025-10-09 06:22:34,13,13,2026-09-27 21:30:00,3.0,Laura - Team 2 Admin,Other,Bui Thi Thai Duong,Inhouse 1,Ms Laura,16019200.0,False,False,,,,,,2026-10-01
2026-10,643577438472460,1,3280503235,Đến hạn,Normal,"1-20, idle<=90",2024-10-15,2024-10-19 16:29:08,10,10,2026-09-27 17:00:00,3.0,Tran Thi Son,Inhouse 1,Tran Thi Son,Inhouse 1,Tran Thi Son,18820000.0,False,False,,,,,,2026-10-01
2026-10,753650471244034,7,3280656292,Đến hạn,Normal,"1-20, idle<=90",2026-06-30,2026-06-30 20:07:31,16,16,2026-09-26 16:30:00,4.0,Nguyen Thuy Trang,Inhouse 1,Nguyen Thuy Trang,Inhouse 1,Thao Chi Advisor,12375000.0,False,False,,,,,,2026-10-01
2026-10,699219880454404,2,3280793068,Đến hạn,Normal,"1-20, idle<=90",2025-08-26,2025-08-27 05:50:32,18,18,2026-09-25 20:00:00,5.0,Tran Thi Thu Hang,Inhouse 1,Kieu Thi Thu Quynh,Inhouse 1,Ellie Advisor,16500000.0,False,False,,,,,,2026-10-01
2026-10,685926701003012,2,3281202313,Đến hạn,Normal,"1-20, idle<=90",2025-06-12,2025-06-12 18:50:17,13,13,2026-09-29 22:00:00,1.0,Laura - Team 2 Admin,Other,Nguyen Cam Tu,Inhouse 1,Le To Hai My,16820000.0,False,False,,,,,,2026-10-01
2026-10,739127342184710,4,3281246669,Đến hạn,Normal,"1-20, idle<=90",2026-03-31,2026-04-14 22:21:32,17,17,2026-09-29 23:00:00,1.0,Ho Thi Thanh,Inhouse 1,Ho Thi Thanh,Inhouse 1,Ms Laura,23250000.0,False,False,,,,,,2026-10-01
2026-10,747987283253510,5,3281536501,Đến hạn,Normal,"1-20, idle<=90",2026-05-29,2026-05-29 12:27:41,17,17,2026-09-26 22:30:00,4.0,Tran Thi Son,Inhouse 1,Tran Thi Son,Inhouse 1,Ms Laura,15900000.0,False,False,,,,,,2026-10-01
2026-10,726563036014850,1,3281568508,Đến hạn,Normal,"1-20, idle<=90",2026-01-27,2026-01-28 22:25:15,13,225,2026-09-28 22:00:00,2.0,Tran Thi Son,Inhouse 1,Tran Thi Son,Inhouse 1,Diem Quynh Advisor,10080000.0,True,True,762535520121094,2026-08-19 00:00:00,31800000.0,GMV+REM,202.0,2026-10-01
2026-10,718454931564804,2,3281659773,Đến hạn,Normal,"1-20, idle<=90",2025-11-24,2025-12-13 15:09:43,15,15,2026-09-27 21:30:00,3.0,Ho Thi Thanh,Inhouse 1,Ho Thi Thanh,Inhouse 1,Ms Laura,45955000.0,False,False,,,,,,2026-10-01
2026-10,715059624405252,1,3281745781,Đến hạn,Normal,"1-20, idle<=90",2025-11-23,2025-11-24 15:06:52,16,16,2026-09-28 18:30:00,2.0,Nguyen Thi Thao Ngoc,Inhouse 1,Nguyen Thi Thao Ngoc,Inhouse 1,Ruby Advisor,17820000.0,False,False,,,,,,2026-10-01
2026-10,651616042217744,1,3282366903,Đến hạn,Normal,"1-20, idle<=90",2024-11-30,2024-12-01 02:20:28,7,7,2026-09-27 15:00:00,3.0,Bui Thi Hong Van,Inhouse 1,Bui Thi Hong Van,Inhouse 1,Ms Laura,16820000.0,False,False,,,,,,2026-10-01
2026-10,749927662352648,3,3282397122,Đến hạn,Normal,"1-20, idle<=90",2026-06-09,2026-06-09 11:31:46,16,16,2026-09-24 19:30:00,6.0,Nguyen Kieu Trang,Inhouse 1,Nguyen Kieu Trang,Inhouse 1,Ruby Advisor,7950000.0,False,False,,,,,,2026-10-01
2026-10,700773263405316,1,3282896292,Đến hạn,Normal,"1-20, idle<=90",2025-09-01,2025-09-04 16:47:16,16,122,2026-09-27 18:30:00,3.0,Nguyen Kieu Trang,Inhouse 1,Nguyen Kieu Trang,Inhouse 1,Ruby Advisor,17820000.0,True,True,768694869942534,2026-09-22 00:00:00,17320000.0,GMV+REM,382.0,2026-10-01
2026-10,678122862012674,2,3283586822,Đến hạn,Normal,"1-20, idle<=90",2025-04-29,2025-04-29 19:16:23,16,16,2026-09-27 22:30:00,3.0,Tran Thi Son,Inhouse 1,Tran Thi Son,Inhouse 1,Ms Laura,16134200.0,False,False,,,,,,2026-10-01
2026-10,685512409739520,3,3283796154,Đến hạn,Normal,"1-20, idle<=90",2025-04-29,2025-06-10 14:00:08,15,15,2026-09-29 20:30:00,1.0,Nguyen Linh Chi,Inhouse 1,Kieu Thi Thu Quynh,Inhouse 1,Ms Laura,15370000.0,False,False,,,,,,2026-10-01
2026-10,685737316501764,2,3284689332,Đến hạn,Normal,"1-20, idle<=90",2025-06-11,2025-06-11 18:57:36,19,19,2026-09-27 15:00:00,3.0,Tran Thi Son,Inhouse 1,Tran Thi Son,Inhouse 1,Ms Laura,16320000.0,False,False,,,,,,2026-10-01
2026-10,718868075501826,2,3284815579,Đến hạn,Normal,"1-20, idle<=90",2025-08-23,2025-12-21 17:24:05,17,17,2026-09-29 23:00:00,1.0,Tran Thi Son,Inhouse 1,Tran Thi Son,Inhouse 1,Ms Laura,16820000.0,False,False,,,,,,2026-10-01
2026-10,738630593913090,3,3284922181,Đến hạn,Normal,"1-20, idle<=90",2026-04-06,2026-04-07 13:23:39,14,14,2026-09-27 15:00:00,3.0,Lai Ngoc Thuy Linh,Ho Chi Minh,Lai Ngoc Thuy Linh,Ho Chi Minh,Dao Thi Hoang Yen,8215000.0,False,False,,,,,,2026-10-01
2026-10,693031697758464,2,3285574380,Đến hạn,Normal,"1-20, idle<=90",2025-07-22,2025-07-23 11:43:55,20,20,2026-09-28 17:00:00,2.0,Nguyen Thuy Trang,Inhouse 1,Nguyen Thuy Trang,Inhouse 1,Thao Chi Advisor,16820000.0,False,False,,,,,,2026-10-01
2026-10,764116208568584,1,3285588811,Đến hạn,Normal,"1-20, idle<=90",2026-08-27,2026-08-28 18:48:03,16,16,2026-09-27 21:00:00,3.0,Le Thi Thuy Trang,Inhouse 1,Le Thi Thuy Trang,Inhouse 1,Ms Jenny Advisor,4762800.0,False,False,,,,,,2026-10-01
2026-10,740422026588418,3,3286074041,Đến hạn,Normal,"1-20, idle<=90",2026-04-16,2026-04-19 20:37:12,13,13,2026-09-27 21:00:00,3.0,Le Kim Chi,Inhouse 1,Le Kim Chi,Inhouse 1,Ruby Advisor,8350000.0,False,False,,,,,,2026-10-01
2026-10,694040775371008,2,3286364790,Đến hạn,Normal,"1-20, idle<=90",2025-07-28,2025-07-28 16:13:37,15,15,2026-09-28 15:30:00,2.0,Tran Thi Thu Hang,Inhouse 1,Bui Thi Thai Duong,Inhouse 1,Ellie Advisor,16120000.0,False,False,,,,,,2026-10-01
2026-10,734209085288706,4,3286367689,Đến hạn,Normal,"1-20, idle<=90",2026-03-11,2026-03-12 20:02:26,12,12,2026-09-29 22:30:00,1.0,Hoang Thi Hong Tham,Offline Team HaNoi,Hoang Thi Hong Tham,Offline Team HaNoi,Tran Thu Ha,4030700.0,False,False,,,,,,2026-10-01
2026-10,728009560922376,3,3286857818,Đến hạn,Normal,"1-20, idle<=90",2026-01-15,2026-02-05 15:57:36,15,68,2026-09-29 20:00:00,1.0,Le Thuy Nhung,Inhouse 1,Le Thuy Nhung,Inhouse 1,Thao Chi Advisor,8250000.0,True,True,755453532576002,2026-07-10 00:00:00,8250000.0,GMV+REM,154.0,2026-10-01
2026-10,751872451707144,1,3287031149,Đến hạn,Normal,"1-20, idle<=90",2026-06-20,2026-06-20 11:37:51,12,12,2026-09-27 12:30:00,3.0,Kieu Lan Anh,Inhouse 2,Kieu Lan Anh,Inhouse 2,Ms Jenny Advisor,9010000.0,False,False,,,,,,2026-10-01
2026-10,726635655874818,3,3287640883,Đến hạn,Normal,"1-20, idle<=90",2026-01-28,2026-02-03 21:04:25,13,13,2026-09-23 20:00:00,7.0,Le Minh Thanh,Ho Chi Minh,Tran Quoc Dung,Other,Dao Thi Hoang Yen,8215000.0,False,False,,,,,,2026-10-01
2026-10,743777205182728,1,3287789579,Đến hạn,Normal,"1-20, idle<=90",2026-05-05,2026-05-06 17:30:30,18,18,2026-09-28 00:00:00,3.0,Nguyen Thi Hang Nga,Inhouse 1,Nguyen Thi Hang Nga,Inhouse 1,Ms Laura,10080000.0,False,False,,,,,,2026-10-01
2026-10,711935305089284,2,3287843031,Đến hạn,Normal,"1-20, idle<=90",2025-09-30,2025-11-10 22:03:07,17,17,2026-09-21 15:00:00,9.0,Bui Thi Hong Van,Inhouse 1,Bui Thi Hong Van,Inhouse 1,Ruby Advisor,16400000.0,False,False,,,,,,2026-10-01
2026-10,700560244320516,2,3287859742,Đến hạn,Normal,"1-20, idle<=90",2025-08-30,2025-09-08 19:47:45,19,19,2026-09-26 09:00:00,4.0,Tran Thi Thu Hang,Inhouse 1,Ho Thi Thanh,Inhouse 1,Diem Quynh Advisor,16430000.0,True,True,TMP_3287859742_20260731,2026-07-31 00:00:00,15900000.0,GMV,325.0,2026-10-01
2026-10,740414577852678,3,3288170248,Đến hạn,Normal,"1-20, idle<=90",2026-04-07,2026-04-16 18:05:27,20,20,2026-09-29 18:30:00,1.0,Tran Thi Son,Inhouse 1,Tran Thi Son,Inhouse 1,Diem Quynh Advisor,7950000.0,False,False,,,,,,2026-10-01
2026-10,722547223060738,1,3288171461,Đến hạn,Normal,"1-20, idle<=90",2026-01-04,2026-01-06 10:56:08,18,18,2026-09-27 10:00:00,3.0,Dao Ngoc Lan Anh,Inhouse 1,Bui Thi Hong Van,Inhouse 1,Ellie Advisor,9580000.0,False,False,,,,,,2026-10-01
2026-10,700259661345024,2,3288430601,Đến hạn,Normal,"1-20, idle<=90",2025-08-31,2025-09-01 19:56:59,9,115,2026-09-29 18:00:00,1.0,Le Thi Lan Anh,Inhouse 1,Le Thi Lan Anh,Inhouse 1,Ellie Advisor,16430000.0,True,True,753727186292994,2026-06-29 00:00:00,15900000.0,GMV+REM,300.0,2026-10-01
2026-10,747270019447042,1,3288489392,Đến hạn,Normal,"1-20, idle<=90",2026-05-25,2026-05-26 15:00:41,20,20,2026-09-29 21:00:00,1.0,Le Kim Chi,Inhouse 1,Le Kim Chi,Inhouse 1,Ms Laura,9580000.0,False,False,,,,,,2026-10-01
2026-10,744272766480646,3,3288541817,Đến hạn,Normal,"1-20, idle<=90",2026-04-11,2026-05-08 17:24:41,17,17,2026-09-29 21:30:00,1.0,Hoang Thi Hong Tham,Offline Team HaNoi,Hoang Thi Hong Tham,Offline Team HaNoi,Tran Thu Ha,9300000.0,False,False,,,,,,2026-10-01
2026-10,750362092640520,4,3288564954,Đến hạn,Normal,"1-20, idle<=90",2026-06-11,2026-06-12 10:13:59,15,15,2026-09-28 19:00:00,2.0,Kieu Thi Thu Quynh,Inhouse 1,Kieu Thi Thu Quynh,Inhouse 1,Ms Laura,7950000.0,False,False,,,,,,2026-10-01
2026-10,735072170168578,3,3288710432,Đến hạn,Normal,"1-20, idle<=90",2026-02-27,2026-03-17 17:29:40,14,14,2026-09-27 17:30:00,3.0,Nguyen Linh Chi,Inhouse 1,Bui Thi Thai Duong,Inhouse 1,Ms Laura,8480000.0,False,False,,,,,,2026-10-01
2026-10,744631525560578,2,3288816373,Đến hạn,Normal,"1-20, idle<=90",2026-05-10,2026-05-12 23:13:24,20,20,2026-09-28 20:00:00,2.0,Le Minh Thanh,Ho Chi Minh,Nguyen Thi Ninh,Other,Dao Thi Hoang Yen,8500000.0,False,False,,,,,,2026-10-01
2026-10,740203463383298,3,3289630205,Đến hạn,Normal,"1-20, idle<=90",2026-04-15,2026-04-17 16:16:45,12,12,2026-09-28 21:30:00,2.0,Le Thi Tuyet,Inhouse 1,Le Thi Tuyet,Inhouse 1,Ruby Advisor,8450000.0,False,False,,,,,,2026-10-01
2026-10,722847549184258,2,3289874772,Đến hạn,Normal,"1-20, idle<=90",2025-12-31,2026-01-07 11:33:47,15,121,2026-09-29 17:30:00,1.0,Ta Thuy Van,Inhouse 1,Ta Thuy Van,Inhouse 1,Diem Quynh Advisor,16430000.0,True,True,768537211152646,2026-09-22 00:00:00,16620000.0,GMV+REM,257.0,2026-10-01
2026-10,738107177115910,3,3289995019,Đến hạn,Normal,"1-20, idle<=90",2026-03-31,2026-04-03 22:50:19,18,18,2026-09-23 22:30:00,7.0,Hoang Thi Hong Tham,Offline Team HaNoi,Hoang Thi Hong Tham,Offline Team HaNoi,Tran Thu Ha,8215000.0,False,False,,,,,,2026-10-01
2026-10,745205393715462,5,3289997951,Đến hạn,Normal,"1-20, idle<=90",2026-05-13,2026-05-13 19:25:36,15,15,2026-09-28 22:00:00,2.0,Bui Thi Thai Duong,Inhouse 1,Bui Thi Thai Duong,Inhouse 1,Ellie Advisor,7950000.0,False,False,,,,,,2026-10-01
2026-10,741600618227970,2,3290265121,Đến hạn,Normal,"1-20, idle<=90",2026-04-22,2026-04-27 21:33:55,13,13,2026-09-28 19:00:00,2.0,Dao Ngoc Lan Anh,Inhouse 1,Bui Thi Hong Van,Inhouse 1,Ruby Advisor,8480000.0,False,False,,,,,,2026-10-01
2026-10,740043406016770,3,3290361926,Đến hạn,Normal,"1-20, idle<=90",2026-04-14,2026-04-14 18:49:25,15,15,2026-09-27 13:00:00,3.0,Ta Thuy Van,Inhouse 1,Ta Thuy Van,Inhouse 1,Ellie Advisor,8550000.0,False,False,,,,,,2026-10-01
2026-10,705150788333826,2,3290666252,Đến hạn,Normal,"1-20, idle<=90",2025-09-29,2025-09-29 18:03:55,13,13,2026-09-27 17:30:00,3.0,Nguyen Linh Chi,Inhouse 1,Bui Thi Thai Duong,Inhouse 1,Ruby Advisor,16700000.0,False,False,,,,,,2026-10-01
2026-10,740807871826184,2,3290676045,Đến hạn,Normal,"1-20, idle<=90",2026-04-18,2026-04-21 10:43:49,14,14,2026-09-28 21:00:00,2.0,Nguyen Minh Phat,Ho Chi Minh,Nguyen Minh Phat,Ho Chi Minh,Dao Thi Hoang Yen,8215000.0,False,False,,,,,,2026-10-01
2026-10,704810430191872,2,3290859125,Đến hạn,Normal,"1-20, idle<=90",2025-09-27,2025-09-28 18:43:45,14,120,2026-09-28 17:00:00,2.0,Nguyen Thi Thao Ngoc,Inhouse 1,Nguyen Thi Thao Ngoc,Inhouse 1,Thao Chi Advisor,16430000.0,True,True,765891862780166,2026-09-04 00:00:00,15900000.0,GMV+REM,340.0,2026-10-01
2026-10,706964070500608,2,3291435122,Đến hạn,Normal,"1-20, idle<=90",2025-08-25,2025-10-10 21:53:43,20,20,2026-09-28 22:30:00,2.0,Nguyen Kieu Trang,Inhouse 1,Nguyen Kieu Trang,Inhouse 1,Ruby Advisor,44440000.0,False,False,,,,,,2026-10-01
2026-10,740242373816582,2,3291453710,Đến hạn,Normal,"1-20, idle<=90",2026-04-07,2026-04-15 17:50:50,20,20,2026-09-27 16:00:00,3.0,Tran Thi Son,Inhouse 1,Tran Thi Son,Inhouse 1,Ms Laura,9080000.0,False,False,,,,,,2026-10-01
2026-10,747810789226754,3,3291469505,Đến hạn,Normal,"1-20, idle<=90",2026-05-27,2026-06-04 10:20:38,20,20,2026-09-25 21:00:00,5.0,Pham Thuy Linh,Other,Pham Thuy Linh,Other,Tran Thu Ha,7950000.0,False,False,,,,,,2026-10-01
2026-10,750895251513602,3,3291666675,Đến hạn,Normal,"1-20, idle<=90",2026-06-14,2026-06-18 08:14:41,14,14,2026-09-26 21:30:00,4.0,Hoang Thi Hong Tham,Offline Team HaNoi,Hoang Thi Hong Tham,Offline Team HaNoi,Tran Thu Ha,8700000.0,False,False,,,,,,2026-10-01
2026-10,759916439986440,4,3291975801,Đến hạn,Normal,"1-20, idle<=90",2026-08-04,2026-08-05 15:21:59,14,14,2026-09-29 21:00:00,1.0,Bui Thi Hong Van,Inhouse 1,Bui Thi Hong Van,Inhouse 1,Bui Thi Hong Van,4290000.0,False,False,,,,,,2026-10-01
2026-10,694009549185284,2,3292090456,Đến hạn,Normal,"1-20, idle<=90",2025-07-26,2025-07-28 15:47:57,17,17,2026-09-29 22:00:00,1.0,Nguyen Thi Thao Ngoc,Inhouse 1,Nguyen Thi Thao Ngoc,Inhouse 1,Thao Chi Advisor,15502500.0,False,False,,,,,,2026-10-01
2026-10,711048090462466,2,3292164779,Đến hạn,Normal,"1-20, idle<=90",2025-10-31,2025-11-03 16:30:04,13,13,2026-09-29 17:00:00,1.0,Nguyen Thuy Trang,Inhouse 1,Nguyen Thuy Trang,Inhouse 1,Thao Chi Advisor,16430000.0,True,True,TMP_3292164779_20260917,2026-09-17 00:00:00,23850000.0,GMV,317.0,2026-10-01
2026-10,753373098250498,3,3292337782,Đến hạn,Normal,"1-20, idle<=90",2026-06-08,2026-06-28 22:46:50,18,18,2026-09-29 21:30:00,1.0,Hoang Thi Hong Tham,Offline Team HaNoi,Hoang Thi Hong Tham,Offline Team HaNoi,Tran Thu Ha,8400000.0,False,False,,,,,,2026-10-01
2026-10,752814445553926,2,3292395902,Đến hạn,Normal,"1-20, idle<=90",2026-06-18,2026-06-26 18:37:11,15,15,2026-09-29 19:00:00,1.0,Nguyen Thuy Trang,Inhouse 1,Nguyen Thuy Trang,Inhouse 1,Diem Quynh Advisor,4940000.0,False,False,,,,,,2026-10-01
2026-10,711696597891328,3,3292607451,Đến hạn,Normal,"1-20, idle<=90",2025-10-31,2025-11-05 10:24:04,16,16,2026-09-29 12:30:00,1.0,Nguyen Thi Thao Ngoc,Inhouse 1,Nguyen Thi Thao Ngoc,Inhouse 1,Thao Chi Advisor,16430000.0,False,False,,,,,,2026-10-01
2026-10,740363477881090,2,3292674871,Đến hạn,Normal,"1-20, idle<=90",2026-03-30,2026-04-17 00:41:59,19,19,2026-09-08 20:30:00,22.0,Nguyen Kieu Trang,Inhouse 1,Nguyen Kieu Trang,Inhouse 1,Ellie Advisor,8910000.0,False,False,,,,,,2026-10-01
2026-10,739160542472450,3,3292683851,Đến hạn,Normal,"1-20, idle<=90",2026-04-09,2026-04-09 17:32:06,15,15,2026-09-26 16:30:00,4.0,Le Thi Lan Anh,Inhouse 1,Le Thi Lan Anh,Inhouse 1,Ellie Advisor,8064000.0,False,False,,,,,,2026-10-01
2026-10,759191365736712,3,3292693325,Đến hạn,Normal,"1-20, idle<=90",2026-07-31,2026-07-31 20:17:32,16,16,2026-09-25 21:00:00,5.0,Nguyen Phuong Thuy,Inhouse 1,Nguyen Phuong Thuy,Inhouse 1,Diem Quynh Advisor,4300000.0,False,False,,,,,,2026-10-01
2026-10,714000366907648,1,3292744416,Đến hạn,Normal,"1-20, idle<=90",2025-11-15,2025-11-18 15:33:11,20,20,2026-09-29 21:00:00,1.0,Vu Thuy Huong,Offline Team HaNoi,Vu Thuy Huong,Offline Team HaNoi,Tran Thu Ha,16430000.0,False,False,,,,,,2026-10-01
2026-10,746089869631752,2,3292864990,Đến hạn,Normal,"1-20, idle<=90",2026-04-30,2026-05-18 19:02:33,14,14,2026-09-28 18:00:00,2.0,Bui Thi Thai Duong,Inhouse 1,Bui Thi Thai Duong,Inhouse 1,Ellie Advisor,7685000.0,False,False,,,,,,2026-10-01
2026-10,751016108890376,1,3292924462,Đến hạn,Normal,"1-20, idle<=90",2026-06-15,2026-06-15 20:33:10,19,19,2026-09-27 21:30:00,3.0,Luu Thi Hoang Ngan,Inhouse 1,Luu Thi Hoang Ngan,Inhouse 1,Ms Jenny Advisor,8745000.0,False,False,,,,,,2026-10-01
2026-10,753825101273352,3,3292959540,Đến hạn,Normal,"1-20, idle<=90",2026-06-27,2026-07-01 12:49:55,16,16,2026-09-28 22:00:00,2.0,Le Thi Tuyet,Inhouse 1,Le Thi Tuyet,Inhouse 1,Ruby Advisor,8550000.0,False,False,,,,,,2026-10-01
2026-10,732092089243906,3,3293035067,Đến hạn,Normal,"1-20, idle<=90",2026-02-28,2026-03-02 11:40:00,14,14,2026-09-27 11:00:00,3.0,Nguyen Linh Chi,Inhouse 1,Ho Thi Thanh,Inhouse 1,Ms Laura,7950000.0,False,False,,,,,,2026-10-01
2026-10,745364668426498,4,3293195543,Đến hạn,Normal,"1-20, idle<=90",2026-05-14,2026-05-15 23:58:54,19,19,2026-09-26 10:30:00,4.0,Ta Thuy Van,Inhouse 1,Ta Thuy Van,Inhouse 1,Ellie Advisor,8215000.0,False,False,,,,,,2026-10-01
2026-10,710106998116612,2,3293712846,Đến hạn,Normal,"1-20, idle<=90",2025-10-25,2025-10-29 21:02:52,20,20,2026-09-28 22:00:00,2.0,Pham Thuy Linh,Other,Pham Thuy Linh,Other,Tran Thu Ha,17820000.0,False,False,,,,,,2026-10-01
2026-10,713554161062144,1,3293721000,Đến hạn,Normal,"1-20, idle<=90",2025-11-15,2025-11-16 14:20:54,17,17,2026-09-27 23:00:00,3.0,Nguyen Thu Phuong,Offline Team HaNoi,Nguyen Thu Phuong,Offline Team HaNoi,Tran Thu Ha,16500000.0,False,False,,,,,,2026-10-01
2026-10,746029781324040,3,3294033751,Đến hạn,Normal,"1-20, idle<=90",2026-05-17,2026-05-18 13:22:27,16,16,2026-09-28 17:30:00,2.0,Le Kim Chi,Inhouse 1,Le Kim Chi,Inhouse 1,Ruby Advisor,8650000.0,False,False,,,,,,2026-10-01
2026-10,706653482105092,1,3294305811,Đến hạn,Normal,"1-20, idle<=90",2025-06-28,2025-10-07 22:42:20,19,19,2026-09-29 22:30:00,1.0,Ta Thuy Van,Inhouse 1,Ta Thuy Van,Inhouse 1,Ellie Advisor,17820000.0,False,False,,,,,,2026-10-01
2026-10,761300471161096,1,3294385308,Đến hạn,Normal,"1-20, idle<=90",2026-08-12,2026-08-12 18:05:13,13,13,2026-09-28 19:00:00,2.0,Nguyen Thi Thu Huyen,Inhouse 2,Nguyen Thi Thu Huyen,Inhouse 2,Tran Thu Ha,4600000.0,False,False,,,,,,2026-10-01
2026-10,693907784061186,1,3294496828,Đến hạn,Normal,"1-20, idle<=90",2025-07-27,2025-07-28 10:18:14,15,15,2026-09-27 12:00:00,3.0,Pham Thi Thao,Inhouse 1,Pham Thi Thao,Inhouse 1,Ellie Advisor,17820000.0,True,True,TMP_3294496828_20260831,2026-08-31 00:00:00,31800000.0,GMV,398.0,2026-10-01
2026-10,737794183182598,3,3294721965,Đến hạn,Normal,"1-20, idle<=90",2026-02-27,2026-04-02 20:23:13,14,14,2026-09-27 22:00:00,3.0,Vo Tran Anh Thuy,Ho Chi Minh,Tran Quoc Dung,Other,Dao Thi Hoang Yen,8215000.0,False,False,,,,,,2026-10-01
2026-10,743574774038792,2,3294946162,Đến hạn,Normal,"1-20, idle<=90",2026-01-24,2026-05-05 14:10:41,16,16,2026-09-29 19:30:00,1.0,Tran Thi Son,Inhouse 1,Tran Thi Son,Inhouse 1,Ms Laura,7950000.0,False,False,,,,,,2026-10-01
2026-10,707981973602560,2,3295016601,Đến hạn,Normal,"1-20, idle<=90",2025-10-14,2025-10-15 12:33:52,13,92,2026-09-29 17:00:00,1.0,Nguyen Thuy Trang,Inhouse 1,Nguyen Thuy Trang,Inhouse 1,Ellie Advisor,16820000.0,True,True,767293648638216,2026-09-15 00:00:00,12500000.0,GMV+REM,334.0,2026-10-01
2026-10,729036976171272,2,3295029092,Đến hạn,Normal,"1-20, idle<=90",2026-02-01,2026-02-11 10:01:39,10,113,2026-09-29 19:00:00,1.0,Tran Thi Son,Inhouse 1,Tran Thi Son,Inhouse 1,Ellie Advisor,24000000.0,True,True,768855006339330,2026-09-23 00:00:00,8580000.0,GMV+REM,223.0,2026-10-01
2026-10,746288510103814,4,3295059948,Đến hạn,Normal,"1-20, idle<=90",2026-05-19,2026-05-21 12:00:45,15,15,2026-09-29 21:30:00,1.0,Le Minh Thanh,Ho Chi Minh,Nguyen Minh Phat,Ho Chi Minh,Dao Thi Hoang Yen,8215000.0,False,False,,,,,,2026-10-01
2026-10,749742418401544,2,3295305948,Đến hạn,Normal,"1-20, idle<=90",2026-03-30,2026-06-08 10:45:37,20,20,2026-09-29 18:30:00,1.0,Nguyen Minh Phat,Ho Chi Minh,Nguyen Minh Phat,Ho Chi Minh,Dao Thi Hoang Yen,8219300.0,False,False,,,,,,2026-10-01
2026-10,741430917525766,2,3295340550,Đến hạn,Normal,"1-20, idle<=90",2026-03-26,2026-04-27 14:41:31,20,20,2026-09-28 22:00:00,2.0,Vu Thuy Huong,Offline Team HaNoi,Vu Thuy Huong,Offline Team HaNoi,Tran Thu Ha,8580000.0,False,False,,,,,,2026-10-01
2026-10,750173269102856,3,3295716752,Đến hạn,Normal,"1-20, idle<=90",2026-06-10,2026-06-11 15:47:13,19,19,2026-09-27 20:30:00,3.0,Le Thi Lan Anh,Inhouse 1,Le Thi Lan Anh,Inhouse 1,Ellie Advisor,8480000.0,False,False,,,,,,2026-10-01
2026-10,693301221253378,1,3295926729,Đến hạn,Normal,"1-20, idle<=90",2025-04-29,2025-07-28 22:13:47,12,118,2026-09-23 22:00:00,7.0,Tran Thi Thu Hang,Inhouse 1,Le Thi Lan Anh,Inhouse 1,Ellie Advisor,15902200.0,True,True,768695213443330,2026-09-22 00:00:00,15912000.0,GMV+REM,420.0,2026-10-01
2026-10,694180475369730,1,3295981157,Đến hạn,Normal,"1-20, idle<=90",2025-07-29,2025-07-29 16:24:32,16,16,2026-09-29 21:00:00,1.0,Tran Thi Son,Inhouse 1,Tran Thi Son,Inhouse 1,Ellie Advisor,17500000.0,False,False,,,,,,2026-10-01
2026-10,721490919776512,2,3296013781,Đến hạn,Normal,"1-20, idle<=90",2025-12-27,2025-12-30 19:35:37,17,17,2026-09-29 20:30:00,1.0,Nguyen Kieu Trang,Inhouse 1,Nguyen Kieu Trang,Inhouse 1,Ruby Advisor,16010500.0,False,False,,,,,,2026-10-01
2026-10,726771359203592,2,3296037804,Đến hạn,Normal,"1-20, idle<=90",2026-01-29,2026-02-02 19:17:41,15,15,2026-09-27 11:30:00,3.0,Le Minh Thanh,Ho Chi Minh,Lai Ngoc Thuy Linh,Ho Chi Minh,Dao Thi Hoang Yen,23500000.0,False,False,,,,,,2026-10-01
2026-10,695788268822788,1,3296055948,Đến hạn,Normal,"1-20, idle<=90",2025-07-29,2025-08-07 13:01:57,12,12,2026-09-27 21:00:00,3.0,Do Thi Hong Nhung,Inhouse 1,Hoang Thi Hong Tham,Offline Team HaNoi,Tran Thu Ha,17820000.0,False,False,,,,,,2026-10-01
2026-10,748528142500104,3,3296090655,Đến hạn,Normal,"1-20, idle<=90",2026-05-28,2026-06-01 16:43:30,20,20,2026-09-25 16:00:00,5.0,Lai Ngoc Thuy Linh,Ho Chi Minh,Lai Ngoc Thuy Linh,Ho Chi Minh,Dao Thi Hoang Yen,8215000.0,False,False,,,,,,2026-10-01
2026-10,707819481067780,1,3296224239,Đến hạn,Normal,"1-20, idle<=90",2025-10-13,2025-10-15 17:31:29,16,16,2026-09-29 22:00:00,1.0,Bui Thi Anh,IND,Pham Thuy Linh,Other,Tran Thu Ha,16431700.0,False,False,,,,,,2026-10-01
2026-10,757387843883272,1,3296247519,Đến hạn,Normal,"1-20, idle<=90",2026-07-21,2026-07-21 15:33:22,18,18,2026-09-28 21:30:00,2.0,Vu Thi Khanh Huyen,Inhouse 2,Le Thi Thuy Van,Inhouse 2,Tran Thu Ha,9350000.0,False,False,,,,,,2026-10-01
2026-10,702675011807488,1,3296300786,Đến hạn,Normal,"1-20, idle<=90",2025-09-14,2025-09-16 15:35:16,15,15,2026-09-12 17:00:00,18.0,Ta Thuy Van,Inhouse 1,Ta Thuy Van,Inhouse 1,Ellie Advisor,17120000.0,False,False,,,,,,2026-10-01
2026-10,748170214660358,2,3296438522,Đến hạn,Normal,"1-20, idle<=90",2026-05-30,2026-06-03 11:58:02,20,20,2026-09-26 19:30:00,4.0,Le To Hai My,Inhouse 1,Nguyen Cam Tu,Inhouse 1,Dao Thi Hoang Yen,8100000.0,False,False,,,,,,2026-10-01
2026-10,743917531224326,2,3296521360,Đến hạn,Normal,"1-20, idle<=90",2026-04-22,2026-05-09 10:24:02,16,16,2026-09-27 18:30:00,3.0,Le Thi Lan Anh,Inhouse 1,Le Thi Lan Anh,Inhouse 1,Thao Chi Advisor,8064000.0,False,False,,,,,,2026-10-01
2026-10,746059880302856,2,3296523810,Đến hạn,Normal,"1-20, idle<=90",2026-04-25,2026-05-18 16:55:37,16,16,2026-09-27 22:00:00,3.0,Le Thi Tuyet,Inhouse 1,Le Thi Tuyet,Inhouse 1,Ruby Advisor,8250000.0,False,False,,,,,,2026-10-01
2026-10,722902594461952,2,3296528297,Đến hạn,Normal,"1-20, idle<=90",2025-12-25,2026-01-13 08:51:55,18,18,2026-09-29 21:00:00,1.0,Nguyen Linh Chi,Inhouse 1,Kieu Thi Thu Quynh,Inhouse 1,Ms Laura,8150000.0,False,False,,,,,,2026-10-01
2026-10,737011079696646,2,3296535730,Đến hạn,Normal,"1-20, idle<=90",2026-03-28,2026-03-28 19:57:01,13,13,2026-09-29 21:00:00,1.0,Nguyen Thuy Trang,Inhouse 1,Nguyen Thuy Trang,Inhouse 1,Thao Chi Advisor,8000000.0,False,False,,,,,,2026-10-01
2026-10,743775589085446,3,3296554367,Đến hạn,Normal,"1-20, idle<=90",2026-04-29,2026-05-06 12:55:10,14,14,2026-09-27 09:00:00,3.0,Nguyen Minh Phat,Ho Chi Minh,Lai Ngoc Thuy Linh,Ho Chi Minh,Dao Thi Hoang Yen,7685000.0,True,True,TMP_3296554367_20260930,2026-09-30 00:00:00,15370000.0,GMV,146.0,2026-10-01
2026-10,748555131406598,2,3296710282,Đến hạn,Normal,"1-20, idle<=90",2026-04-29,2026-06-01 17:34:54,15,15,2026-09-28 21:30:00,2.0,Le Thuy Nhung,Inhouse 1,Le Thuy Nhung,Inhouse 1,Thao Chi Advisor,8480000.0,False,False,,,,,,2026-10-01
2026-10,762665904660744,1,3296724107,Đến hạn,Normal,"1-20, idle<=90",2026-08-19,2026-08-20 13:02:39,15,15,2026-09-25 20:30:00,5.0,Vu Thi Tuyet Trinh,Inhouse 1,Vu Thi Tuyet Trinh,Inhouse 1,Dao Thi Hoang Yen,5040000.0,False,False,,,,,,2026-10-01
2026-10,756655643412742,2,3296850348,Đến hạn,Normal,"1-20, idle<=90",2026-07-17,2026-07-17 21:52:36,4,4,2026-09-29 22:30:00,1.0,Nguyen Thi Hai Yen,Inhouse 2,Nguyen Thi Hai Yen,Inhouse 2,Ms Jenny Advisor,9310000.0,False,False,,,,,,2026-10-01
2026-10,744119991324936,2,3296879401,Đến hạn,Normal,"1-20, idle<=90",2026-03-23,2026-05-11 13:08:39,14,14,2026-09-23 22:00:00,7.0,Kieu Thi Thu Quynh,Inhouse 1,Kieu Thi Thu Quynh,Inhouse 1,Ms Laura,23250000.0,False,False,,,,,,2026-10-01
2026-10,701672934625540,1,3297254250,Đến hạn,Normal,"1-20, idle<=90",,2025-09-10 10:21:12,14,14,2026-09-29 15:30:00,1.0,Tran Thi Son,Inhouse 1,Tran Thi Son,Inhouse 1,Ellie Advisor,17820000.0,False,False,,,,,,2026-10-01
2026-10,735783664034050,2,3297264749,Đến hạn,Normal,"1-20, idle<=90",2025-11-28,2026-03-24 09:44:28,17,17,2026-09-26 16:30:00,4.0,Vu Thi Tuyet Trinh,Inhouse 1,Vu Thi Tuyet Trinh,Inhouse 1,Thao Chi Advisor,8400000.0,False,False,,,,,,2026-10-01
2026-10,701839254227200,1,3297292203,Đến hạn,Normal,"1-20, idle<=90",2025-09-10,2025-09-10 18:40:23,19,19,2026-09-29 20:30:00,1.0,Nguyen Thi Thuy Trang,Inhouse 2,Nguyen Thi Trang,Inhouse 2,Tran Thu Ha,15900000.0,False,False,,,,,,2026-10-01
2026-10,734935413903618,2,3297308870,Đến hạn,Normal,"1-20, idle<=90",2026-03-16,2026-03-17 19:23:19,17,17,2026-09-26 12:00:00,4.0,Nguyen Duy Thinh,Ho Chi Minh,Lai Ngoc Thuy Linh,Ho Chi Minh,Dao Thi Hoang Yen,8215000.0,False,False,,,,,,2026-10-01
2026-10,747667012227330,3,3297334193,Đến hạn,Normal,"1-20, idle<=90",2026-05-27,2026-05-27 21:03:20,17,17,2026-09-26 21:00:00,4.0,Pham Thi Thao,Inhouse 1,Pham Thi Thao,Inhouse 1,Ellie Advisor,25000000.0,False,False,,,,,,2026-10-01
2026-10,704658595510532,1,3297390974,Đến hạn,Normal,"1-20, idle<=90",2025-09-26,2025-09-26 15:32:25,14,14,2026-09-28 18:00:00,2.0,Do Tran Phuong Anh,Inhouse 1,Ta Thuy Van,Inhouse 1,Ellie Advisor,16920000.0,False,False,,,,,,2026-10-01
2026-10,738681296591112,2,3297453120,Đến hạn,Normal,"1-20, idle<=90",2026-04-06,2026-04-07 13:18:23,17,17,2026-09-29 21:30:00,1.0,Nguyen Thuy Trang,Inhouse 1,Nguyen Thuy Trang,Inhouse 1,Thao Chi Advisor,8380000.0,False,False,,,,,,2026-10-01
2026-10,724096048355588,1,3297484106,Đến hạn,Normal,"1-20, idle<=90",2026-01-14,2026-01-14 11:57:57,16,16,2026-09-29 20:30:00,1.0,Hoang Thi Hong Tham,Offline Team HaNoi,Hoang Thi Hong Tham,Offline Team HaNoi,Tran Thu Ha,17160000.0,False,False,,,,,,2026-10-01
2026-10,741082071531778,2,3297493240,Đến hạn,Normal,"1-20, idle<=90",2026-04-19,2026-04-20 21:36:51,14,14,2026-09-28 20:00:00,2.0,Le Kim Chi,Inhouse 1,Le Kim Chi,Inhouse 1,Ruby Advisor,7950000.0,False,False,,,,,,2026-10-01
2026-10,748204501586178,1,3297497766,Đến hạn,Normal,"1-20, idle<=90",2026-05-30,2026-05-30 17:58:15,18,18,2026-09-28 19:00:00,2.0,Ho Thi Thanh,Inhouse 1,Ho Thi Thanh,Inhouse 1,Diem Quynh Advisor,9580000.0,False,False,,,,,,2026-10-01
2026-10,762340763181320,1,3297585967,Đến hạn,Normal,"1-20, idle<=90",2026-08-18,2026-08-18 16:02:27,13,13,2026-09-29 14:00:00,1.0,Tran Thi Son,Inhouse 1,Tran Thi Son,Inhouse 1,Thao Chi Advisor,4740000.0,False,False,,,,,,2026-10-01
2026-10,735783048210696,2,3297650646,Đến hạn,Normal,"1-20, idle<=90",2025-11-28,2026-03-24 09:43:44,16,16,2026-09-27 18:00:00,3.0,Vu Thi Tuyet Trinh,Inhouse 1,Vu Thi Tuyet Trinh,Inhouse 1,Thao Chi Advisor,8400000.0,False,False,,,,,,2026-10-01
2026-10,738797334491400,3,3297849271,Đến hạn,Normal,"1-20, idle<=90",2025-12-10,2026-04-08 19:57:58,18,18,2026-09-27 11:00:00,3.0,Nguyen Kieu Trang,Inhouse 1,Nguyen Kieu Trang,Inhouse 1,Ruby Advisor,4250000.0,True,True,TMP_3297849271_20260622,2026-06-22 00:00:00,16820000.0,GMV,74.0,2026-10-01
2026-10,746089994801410,2,3297955947,Đến hạn,Normal,"1-20, idle<=90",2026-04-30,2026-05-18 19:00:34,16,16,2026-09-28 18:00:00,2.0,Bui Thi Thai Duong,Inhouse 1,Bui Thi Thai Duong,Inhouse 1,Ellie Advisor,7685000.0,False,False,,,,,,2026-10-01
2026-10,739122609719560,2,3298277438,Đến hạn,Normal,"1-20, idle<=90",2026-04-08,2026-04-10 14:57:08,14,14,2026-09-24 18:30:00,6.0,Bui Thi Hong Van,Inhouse 1,Bui Thi Hong Van,Inhouse 1,Ruby Advisor,7950000.0,False,False,,,,,,2026-10-01
2026-10,705338212980994,1,3298420831,Đến hạn,Normal,"1-20, idle<=90",2025-09-29,2025-09-30 16:26:41,17,17,2026-09-29 19:00:00,1.0,Pham Thi Thao,Inhouse 1,Pham Thi Thao,Inhouse 1,Ellie Advisor,17820000.0,False,False,,,,,,2026-10-01
2026-10,741326084456712,1,3298626387,Đến hạn,Normal,"1-20, idle<=90",2026-04-21,2026-04-21 22:24:07,12,12,2026-09-27 20:00:00,3.0,Do Thi Tuyet Nhung,Inhouse 1,Do Thi Tuyet Nhung,Inhouse 1,Ruby Advisor,10080000.0,False,False,,,,,,2026-10-01
2026-10,742694868519170,2,3298690388,Đến hạn,Normal,"1-20, idle<=90",2026-02-26,2026-04-29 18:08:49,16,16,2026-09-29 17:30:00,1.0,Pham Thi Thao,Inhouse 1,Pham Thi Thao,Inhouse 1,Ellie Advisor,8880000.0,False,False,,,,,,2026-10-01
2026-10,702674715412740,1,3298783045,Đến hạn,Normal,"1-20, idle<=90",2025-09-14,2025-09-15 16:38:01,14,14,2026-09-29 00:00:00,2.0,Pham Thi Thao,Inhouse 1,Pham Thi Thao,Inhouse 1,Ellie Advisor,20160000.0,True,True,TMP_3298783045_20260430,2026-04-30 00:00:00,16500000.0,GMV,226.0,2026-10-01
2026-10,705740151841028,1,3298790815,Đến hạn,Normal,"1-20, idle<=90",2025-09-24,2025-10-02 18:19:32,16,16,2026-09-29 23:00:00,1.0,Nguyen Nhat Vy,Inhouse 1,Phan Thi Huong,Inhouse 1,Ms Laura,18820000.0,False,False,,,,,,2026-10-01
2026-10,725905773795586,2,3298878276,Đến hạn,Normal,"1-20, idle<=90",2025-12-21,2026-01-24 17:28:10,11,223,2026-09-26 20:30:00,4.0,Tran Thi Son,Inhouse 1,Tran Thi Son,Inhouse 1,Ms Laura,16820000.0,True,True,766765582493960,2026-08-31 00:00:00,31800000.0,GMV+REM,218.0,2026-10-01
2026-10,704807034005760,1,3298878606,Đến hạn,Normal,"1-20, idle<=90",2025-09-27,2025-09-27 13:50:08,16,16,2026-09-29 19:30:00,1.0,Tran Thi Thaoo,Inhouse 1,Bui Thi Thai Duong,Inhouse 1,Ms Laura,16934000.0,False,False,,,,,,2026-10-01
2026-10,745650827997448,1,3298912649,Đến hạn,Normal,"1-20, idle<=90",2026-05-15,2026-05-16 16:30:09,18,18,2026-09-25 21:00:00,5.0,Ho Thi Thanh,Inhouse 1,Ho Thi Thanh,Inhouse 1,Diem Quynh Advisor,8750000.0,False,False,,,,,,2026-10-01
2026-10,735289069238530,2,3298932614,Đến hạn,Normal,"1-20, idle<=90",2026-03-18,2026-03-20 20:01:13,16,16,2026-09-28 20:00:00,2.0,Pham Thi Thao,Inhouse 1,Pham Thi Thao,Inhouse 1,Ellie Advisor,8480000.0,False,False,,,,,,2026-10-01
2026-10,744984174553352,1,3298993560,Đến hạn,Normal,"1-20, idle<=90",2026-05-11,2026-05-13 09:14:48,16,16,2026-09-26 22:30:00,4.0,Pham Thi Thao,Inhouse 1,Pham Thi Thao,Inhouse 1,Diem Quynh Advisor,9600000.0,False,False,,,,,,2026-10-01
2026-10,738833937481990,2,3299134767,Đến hạn,Normal,"1-20, idle<=90",2026-03-31,2026-04-11 08:17:37,17,17,2026-09-25 20:30:00,5.0,Tran Thi Son,Inhouse 1,Tran Thi Son,Inhouse 1,Ms Laura,7950000.0,False,False,,,,,,2026-10-01
2026-10,703655091302656,1,3299161329,Đến hạn,Normal,"1-20, idle<=90",2025-09-20,2025-09-22 18:37:29,17,17,2026-09-27 17:30:00,3.0,Bui Thi Hong Van,Inhouse 1,Bui Thi Hong Van,Inhouse 1,Ruby Advisor,17820000.0,False,False,,,,,,2026-10-01
2026-10,705366990004482,1,3299190319,Đến hạn,Normal,"1-20, idle<=90",2025-09-30,2025-10-02 15:35:59,16,16,2026-09-27 07:30:00,3.0,Le Thi Tuyet,Inhouse 1,Le Thi Tuyet,Inhouse 1,Ruby Advisor,9580000.0,True,True,TMP_3299190319_20260731,2026-07-31 00:00:00,9080000.0,GMV,301.0,2026-10-01
2026-10,704492271239428,1,3299255871,Đến hạn,Normal,"1-20, idle<=90",2025-09-25,2025-09-25 19:08:16,14,14,2026-09-29 20:00:00,1.0,Ho Thi Thanh,Inhouse 1,Ho Thi Thanh,Inhouse 1,Ruby Advisor,18900000.0,False,False,,,,,,2026-10-01
2026-10,737893629329672,2,3299287879,Đến hạn,Normal,"1-20, idle<=90",2026-03-31,2026-04-02 12:22:33,18,18,2026-09-23 20:30:00,7.0,Nguyen Thi Thuy Trang,Inhouse 2,Le Thi Thuy Van,Inhouse 2,Tran Thu Ha,8580000.0,False,False,,,,,,2026-10-01
2026-10,745548126857480,2,3299301871,Đến hạn,Normal,"1-20, idle<=90",,2026-05-17 10:57:44,18,18,2026-09-28 21:00:00,2.0,Le Minh Thanh,Ho Chi Minh,Tran Quoc Dung,Other,Dao Thi Hoang Yen,7685000.0,False,False,,,,,,2026-10-01
2026-10,704277625346304,1,3299307474,Đến hạn,Normal,"1-20, idle<=90",2025-09-23,2025-09-24 17:06:33,13,13,2026-09-29 21:30:00,1.0,Vu Thuy Huong,Offline Team HaNoi,Vu Thuy Huong,Offline Team HaNoi,Tran Thu Ha,17374500.0,False,False,,,,,,2026-10-01
2026-10,705404231827712,1,3299326470,Đến hạn,Normal,"1-20, idle<=90",2025-09-30,2025-10-01 12:13:33,20,20,2026-09-27 17:00:00,3.0,Le Thi Thuy Trang,Inhouse 1,Le Thi Thuy Trang,Inhouse 1,Ruby Advisor,17320000.0,True,True,TMP_3299326470_20260930,2026-09-30 00:00:00,16450000.0,GMV,363.0,2026-10-01
2026-10,748332973558018,1,3299340264,Đến hạn,Normal,"1-20, idle<=90",2026-05-31,2026-05-31 16:27:46,18,18,2026-09-27 11:30:00,3.0,Do Thi Tuyet Nhung,Inhouse 1,Le Kim Chi,Inhouse 1,Thao Chi Advisor,8760000.0,True,True,TMP_3299340264_20260924,2026-09-24 00:00:00,8200000.0,GMV,115.0,2026-10-01
2026-10,742547884196104,2,3299375467,Đến hạn,Normal,"1-20, idle<=90",2026-03-26,2026-04-28 18:40:44,16,16,2026-09-26 18:30:00,4.0,Hoang Thi Hong Tham,Offline Team HaNoi,Hoang Thi Hong Tham,Offline Team HaNoi,Tran Thu Ha,9080000.0,False,False,,,,,,2026-10-01
2026-10,715819117867264,2,3299400748,Đến hạn,Normal,"1-20, idle<=90",2025-11-28,2025-11-28 17:24:47,20,20,2026-09-24 02:00:00,6.0,Le Thi Tuyet,Inhouse 1,Le Thi Tuyet,Inhouse 1,Ruby Advisor,16900000.0,False,False,,,,,,2026-10-01
2026-10,739143124187394,2,3299415289,Đến hạn,Normal,"1-20, idle<=90",2026-04-09,2026-04-09 12:58:24,15,68,2026-09-25 21:30:00,5.0,Le Thi Thuy Trang,Inhouse 1,Le Thi Thuy Trang,Inhouse 1,Ruby Advisor,8580000.0,True,True,769617601911048,2026-09-28 00:00:00,8125000.0,GMV+REM,171.0,2026-10-01
2026-10,707637094146306,1,3299426182,Đến hạn,Normal,"1-20, idle<=90",2025-09-26,2025-10-13 11:36:25,14,14,2026-09-29 19:00:00,1.0,Tran Thi Son,Inhouse 1,Tran Thi Son,Inhouse 1,Ms Laura,18820000.0,False,False,,,,,,2026-10-01
2026-10,705338359757056,1,3299512452,Đến hạn,Normal,"1-20, idle<=90",2025-09-29,2025-10-01 22:40:32,17,17,2026-09-29 22:00:00,1.0,Le Thuy Nhung,Inhouse 1,Le Thuy Nhung,Inhouse 1,Ms Laura,18820000.0,False,False,,,,,,2026-10-01
2026-10,739365987500294,2,3299546432,Đến hạn,Normal,"1-20, idle<=90",2025-12-31,2026-04-10 20:45:41,14,14,2026-09-28 21:00:00,2.0,Le Thi Thuy Trang,Inhouse 1,Le Thi Thuy Trang,Inhouse 1,Ruby Advisor,8450000.0,False,False,,,,,,2026-10-01
2026-10,704807191310594,1,3299558746,Đến hạn,Normal,"1-20, idle<=90",2025-09-27,2025-09-27 17:10:40,15,15,2026-09-29 19:30:00,1.0,Tran Thi Thaoo,Inhouse 1,Bui Thi Thai Duong,Inhouse 1,Ms Laura,16934000.0,False,False,,,,,,2026-10-01
2026-10,744821402075400,2,3299559012,Đến hạn,Normal,"1-20, idle<=90",2026-05-10,2026-05-12 17:48:42,18,18,2026-09-29 21:00:00,1.0,Nguyen Thi Trang,Inhouse 2,Nguyen Thi Trang,Inhouse 2,Tran Thu Ha,8800000.0,False,False,,,,,,2026-10-01
2026-10,706259088138496,1,3299676518,Đến hạn,Normal,"1-20, idle<=90",2025-10-05,2025-10-05 22:46:03,14,14,2026-09-27 21:00:00,3.0,Nguyen Ha Giang,Inhouse 2,Nguyen Thi Hai Yen,Inhouse 2,Tran Thu Ha,12980000.0,False,False,,,,,,2026-10-01
2026-10,706391708133632,1,3299723903,Đến hạn,Normal,"1-20, idle<=90",2025-10-06,2025-10-06 10:42:10,17,17,2026-09-25 12:00:00,5.0,Le Hung Cuong,Inhouse 2,Vu Ho Thanh Huong,Inhouse 2,Tran Thu Ha,17820000.0,False,False,,,,,,2026-10-01
2026-10,706779322712324,1,3299728046,Đến hạn,Normal,"1-20, idle<=90",2025-10-08,2025-10-08 15:22:16,13,13,2026-09-27 09:00:00,3.0,Nguyen Thuy Trang,Inhouse 1,Nguyen Thuy Trang,Inhouse 1,Thao Chi Advisor,18820000.0,False,False,,,,,,2026-10-01
2026-10,726986379706630,2,3299735935,Đến hạn,Normal,"1-20, idle<=90",2026-01-30,2026-02-05 20:03:06,18,18,2026-09-24 20:00:00,6.0,Le Minh Thanh,Ho Chi Minh,Tran Quoc Dung,Other,Dao Thi Hoang Yen,8215000.0,False,False,,,,,,2026-10-01
2026-10,729225723756808,2,3299755218,Đến hạn,Normal,"1-20, idle<=90",2026-02-12,2026-02-12 18:02:22,16,16,2026-09-29 20:30:00,1.0,Nguyen Linh Chi,Inhouse 1,Ho Thi Thanh,Inhouse 1,Ms Laura,7950000.0,False,False,,,,,,2026-10-01
2026-10,707862851264768,1,3299798825,Đến hạn,Normal,"1-20, idle<=90",2025-10-14,2025-10-14 18:49:58,17,17,2026-09-29 21:00:00,1.0,Nguyen Thi Thuy Trang,Inhouse 2,Mai Thi Lien,Inhouse 2,Tran Thu Ha,17820000.0,False,False,,,,,,2026-10-01
2026-10,743960420925702,1,3299808858,Đến hạn,Normal,"1-20, idle<=90",2026-05-05,2026-05-06 18:58:47,13,66,2026-09-26 18:30:00,4.0,Tran Thi Ngoc Phuong,Inhouse 1,Ta Thuy Van,Inhouse 1,Diem Quynh Advisor,9376600.0,True,True,769576177355014,2026-09-26 00:00:00,8780000.0,GMV+REM,142.0,2026-10-01
2026-10,743783502715138,2,3299840143,Đến hạn,Normal,"1-20, idle<=90",2026-04-29,2026-05-07 14:02:20,18,18,2026-09-26 15:30:00,4.0,Nguyen Minh Phat,Ho Chi Minh,Nguyen Minh Phat,Ho Chi Minh,Dao Thi Hoang Yen,8482500.0,False,False,,,,,,2026-10-01
2026-10,707343901942018,1,3299884286,Đến hạn,Normal,"1-20, idle<=90",2025-10-11,2025-10-13 20:41:34,17,17,2026-09-29 21:30:00,1.0,Le Kim Chi,Inhouse 1,Le Kim Chi,Inhouse 1,Ruby Advisor,18820000.0,False,False,,,,,,2026-10-01
2026-10,708710551773442,1,3299906815,Đến hạn,Normal,"1-20, idle<=90",2025-10-18,2025-10-21 18:09:12,16,16,2026-09-27 16:30:00,3.0,Nguyen Nhat Vy,Inhouse 1,Vu Thi Tuyet Trinh,Inhouse 1,Thao Chi Advisor,18820000.0,False,False,,,,,,2026-10-01
2026-10,707630089861378,1,3299950128,Đến hạn,Normal,"1-20, idle<=90",2025-10-13,2025-10-13 10:46:10,19,19,2026-09-28 22:00:00,2.0,Ho Thi Thanh,Inhouse 1,Ho Thi Thanh,Inhouse 1,Ms Laura,17980000.0,False,False,,,,,,2026-10-01
2026-10,707309673957632,1,3299989190,Đến hạn,Normal,"1-20, idle<=90",2025-10-11,2025-10-11 17:57:03,15,333,2026-09-27 22:00:00,3.0,Le Thi Lan Anh,Inhouse 1,Le Thi Lan Anh,Inhouse 1,Thao Chi Advisor,18820000.0,True,True,746798411602184,2026-05-22 00:00:00,31800000.0,GMV+REM,222.0,2026-10-01
2026-10,708867151599876,1,3299996802,Đến hạn,Normal,"1-20, idle<=90",2025-10-19,2025-10-21 22:55:32,20,20,2026-09-29 19:00:00,1.0,Nguyen Thuy Hien,Inhouse 2,Nguyen Thi Trang,Inhouse 2,Tran Thu Ha,17820000.0,False,False,,,,,,2026-10-01
2026-10,742703030075650,1,3300010207,Đến hạn,Normal,"1-20, idle<=90",2026-04-28,2026-04-29 23:00:41,18,18,2026-09-24 22:30:00,6.0,Le Thi Thu Yen,Inhouse 1,Le Thi Thu Yen,Inhouse 1,Diem Quynh Advisor,8500000.0,False,False,,,,,,2026-10-01
2026-10,712847980620034,1,3300095864,Đến hạn,Normal,"1-20, idle<=90",2025-10-17,2025-11-12 20:14:52,16,16,2026-09-26 20:00:00,4.0,Tran Thi Son,Inhouse 1,Tran Thi Son,Inhouse 1,Ruby Advisor,18820000.0,True,True,TMP_3300095864_20260727,2026-07-27 00:00:00,16820000.0,GMV,256.0,2026-10-01
2026-10,708352144515328,1,3300164141,Đến hạn,Normal,"1-20, idle<=90",2025-10-17,2025-10-17 18:08:28,15,15,2026-09-25 19:00:00,5.0,Nguyen Thuy Trang,Inhouse 1,Nguyen Thuy Trang,Inhouse 1,Ruby Advisor,18820000.0,False,False,,,,,,2026-10-01
2026-10,708526613440772,1,3300190717,Đến hạn,Normal,"1-20, idle<=90",2025-10-18,2025-10-18 16:13:06,14,120,2026-09-26 18:30:00,4.0,Le Vo Anh Thu,Ho Chi Minh,Nguyen Thi Ninh,Other,Dao Thi Hoang Yen,16430000.0,True,True,765899578372358,2026-09-05 00:00:00,16019250.0,GMV+REM,321.0,2026-10-01
2026-10,708173418600706,1,3300193891,Đến hạn,Normal,"1-20, idle<=90",2025-10-16,2025-10-16 20:13:13,17,17,2026-09-28 21:00:00,2.0,Le Thi Thuy Van,Inhouse 2,Le Thi Thuy Van,Inhouse 2,Tran Thu Ha,17820000.0,True,True,TMP_3300193891_20260213,2026-02-13 00:00:00,16600000.0,GMV,119.0,2026-10-01
2026-10,739904943347970,2,3300220994,Đến hạn,Normal,"1-20, idle<=90",2026-03-31,2026-04-16 23:05:46,17,70,2026-09-25 21:00:00,5.0,Kieu Thi Thu Quynh,Inhouse 1,Kieu Thi Thu Quynh,Inhouse 1,Ms Laura,8480000.0,True,True,765844528738562,2026-08-28 00:00:00,8250000.0,GMV+REM,133.0,2026-10-01
2026-10,711399152429316,1,3300254573,Đến hạn,Normal,"1-20, idle<=90",2025-10-31,2025-11-03 18:00:49,14,14,2026-09-28 19:00:00,2.0,Dao Ngoc Lan Anh,Inhouse 1,Bui Thi Hong Van,Inhouse 1,Ruby Advisor,16960000.0,False,False,,,,,,2026-10-01
2026-10,709572361773314,1,3300314963,Đến hạn,Normal,"1-20, idle<=90",2025-10-22,2025-10-26 19:47:51,17,17,2026-09-27 21:00:00,3.0,Bui Thi Thai Duong,Inhouse 1,Bui Thi Thai Duong,Inhouse 1,Ellie Advisor,16430000.0,False,False,,,,,,2026-10-01
2026-10,727973567174918,3,3300427127,Đến hạn,Normal,"1-20, idle<=90",2026-01-31,2026-02-05 19:33:43,19,19,2026-09-29 22:30:00,1.0,Bui Thi Thai Duong,Inhouse 1,Bui Thi Thai Duong,Inhouse 1,Ellie Advisor,4160000.0,False,False,,,,,,2026-10-01
2026-10,710633607581954,1,3300447456,Đến hạn,Normal,"1-20, idle<=90",2025-10-29,2025-11-02 17:37:52,15,15,2026-09-27 20:30:00,3.0,Nguyen Thi Huong,Inhouse 1,Ta Thuy Van,Inhouse 1,Ellie Advisor,18160000.0,False,False,,,,,,2026-10-01
2026-10,747811171887362,1,3300531409,Đến hạn,Normal,"1-20, idle<=90",2026-05-28,2026-06-02 09:58:42,18,18,2026-09-29 20:30:00,1.0,Pham Long Vu,Inhouse 2,Le Thi Thuy Van,Inhouse 2,Ms Jenny Advisor,9850000.0,False,False,,,,,,2026-10-01
2026-10,745149423966472,2,3300588320,Đến hạn,Normal,"1-20, idle<=90",2026-05-13,2026-05-15 22:27:49,16,16,2026-09-27 17:00:00,3.0,Le Thi Thuy Van,Inhouse 2,Le Thi Thuy Van,Inhouse 2,Tran Thu Ha,8810000.0,False,False,,,,,,2026-10-01
2026-10,734031611791624,2,3300636807,Đến hạn,Normal,"1-20, idle<=90",2026-03-11,2026-03-11 20:23:10,17,17,2026-09-25 21:00:00,5.0,Nguyen Minh Phat,Ho Chi Minh,Nguyen Minh Phat,Ho Chi Minh,Dao Thi Hoang Yen,8250000.0,False,False,,,,,,2026-10-01
2026-10,710316914921728,1,3300729627,Đến hạn,Normal,"1-20, idle<=90",2025-10-25,2025-10-28 14:58:47,17,17,2026-09-29 18:30:00,1.0,Hoang Thi Hong Tham,Offline Team HaNoi,Hoang Thi Hong Tham,Offline Team HaNoi,Tran Thu Ha,18160000.0,False,False,,,,,,2026-10-01
2026-10,710458112917762,1,3300758433,Đến hạn,Normal,"1-20, idle<=90",2025-10-28,2025-11-01 16:09:10,18,18,2026-09-27 10:00:00,3.0,Nguyen Nhat Vy,Inhouse 1,Phan Thi Huong,Inhouse 1,Ruby Advisor,16960000.0,False,False,,,,,,2026-10-01
2026-10,734206570299654,2,3300784811,Đến hạn,Normal,"1-20, idle<=90",2026-03-02,2026-03-13 12:39:50,18,18,2026-09-29 13:00:00,1.0,Nguyen Thi Thuy Trang,Inhouse 2,Mai Thi Lien,Inhouse 2,Tran Thu Ha,8380000.0,False,False,,,,,,2026-10-01
2026-10,732806146433288,2,3300796228,Đến hạn,Normal,"1-20, idle<=90",2026-02-12,2026-03-04 18:12:00,20,20,2026-09-27 22:30:00,3.0,Kieu Thi Thu Quynh,Inhouse 1,Kieu Thi Thu Quynh,Inhouse 1,Ms Laura,8365500.0,False,False,,,,,,2026-10-01
2026-10,710473966479618,1,3300822948,Đến hạn,Normal,"1-20, idle<=90",2025-10-29,2025-10-30 21:44:44,15,15,2026-09-29 21:00:00,1.0,Nguyen Thuy Hien,Inhouse 2,Nguyen Thi Trang,Inhouse 2,Tran Thu Ha,16960000.0,False,False,,,,,,2026-10-01
2026-10,709845447000320,1,3300830290,Đến hạn,Normal,"1-20, idle<=90",2025-10-25,2025-10-26 16:49:49,15,15,2026-09-27 13:30:00,3.0,Le Thi Thuy Trang,Inhouse 1,Le Thi Thuy Trang,Inhouse 1,Ruby Advisor,18820000.0,False,False,,,,,,2026-10-01
2026-10,762728813658370,3,3300889786,Đến hạn,Normal,"1-20, idle<=90",2026-08-20,2026-08-20 19:44:32,10,10,2026-09-26 20:30:00,4.0,Vu Ho Thanh Huong,Inhouse 2,Vu Ho Thanh Huong,Inhouse 2,Tran Thu Ha,4300000.0,False,False,,,,,,2026-10-01
2026-10,742678780975362,2,3300920633,Đến hạn,Normal,"1-20, idle<=90",2026-04-29,2026-04-29 15:30:39,18,18,2026-09-26 12:00:00,4.0,Nguyen Minh Phat,Ho Chi Minh,Nguyen Minh Phat,Ho Chi Minh,Dao Thi Hoang Yen,8215000.0,False,False,,,,,,2026-10-01
2026-10,711732865607938,1,3300934176,Đến hạn,Normal,"1-20, idle<=90",2025-11-05,2025-11-05 18:15:54,17,17,2026-09-27 19:00:00,3.0,Tran Thi Son,Inhouse 1,Tran Thi Son,Inhouse 1,Ms Laura,19160000.0,False,False,,,,,,2026-10-01
2026-10,743740365431046,2,3300972195,Đến hạn,Normal,"1-20, idle<=90",2026-04-29,2026-05-07 20:49:03,19,19,2026-09-27 11:00:00,3.0,Nguyen Nhu Ngoc,Inhouse 1,Nguyen Nhu Ngoc,Inhouse 1,Ms Laura,8080000.0,False,False,,,,,,2026-10-01
2026-10,732617437186312,2,3300994563,Đến hạn,Normal,"1-20, idle<=90",2026-03-01,2026-03-03 16:39:45,20,20,2026-09-29 16:00:00,1.0,Le Thi Lan Anh,Inhouse 1,Le Thi Lan Anh,Inhouse 1,Ellie Advisor,8580000.0,False,False,,,,,,2026-10-01
2026-10,740186912835848,2,3301033505,Đến hạn,Normal,"1-20, idle<=90",2026-04-15,2026-04-15 11:30:15,18,18,2026-09-29 18:00:00,1.0,Tran Thi Son,Inhouse 1,Tran Thi Son,Inhouse 1,Ms Laura,8580000.0,False,False,,,,,,2026-10-01
2026-10,710671036164354,1,3301082476,Đến hạn,Normal,"1-20, idle<=90",2025-10-30,2025-10-30 16:53:49,11,11,2026-09-28 19:30:00,2.0,Nguyen Kieu Trang,Inhouse 1,Nguyen Kieu Trang,Inhouse 1,Ruby Advisor,18820000.0,True,True,TMP_3301082476_20260928,2026-09-28 00:00:00,32800000.0,GMV,332.0,2026-10-01
2026-10,711378978466048,1,3301086803,Đến hạn,Normal,"1-20, idle<=90",2025-11-01,2025-11-03 15:11:00,19,19,2026-09-28 21:30:00,2.0,Do Thi Tuyet Nhung,Inhouse 1,Do Thi Tuyet Nhung,Inhouse 1,Thao Chi Advisor,17374500.0,False,False,,,,,,2026-10-01
2026-10,740372294289666,3,3301100331,Đến hạn,Normal,"1-20, idle<=90",2026-04-15,2026-04-16 11:26:49,15,15,2026-09-26 21:00:00,4.0,Nguyen Phuong Thao,Inhouse 2,Nguyen Thi Thu Huyen,Inhouse 2,Tran Thu Ha,4190000.0,False,False,,,,,,2026-10-01
2026-10,710926137092354,1,3301135747,Đến hạn,Normal,"1-20, idle<=90",2025-10-31,2025-11-01 01:47:12,16,16,2026-09-28 18:00:00,2.0,Nguyen Thuy Hien,Inhouse 2,Le Thi Thuy Van,Inhouse 2,Tran Thu Ha,9080000.0,False,False,,,,,,2026-10-01
2026-10,711349529446658,1,3301135953,Đến hạn,Normal,"1-20, idle<=90",2025-11-02,2025-11-03 17:40:42,17,70,2026-09-29 20:30:00,1.0,Le Thi Thuy Trang,Inhouse 1,Le Thi Thuy Trang,Inhouse 1,Ruby Advisor,17420000.0,True,True,752620870887688,2026-06-24 00:00:00,8650000.0,GMV+REM,232.0,2026-10-01
2026-10,712586699079938,1,3301182553,Đến hạn,Normal,"1-20, idle<=90",2025-10-31,2025-11-10 11:10:57,15,121,2026-09-26 18:30:00,4.0,Vu Cam Ly,Inhouse 2,Vu Cam Ly,Inhouse 2,Tran Thu Ha,16960000.0,True,True,763550061795592,2026-08-25 00:00:00,15900000.0,GMV+REM,287.0,2026-10-01
2026-10,715648761540868,2,3301223576,Đến hạn,Normal,"1-20, idle<=90",2025-11-27,2025-11-27 22:41:05,17,17,2026-09-26 20:30:00,4.0,Vu Cam Ly,Inhouse 2,Vu Ho Thanh Huong,Inhouse 2,Tran Thu Ha,8560000.0,False,False,,,,,,2026-10-01
2026-10,742523636648200,2,3301234605,Đến hạn,Normal,"1-20, idle<=90",2026-04-27,2026-04-28 19:50:00,16,16,2026-09-24 19:30:00,6.0,Tran Thi Son,Inhouse 1,Tran Thi Son,Inhouse 1,Ms Laura,8580000.0,False,False,,,,,,2026-10-01
2026-10,711787167297792,1,3301234721,Đến hạn,Normal,"1-20, idle<=90",2025-11-05,2025-11-06 17:17:28,20,20,2026-09-29 18:30:00,1.0,Pham Thi Thao,Inhouse 1,Pham Thi Thao,Inhouse 1,Ellie Advisor,17820000.0,True,True,TMP_3301234721_20260725,2026-07-25 00:00:00,16820000.0,GMV,260.0,2026-10-01
2026-10,711753873166592,1,3301352866,Đến hạn,Normal,"1-20, idle<=90",2025-11-05,2025-11-07 19:19:37,15,15,2026-09-27 16:30:00,3.0,Bui Thi Anh,IND,Bui Thi Anh,IND,Tran Thu Ha,18160000.0,False,False,,,,,,2026-10-01
2026-10,712757059412224,1,3301365589,Đến hạn,Normal,"1-20, idle<=90",2025-11-10,2025-11-11 14:20:18,20,126,2026-09-24 22:30:00,6.0,Nguyen Thi Huong,Inhouse 1,Ta Thuy Van,Inhouse 1,Ms Laura,17600000.0,True,True,712937824897282,2025-11-12 17:30:25,17600000.0,REM,1.0,2026-10-01
2026-10,712582998485252,1,3301381389,Đến hạn,Normal,"1-20, idle<=90",2025-11-09,2025-11-10 18:08:19,15,15,2026-09-28 19:00:00,2.0,Dao Ngoc Lan Anh,Inhouse 1,Bui Thi Hong Van,Inhouse 1,Ruby Advisor,17820000.0,False,False,,,,,,2026-10-01
2026-10,735585370464520,2,3301392795,Đến hạn,Normal,"1-20, idle<=90",2026-03-20,2026-03-22 12:33:16,19,19,2026-09-27 21:00:00,3.0,Nguyen Duy Thinh,Ho Chi Minh,Nguyen Minh Phat,Ho Chi Minh,Dao Thi Hoang Yen,8215000.0,False,False,,,,,,2026-10-01
2026-10,723965973020928,1,3301482142,Đến hạn,Normal,"1-20, idle<=90",2025-11-06,2026-01-13 20:01:46,16,16,2026-09-29 18:00:00,1.0,Le To Hai My,Inhouse 1,Bui Thi Thai Duong,Inhouse 1,Le To Hai My,16960000.0,False,False,,,,,,2026-10-01
2026-10,713819241664768,1,3301530153,Đến hạn,Normal,"1-20, idle<=90",2025-11-16,2025-11-17 16:02:48,15,15,2026-09-28 23:00:00,2.0,Nguyen Thi Hang Nga,Inhouse 1,Nguyen Thi Hang Nga,Inhouse 1,Ms Laura,18820000.0,False,False,,,,,,2026-10-01
2026-10,742698391099654,2,3301587300,Đến hạn,Normal,"1-20, idle<=90",2026-04-29,2026-04-29 16:48:58,17,17,2026-09-28 18:00:00,2.0,Bui Thi Hong Van,Inhouse 1,Bui Thi Hong Van,Inhouse 1,Ruby Advisor,8550000.0,False,False,,,,,,2026-10-01
2026-10,715070311512324,1,3301831000,Đến hạn,Normal,"1-20, idle<=90",2025-11-20,2025-11-24 20:30:17,20,20,2026-09-27 14:30:00,3.0,Nguyen Thuy Hien,Inhouse 2,Vu Cam Ly,Inhouse 2,Tran Thu Ha,16965000.0,False,False,,,,,,2026-10-01
2026-10,715079825719552,1,3301884815,Đến hạn,Normal,"1-20, idle<=90",2025-11-24,2025-11-24 15:18:07,17,17,2026-09-28 16:30:00,2.0,Le Kim Chi,Inhouse 1,Le Kim Chi,Inhouse 1,Ruby Advisor,17820000.0,False,False,,,,,,2026-10-01
2026-10,738996529467654,2,3301975930,Đến hạn,Normal,"1-20, idle<=90",2026-03-31,2026-04-08 16:57:35,14,14,2026-09-26 21:00:00,4.0,Nguyen Kieu Trang,Inhouse 1,Nguyen Kieu Trang,Inhouse 1,Diem Quynh Advisor,7950000.0,False,False,,,,,,2026-10-01
2026-10,769967555217672,3,3301990790,Đến hạn,Normal,"1-20, idle<=90",2026-09-30,2026-10-01 15:51:38,15,15,2026-09-29 21:00:00,1.0,Nguyen Thi Ninh,Other,Nguyen Thi Ninh,Other,Dao Thi Hoang Yen,7950000.0,False,False,,,,,,2026-10-01
2026-10,746440739657990,2,3302084683,Đến hạn,Normal,"1-20, idle<=90",2026-05-20,2026-05-20 19:04:13,15,15,2026-09-26 22:00:00,4.0,Vu Thi Khanh Huyen,Inhouse 2,Nguyen Thi Trang,Inhouse 2,Tran Thu Ha,8215000.0,False,False,,,,,,2026-10-01
2026-10,748014061992200,2,3302091550,Đến hạn,Normal,"1-20, idle<=90",2026-05-29,2026-05-29 23:43:06,14,14,2026-09-27 15:00:00,3.0,Nguyen Kieu Trang,Inhouse 1,Nguyen Kieu Trang,Inhouse 1,Ellie Advisor,25300000.0,False,False,,,,,,2026-10-01
2026-10,714399857746178,1,3302123298,Đến hạn,Normal,"1-20, idle<=90",2025-11-20,2025-11-20 18:23:44,14,14,2026-09-25 21:00:00,5.0,Kieu Thi Thu Quynh,Inhouse 1,Kieu Thi Thu Quynh,Inhouse 1,Thao Chi Advisor,17820000.0,False,False,,,,,,2026-10-01
2026-10,714538664345858,1,3302167976,Đến hạn,Normal,"1-20, idle<=90",2025-11-21,2025-11-22 17:35:35,20,179,2026-09-27 17:30:00,3.0,Nguyen Nhat Vy,Inhouse 1,Le Kim Chi,Inhouse 1,Ruby Advisor,17820000.0,True,True,758096683139330,2026-07-25 00:00:00,24320000.0,GMV+REM,244.0,2026-10-01
2026-10,746922994006280,2,3302174386,Đến hạn,Normal,"1-20, idle<=90",2026-05-23,2026-05-25 16:45:16,15,15,2026-09-28 18:00:00,2.0,Le To Hai My,Inhouse 1,Ho Thi Thanh,Inhouse 1,Ellie Advisor,23500000.0,False,False,,,,,,2026-10-01
2026-10,742349313444102,1,3302374242,Đến hạn,Normal,"1-20, idle<=90",2026-04-26,2026-04-27 15:40:37,18,71,2026-09-28 15:30:00,2.0,Dao Ngoc Lan Anh,Inhouse 1,Bui Thi Hong Van,Inhouse 1,Diem Quynh Advisor,9080000.0,True,True,759698513307910,2026-08-03 00:00:00,8450000.0,GMV+REM,97.0,2026-10-01
2026-10,716163930091776,1,3302560966,Đến hạn,Normal,"1-20, idle<=90",2025-11-29,2025-12-01 20:05:00,14,120,2026-09-29 17:30:00,1.0,Vu Thi Tuyet Trinh,Inhouse 1,Vu Thi Tuyet Trinh,Inhouse 1,Ellie Advisor,17320000.0,True,True,746030657698050,2026-05-16 00:00:00,16430000.0,GMV+REM,165.0,2026-10-01
2026-10,750290004736264,1,3302606907,Đến hạn,Normal,"1-20, idle<=90",2026-05-19,2026-06-13 15:09:08,19,19,2026-09-29 21:30:00,1.0,Le Kim Chi,Inhouse 1,Le Kim Chi,Inhouse 1,Ms Jenny Advisor,8745000.0,False,False,,,,,,2026-10-01
2026-10,744800442611976,1,3302653359,Đến hạn,Normal,"1-20, idle<=90",2026-05-10,2026-05-13 10:02:12,17,17,2026-09-14 17:00:00,16.0,Pham Thi Thao,Inhouse 1,Pham Thi Thao,Inhouse 1,Diem Quynh Advisor,10080000.0,False,False,,,,,,2026-10-01
2026-10,745376874944774,2,3302729540,Đến hạn,Normal,"1-20, idle<=90",2026-04-30,2026-05-15 13:02:44,17,17,2026-09-28 11:30:00,2.0,Do Thi Tuyet Nhung,Inhouse 1,Do Thi Tuyet Nhung,Inhouse 1,Diem Quynh Advisor,8410000.0,False,False,,,,,,2026-10-01
2026-10,747632322156808,1,3302753136,Đến hạn,Normal,"1-20, idle<=90",2026-05-27,2026-05-27 16:52:50,16,16,2026-09-27 10:00:00,3.0,Nguyen Thi Trang,Inhouse 2,Nguyen Thi Trang,Inhouse 2,Ms Jenny Advisor,8870000.0,False,False,,,,,,2026-10-01
2026-10,720371337642244,2,3302754927,Đến hạn,Normal,"1-20, idle<=90",2025-12-23,2025-12-24 16:02:24,19,19,2026-09-29 21:00:00,1.0,Nguyen Thi Thuy Trang,Inhouse 2,Vu Ho Thanh Huong,Inhouse 2,Tran Thu Ha,8540000.0,False,False,,,,,,2026-10-01
2026-10,770103406872838,3,3302755354,Đến hạn,Normal,"1-20, idle<=90",2026-09-30,2026-10-01 12:50:10,11,11,2026-09-25 16:30:00,5.0,Le Thi Thuy Trang,Inhouse 1,Le Thi Thuy Trang,Inhouse 1,Ms Laura,16450000.0,False,False,,,,,,2026-10-01
2026-10,743935467770118,2,3302783899,Đến hạn,Normal,"1-20, idle<=90",,2026-05-06 19:43:25,12,12,2026-09-26 15:30:00,4.0,Vu Thi Khanh Huyen,Inhouse 2,Nguyen Thi Trang,Inhouse 2,Tran Thu Ha,8215000.0,False,False,,,,,,2026-10-01
2026-10,732107537320200,2,3302854807,Đến hạn,Normal,"1-20, idle<=90",2026-02-28,2026-03-02 18:11:05,17,70,2026-09-28 18:30:00,2.0,Le Thi Lan Anh,Inhouse 1,Le Thi Lan Anh,Inhouse 1,Diem Quynh Advisor,8880000.0,True,True,759140549380358,2026-07-31 00:00:00,8800000.0,GMV+REM,150.0,2026-10-01
2026-10,717424634056962,1,3302871402,Đến hạn,Normal,"1-20, idle<=90",2025-12-06,2025-12-10 19:48:06,13,119,2026-09-28 18:00:00,2.0,Le Thi Thuy Trang,Inhouse 1,Le Thi Tuyet,Inhouse 1,Ruby Advisor,18820000.0,True,True,761660401948934,2026-06-30 00:00:00,16820000.0,GMV+REM,201.0,2026-10-01
2026-10,717548896643328,1,3302943798,Đến hạn,Normal,"1-20, idle<=90",2025-12-08,2025-12-08 20:19:51,20,20,2026-09-29 21:00:00,1.0,Nguyen Nhu Ngoc,Inhouse 1,Nguyen Nhu Ngoc,Inhouse 1,Thao Chi Advisor,18820000.0,False,False,,,,,,2026-10-01
2026-10,763067098747142,1,3303003985,Đến hạn,Normal,"1-20, idle<=90",2025-12-14,2026-08-28 11:37:19,18,18,2026-09-27 20:30:00,3.0,Vu Thuy Huong,Offline Team HaNoi,Vu Thuy Huong,Offline Team HaNoi,Vu Thuy Huong,4300000.0,False,False,,,,,,2026-10-01
2026-10,741091252310278,2,3303061064,Đến hạn,Normal,"1-20, idle<=90",2026-04-19,2026-04-20 16:16:35,13,13,2026-09-26 21:30:00,4.0,Nguyen Thi Hai Yen,Inhouse 2,Nguyen Thi Hai Yen,Inhouse 2,Tran Thu Ha,9200000.0,False,False,,,,,,2026-10-01
2026-10,745527724407046,2,3303091018,Đến hạn,Normal,"1-20, idle<=90",2026-05-15,2026-05-16 23:26:17,19,19,2026-09-27 22:00:00,3.0,Nguyen Thi Trang,Inhouse 2,Nguyen Thi Trang,Inhouse 2,Tran Thu Ha,8250000.0,False,False,,,,,,2026-10-01
2026-10,740721508131074,1,3303094595,Đến hạn,Normal,"1-20, idle<=90",2025-12-30,2026-04-21 18:57:05,16,16,2026-09-27 10:00:00,3.0,Nguyen Kieu Trang,Inhouse 1,Nguyen Kieu Trang,Inhouse 1,Thao Chi Advisor,8878000.0,False,False,,,,,,2026-10-01
2026-10,717943047747840,1,3303141229,Đến hạn,Normal,"1-20, idle<=90",2025-12-10,2025-12-11 11:31:22,12,118,2026-09-26 16:00:00,4.0,Nguyen Nhu Ngoc,Inhouse 1,Nguyen Nhu Ngoc,Inhouse 1,Diem Quynh Advisor,18820000.0,True,True,742693934289160,2026-04-27 00:00:00,16500000.0,GMV+REM,136.0,2026-10-01
2026-10,750137263442184,2,3303142105,Đến hạn,Normal,"1-20, idle<=90",2026-05-31,2026-06-11 15:40:04,17,17,2026-09-25 21:00:00,5.0,Pham Thi Thao,Inhouse 1,Pham Thi Thao,Inhouse 1,Ellie Advisor,8880000.0,False,False,,,,,,2026-10-01
2026-10,747476961577218,1,3303143877,Đến hạn,Normal,"1-20, idle<=90",2026-05-25,2026-05-26 15:25:54,16,16,2026-09-26 20:30:00,4.0,Vu Thi Khanh Huyen,Inhouse 2,Nguyen Thi Hai Yen,Inhouse 2,Ms Jenny Advisor,9010000.0,False,False,,,,,,2026-10-01
2026-10,759882034123016,3,3303239695,Đến hạn,Normal,"1-20, idle<=90",2026-08-04,2026-08-04 18:37:45,14,14,2026-09-29 21:30:00,1.0,Le Thi Lan Anh,Inhouse 1,Le Thi Lan Anh,Inhouse 1,Diem Quynh Advisor,4290000.0,False,False,,,,,,2026-10-01
2026-10,737524771213570,2,3303284282,Đến hạn,Normal,"1-20, idle<=90",2026-03-30,2026-03-31 10:28:01,14,14,2026-09-29 19:00:00,1.0,Le Thi Tuyet,Inhouse 1,Le Thi Tuyet,Inhouse 1,Ruby Advisor,8750000.0,False,False,,,,,,2026-10-01
2026-10,748856007721222,2,3303480188,Đến hạn,Normal,"1-20, idle<=90",2026-06-02,2026-06-05 16:07:09,13,13,2026-09-28 20:00:00,2.0,Kieu Thi Thu Quynh,Inhouse 1,Kieu Thi Thu Quynh,Inhouse 1,Ms Laura,8580000.0,False,False,,,,,,2026-10-01
2026-10,752804206231814,2,3303518029,Đến hạn,Normal,"1-20, idle<=90",2026-06-25,2026-06-27 15:04:17,19,19,2026-09-28 20:00:00,2.0,Le Thi Lan Anh,Inhouse 1,Le Thi Lan Anh,Inhouse 1,Ruby Advisor,8215000.0,False,False,,,,,,2026-10-01
2026-10,740767598426376,2,3303662474,Đến hạn,Normal,"1-20, idle<=90",2026-04-18,2026-04-18 17:47:31,20,20,2026-09-28 17:30:00,2.0,Bui Thi Thai Duong,Inhouse 1,Bui Thi Thai Duong,Inhouse 1,Ruby Advisor,8880000.0,False,False,,,,,,2026-10-01
2026-10,740734410451206,2,3303753432,Đến hạn,Normal,"1-20, idle<=90",2026-04-18,2026-04-21 21:05:54,16,16,2026-09-25 21:00:00,5.0,Vu Thi Tuyet Trinh,Inhouse 1,Vu Thi Tuyet Trinh,Inhouse 1,Thao Chi Advisor,8000000.0,False,False,,,,,,2026-10-01
2026-10,762012961857798,1,3303806341,Đến hạn,Normal,"1-20, idle<=90",2026-08-16,2026-08-17 22:08:36,14,14,2026-09-27 21:30:00,3.0,Cao Thi Lua,Inhouse 1,Cao Thi Lua,Inhouse 1,Cao Thi Lua,5240000.0,False,False,,,,,,2026-10-01
2026-10,749778009209096,1,3304045628,Đến hạn,Normal,"1-20, idle<=90",2026-06-08,2026-06-09 21:16:09,14,14,2026-09-28 21:00:00,2.0,Nguyen Thuy Trang,Inhouse 1,Nguyen Thuy Trang,Inhouse 1,Dao Thi Hoang Yen,8745000.0,False,False,,,,,,2026-10-01
2026-10,764259971606790,3,3304099176,Đến hạn,Normal,"1-20, idle<=90",2026-08-28,2026-09-03 12:59:24,20,20,2026-09-29 21:30:00,1.0,Vu Cam Ly,Inhouse 2,Vu Cam Ly,Inhouse 2,Tran Thu Ha,4290000.0,False,False,,,,,,2026-10-01
2026-10,744806636765442,1,3304152651,Đến hạn,Normal,"1-20, idle<=90",2025-12-31,2026-05-11 21:02:04,19,19,2026-09-26 20:30:00,4.0,Bui Thi Nga,Inhouse 2,Le Thi Thuy Van,Inhouse 2,Tran Thu Ha,8745000.0,False,False,,,,,,2026-10-01
2026-10,740010613887238,2,3304470441,Đến hạn,Normal,"1-20, idle<=90",2026-04-13,2026-04-14 11:08:55,19,19,2026-09-26 10:00:00,4.0,Vu Thi Tuyet Trinh,Inhouse 1,Vu Thi Tuyet Trinh,Inhouse 1,Diem Quynh Advisor,8215000.0,False,False,,,,,,2026-10-01
2026-10,744974529607938,2,3304675761,Đến hạn,Normal,"1-20, idle<=90",2026-05-11,2026-05-13 00:11:57,16,16,2026-09-25 20:30:00,5.0,Nguyen Kieu Trang,Inhouse 1,Nguyen Kieu Trang,Inhouse 1,Thao Chi Advisor,8480000.0,False,False,,,,,,2026-10-01
2026-10,737593146417416,2,3304722710,Đến hạn,Normal,"1-20, idle<=90",2026-03-31,2026-03-31 22:01:22,15,15,2026-09-27 21:00:00,3.0,Pham Thi Tam Thuy,Inhouse 1,Le Thi Lan Anh,Inhouse 1,Diem Quynh Advisor,8480000.0,False,False,,,,,,2026-10-01
2026-10,750458066958600,1,3304767527,Đến hạn,Normal,"1-20, idle<=90",2026-06-12,2026-06-13 09:48:30,12,12,2026-09-24 21:30:00,6.0,Le Thi Thuy Trang,Inhouse 1,Le Thi Thuy Trang,Inhouse 1,Thao Chi Advisor,9080000.0,False,False,,,,,,2026-10-01
2026-10,763736888054018,3,3304790417,Đến hạn,Normal,"1-20, idle<=90",2026-08-02,2026-08-27 14:57:18,16,16,2026-09-29 23:30:00,1.0,Nguyen Thi Thao Ngoc,Inhouse 1,Nguyen Thi Thao Ngoc,Inhouse 1,Diem Quynh Advisor,4550000.0,False,False,,,,,,2026-10-01
2026-10,738601448478978,1,3304823589,Đến hạn,Normal,"1-20, idle<=90",2026-01-19,2026-04-08 15:44:19,14,14,2026-09-28 21:00:00,2.0,Le To Hai My,Inhouse 1,Kieu Thi Thu Quynh,Inhouse 1,Diem Quynh Advisor,9050000.0,False,False,,,,,,2026-10-01
2026-10,737593255584006,2,3304875876,Đến hạn,Normal,"1-20, idle<=90",2026-03-31,2026-03-31 22:31:23,19,19,2026-09-27 19:00:00,3.0,Pham Thi Tam Thuy,Inhouse 1,Le Thi Lan Anh,Inhouse 1,Diem Quynh Advisor,8480000.0,False,False,,,,,,2026-10-01
2026-10,745528882063622,2,3304909879,Đến hạn,Normal,"1-20, idle<=90",2026-04-27,2026-05-15 15:14:10,14,14,2026-09-28 01:30:00,2.0,Le Thi Lan Anh,Inhouse 1,Le Thi Lan Anh,Inhouse 1,Ruby Advisor,8880000.0,False,False,,,,,,2026-10-01
2026-10,769799706499334,2,3305160325,Đến hạn,Normal,"1-20, idle<=90",2026-09-29,2026-10-01 15:55:20,14,14,2026-09-28 19:00:00,2.0,Nguyen Cam Tu,Inhouse 1,Nguyen Cam Tu,Inhouse 1,Ms Jenny Advisor,15900000.0,False,False,,,,,,2026-10-01
2026-10,742519858080002,2,3305179142,Đến hạn,Normal,"1-20, idle<=90",2026-04-26,2026-04-28 18:40:43,17,17,2026-09-28 21:00:00,2.0,Le Kim Chi,Inhouse 1,Le Kim Chi,Inhouse 1,Ellie Advisor,8950000.0,False,False,,,,,,2026-10-01
2026-10,753152562536706,2,3305312362,Đến hạn,Normal,"1-20, idle<=90",2026-06-14,2026-06-28 19:52:32,6,6,2026-09-27 22:00:00,3.0,Bui Lam Linh,Inhouse 1,Luu Thi Hoang Ngan,Inhouse 1,Diem Quynh Advisor,7950000.0,False,False,,,,,,2026-10-01
2026-10,759668355408134,3,3305375253,Đến hạn,Normal,"1-20, idle<=90",2026-07-31,2026-08-05 11:28:50,14,14,2026-09-29 22:00:00,1.0,Le Thi Lan Anh,Inhouse 1,Le Thi Lan Anh,Inhouse 1,Diem Quynh Advisor,4290000.0,False,False,,,,,,2026-10-01
2026-10,741125585047816,2,3305544738,Đến hạn,Normal,"1-20, idle<=90",2026-04-20,2026-04-24 13:38:42,14,14,2026-09-29 21:30:00,1.0,Nguyen Phuong Thuy,Inhouse 1,Nguyen Phuong Thuy,Inhouse 1,Thao Chi Advisor,8900000.0,False,False,,,,,,2026-10-01
2026-10,749398908836098,1,3305585825,Đến hạn,Normal,"1-20, idle<=90",2026-02-04,2026-06-06 21:01:32,17,17,2026-09-28 21:00:00,2.0,Lai Ngoc Thuy Linh,Ho Chi Minh,Lai Ngoc Thuy Linh,Ho Chi Minh,Dao Thi Hoang Yen,8745000.0,False,False,,,,,,2026-10-01
2026-10,748218480763138,1,3305601738,Đến hạn,Normal,"1-20, idle<=90",2026-05-30,2026-05-30 20:22:46,17,17,2026-09-29 21:30:00,1.0,Nguyen Phuong Thuy,Inhouse 1,Nguyen Phuong Thuy,Inhouse 1,Thao Chi Advisor,9580000.0,False,False,,,,,,2026-10-01
2026-10,739571521386758,2,3305609164,Đến hạn,Normal,"1-20, idle<=90",2026-04-11,2026-04-13 22:22:27,13,13,2026-09-28 23:00:00,2.0,Tran Thi Son,Inhouse 1,Tran Thi Son,Inhouse 1,Ruby Advisor,8500000.0,False,False,,,,,,2026-10-01
2026-10,745701797261570,2,3305715128,Đến hạn,Normal,"1-20, idle<=90",2026-05-01,2026-05-17 22:10:00,15,15,2026-09-27 21:00:00,3.0,Le Thi Thuy Trang,Inhouse 1,Le Thi Thuy Trang,Inhouse 1,Thao Chi Advisor,8480000.0,False,False,,,,,,2026-10-01
2026-10,761471575855366,3,3305872090,Đến hạn,Normal,"1-20, idle<=90",2026-07-19,2026-08-18 18:41:09,17,17,2026-09-26 21:30:00,4.0,Le Thi Lan Anh,Inhouse 1,Le Thi Lan Anh,Inhouse 1,Diem Quynh Advisor,4290000.0,False,False,,,,,,2026-10-01
2026-10,732406576439560,1,3305898340,Đến hạn,Normal,"1-20, idle<=90",2026-02-11,2026-03-02 14:47:49,17,17,2026-09-26 19:00:00,4.0,Le Thi Lan Anh,Inhouse 1,Le Thi Lan Anh,Inhouse 1,Ellie Advisor,8865500.0,False,False,,,,,,2026-10-01
2026-10,770128618721544,2,3306044233,Đến hạn,Normal,"1-20, idle<=90",,2026-10-01 15:31:53,4,4,2026-09-26 21:00:00,4.0,Le Thi Lan Anh,Inhouse 1,Le Thi Lan Anh,Inhouse 1,Diem Quynh Advisor,23550000.0,False,False,,,,,,2026-10-01
2026-10,743193275502854,2,3306175836,Đến hạn,Normal,"1-20, idle<=90",2026-04-30,2026-05-06 19:22:41,16,16,2026-09-28 17:30:00,2.0,Pham Thi Tam Thuy,Inhouse 1,Le Thi Lan Anh,Inhouse 1,Ruby Advisor,8250000.0,False,False,,,,,,2026-10-01
2026-10,750456077512962,1,3306363083,Đến hạn,Normal,"1-20, idle<=90",2026-06-10,2026-06-14 11:56:15,17,17,2026-09-16 21:30:00,14.0,Nguyen Thi Trang,Inhouse 2,Nguyen Thi Trang,Inhouse 2,Tran Thu Ha,8753500.0,False,False,,,,,,2026-10-01
2026-10,728862898368774,1,3306386378,Đến hạn,Normal,"1-20, idle<=90",2026-02-10,2026-02-12 21:41:16,19,19,2026-09-19 20:00:00,11.0,Dang Kim Thuong,Inhouse 1,Dang Kim Thuong,Inhouse 1,Thao Chi Advisor,18820000.0,False,False,,,,,,2026-10-01
2026-10,749781247488262,1,3306411235,Đến hạn,Normal,"1-20, idle<=90",2026-06-08,2026-06-08 17:42:29,20,20,2026-09-28 21:30:00,2.0,Kieu Lan Anh,Inhouse 2,Kieu Lan Anh,Inhouse 2,Ms Jenny Advisor,8890000.0,False,False,,,,,,2026-10-01
2026-10,729618072873218,1,3306594043,Đến hạn,Normal,"1-20, idle<=90",2026-02-13,2026-02-14 17:18:54,15,15,2026-09-28 19:30:00,2.0,Dang Kim Thuong,Inhouse 1,Dang Kim Thuong,Inhouse 1,Thao Chi Advisor,18820000.0,False,False,,,,,,2026-10-01
2026-10,732404632975618,2,3306757053,Đến hạn,Normal,"1-20, idle<=90",2026-02-27,2026-03-03 20:02:44,15,121,2026-09-26 18:30:00,4.0,Nguyen Thuy Trang,Inhouse 1,Nguyen Thuy Trang,Inhouse 1,Ruby Advisor,4510000.0,True,True,769572281315586,2026-09-26 00:00:00,16430000.0,GMV+REM,206.0,2026-10-01
2026-10,769932066840834,2,3306875831,Đến hạn,Normal,"1-20, idle<=90",2026-08-31,2026-10-01 10:15:17,5,5,2026-09-27 09:00:00,3.0,Le Thuy Nhung,Inhouse 1,Le Thuy Nhung,Inhouse 1,Diem Quynh Advisor,15900000.0,False,False,,,,,,2026-10-01
2026-10,731382138102022,1,3307072945,Đến hạn,Normal,"1-20, idle<=90",2026-02-24,2026-02-24 17:06:25,7,113,2026-09-28 22:00:00,2.0,Le Thi Thuy Trang,Inhouse 1,Le Thi Thuy Trang,Inhouse 1,Diem Quynh Advisor,18820000.0,True,True,764656159351046,2026-08-30 00:00:00,16450000.0,GMV+REM,186.0,2026-10-01
2026-10,743592945291522,2,3307171530,Đến hạn,Normal,"1-20, idle<=90",2026-04-29,2026-05-05 12:20:28,20,20,2026-09-28 15:00:00,2.0,Le Thi Tuyet,Inhouse 1,Le Thi Tuyet,Inhouse 1,Diem Quynh Advisor,8750000.0,False,False,,,,,,2026-10-01
2026-10,732615918778626,1,3307200803,Đến hạn,Normal,"1-20, idle<=90",2026-03-02,2026-03-03 16:14:19,13,13,2026-09-25 20:30:00,5.0,Nguyen Thi Lan,Offline Team HaNoi,Nguyen Thi Lan,Offline Team HaNoi,Tran Thu Ha,10520000.0,False,False,,,,,,2026-10-01
2026-10,762728611950854,3,3307280243,Đến hạn,Normal,"1-20, idle<=90",2026-08-20,2026-08-20 21:05:25,15,15,2026-09-29 21:00:00,1.0,Le Thi Thuy Van,Inhouse 2,Le Thi Thuy Van,Inhouse 2,Tran Thu Ha,12375000.0,False,False,,,,,,2026-10-01
2026-10,757567728374024,1,3307395489,Đến hạn,Normal,"1-20, idle<=90",2026-07-21,2026-07-23 13:29:29,5,5,2026-09-27 16:00:00,3.0,Hoang Thi Hong Tham,Offline Team HaNoi,Hoang Thi Hong Tham,Offline Team HaNoi,Tran Thu Ha,8677600.0,False,False,,,,,,2026-10-01
2026-10,734178074732802,1,3307402203,Đến hạn,Normal,"1-20, idle<=90",2026-03-11,2026-03-12 11:53:35,15,15,2026-09-29 21:00:00,1.0,Nguyen Thi Hang Nga,Inhouse 1,Nguyen Thi Hang Nga,Inhouse 1,Diem Quynh Advisor,9580000.0,False,False,,,,,,2026-10-01
2026-10,765845579749640,1,3307496357,Đến hạn,Normal,"1-20, idle<=90",2026-09-05,2026-09-07 10:38:43,18,18,2026-09-28 20:00:00,2.0,Trinh Thi Hoa,Other,Trinh Thi Hoa,Other,Trinh Thi Hoa,4550000.0,False,False,,,,,,2026-10-01
2026-10,767124315449602,1,3307535174,Đến hạn,Normal,"1-20, idle<=90",2026-09-14,2026-09-15 13:38:58,20,70,2026-09-20 17:00:00,10.0,Le Thi Lan Anh,Inhouse 1,Le Thi Lan Anh,Inhouse 1,Ms Laura,9580000.0,True,True,769770577086728,2026-09-28 00:00:00,25800000.0,GMV+REM,12.0,2026-10-01
2026-10,753893855680776,1,3307542974,Đến hạn,Normal,"1-20, idle<=90",2026-07-01,2026-07-02 12:33:48,19,19,2026-09-29 20:00:00,1.0,Kieu Lan Anh,Inhouse 2,Kieu Lan Anh,Inhouse 2,Tran Thu Ha,8500000.0,False,False,,,,,,2026-10-01
2026-10,734073346281734,1,3307546206,Đến hạn,Normal,"1-20, idle<=90",2026-03-11,2026-03-16 10:15:22,16,16,2026-09-28 21:00:00,2.0,To Thi Ha,Inhouse 2,Vu Cam Ly,Inhouse 2,Tran Thu Ha,9580000.0,False,False,,,,,,2026-10-01
2026-10,765845218670856,1,3307820544,Đến hạn,Normal,"1-20, idle<=90",2026-08-25,2026-09-07 20:12:24,18,18,2026-09-28 21:00:00,2.0,Pham Thi Thao,Inhouse 1,Pham Thi Thao,Inhouse 1,Pham Thi Thao,4550000.0,False,False,,,,,,2026-10-01
2026-10,737977725976840,1,3308515323,Đến hạn,Normal,"1-20, idle<=90",2026-04-02,2026-04-03 19:11:58,16,16,2026-09-29 21:00:00,1.0,Nguyen Minh Phat,Ho Chi Minh,Nguyen Minh Phat,Ho Chi Minh,Dao Thi Hoang Yen,9280000.0,False,False,,,,,,2026-10-01
2026-10,743777848127752,1,3308686614,Đến hạn,Normal,"1-20, idle<=90",2026-05-05,2026-05-11 18:21:00,13,13,2026-09-27 20:30:00,3.0,Luu Thi Hoang Ngan,Inhouse 1,Luu Thi Hoang Ngan,Inhouse 1,Ms Jenny Advisor,8745000.0,False,False,,,,,,2026-10-01
2026-10,748539143536904,1,3308769860,Đến hạn,Normal,"1-20, idle<=90",2026-06-01,2026-06-01 15:39:16,20,73,2026-09-27 19:00:00,3.0,Le Thi Tuyet,Inhouse 1,Le Thi Tuyet,Inhouse 1,Ellie Advisor,9580000.0,True,True,769062405230854,2026-09-25 00:00:00,8750000.0,GMV+REM,115.0,2026-10-01
2026-10,737371889309954,1,3308814750,Đến hạn,Normal,"1-20, idle<=90",2026-03-30,2026-03-30 12:54:21,16,16,2026-09-29 21:00:00,1.0,Le Thuy Nhung,Inhouse 1,Le Thuy Nhung,Inhouse 1,Ms Jenny Advisor,9075000.0,False,False,,,,,,2026-10-01
2026-10,735482322178310,1,3308901862,Đến hạn,Normal,"1-20, idle<=90",2026-03-19,2026-03-20 14:57:09,16,16,2026-09-28 23:30:00,2.0,Pham Thi Tam Thuy,Inhouse 1,Le Thi Lan Anh,Inhouse 1,Diem Quynh Advisor,10080000.0,False,False,,,,,,2026-10-01
2026-10,735291540924680,1,3308914460,Đến hạn,Normal,"1-20, idle<=90",2026-03-18,2026-03-19 14:57:59,9,9,2026-09-29 21:00:00,1.0,Dang Kim Thuong,Inhouse 1,Dang Kim Thuong,Inhouse 1,Thao Chi Advisor,17500000.0,False,False,,,,,,2026-10-01
2026-10,751368859451654,2,3309025936,Đến hạn,Normal,"1-20, idle<=90",2026-06-17,2026-06-17 19:30:45,17,17,2026-09-29 21:00:00,1.0,Vu Cam Ly,Inhouse 2,Vu Cam Ly,Inhouse 2,Tran Thu Ha,8415000.0,False,False,,,,,,2026-10-01
2026-10,736201506763014,1,3309098653,Đến hạn,Normal,"1-20, idle<=90",2026-03-23,2026-03-23 21:45:13,13,13,2026-09-28 21:30:00,2.0,Nguyen Phuong Thuy,Inhouse 1,Nguyen Phuong Thuy,Inhouse 1,Diem Quynh Advisor,17820000.0,True,True,TMP_3309098653_20260828,2026-08-28 00:00:00,16520000.0,GMV,157.0,2026-10-01
2026-10,745491573500162,1,3309194662,Đến hạn,Normal,"1-20, idle<=90",2026-03-28,2026-05-15 22:51:08,17,17,2026-09-29 21:00:00,1.0,Dao Ngoc Lan Anh,Inhouse 1,Dao Ngoc Lan Anh,Inhouse 1,Ms Jenny Advisor,9010000.0,False,False,,,,,,2026-10-01
2026-10,738431677434120,1,3309233669,Đến hạn,Normal,"1-20, idle<=90",2026-03-26,2026-04-05 17:11:02,19,19,2026-09-17 21:00:00,13.0,Le Thi Thuy Van,Inhouse 2,Le Thi Thuy Van,Inhouse 2,Tran Thu Ha,9580000.0,False,False,,,,,,2026-10-01
2026-10,763059006771462,2,3309271098,Đến hạn,Normal,"1-20, idle<=90",2026-08-19,2026-08-27 12:04:35,18,18,2026-09-23 21:30:00,7.0,Lai Ngoc Thuy Linh,Ho Chi Minh,Lai Ngoc Thuy Linh,Ho Chi Minh,Dao Thi Hoang Yen,4900000.0,False,False,,,,,,2026-10-01
2026-10,740552982159622,1,3309325576,Đến hạn,Normal,"1-20, idle<=90",2026-04-17,2026-04-17 20:21:30,14,14,2026-09-28 16:00:00,2.0,Pham Thi Tam Thuy,Inhouse 1,Le Thi Lan Anh,Inhouse 1,Diem Quynh Advisor,8745000.0,False,False,,,,,,2026-10-01
2026-10,744482357291272,1,3309446213,Đến hạn,Normal,"1-20, idle<=90",2026-03-31,2026-05-09 19:11:09,18,18,2026-09-25 20:00:00,5.0,Lai Ngoc Thuy Linh,Ho Chi Minh,Lai Ngoc Thuy Linh,Ho Chi Minh,Dao Thi Hoang Yen,9132600.0,False,False,,,,,,2026-10-01
2026-10,738654761584898,1,3309452373,Đến hạn,Normal,"1-20, idle<=90",2026-04-06,2026-04-07 15:37:35,12,12,2026-09-29 20:00:00,1.0,Nguyen Nhu Ngoc,Inhouse 1,Nguyen Nhu Ngoc,Inhouse 1,Diem Quynh Advisor,9580000.0,False,False,,,,,,2026-10-01
2026-10,738073746532610,1,3309476269,Đến hạn,Normal,"1-20, idle<=90",2026-04-03,2026-04-03 12:37:26,18,18,2026-09-25 20:30:00,5.0,Nguyen Nhu Ngoc,Inhouse 1,Nguyen Nhu Ngoc,Inhouse 1,Ms Jenny Advisor,9080000.0,False,False,,,,,,2026-10-01
2026-10,747831306152198,1,3309478735,Đến hạn,Normal,"1-20, idle<=90",2026-05-28,2026-05-28 15:57:10,20,20,2026-09-25 21:30:00,5.0,Vu Thi Tuyet Trinh,Inhouse 1,Vu Thi Tuyet Trinh,Inhouse 1,Diem Quynh Advisor,9010000.0,False,False,,,,,,2026-10-01
2026-10,743786951950598,1,3309520450,Đến hạn,Normal,"1-20, idle<=90",2026-04-23,2026-05-05 18:56:46,16,16,2026-09-26 20:00:00,4.0,Pham Thi Thao,Inhouse 1,Pham Thi Thao,Inhouse 1,Diem Quynh Advisor,10080000.0,True,True,TMP_3309520450_20260930,2026-09-30 00:00:00,9080000.0,GMV,147.0,2026-10-01
2026-10,743557564100872,1,3309627769,Đến hạn,Normal,"1-20, idle<=90",2026-04-12,2026-05-04 15:09:01,14,67,2026-09-29 19:00:00,1.0,Vu Thi Khanh Huyen,Inhouse 2,Nguyen Thi Trang,Inhouse 2,Ms Jenny Advisor,9010000.0,True,True,755296663728390,2026-07-09 00:00:00,8600000.0,GMV+REM,65.0,2026-10-01
2026-10,739216906045704,1,3309702291,Đến hạn,Normal,"1-20, idle<=90",2026-04-09,2026-04-10 15:48:24,14,14,2026-09-29 21:30:00,1.0,Lai Ngoc Thuy Linh,Ho Chi Minh,Lai Ngoc Thuy Linh,Ho Chi Minh,Dao Thi Hoang Yen,8480000.0,False,False,,,,,,2026-10-01
2026-10,741070107330822,1,3309769181,Đến hạn,Normal,"1-20, idle<=90",2026-04-19,2026-04-20 12:22:00,12,12,2026-09-28 21:00:00,2.0,Le Hung Cuong,Inhouse 2,Vu Ho Thanh Huong,Inhouse 2,Tran Thu Ha,9010000.0,False,False,,,,,,2026-10-01
2026-10,743738786550024,1,3309811948,Đến hạn,Normal,"1-20, idle<=90",2026-04-29,2026-05-10 10:31:04,14,14,2026-09-28 21:30:00,2.0,Nguyen Kieu Trang,Inhouse 1,Nguyen Kieu Trang,Inhouse 1,Thao Chi Advisor,9010000.0,False,False,,,,,,2026-10-01
2026-10,740401466677506,1,3309819273,Đến hạn,Normal,"1-20, idle<=90",2026-04-16,2026-04-17 18:50:43,16,16,2026-09-27 18:00:00,3.0,Nguyen Cam Tu,Inhouse 1,Nguyen Cam Tu,Inhouse 1,Diem Quynh Advisor,8880000.0,False,False,,,,,,2026-10-01
2026-10,762339258327298,2,3309832215,Đến hạn,Normal,"1-20, idle<=90",2026-08-18,2026-08-18 17:20:56,15,15,2026-09-29 20:30:00,1.0,Nguyen Thi Thao Ngoc,Inhouse 1,Nguyen Thi Thao Ngoc,Inhouse 1,Diem Quynh Advisor,4550000.0,False,False,,,,,,2026-10-01
2026-10,744086376478982,1,3309917223,Đến hạn,Normal,"1-20, idle<=90",2026-04-28,2026-05-08 19:29:24,16,16,2026-09-29 19:00:00,1.0,Nguyen Nhu Ngoc,Inhouse 1,Nguyen Nhu Ngoc,Inhouse 1,Diem Quynh Advisor,9580000.0,False,False,,,,,,2026-10-01
2026-10,739322523468040,1,3309925821,Đến hạn,Normal,"1-20, idle<=90",2026-04-08,2026-04-10 20:35:36,16,16,2026-09-29 19:00:00,1.0,Nguyen Thi Hang Nga,Inhouse 1,Nguyen Thi Hang Nga,Inhouse 1,Ms Jenny Advisor,10080000.0,False,False,,,,,,2026-10-01
2026-10,738993261431046,1,3309929517,Đến hạn,Normal,"1-20, idle<=90",2026-04-08,2026-04-09 20:34:55,17,17,2026-09-28 21:00:00,2.0,Nguyen Minh Phat,Ho Chi Minh,Nguyen Minh Phat,Ho Chi Minh,Dao Thi Hoang Yen,9275000.0,False,False,,,,,,2026-10-01
2026-10,748165738096902,1,3309966738,Đến hạn,Normal,"1-20, idle<=90",2026-05-29,2026-06-02 17:03:27,18,18,2026-09-29 21:00:00,1.0,Kieu Lan Anh,Inhouse 2,Kieu Lan Anh,Inhouse 2,Ms Jenny Advisor,8750000.0,False,False,,,,,,2026-10-01
2026-10,747441455264006,1,3309990940,Đến hạn,Normal,"1-20, idle<=90",2026-04-16,2026-05-26 10:37:17,16,16,2026-09-29 21:30:00,1.0,Le Thi Thuy Van,Inhouse 2,Le Thi Thuy Van,Inhouse 2,Ms Jenny Advisor,10080000.0,False,False,,,,,,2026-10-01
2026-10,748686735165698,1,3310156642,Đến hạn,Normal,"1-20, idle<=90",2026-04-20,2026-06-02 13:15:48,19,19,2026-09-27 15:00:00,3.0,Nguyen Kieu Trang,Inhouse 1,Nguyen Kieu Trang,Inhouse 1,Diem Quynh Advisor,9080000.0,False,False,,,,,,2026-10-01
2026-10,770106269890822,2,3310252025,Đến hạn,Normal,"1-20, idle<=90",2026-09-30,2026-10-01 15:41:02,7,7,2026-09-28 16:30:00,2.0,Le Thi Thuy Trang,Inhouse 1,Le Thi Thuy Trang,Inhouse 1,Ms Jenny Advisor,8250000.0,False,False,,,,,,2026-10-01
2026-10,744975637842182,1,3310311843,Đến hạn,Normal,"1-20, idle<=90",2026-05-11,2026-05-13 17:52:01,17,17,2026-09-25 23:00:00,5.0,Nguyen Thao Anh,Inhouse 1,Nguyen Thao Anh,Inhouse 1,Ms Laura,9380000.0,True,True,TMP_3310311843_20260728,2026-07-28 00:00:00,8823000.0,GMV,75.0,2026-10-01
2026-10,743604032758024,1,3310314777,Đến hạn,Normal,"1-20, idle<=90",2026-05-04,2026-05-05 16:29:48,20,20,2026-09-27 10:00:00,3.0,Nguyen Thuy Trang,Inhouse 1,Nguyen Thuy Trang,Inhouse 1,Thao Chi Advisor,9280000.0,False,False,,,,,,2026-10-01
2026-10,741510508157192,1,3310346495,Đến hạn,Normal,"1-20, idle<=90",2026-04-22,2026-04-23 16:52:51,14,14,2026-09-25 19:00:00,5.0,Kieu Thi Thu Quynh,Inhouse 1,Kieu Thi Thu Quynh,Inhouse 1,Ruby Advisor,9700000.0,False,False,,,,,,2026-10-01
2026-10,743904996917506,1,3310363910,Đến hạn,Normal,"1-20, idle<=90",2026-04-27,2026-05-06 18:52:39,18,18,2026-09-28 21:30:00,2.0,Cao Thi Lua,Inhouse 1,Cao Thi Lua,Inhouse 1,Diem Quynh Advisor,8658000.0,False,False,,,,,,2026-10-01
2026-10,741487194050824,1,3310375380,Đến hạn,Normal,"1-20, idle<=90",2026-04-08,2026-04-22 19:09:20,11,11,2026-09-29 19:30:00,1.0,Bui Thi Hong Van,Inhouse 1,Bui Thi Hong Van,Inhouse 1,Ruby Advisor,9010000.0,False,False,,,,,,2026-10-01
2026-10,741302263847174,1,3310476839,Đến hạn,Normal,"1-20, idle<=90",2026-04-21,2026-04-21 21:08:08,16,16,2026-09-29 21:00:00,1.0,Le Thi Thuy Trang,Inhouse 1,Le Thi Thuy Trang,Inhouse 1,Ms Jenny Advisor,9080000.0,False,False,,,,,,2026-10-01
2026-10,743604236062978,1,3310478184,Đến hạn,Normal,"1-20, idle<=90",2026-05-04,2026-05-06 11:40:29,14,14,2026-09-29 21:00:00,1.0,Nguyen Thuy Trang,Inhouse 1,Nguyen Thuy Trang,Inhouse 1,Diem Quynh Advisor,8780000.0,False,False,,,,,,2026-10-01
2026-10,741797530689800,1,3310485745,Đến hạn,Normal,"1-20, idle<=90",2026-04-24,2026-04-24 15:44:03,14,14,2026-09-26 17:30:00,4.0,Le To Hai My,Inhouse 1,Cao Thi Lua,Inhouse 1,Diem Quynh Advisor,9080000.0,False,False,,,,,,2026-10-01
2026-10,746219885986054,1,3310486815,Đến hạn,Normal,"1-20, idle<=90",2026-05-19,2026-05-21 13:48:05,18,18,2026-09-24 21:30:00,6.0,Cao Thi Lua,Inhouse 1,Cao Thi Lua,Inhouse 1,Ms Jenny Advisor,9300000.0,False,False,,,,,,2026-10-01
2026-10,741301060579592,1,3310490466,Đến hạn,Normal,"1-20, idle<=90",2026-04-21,2026-04-21 18:58:26,14,14,2026-09-29 21:00:00,1.0,Ngo Thi Hue,Inhouse 2,Kieu Lan Anh,Inhouse 2,Tran Thu Ha,9850000.0,False,False,,,,,,2026-10-01
2026-10,762012370641158,2,3310493741,Đến hạn,Normal,"1-20, idle<=90",2026-08-16,2026-08-16 18:51:42,16,16,2026-09-27 21:30:00,3.0,Vu Cam Ly,Inhouse 2,Vu Cam Ly,Inhouse 2,Vu Cam Ly,12375000.0,False,False,,,,,,2026-10-01
2026-10,741646577254658,1,3310505888,Đến hạn,Normal,"1-20, idle<=90",2026-04-22,2026-04-23 19:17:39,19,19,2026-09-27 18:30:00,3.0,Nguyen Kieu Trang,Inhouse 1,Nguyen Kieu Trang,Inhouse 1,Ms Jenny Advisor,9375500.0,False,False,,,,,,2026-10-01
2026-10,745328269138182,1,3310573232,Đến hạn,Normal,"1-20, idle<=90",2026-04-22,2026-05-14 21:06:55,18,18,2026-09-28 21:30:00,2.0,Nguyen Thi Hang Nga,Inhouse 1,Nguyen Thi Hang Nga,Inhouse 1,Thao Chi Advisor,9580000.0,False,False,,,,,,2026-10-01
2026-10,746917420953862,1,3310583145,Đến hạn,Normal,"1-20, idle<=90",2026-05-22,2026-05-25 17:20:13,13,13,2026-09-28 20:30:00,2.0,Nguyen Phuong Thuy,Inhouse 1,Nguyen Phuong Thuy,Inhouse 1,Ms Jenny Advisor,9880000.0,False,False,,,,,,2026-10-01
2026-10,743735425097986,1,3310593198,Đến hạn,Normal,"1-20, idle<=90",2026-05-04,2026-05-05 17:18:59,19,19,2026-09-24 22:30:00,6.0,Le To Hai My,Inhouse 1,Cao Thi Lua,Inhouse 1,Ms Jenny Advisor,9050000.0,False,False,,,,,,2026-10-01
2026-10,745494219620610,1,3310615380,Đến hạn,Normal,"1-20, idle<=90",2026-05-14,2026-05-16 22:35:02,18,18,2026-09-27 21:00:00,3.0,Dang Kim Thuong,Inhouse 1,Dang Kim Thuong,Inhouse 1,Thao Chi Advisor,9580000.0,False,False,,,,,,2026-10-01
2026-10,742712577683714,1,3310619683,Đến hạn,Normal,"1-20, idle<=90",2026-04-28,2026-04-29 17:41:38,19,19,2026-09-25 22:30:00,5.0,Nguyen Phuong Thuy,Inhouse 1,Nguyen Phuong Thuy,Inhouse 1,Ruby Advisor,10700000.0,False,False,,,,,,2026-10-01
2026-10,742314910976262,1,3310629476,Đến hạn,Normal,"1-20, idle<=90",2026-04-26,2026-04-27 10:58:52,19,19,2026-09-29 21:30:00,1.0,Nguyen Cam Tu,Inhouse 1,Nguyen Cam Tu,Inhouse 1,Diem Quynh Advisor,8880000.0,False,False,,,,,,2026-10-01
2026-10,742704818051334,1,3310629888,Đến hạn,Normal,"1-20, idle<=90",2026-04-26,2026-04-29 16:15:33,16,69,2026-09-26 19:00:00,4.0,Dao Ngoc Lan Anh,Inhouse 1,Bui Thi Hong Van,Inhouse 1,Diem Quynh Advisor,9080000.0,True,True,759698426661128,2026-08-03 00:00:00,8450000.0,GMV+REM,95.0,2026-10-01
2026-10,742719738124552,1,3310630928,Đến hạn,Normal,"1-20, idle<=90",2026-04-28,2026-04-29 18:40:52,15,15,2026-09-25 23:30:00,5.0,Nguyen Phuong Thuy,Inhouse 1,Nguyen Phuong Thuy,Inhouse 1,Ruby Advisor,9020000.0,False,False,,,,,,2026-10-01
2026-10,762169277974786,2,3310632191,Đến hạn,Normal,"1-20, idle<=90",2026-08-14,2026-08-19 15:07:02,14,14,2026-09-27 17:00:00,3.0,Nguyen Cam Tu,Inhouse 1,Nguyen Cam Tu,Inhouse 1,Thao Chi Advisor,4350000.0,False,False,,,,,,2026-10-01
2026-10,742773762615554,1,3310651075,Đến hạn,Normal,"1-20, idle<=90",2026-04-28,2026-05-01 15:48:19,19,19,2026-09-04 22:00:00,26.0,Nguyen Phuong Thuy,Inhouse 1,Nguyen Phuong Thuy,Inhouse 1,Ruby Advisor,9020000.0,False,False,,,,,,2026-10-01
2026-10,746609231657222,1,3310710200,Đến hạn,Normal,"1-20, idle<=90",2026-05-21,2026-05-21 19:46:17,18,71,2026-09-27 16:30:00,3.0,Nguyen Cam Tu,Inhouse 1,Nguyen Cam Tu,Inhouse 1,Thao Chi Advisor,9080000.0,True,True,769752609353992,2026-09-29 00:00:00,8480000.0,GMV+REM,130.0,2026-10-01
2026-10,743739009984776,1,3310712174,Đến hạn,Normal,"1-20, idle<=90",2026-05-05,2026-05-05 14:49:10,14,14,2026-09-28 20:30:00,2.0,Luu Thi Hoang Ngan,Inhouse 1,Luu Thi Hoang Ngan,Inhouse 1,Diem Quynh Advisor,9080000.0,False,False,,,,,,2026-10-01
2026-10,743192582580488,1,3310765727,Đến hạn,Normal,"1-20, idle<=90",2026-05-01,2026-05-02 10:15:38,15,15,2026-09-29 18:30:00,1.0,Pham Thi Tam Thuy,Inhouse 1,Le Thi Lan Anh,Inhouse 1,Ellie Advisor,10080000.0,False,False,,,,,,2026-10-01
2026-10,743734146449672,1,3310789634,Đến hạn,Normal,"1-20, idle<=90",2026-04-30,2026-05-08 19:54:01,13,13,2026-09-29 19:30:00,1.0,Bui Thi Thai Duong,Inhouse 1,Bui Thi Thai Duong,Inhouse 1,Diem Quynh Advisor,9080000.0,False,False,,,,,,2026-10-01
2026-10,743548221257990,1,3310841269,Đến hạn,Normal,"1-20, idle<=90",2026-04-29,2026-05-04 12:20:53,20,20,2026-09-28 22:00:00,2.0,Ta Thi Thu Phuong,Inhouse 2,Kieu Lan Anh,Inhouse 2,Ms Jenny Advisor,9580000.0,False,False,,,,,,2026-10-01
2026-10,742698902184200,1,3310855092,Đến hạn,Normal,"1-20, idle<=90",2026-04-29,2026-05-04 20:37:56,15,15,2026-09-29 21:00:00,1.0,Kieu Lan Anh,Inhouse 2,Kieu Lan Anh,Inhouse 2,Tran Thu Ha,9275000.0,False,False,,,,,,2026-10-01
2026-10,743772097417480,1,3310871114,Đến hạn,Normal,"1-20, idle<=90",2026-05-03,2026-05-06 18:40:37,17,17,2026-09-28 23:30:00,2.0,Vu Thi Tuyet Trinh,Inhouse 1,Vu Thi Tuyet Trinh,Inhouse 1,Ms Laura,9080000.0,False,False,,,,,,2026-10-01
2026-10,743992876613896,1,3310918016,Đến hạn,Normal,"1-20, idle<=90",2026-05-06,2026-05-08 10:57:10,19,19,2026-09-29 20:30:00,1.0,Nguyen Thi Trang,Inhouse 2,Nguyen Thi Trang,Inhouse 2,Ms Jenny Advisor,9580000.0,False,False,,,,,,2026-10-01
2026-10,744090502189318,1,3310943317,Đến hạn,Normal,"1-20, idle<=90",2026-04-30,2026-05-07 19:18:59,16,16,2026-09-28 20:00:00,2.0,Le Kim Chi,Inhouse 1,Le Kim Chi,Inhouse 1,Diem Quynh Advisor,9080000.0,False,False,,,,,,2026-10-01
2026-10,743919420901640,1,3310991318,Đến hạn,Normal,"1-20, idle<=90",2026-05-04,2026-05-06 13:04:51,12,12,2026-09-26 19:00:00,4.0,Le Thi Thuy Trang,Inhouse 1,Le Thi Thuy Trang,Inhouse 1,Thao Chi Advisor,9580000.0,False,False,,,,,,2026-10-01
2026-10,744838955970818,1,3310991910,Đến hạn,Normal,"1-20, idle<=90",2026-05-11,2026-05-11 18:11:02,14,14,2026-09-29 21:00:00,1.0,Tran Thi Ngoc Phuong,Inhouse 1,Ta Thuy Van,Inhouse 1,Diem Quynh Advisor,9210000.0,False,False,,,,,,2026-10-01
2026-10,744795147677958,1,3311037556,Đến hạn,Normal,"1-20, idle<=90",2026-05-08,2026-05-11 15:55:58,18,18,2026-09-29 20:30:00,1.0,Nguyen Phuong Thuy,Inhouse 1,Nguyen Phuong Thuy,Inhouse 1,Ms Jenny Advisor,9780000.0,True,True,TMP_3311037556_20260930,2026-09-30 00:00:00,8460000.0,GMV,141.0,2026-10-01
2026-10,744628543138050,1,3311046085,Đến hạn,Normal,"1-20, idle<=90",2026-05-10,2026-05-11 18:53:25,15,15,2026-09-26 19:00:00,4.0,Le Thi Thuy Van,Inhouse 2,Le Thi Thuy Van,Inhouse 2,Ms Jenny Advisor,10080000.0,False,False,,,,,,2026-10-01
2026-10,745492905036040,1,3311063583,Đến hạn,Normal,"1-20, idle<=90",2026-05-14,2026-05-15 12:37:07,16,16,2026-09-27 11:00:00,3.0,Nguyen Nhu Ngoc,Inhouse 1,Nguyen Nhu Ngoc,Inhouse 1,Diem Quynh Advisor,9080000.0,False,False,,,,,,2026-10-01
2026-10,747982391447810,1,3311069834,Đến hạn,Normal,"1-20, idle<=90",2026-05-29,2026-05-30 17:36:58,18,18,2026-09-29 19:00:00,1.0,Le Thi Thuy Trang,Inhouse 1,Le Thi Thuy Trang,Inhouse 1,Ruby Advisor,8480000.0,False,False,,,,,,2026-10-01
2026-10,744793204125954,1,3311083394,Đến hạn,Normal,"1-20, idle<=90",2026-05-08,2026-05-11 13:06:11,20,20,2026-09-26 11:30:00,4.0,Nguyen Kieu Trang,Inhouse 1,Nguyen Kieu Trang,Inhouse 1,Thao Chi Advisor,9080000.0,False,False,,,,,,2026-10-01
2026-10,747814404014342,1,3311084949,Đến hạn,Normal,"1-20, idle<=90",2026-05-04,2026-05-28 16:16:37,13,13,2026-09-27 22:00:00,3.0,Vu Cam Ly,Inhouse 2,Vu Cam Ly,Inhouse 2,Tran Thu Ha,9010000.0,False,False,,,,,,2026-10-01
2026-10,745216927121670,1,3311095926,Đến hạn,Normal,"1-20, idle<=90",2026-05-13,2026-05-13 20:36:55,16,16,2026-09-25 20:00:00,5.0,Dao Ngoc Lan Anh,Inhouse 1,Le Thi Thuy Trang,Inhouse 1,Thao Chi Advisor,9780000.0,False,False,,,,,,2026-10-01
2026-10,745029569114370,1,3311099197,Đến hạn,Normal,"1-20, idle<=90",2026-05-12,2026-05-14 15:37:16,16,16,2026-09-27 20:30:00,3.0,Mai Thi Lien,Inhouse 2,Mai Thi Lien,Inhouse 2,Ms Jenny Advisor,9010000.0,False,False,,,,,,2026-10-01
2026-10,746045493756162,1,3311103962,Đến hạn,Normal,"1-20, idle<=90",2026-05-16,2026-05-18 17:11:13,19,19,2026-09-28 10:00:00,2.0,Le Kim Chi,Inhouse 1,Le Kim Chi,Inhouse 1,Thao Chi Advisor,9048000.0,False,False,,,,,,2026-10-01
2026-10,744474455359746,1,3311114137,Đến hạn,Normal,"1-20, idle<=90",2026-05-07,2026-05-10 21:26:30,19,19,2026-09-29 22:00:00,1.0,Nguyen Thi Thao Ngoc,Inhouse 1,Nguyen Thi Thao Ngoc,Inhouse 1,Thao Chi Advisor,9010000.0,False,False,,,,,,2026-10-01
2026-10,744795913367814,1,3311131710,Đến hạn,Normal,"1-20, idle<=90",2026-05-09,2026-05-13 07:15:24,15,15,2026-09-29 21:00:00,1.0,Le Thi Lan Anh,Inhouse 1,Le Thi Lan Anh,Inhouse 1,Thao Chi Advisor,9580000.0,False,False,,,,,,2026-10-01
2026-10,744691837815048,1,3311139846,Đến hạn,Normal,"1-20, idle<=90",2026-05-10,2026-05-11 16:56:46,17,17,2026-09-29 00:00:00,2.0,Pham Thi Tam Thuy,Inhouse 1,Le Thi Lan Anh,Inhouse 1,Ms Laura,26302000.0,False,False,,,,,,2026-10-01
2026-10,744300518457606,1,3311140212,Đến hạn,Normal,"1-20, idle<=90",2026-05-08,2026-05-11 16:24:10,17,17,2026-09-29 20:30:00,1.0,Pham Long Vu,Inhouse 2,Le Thi Thuy Van,Inhouse 2,Tran Thu Ha,9850000.0,False,False,,,,,,2026-10-01
2026-10,744300137687298,1,3311188064,Đến hạn,Normal,"1-20, idle<=90",2026-05-08,2026-05-09 09:56:38,20,20,2026-09-28 20:00:00,2.0,Pham Thi Thao,Inhouse 1,Pham Thi Thao,Inhouse 1,Ellie Advisor,9200000.0,False,False,,,,,,2026-10-01
2026-10,745193440784642,1,3311189485,Đến hạn,Normal,"1-20, idle<=90",2026-05-13,2026-05-13 18:45:09,17,17,2026-09-25 21:00:00,5.0,Pham Long Vu,Inhouse 2,Le Thi Thuy Van,Inhouse 2,Tran Thu Ha,8750000.0,False,False,,,,,,2026-10-01
2026-10,745007452367112,1,3311199404,Đến hạn,Normal,"1-20, idle<=90",2026-05-12,2026-05-12 16:11:29,14,14,2026-09-26 21:30:00,4.0,Nguyen Thao Anh,Inhouse 1,Nguyen Thao Anh,Inhouse 1,Thao Chi Advisor,10080000.0,False,False,,,,,,2026-10-01
2026-10,744441111519490,1,3311237585,Đến hạn,Normal,"1-20, idle<=90",2026-05-08,2026-05-11 18:08:26,17,17,2026-09-25 19:30:00,5.0,Pham Thi Tam Thuy,Inhouse 1,Le Thi Lan Anh,Inhouse 1,Ruby Advisor,10080000.0,False,False,,,,,,2026-10-01
2026-10,745354612951302,1,3311279407,Đến hạn,Normal,"1-20, idle<=90",2026-05-14,2026-05-14 21:23:42,16,16,2026-09-28 21:00:00,2.0,Vu Thi Tuyet Trinh,Inhouse 1,Vu Thi Tuyet Trinh,Inhouse 1,Thao Chi Advisor,9380000.0,False,False,,,,,,2026-10-01
2026-10,750699262660872,1,3311363080,Đến hạn,Normal,"1-20, idle<=90",2026-05-31,2026-06-14 11:21:37,18,18,2026-09-28 21:00:00,2.0,Dang Kim Thuong,Inhouse 1,Dang Kim Thuong,Inhouse 1,Ruby Advisor,8853000.0,False,False,,,,,,2026-10-01
2026-10,745141265883394,1,3311376451,Đến hạn,Normal,"1-20, idle<=90",2026-05-11,2026-05-13 11:09:48,16,16,2026-09-27 22:00:00,3.0,Pham Thi Thao,Inhouse 1,Pham Thi Thao,Inhouse 1,Diem Quynh Advisor,9600000.0,False,False,,,,,,2026-10-01
2026-10,746566204440838,1,3311378931,Đến hạn,Normal,"1-20, idle<=90",2026-05-20,2026-05-26 14:56:43,14,14,2026-09-28 22:30:00,2.0,Vu Thi Khanh Huyen,Inhouse 2,Kieu Lan Anh,Inhouse 2,Ms Jenny Advisor,9580000.0,False,False,,,,,,2026-10-01
2026-10,763590623949062,2,3311379165,Đến hạn,Normal,"1-20, idle<=90",2026-08-16,2026-08-25 17:00:55,17,17,2026-09-25 18:00:00,5.0,Lai Ngoc Thuy Linh,Ho Chi Minh,Lai Ngoc Thuy Linh,Ho Chi Minh,Dao Thi Hoang Yen,4900000.0,False,False,,,,,,2026-10-01
2026-10,746565548718338,1,3311418013,Đến hạn,Normal,"1-20, idle<=90",2026-05-16,2026-05-25 16:54:56,18,18,2026-09-29 21:00:00,1.0,Mai Thi Lien,Inhouse 2,Mai Thi Lien,Inhouse 2,Ms Jenny Advisor,9200000.0,False,False,,,,,,2026-10-01
2026-10,765889721710856,1,3311450125,Đến hạn,Normal,"1-20, idle<=90",2026-09-04,2026-09-08 11:31:43,19,19,2026-09-29 21:30:00,1.0,Nguyen Thi Hai Yen,Inhouse 2,Nguyen Thi Hai Yen,Inhouse 2,Tran Thu Ha,4436200.0,False,False,,,,,,2026-10-01
2026-10,746061053012232,1,3311490112,Đến hạn,Normal,"1-20, idle<=90",2026-05-16,2026-05-19 08:41:51,20,20,2026-09-29 21:00:00,1.0,Le Thi Thuy Van,Inhouse 2,Le Thi Thuy Van,Inhouse 2,Ms Jenny Advisor,9584200.0,False,False,,,,,,2026-10-01
2026-10,746593008351490,1,3311538332,Đến hạn,Normal,"1-20, idle<=90",2026-05-21,2026-05-21 15:41:55,15,15,2026-09-28 20:30:00,2.0,Kieu Thi Thu Quynh,Inhouse 1,Kieu Thi Thu Quynh,Inhouse 1,Ms Jenny Advisor,9080000.0,False,False,,,,,,2026-10-01
2026-10,746038607821062,1,3311542483,Đến hạn,Normal,"1-20, idle<=90",2026-05-17,2026-05-18 16:24:56,10,10,2026-09-29 20:30:00,1.0,Kieu Lan Anh,Inhouse 2,Kieu Lan Anh,Inhouse 2,Ms Jenny Advisor,9850000.0,False,False,,,,,,2026-10-01
2026-10,746094321459464,1,3311543368,Đến hạn,Normal,"1-20, idle<=90",2026-05-18,2026-05-18 19:38:24,17,17,2026-09-29 22:00:00,1.0,Vu Cam Ly,Inhouse 2,Vu Cam Ly,Inhouse 2,Ms Jenny Advisor,9010000.0,False,False,,,,,,2026-10-01
2026-10,746563402051842,1,3311543560,Đến hạn,Normal,"1-20, idle<=90",2026-05-20,2026-05-21 13:45:04,20,20,2026-09-23 18:30:00,7.0,Nguyen Phuong Thuy,Inhouse 1,Nguyen Phuong Thuy,Inhouse 1,Ellie Advisor,9800000.0,True,True,TMP_3311543560_20260930,2026-09-30 00:00:00,8380000.0,GMV,131.0,2026-10-01
2026-10,747321698988294,1,3311579219,Đến hạn,Normal,"1-20, idle<=90",2026-05-25,2026-05-27 11:49:54,19,19,2026-09-26 18:00:00,4.0,Dao Ngoc Lan Anh,Inhouse 1,Le Thi Tuyet,Inhouse 1,Diem Quynh Advisor,9080000.0,False,False,,,,,,2026-10-01
2026-10,747811564779782,1,3311604603,Đến hạn,Normal,"1-20, idle<=90",2026-05-28,2026-05-28 12:54:38,19,19,2026-09-28 19:00:00,2.0,Vu Cam Ly,Inhouse 2,Vu Cam Ly,Inhouse 2,Ms Jenny Advisor,9250000.0,False,False,,,,,,2026-10-01
2026-10,748694669500680,1,3311648049,Đến hạn,Normal,"1-20, idle<=90",2026-06-02,2026-06-02 22:57:20,15,15,2026-09-28 22:00:00,2.0,Le Hung Cuong,Inhouse 2,Nguyen Thi Hai Yen,Inhouse 2,Ms Jenny Advisor,9010000.0,False,False,,,,,,2026-10-01
2026-10,747696150059266,1,3311676901,Đến hạn,Normal,"1-20, idle<=90",2026-05-26,2026-05-28 18:32:14,15,15,2026-09-27 21:00:00,3.0,Hoang Thi Hong Tham,Offline Team HaNoi,Hoang Thi Hong Tham,Offline Team HaNoi,Tran Thu Ha,9800000.0,False,False,,,,,,2026-10-01
2026-10,746420275472646,1,3311681555,Đến hạn,Normal,"1-20, idle<=90",2026-05-20,2026-05-20 16:21:33,15,15,2026-09-28 21:00:00,2.0,Vu Cam Ly,Inhouse 2,Vu Cam Ly,Inhouse 2,Ms Jenny Advisor,9850000.0,False,False,,,,,,2026-10-01
2026-10,761850640720130,2,3311683861,Đến hạn,Normal,"1-20, idle<=90",2026-08-15,2026-08-15 21:48:29,15,15,2026-09-28 21:00:00,2.0,Nguyen Thuy Trang,Inhouse 1,Nguyen Thuy Trang,Inhouse 1,Ms Jenny Advisor,4350000.0,False,False,,,,,,2026-10-01
2026-10,747263220578562,1,3311687434,Đến hạn,Normal,"1-20, idle<=90",2026-05-23,2026-05-25 13:04:53,16,16,2026-09-28 19:00:00,2.0,Vu Thi Khanh Huyen,Inhouse 2,Nguyen Thi Hai Yen,Inhouse 2,Ms Jenny Advisor,9080000.0,False,False,,,,,,2026-10-01
2026-10,746378297551106,1,3311716270,Đến hạn,Normal,"1-20, idle<=90",2026-05-19,2026-05-20 10:06:29,15,41,2026-09-26 09:30:00,4.0,Le Thi Thuy Van,Inhouse 2,Le Thi Thuy Van,Inhouse 2,Diem Quynh Advisor,9000000.0,True,True,746384456900872,2026-05-20 10:56:44,5520000.0,REM,0.0,2026-10-01
2026-10,746593910931718,1,3311719439,Đến hạn,Normal,"1-20, idle<=90",2026-05-21,2026-05-21 18:00:05,18,18,2026-09-29 19:00:00,1.0,Le Kim Chi,Inhouse 1,Le Kim Chi,Inhouse 1,Thao Chi Advisor,25800000.0,True,True,TMP_3311719439_20260930,2026-09-30 00:00:00,23800000.0,GMV,131.0,2026-10-01
2026-10,748547944020232,1,3311728034,Đến hạn,Normal,"1-20, idle<=90",2026-05-23,2026-06-01 16:20:40,19,19,2026-09-27 21:00:00,3.0,Le Thi Thu Yen,Inhouse 1,Le Thi Thu Yen,Inhouse 1,Ms Jenny Advisor,9010000.0,False,False,,,,,,2026-10-01
2026-10,747666800140552,1,3311771387,Đến hạn,Normal,"1-20, idle<=90",2026-05-27,2026-05-28 10:47:27,14,14,2026-09-27 13:00:00,3.0,Nguyen Kieu Trang,Inhouse 1,Nguyen Kieu Trang,Inhouse 1,Diem Quynh Advisor,9580000.0,False,False,,,,,,2026-10-01
2026-10,746421669361926,1,3311781820,Đến hạn,Normal,"1-20, idle<=90",2026-05-20,2026-05-22 15:45:02,18,18,2026-09-28 21:30:00,2.0,Kieu Thi Thu Quynh,Inhouse 1,Kieu Thi Thu Quynh,Inhouse 1,Diem Quynh Advisor,9580000.0,True,True,TMP_3311781820_20260930,2026-09-30 00:00:00,8580000.0,GMV,130.0,2026-10-01
2026-10,747499917330696,1,3311814970,Đến hạn,Normal,"1-20, idle<=90",2026-05-26,2026-05-26 18:17:36,19,19,2026-09-27 20:00:00,3.0,Le Thi Tuyet,Inhouse 1,Le Thi Tuyet,Inhouse 1,Ruby Advisor,10080000.0,False,False,,,,,,2026-10-01
2026-10,747269873574146,1,3311826914,Đến hạn,Normal,"1-20, idle<=90",2026-05-25,2026-05-26 08:08:07,19,19,2026-09-25 21:30:00,5.0,Nguyen Thuy Trang,Inhouse 1,Nguyen Thuy Trang,Inhouse 1,Diem Quynh Advisor,10000000.0,False,False,,,,,,2026-10-01
2026-10,747276197187846,1,3311857943,Đến hạn,Normal,"1-20, idle<=90",2026-05-20,2026-05-26 14:31:52,20,20,2026-09-28 16:30:00,2.0,Le Kim Chi,Inhouse 1,Le Kim Chi,Inhouse 1,Ruby Advisor,9010000.0,False,False,,,,,,2026-10-01
2026-10,747488116939010,1,3311864598,Đến hạn,Normal,"1-20, idle<=90",2026-05-26,2026-06-01 16:53:58,18,18,2026-09-25 21:30:00,5.0,Le Kim Chi,Inhouse 1,Le Kim Chi,Inhouse 1,Ms Jenny Advisor,25800000.0,False,False,,,,,,2026-10-01
2026-10,746967926771974,1,3311866426,Đến hạn,Normal,"1-20, idle<=90",2026-05-23,2026-05-23 19:07:21,19,19,2026-09-26 20:30:00,4.0,Le Thi Thu Yen,Inhouse 1,Le Thi Thu Yen,Inhouse 1,Diem Quynh Advisor,9160000.0,False,False,,,,,,2026-10-01
2026-10,748150278768904,1,3311876935,Đến hạn,Normal,"1-20, idle<=90",2026-05-29,2026-05-31 08:01:53,19,19,2026-09-29 19:00:00,1.0,Nguyen Thao Anh,Inhouse 1,Nguyen Thao Anh,Inhouse 1,Ellie Advisor,10800000.0,False,False,,,,,,2026-10-01
2026-10,746977776032006,1,3311880675,Đến hạn,Normal,"1-20, idle<=90",2026-05-23,2026-05-23 19:29:37,17,17,2026-09-25 18:00:00,5.0,Nguyen Nhu Ngoc,Inhouse 1,Nguyen Nhu Ngoc,Inhouse 1,Diem Quynh Advisor,9580000.0,False,False,,,,,,2026-10-01
2026-10,747634959083778,1,3311918781,Đến hạn,Normal,"1-20, idle<=90",2026-05-27,2026-06-01 21:25:02,19,19,2026-09-29 20:30:00,1.0,Tran Thi Son,Inhouse 1,Tran Thi Son,Inhouse 1,Diem Quynh Advisor,8800000.0,False,False,,,,,,2026-10-01
2026-10,747628957135106,1,3311986119,Đến hạn,Normal,"1-20, idle<=90",2026-05-27,2026-05-27 22:27:06,17,17,2026-09-29 21:00:00,1.0,Vu Ho Thanh Huong,Inhouse 2,Vu Ho Thanh Huong,Inhouse 2,Ms Jenny Advisor,8880000.0,False,False,,,,,,2026-10-01
2026-10,747680985473288,1,3311993190,Đến hạn,Normal,"1-20, idle<=90",2026-05-27,2026-05-28 15:13:17,19,19,2026-09-28 21:30:00,2.0,Le Thuy Nhung,Inhouse 1,Le Thuy Nhung,Inhouse 1,Diem Quynh Advisor,9580000.0,False,False,,,,,,2026-10-01
2026-10,747845043974406,1,3312003414,Đến hạn,Normal,"1-20, idle<=90",2026-05-27,2026-05-29 10:04:26,18,18,2026-09-28 21:30:00,2.0,Pham Thi Tam Thuy,Inhouse 1,Le Thi Lan Anh,Inhouse 1,Thao Chi Advisor,10080000.0,False,False,,,,,,2026-10-01
2026-10,752433182042376,2,3312035381,Đến hạn,Normal,"1-20, idle<=90",,2026-06-24 23:00:32,8,109,2026-09-29 22:30:00,1.0,Nguyen Nhu Ngoc,Inhouse 1,Nguyen Nhu Ngoc,Inhouse 1,Diem Quynh Advisor,25765600.0,True,True,769386829545736,2026-07-30 00:00:00,45955125.0,GMV+REM,35.0,2026-10-01
2026-10,749054428682504,1,3312036913,Đến hạn,Normal,"1-20, idle<=90",2026-06-04,2026-06-05 11:14:22,15,15,2026-09-28 22:00:00,2.0,Vu Thi Khanh Huyen,Inhouse 2,Nguyen Thi Trang,Inhouse 2,Ms Jenny Advisor,9080000.0,False,False,,,,,,2026-10-01
2026-10,749807290661122,1,3312036974,Đến hạn,Normal,"1-20, idle<=90",2026-05-28,2026-06-08 19:10:27,13,13,2026-09-29 21:30:00,1.0,Bui Lam Linh,Inhouse 1,Nguyen Nhu Ngoc,Inhouse 1,Ms Jenny Advisor,9580000.0,False,False,,,,,,2026-10-01
2026-10,748013853608200,1,3312048610,Đến hạn,Normal,"1-20, idle<=90",2026-05-29,2026-05-29 22:23:34,18,18,2026-09-23 21:30:00,7.0,Ho Thi Thanh,Inhouse 1,Ho Thi Thanh,Inhouse 1,Diem Quynh Advisor,9580000.0,False,False,,,,,,2026-10-01
2026-10,750282814845186,1,3312050601,Đến hạn,Normal,"1-20, idle<=90",2026-05-31,2026-06-12 08:52:50,10,10,2026-09-28 20:30:00,2.0,Nguyen Nhu Ngoc,Inhouse 1,Nguyen Nhu Ngoc,Inhouse 1,Ellie Advisor,8745300.0,False,False,,,,,,2026-10-01
2026-10,759140033030406,2,3312055947,Đến hạn,Normal,"1-20, idle<=90",2026-07-31,2026-07-31 17:57:00,19,19,2026-09-28 21:30:00,2.0,Pham Thi Thao,Inhouse 1,Pham Thi Thao,Inhouse 1,Diem Quynh Advisor,4590000.0,False,False,,,,,,2026-10-01
2026-10,748677133254918,1,3312061319,Đến hạn,Normal,"1-20, idle<=90",2026-06-01,2026-06-02 10:07:50,15,41,2026-09-27 15:00:00,3.0,Vu Cam Ly,Inhouse 2,Vu Cam Ly,Inhouse 2,Ms Jenny Advisor,8480000.0,True,True,748680829026568,2026-06-02 10:28:46,4740000.0,REM,0.0,2026-10-01
2026-10,748912412125442,1,3312083215,Đến hạn,Normal,"1-20, idle<=90",2026-06-03,2026-06-04 10:22:03,16,16,2026-09-27 08:00:00,3.0,Vu Thi Tuyet Trinh,Inhouse 1,Vu Thi Tuyet Trinh,Inhouse 1,Ms Jenny Advisor,9280000.0,True,True,TMP_3312083215_20260929,2026-09-29 00:00:00,8745000.0,GMV,116.0,2026-10-01
2026-10,748507003840776,1,3312127657,Đến hạn,Normal,"1-20, idle<=90",2026-05-30,2026-06-01 12:27:10,20,20,2026-09-28 17:00:00,2.0,Le To Hai My,Inhouse 1,Cao Thi Lua,Inhouse 1,Diem Quynh Advisor,9080000.0,False,False,,,,,,2026-10-01
2026-10,748213511997698,1,3312135925,Đến hạn,Normal,"1-20, idle<=90",2026-05-30,2026-06-02 09:53:38,17,70,2026-09-29 20:30:00,1.0,Le Thi Thuy Trang,Inhouse 1,Le Thi Thuy Trang,Inhouse 1,Diem Quynh Advisor,10080000.0,True,True,767478425198856,2026-09-16 00:00:00,9080000.0,GMV+REM,105.0,2026-10-01
2026-10,764095555741960,2,3312145593,Đến hạn,Normal,"1-20, idle<=90",2026-06-30,2026-08-30 11:59:55,19,19,2026-09-27 11:00:00,3.0,Dao Phuong Thao,Inhouse 1,Ta Thuy Van,Inhouse 1,Dao Thi Hoang Yen,4300000.0,False,False,,,,,,2026-10-01
2026-10,750515857881346,1,3312165480,Đến hạn,Normal,"1-20, idle<=90",2026-06-12,2026-06-13 11:22:50,20,20,2026-09-29 21:30:00,1.0,Le Thi Lan Anh,Inhouse 1,Le Thi Lan Anh,Inhouse 1,Dao Thi Hoang Yen,9080000.0,False,False,,,,,,2026-10-01
2026-10,748510109272328,1,3312172635,Đến hạn,Normal,"1-20, idle<=90",2026-05-31,2026-06-01 12:38:00,18,18,2026-09-29 22:00:00,1.0,Pham Thi Tam Thuy,Inhouse 1,Le Thi Lan Anh,Inhouse 1,Ms Jenny Advisor,9080000.0,False,False,,,,,,2026-10-01
2026-10,748557381826822,1,3312177239,Đến hạn,Normal,"1-20, idle<=90",2026-05-31,2026-06-01 18:47:06,20,20,2026-09-27 20:30:00,3.0,Nguyen Thi Hai Yen,Inhouse 2,Nguyen Thi Hai Yen,Inhouse 2,Tran Thu Ha,8910000.0,False,False,,,,,,2026-10-01
2026-10,748941424132354,1,3312212785,Đến hạn,Normal,"1-20, idle<=90",2026-06-03,2026-06-03 21:55:03,17,17,2026-09-28 20:30:00,2.0,Le Thi Thuy Van,Inhouse 2,Le Thi Thuy Van,Inhouse 2,Ms Jenny Advisor,10080000.0,False,False,,,,,,2026-10-01
2026-10,748515613088002,1,3312225025,Đến hạn,Normal,"1-20, idle<=90",2026-05-31,2026-06-03 10:13:57,19,19,2026-09-25 21:30:00,5.0,Le Thi Lan Anh,Inhouse 1,Le Thi Lan Anh,Inhouse 1,Ms Jenny Advisor,9080000.0,False,False,,,,,,2026-10-01
2026-10,750491195418882,1,3312248303,Đến hạn,Normal,"1-20, idle<=90",2026-06-12,2026-06-15 23:52:53,19,19,2026-09-27 17:30:00,3.0,Nguyen Kieu Trang,Inhouse 1,Nguyen Kieu Trang,Inhouse 1,Diem Quynh Advisor,9410000.0,False,False,,,,,,2026-10-01
2026-10,748724412516614,1,3312248783,Đến hạn,Normal,"1-20, idle<=90",2026-05-31,2026-06-02 17:51:50,15,15,2026-09-29 22:00:00,1.0,Le Thi Thu Yen,Inhouse 1,Le Thi Thu Yen,Inhouse 1,Diem Quynh Advisor,8559100.0,False,False,,,,,,2026-10-01
2026-10,748556436343048,1,3312252666,Đến hạn,Normal,"1-20, idle<=90",2026-05-31,2026-06-01 17:46:55,19,19,2026-09-27 21:00:00,3.0,Nguyen Kieu Trang,Inhouse 1,Nguyen Kieu Trang,Inhouse 1,Ellie Advisor,9080000.0,False,False,,,,,,2026-10-01
2026-10,749053516075266,1,3312267370,Đến hạn,Normal,"1-20, idle<=90",2026-06-04,2026-06-04 18:17:27,16,16,2026-09-29 22:00:00,1.0,Vu Ho Thanh Huong,Inhouse 2,Vu Ho Thanh Huong,Inhouse 2,Ms Jenny Advisor,9180000.0,False,False,,,,,,2026-10-01
2026-10,750306761746690,1,3312286986,Đến hạn,Normal,"1-20, idle<=90",2026-06-11,2026-06-15 21:17:38,12,12,2026-09-28 22:00:00,2.0,Nguyen Thi Trang,Inhouse 2,Nguyen Thi Trang,Inhouse 2,Ms Jenny Advisor,9010000.0,False,False,,,,,,2026-10-01
2026-10,750315274404098,1,3312312352,Đến hạn,Normal,"1-20, idle<=90",2026-06-11,2026-06-13 12:27:14,20,20,2026-09-27 10:00:00,3.0,Nguyen Minh Phat,Ho Chi Minh,Nguyen Minh Phat,Ho Chi Minh,Dao Thi Hoang Yen,9500000.0,False,False,,,,,,2026-10-01
2026-10,752791303844104,1,3312338317,Đến hạn,Normal,"1-20, idle<=90",2026-06-04,2026-06-25 15:53:34,20,20,2026-09-28 18:00:00,2.0,Nguyen Thi Thao Ngoc,Inhouse 1,Nguyen Thi Thao Ngoc,Inhouse 1,Diem Quynh Advisor,10080000.0,False,False,,,,,,2026-10-01
2026-10,749095011549446,1,3312347987,Đến hạn,Normal,"1-20, idle<=90",2026-06-04,2026-06-04 20:56:10,16,16,2026-09-26 11:30:00,4.0,Nguyen Kieu Trang,Inhouse 1,Nguyen Kieu Trang,Inhouse 1,Thao Chi Advisor,9410000.0,False,False,,,,,,2026-10-01
2026-10,749751587492104,1,3312351672,Đến hạn,Normal,"1-20, idle<=90",2026-06-07,2026-06-09 11:39:43,17,17,2026-09-29 21:00:00,1.0,Bui Thi Thai Duong,Inhouse 1,Bui Thi Thai Duong,Inhouse 1,Thao Chi Advisor,9010000.0,False,False,,,,,,2026-10-01
2026-10,750097807876358,1,3312363491,Đến hạn,Normal,"1-20, idle<=90",2026-06-10,2026-06-10 10:44:25,20,20,2026-09-27 17:30:00,3.0,Pham Thi Thao,Inhouse 1,Pham Thi Thao,Inhouse 1,Diem Quynh Advisor,9580000.0,False,False,,,,,,2026-10-01
2026-10,749739621218562,1,3312382934,Đến hạn,Normal,"1-20, idle<=90",2026-06-03,2026-06-08 10:03:35,20,20,2026-09-28 22:00:00,2.0,Le Thi Thu Yen,Inhouse 1,Le Thi Thu Yen,Inhouse 1,Thao Chi Advisor,9580000.0,False,False,,,,,,2026-10-01
2026-10,750309879603458,1,3312389067,Đến hạn,Normal,"1-20, idle<=90",2026-06-10,2026-06-14 17:50:15,19,19,2026-09-29 20:30:00,1.0,Dinh Ngoc Hai,Inhouse 2,Kieu Lan Anh,Inhouse 2,Ms Jenny Advisor,9010000.0,False,False,,,,,,2026-10-01
2026-10,750158578716934,1,3312424325,Đến hạn,Normal,"1-20, idle<=90",2026-06-09,2026-06-13 12:17:11,18,18,2026-09-27 11:00:00,3.0,Nguyen Kieu Trang,Inhouse 1,Nguyen Kieu Trang,Inhouse 1,Ms Jenny Advisor,9340500.0,False,False,,,,,,2026-10-01
2026-10,749272685926658,1,3312445889,Đến hạn,Normal,"1-20, idle<=90",2026-06-05,2026-06-07 11:08:30,16,16,2026-09-29 21:30:00,1.0,Dao Phuong Thao,Inhouse 1,Ta Thuy Van,Inhouse 1,Dao Thi Hoang Yen,10300000.0,False,False,,,,,,2026-10-01
2026-10,749300266481922,1,3312481768,Đến hạn,Normal,"1-20, idle<=90",2026-06-05,2026-06-08 11:44:30,14,14,2026-09-29 21:30:00,1.0,Pham Thi Thao,Inhouse 1,Pham Thi Thao,Inhouse 1,Diem Quynh Advisor,9580000.0,False,False,,,,,,2026-10-01
2026-10,749754842994950,1,3312556142,Đến hạn,Normal,"1-20, idle<=90",2026-06-08,2026-06-08 14:57:21,20,20,2026-09-29 21:30:00,1.0,Nguyen Minh Phat,Ho Chi Minh,Nguyen Minh Phat,Ho Chi Minh,Dao Thi Hoang Yen,9800000.0,False,False,,,,,,2026-10-01
2026-10,750336686334216,1,3312625251,Đến hạn,Normal,"1-20, idle<=90",2026-06-11,2026-06-11 19:00:59,19,19,2026-09-29 20:30:00,1.0,Mai Thi Lien,Inhouse 2,Mai Thi Lien,Inhouse 2,Tran Thu Ha,9850000.0,False,False,,,,,,2026-10-01
2026-10,750326410836230,1,3312625335,Đến hạn,Normal,"1-20, idle<=90",2026-06-11,2026-06-11 18:04:23,20,20,2026-09-28 21:30:00,2.0,Le Thi Thuy Van,Inhouse 2,Le Thi Thuy Van,Inhouse 2,Tran Thu Ha,9280000.0,False,False,,,,,,2026-10-01
2026-10,750643670221064,1,3312701481,Đến hạn,Normal,"1-20, idle<=90",2026-06-09,2026-06-13 12:35:25,18,18,2026-09-27 11:00:00,3.0,Nguyen Kieu Trang,Inhouse 1,Nguyen Kieu Trang,Inhouse 1,Ms Jenny Advisor,9340500.0,False,False,,,,,,2026-10-01
2026-10,750871102701826,1,3312793603,Đến hạn,Normal,"1-20, idle<=90",2026-06-12,2026-06-14 20:47:37,16,16,2026-09-28 20:30:00,2.0,Vu Thi Khanh Huyen,Inhouse 2,Nguyen Thi Trang,Inhouse 2,Ms Jenny Advisor,9340500.0,False,False,,,,,,2026-10-01
2026-10,761622846126338,1,3312850210,Đến hạn,Normal,"1-20, idle<=90",2026-08-14,2026-08-17 10:45:15,13,13,2026-09-26 21:30:00,4.0,Tran Quoc Dung,Other,Tran Quoc Dung,Other,Dao Thi Hoang Yen,4420000.0,False,False,,,,,,2026-10-01
2026-10,751931625761030,1,3312885085,Đến hạn,Normal,"1-20, idle<=90",2026-06-20,2026-06-20 19:22:02,13,13,2026-09-25 21:30:00,5.0,Vu Cam Ly,Inhouse 2,Vu Cam Ly,Inhouse 2,Tran Thu Ha,9050000.0,False,False,,,,,,2026-10-01
2026-10,751530362603784,1,3312998690,Đến hạn,Normal,"1-20, idle<=90",2026-06-18,2026-06-19 10:16:48,11,11,2026-09-29 21:30:00,1.0,Le Thi Thuy Trang,Inhouse 1,Le Thi Thuy Trang,Inhouse 1,Diem Quynh Advisor,10080000.0,True,True,TMP_3312998690_20260930,2026-09-30 00:00:00,9080000.0,GMV,102.0,2026-10-01
2026-10,751930217658626,1,3313057787,Đến hạn,Normal,"1-20, idle<=90",2026-06-20,2026-06-22 23:25:36,8,8,2026-09-29 19:00:00,1.0,Tran Thi Son,Inhouse 1,Tran Thi Son,Inhouse 1,Ms Jenny Advisor,9080000.0,True,True,TMP_3313057787_20260930,2026-09-30 00:00:00,15900000.0,GMV,99.0,2026-10-01
2026-10,751918437224712,1,3313071576,Đến hạn,Normal,"1-20, idle<=90",2026-06-20,2026-06-20 18:59:35,16,16,2026-09-28 21:00:00,2.0,Nguyen Thuy Trang,Inhouse 1,Nguyen Thuy Trang,Inhouse 1,Diem Quynh Advisor,9580000.0,False,False,,,,,,2026-10-01
2026-10,755062142568710,1,3313409143,Đến hạn,Normal,"1-20, idle<=90",2026-07-07,2026-07-10 19:27:46,19,19,2026-09-28 21:00:00,2.0,Dang Kim Thuong,Inhouse 1,Dang Kim Thuong,Inhouse 1,Ms Laura,10080000.0,False,False,,,,,,2026-10-01
2026-10,765361465977096,2,3313409714,Đến hạn,Normal,"1-20, idle<=90",2026-08-31,2026-09-04 17:30:49,18,18,2026-09-29 20:00:00,1.0,Nguyen Thi Hai Yen,Inhouse 2,Nguyen Thi Hai Yen,Inhouse 2,Tran Thu Ha,12375000.0,False,False,,,,,,2026-10-01
2026-10,765361913661702,1,3313413007,Đến hạn,Normal,"1-20, idle<=90",2026-08-31,2026-09-04 17:32:33,16,16,2026-09-29 21:00:00,1.0,Nguyen Thi Hai Yen,Inhouse 2,Nguyen Thi Hai Yen,Inhouse 2,Tran Thu Ha,12875000.0,False,False,,,,,,2026-10-01
2026-10,753824376283394,1,3313487074,Đến hạn,Normal,"1-20, idle<=90",2026-06-30,2026-07-01 12:23:03,16,16,2026-09-28 19:30:00,2.0,Le Kim Chi,Inhouse 1,Le Kim Chi,Inhouse 1,Diem Quynh Advisor,9580000.0,False,False,,,,,,2026-10-01
2026-10,761784556783878,1,3313497432,Đến hạn,Normal,"1-20, idle<=90",2026-07-31,2026-08-17 14:14:42,18,18,2026-09-27 16:00:00,3.0,Le Kim Chi,Inhouse 1,Le Kim Chi,Inhouse 1,Diem Quynh Advisor,4550000.0,False,False,,,,,,2026-10-01
2026-10,753158580257026,1,3313511957,Đến hạn,Normal,"1-20, idle<=90",2026-06-27,2026-06-27 18:02:16,20,20,2026-09-28 21:00:00,2.0,Le Thi Thuy Van,Inhouse 2,Le Thi Thuy Van,Inhouse 2,Ms Jenny Advisor,9850000.0,False,False,,,,,,2026-10-01
2026-10,753159157352712,1,3313533487,Đến hạn,Normal,"1-20, idle<=90",2026-06-27,2026-06-28 11:39:45,12,12,2026-09-28 11:00:00,2.0,Dinh Ngoc Hai,Inhouse 2,Nguyen Thi Trang,Inhouse 2,Tran Thu Ha,9010000.0,False,False,,,,,,2026-10-01
2026-10,755451151372552,1,3313682410,Đến hạn,Normal,"1-20, idle<=90",2026-07-10,2026-07-10 18:30:03,17,17,2026-09-28 22:00:00,2.0,Le Thi Thuy Van,Inhouse 2,Le Thi Thuy Van,Inhouse 2,Tran Thu Ha,9280000.0,False,False,,,,,,2026-10-01
2026-10,763729117405442,2,3313700785,Đến hạn,Normal,"1-20, idle<=90",2026-08-25,2026-08-27 15:14:54,13,13,2026-09-28 20:30:00,2.0,Cao Thi Lua,Inhouse 1,Cao Thi Lua,Inhouse 1,Ms Laura,4380000.0,False,False,,,,,,2026-10-01
2026-10,769778799591686,2,3313707203,Đến hạn,Normal,"1-20, idle<=90",2026-09-29,2026-10-01 10:59:05,4,4,2026-09-26 12:00:00,4.0,Nguyen Phuong Thuy,Inhouse 1,Nguyen Phuong Thuy,Inhouse 1,Ruby Advisor,4450000.0,False,False,,,,,,2026-10-01
2026-10,755117277370630,1,3313881595,Đến hạn,Normal,"1-20, idle<=90",2026-07-08,2026-07-08 20:02:32,9,9,2026-09-29 18:00:00,1.0,Nguyen Nhu Ngoc,Inhouse 1,Nguyen Nhu Ngoc,Inhouse 1,Ruby Advisor,9010000.0,False,False,,,,,,2026-10-01
2026-10,754398244432134,1,3314037503,Đến hạn,Normal,"1-20, idle<=90",2026-07-04,2026-07-04 17:52:57,16,16,2026-09-29 21:00:00,1.0,Nguyen Thi Thu Huyen,Inhouse 2,Kieu Lan Anh,Inhouse 2,Ms Jenny Advisor,9010000.0,False,False,,,,,,2026-10-01
2026-10,755285976516872,1,3314250909,Đến hạn,Normal,"1-20, idle<=90",2026-07-09,2026-07-10 16:03:21,13,39,2026-09-27 19:00:00,3.0,Hoang Thi Hong Tham,Offline Team HaNoi,Hoang Thi Hong Tham,Offline Team HaNoi,Tran Thu Ha,9300000.0,True,True,767674345615622,2026-09-20 17:52:15,4600000.0,REM,72.0,2026-10-01
2026-10,757367295164674,1,3314374006,Đến hạn,Normal,"1-20, idle<=90",2026-07-21,2026-07-21 23:08:49,16,16,2026-09-29 21:30:00,1.0,Vu Ho Thanh Huong,Inhouse 2,Vu Ho Thanh Huong,Inhouse 2,Ms Jenny Advisor,9080000.0,False,False,,,,,,2026-10-01
2026-10,757037488873730,1,3314405707,Đến hạn,Normal,"1-20, idle<=90",2026-07-19,2026-07-20 12:50:34,17,17,2026-09-27 15:30:00,3.0,Nguyen Thi Hang Nga,Inhouse 1,Nguyen Thi Hang Nga,Inhouse 1,Diem Quynh Advisor,9580000.0,False,False,,,,,,2026-10-01
2026-10,756353765818632,1,3314441781,Đến hạn,Normal,"1-20, idle<=90",2026-07-15,2026-07-16 22:52:37,16,16,2026-09-15 16:30:00,15.0,Nguyen Minh Phat,Ho Chi Minh,Nguyen Minh Phat,Ho Chi Minh,Dao Thi Hoang Yen,9800000.0,False,False,,,,,,2026-10-01
2026-10,756644858474758,1,3314473574,Đến hạn,Normal,"1-20, idle<=90",2026-07-15,2026-07-17 10:38:03,15,15,2026-09-15 16:30:00,15.0,Nguyen Minh Phat,Ho Chi Minh,Nguyen Minh Phat,Ho Chi Minh,Dao Thi Hoang Yen,9800000.0,False,False,,,,,,2026-10-01
2026-10,764430610745602,1,3314721343,Đến hạn,Normal,"1-20, idle<=90",2026-08-30,2026-08-31 12:54:33,18,18,2026-09-26 18:30:00,4.0,Dao My Nhat Huyen,Inhouse 1,Dao My Nhat Huyen,Inhouse 1,Dao Thi Hoang Yen,4680000.0,False,False,,,,,,2026-10-01
2026-10,757241781846274,1,3314890542,Đến hạn,Normal,"1-20, idle<=90",2026-07-20,2026-07-20 19:37:06,16,16,2026-09-29 21:30:00,1.0,Luu Thi Hoang Ngan,Inhouse 1,Luu Thi Hoang Ngan,Inhouse 1,Ms Jenny Advisor,9580000.0,False,False,,,,,,2026-10-01
2026-10,762664611475714,1,3315152683,Đến hạn,Normal,"1-20, idle<=90",2026-07-23,2026-08-20 11:12:34,17,17,2026-09-27 12:30:00,3.0,Kieu Thi Thu Quynh,Inhouse 1,Kieu Thi Thu Quynh,Inhouse 1,Dao Thi Hoang Yen,4680000.0,False,False,,,,,,2026-10-01
2026-10,758826729314566,1,3315259750,Đến hạn,Normal,"1-20, idle<=90",2026-07-27,2026-07-29 18:31:02,12,12,2026-09-25 21:00:00,5.0,Ho Thi Thanh,Inhouse 1,Ho Thi Thanh,Inhouse 1,Ho Thi Thanh,4680000.0,False,False,,,,,,2026-10-01
2026-10,760427535497480,1,3315498648,Đến hạn,Normal,"1-20, idle<=90",2026-08-07,2026-08-08 13:52:10,19,19,2026-09-26 11:00:00,4.0,Dinh Ngoc Hai,Inhouse 2,Mai Thi Lien,Inhouse 2,Tran Thu Ha,5830000.0,False,False,,,,,,2026-10-01
2026-10,759655138101512,1,3315514207,Đến hạn,Normal,"1-20, idle<=90",2026-08-02,2026-08-03 16:27:45,17,123,2026-09-29 21:00:00,1.0,Vu Thu Thuy,Other,Vu Thu Thuy,Other,Thao Chi Advisor,9410000.0,True,True,769255614327048,2026-09-26 00:00:00,16820000.0,GMV+REM,53.0,2026-10-01
2026-10,762499880530184,1,3315660774,Đến hạn,Normal,"1-20, idle<=90",2026-08-19,2026-08-20 10:50:27,17,17,2026-09-28 22:00:00,2.0,Le Thi Thuy Trang,Inhouse 1,Le Thi Thuy Trang,Inhouse 1,Ms Jenny Advisor,4740000.0,False,False,,,,,,2026-10-01
2026-10,761630518079746,1,3315685932,Đến hạn,Normal,"1-20, idle<=90",2026-08-13,2026-08-15 17:41:42,16,16,2026-09-27 23:00:00,3.0,Tran Thi Son,Inhouse 1,Tran Thi Son,Inhouse 1,Ruby Advisor,5040000.0,False,False,,,,,,2026-10-01
2026-10,762382643890434,1,3315755088,Đến hạn,Normal,"1-20, idle<=90",2026-08-18,2026-08-19 20:05:24,13,13,2026-09-25 21:00:00,5.0,Mai Thi Lien,Inhouse 2,Mai Thi Lien,Inhouse 2,Ms Jenny Advisor,4550000.0,False,False,,,,,,2026-10-01
2026-10,763430812129538,1,3315869710,Đến hạn,Normal,"1-20, idle<=90",2026-08-24,2026-08-25 16:27:48,17,17,2026-09-29 18:30:00,1.0,Nguyen Cam Tu,Inhouse 1,Nguyen Cam Tu,Inhouse 1,Dao Thi Hoang Yen,4550000.0,False,False,,,,,,2026-10-01
2026-10,760903384600838,1,3315875905,Đến hạn,Normal,"1-20, idle<=90",2026-08-10,2026-08-10 13:15:02,13,13,2026-09-29 15:00:00,1.0,Le Thi Tuyet,Inhouse 1,Le Thi Tuyet,Inhouse 1,Diem Quynh Advisor,4860000.0,False,False,,,,,,2026-10-01
2026-10,762694115039494,1,3316059537,Đến hạn,Normal,"1-20, idle<=90",2026-08-20,2026-08-21 21:50:00,14,14,2026-09-28 21:00:00,2.0,Nguyen Thi Thuy Hang,Other,Nguyen Thi Thuy Hang,Other,Ms Jenny Advisor,4740000.0,False,False,,,,,,2026-10-01
2026-10,764291416924422,1,3316107141,Đến hạn,Normal,"1-20, idle<=90",2026-08-28,2026-08-29 15:46:40,19,19,2026-09-26 16:00:00,4.0,Le Thi Thu Yen,Inhouse 1,Le Thi Thu Yen,Inhouse 1,Ms Laura,4550000.0,False,False,,,,,,2026-10-01
2026-10,761463732066566,1,3316117867,Đến hạn,Normal,"1-20, idle<=90",2026-08-13,2026-08-14 19:48:51,19,19,2026-09-29 21:00:00,1.0,Lai Ngoc Thuy Linh,Ho Chi Minh,Lai Ngoc Thuy Linh,Ho Chi Minh,Dao Thi Hoang Yen,4740000.0,False,False,,,,,,2026-10-01
2026-10,761827224637698,1,3316128742,Đến hạn,Normal,"1-20, idle<=90",2026-08-15,2026-08-15 20:43:16,13,13,2026-09-28 21:00:00,2.0,Nguyen Thi Ninh,Other,Nguyen Thi Ninh,Other,Dao Thi Hoang Yen,4550000.0,False,False,,,,,,2026-10-01
2026-10,761687039811848,1,3316144671,Đến hạn,Normal,"1-20, idle<=90",2026-08-14,2026-08-15 08:40:57,18,18,2026-09-29 19:00:00,1.0,Dao My Nhat Huyen,Inhouse 1,Dao My Nhat Huyen,Inhouse 1,Dao Thi Hoang Yen,6900000.0,False,False,,,,,,2026-10-01
2026-10,762499540404486,1,3316224380,Đến hạn,Normal,"1-20, idle<=90",2026-08-19,2026-08-19 12:41:04,16,16,2026-09-29 20:30:00,1.0,Nguyen Kieu Trang,Inhouse 1,Nguyen Kieu Trang,Inhouse 1,Thao Chi Advisor,4740000.0,False,False,,,,,,2026-10-01
2026-10,761774750601474,1,3316315579,Đến hạn,Normal,"1-20, idle<=90",2026-08-15,2026-08-15 17:02:56,12,12,2026-09-29 21:30:00,1.0,Lai Ngoc Thuy Linh,Ho Chi Minh,Lai Ngoc Thuy Linh,Ho Chi Minh,Lai Ngoc Thuy Linh,4550000.0,False,False,,,,,,2026-10-01
2026-10,761853518153990,1,3316355858,Đến hạn,Normal,"1-20, idle<=90",2026-08-15,2026-08-16 12:24:13,13,13,2026-09-24 20:00:00,6.0,Mai Thi Lien,Inhouse 2,Mai Thi Lien,Inhouse 2,Tran Thu Ha,4725000.0,False,False,,,,,,2026-10-01
2026-10,763098818773254,1,3316414695,Đến hạn,Normal,"1-20, idle<=90",2026-08-22,2026-08-26 14:56:45,15,15,2026-09-25 20:30:00,5.0,Nguyen Thi Trang,Inhouse 2,Nguyen Thi Trang,Inhouse 2,Nguyen Thi Trang,12875000.0,False,False,,,,,,2026-10-01
2026-10,766026036226312,1,3316545200,Đến hạn,Normal,"1-20, idle<=90",2026-08-28,2026-09-08 17:08:59,20,20,2026-09-29 20:30:00,1.0,Tran Quoc Dung,Other,Tran Quoc Dung,Other,Dao Thi Hoang Yen,4550000.0,False,False,,,,,,2026-10-01
2026-10,766556476088582,1,3316583304,Đến hạn,Normal,"1-20, idle<=90",2026-09-10,2026-09-12 19:33:33,20,20,2026-09-27 20:00:00,3.0,Nguyen Kieu Trang,Inhouse 1,Nguyen Kieu Trang,Inhouse 1,Ms Jenny Advisor,4550000.0,False,False,,,,,,2026-10-01
2026-10,763549790957826,1,3316701347,Đến hạn,Normal,"1-20, idle<=90",2026-08-24,2026-08-25 20:47:50,16,16,2026-09-28 21:00:00,2.0,Le Thi Thu Yen,Inhouse 1,Le Thi Thu Yen,Inhouse 1,Thao Chi Advisor,13875000.0,False,False,,,,,,2026-10-01
2026-10,764443259789574,1,3316714743,Đến hạn,Normal,"1-20, idle<=90",2026-08-29,2026-09-05 22:18:48,20,20,2026-09-27 10:30:00,3.0,Vu Thuy Huong,Offline Team HaNoi,Vu Thuy Huong,Offline Team HaNoi,Tran Thu Ha,4550000.0,False,False,,,,,,2026-10-01
2026-10,763783346915592,1,3316782512,Đến hạn,Normal,"1-20, idle<=90",2026-08-26,2026-08-27 11:46:39,15,15,2026-09-29 21:00:00,1.0,Vu Thu Thuy,Other,Vu Thu Thuy,Other,Ms Laura,4900000.0,False,False,,,,,,2026-10-01
2026-10,765185474736386,1,3316800767,Đến hạn,Normal,"1-20, idle<=90",2026-08-30,2026-09-05 10:13:42,19,19,2026-09-29 21:00:00,1.0,Nguyen Thuy Trang,Inhouse 1,Nguyen Thuy Trang,Inhouse 1,Dao Thi Hoang Yen,4940000.0,False,False,,,,,,2026-10-01
2026-10,764639761096966,1,3316846575,Đến hạn,Normal,"1-20, idle<=90",2026-08-31,2026-08-31 18:50:06,19,19,2026-09-29 09:00:00,1.0,Nguyen Thi Ninh,Other,Nguyen Thi Ninh,Other,Dao Thi Hoang Yen,4550000.0,False,False,,,,,,2026-10-01
2026-10,766437427972358,1,3317010268,Đến hạn,Normal,"1-20, idle<=90",2026-09-10,2026-09-10 19:32:47,20,20,2026-09-29 21:00:00,1.0,Le Thi Lan Anh,Inhouse 1,Le Thi Lan Anh,Inhouse 1,Thao Chi Advisor,4740000.0,False,False,,,,,,2026-10-01
2026-10,764640201871624,1,3317020524,Đến hạn,Normal,"1-20, idle<=90",2026-08-30,2026-08-31 15:00:54,17,17,2026-09-28 20:00:00,2.0,Bui Thi Thai Duong,Inhouse 1,Bui Thi Thai Duong,Inhouse 1,Bui Thi Thai Duong,5000000.0,False,False,,,,,,2026-10-01
2026-10,764309302247688,1,3317112365,Đến hạn,Normal,"1-20, idle<=90",,2026-08-30 08:40:30,15,15,2026-09-28 21:00:00,2.0,Le Thi Thu Yen,Inhouse 1,Le Thi Thu Yen,Inhouse 1,Ms Laura,4790500.0,False,False,,,,,,2026-10-01
2026-10,765890854017288,1,3317134360,Đến hạn,Normal,"1-20, idle<=90",2026-09-05,2026-09-07 20:06:34,19,19,2026-09-28 19:00:00,2.0,Nguyen Thuy Trang,Inhouse 1,Nguyen Thuy Trang,Inhouse 1,Ms Jenny Advisor,4740000.0,False,False,,,,,,2026-10-01
2026-10,765190511128840,1,3317141334,Đến hạn,Normal,"1-20, idle<=90",2026-09-02,2026-09-03 17:53:05,20,20,2026-09-29 20:00:00,1.0,Nguyen Thi Trang,Inhouse 2,Nguyen Thi Trang,Inhouse 2,Tran Thu Ha,4680000.0,False,False,,,,,,2026-10-01
2026-10,764638538850568,1,3317161654,Đến hạn,Normal,"1-20, idle<=90",2026-08-30,2026-08-31 15:00:40,19,19,2026-09-26 19:00:00,4.0,Dao My Nhat Huyen,Inhouse 1,Dao My Nhat Huyen,Inhouse 1,Dao Thi Hoang Yen,4680000.0,False,False,,,,,,2026-10-01
2026-10,766206255022342,1,3317175238,Đến hạn,Normal,"1-20, idle<=90",2026-09-08,2026-09-09 14:53:18,20,20,2026-09-28 21:00:00,2.0,Tran Thi Son,Inhouse 1,Tran Thi Son,Inhouse 1,Ms Jenny Advisor,4740000.0,False,False,,,,,,2026-10-01
2026-10,764671287187718,1,3317237791,Đến hạn,Normal,"1-20, idle<=90",2026-08-31,2026-09-06 20:15:16,19,19,2026-09-28 21:30:00,2.0,Tran Quoc Dung,Other,Tran Quoc Dung,Other,Dao Thi Hoang Yen,4550000.0,False,False,,,,,,2026-10-01
2026-10,765498315782402,1,3317249302,Đến hạn,Normal,"1-20, idle<=90",2026-08-31,2026-09-05 16:14:16,20,20,2026-09-27 11:00:00,3.0,Nguyen Thuy Trang,Inhouse 1,Nguyen Thuy Trang,Inhouse 1,Dao Thi Hoang Yen,4740000.0,False,False,,,,,,2026-10-01
2026-10,766419225102594,1,3317279690,Đến hạn,Normal,"1-20, idle<=90",2026-09-10,2026-09-10 18:13:28,19,19,2026-09-28 20:30:00,2.0,Vu Thu Thuy,Other,Vu Thu Thuy,Other,Ellie Advisor,5240000.0,False,False,,,,,,2026-10-01
2026-10,765881325209858,1,3317287426,Đến hạn,Normal,"1-20, idle<=90",2026-09-04,2026-09-07 22:18:58,19,19,2026-09-26 10:00:00,4.0,Nguyen Thi Thuy Hang,Other,Nguyen Thi Thuy Hang,Other,Diem Quynh Advisor,5040000.0,False,False,,,,,,2026-10-01
2026-10,766411965602054,1,3317370189,Đến hạn,Normal,"1-20, idle<=90",2026-09-10,2026-09-10 15:46:02,20,20,2026-09-29 22:00:00,1.0,Cao Thi Lua,Inhouse 1,Cao Thi Lua,Inhouse 1,Cao Thi Lua,4940000.0,False,False,,,,,,2026-10-01
2026-10,766608869273864,1,3317596574,Đến hạn,Normal,"1-20, idle<=90",2026-09-10,2026-09-11 20:47:16,20,20,2026-09-27 11:00:00,3.0,Nguyen Thi Hai Yen,Inhouse 2,Nguyen Thi Hai Yen,Inhouse 2,Tran Thu Ha,4816500.0,False,False,,,,,,2026-10-01
2026-10,766762927507714,1,3317643837,Đến hạn,Normal,"1-20, idle<=90",2026-09-12,2026-09-12 14:59:35,20,20,2026-09-28 21:00:00,2.0,Tran Thi Son,Inhouse 1,Tran Thi Son,Inhouse 1,Thao Chi Advisor,4550000.0,False,False,,,,,,2026-10-01
2026-10,767299028996354,1,3317899529,Đến hạn,Normal,"1-20, idle<=90",2026-09-13,2026-09-16 19:29:42,20,20,2026-09-28 21:00:00,2.0,Nguyen Thi Thao Ngoc,Inhouse 1,Nguyen Thi Thao Ngoc,Inhouse 1,Ms Jenny Advisor,5109000.0,False,False,,,,,,2026-10-01
