order_id,uid,remaining,last_study,idle,is_frozen,tag,reason,month
699675308882178,3084270326,8,2026-09-26 15:30:00,4.0,0,Normal,"1-20, idle<=90",2026-10
761458271594760,3133891180,13,2026-09-24 18:30:00,6.0,0,Normal,"1-20, idle<=90",2026-10
689266527942916,3138020834,1,2026-09-27 22:00:00,3.0,0,Normal,"1-20, idle<=90",2026-10
743743791710466,3152750042,18,2026-09-28 21:30:00,2.0,0,Normal,"1-20, idle<=90",2026-10
748163925858566,3164060855,15,2026-09-27 20:30:00,3.0,0,Normal,"1-20, idle<=90",2026-10
749223078224136,3173464244,19,2026-09-28 19:30:00,2.0,0,Normal,"1-20, idle<=90",2026-10
732112235501830,3175497748,6,2026-09-28 18:30:00,2.0,0,Normal,"1-20, idle<=90",2026-10
748752880128258,3175938767,17,2026-09-27 19:00:00,3.0,0,Normal,"1-20, idle<=90",2026-10
732102824431880,3175970640,3,2026-09-29 19:30:00,1.0,0,Normal,"1-20, idle<=90",2026-10
752572942303490,3176063446,5,2026-09-29 17:30:00,1.0,0,Normal,"1-20, idle<=90",2026-10
735928660242696,3176315119,3,2026-09-28 21:30:00,2.0,0,Normal,"1-20, idle<=90",2026-10
757236281348360,3177825374,4,2026-09-29 21:00:00,1.0,0,Normal,"1-20, idle<=90",2026-10
753477359307016,3178494774,6,2026-09-28 22:00:00,2.0,0,Normal,"1-20, idle<=90",2026-10
746230643273992,3179205818,3,2026-07-17 16:30:00,75.0,1,Frozen,"1-20, idle<=90",2026-10
726041681471746,3180100497,10,2026-09-29 20:30:00,1.0,0,Normal,"1-20, idle<=90",2026-10
677079043600642,3180229292,10,2026-09-26 15:30:00,4.0,0,Normal,"1-20, idle<=90",2026-10
741839126262024,3180904266,3,2026-09-26 21:00:00,4.0,0,Normal,"1-20, idle<=90",2026-10
744135602116870,3181182439,10,2026-09-26 18:00:00,4.0,0,Normal,"1-20, idle<=90",2026-10
727665891657990,3181658325,19,2026-09-29 22:00:00,1.0,0,Normal,"1-20, idle<=90",2026-10
733832495550722,3183576079,8,2026-09-28 20:00:00,2.0,0,Normal,"1-20, idle<=90",2026-10
734541744724232,3189926256,1,2026-09-12 15:30:00,18.0,0,Normal,"1-20, idle<=90",2026-10
695296557283584,3191187208,4,2026-09-27 21:00:00,3.0,0,Normal,"1-20, idle<=90",2026-10
747321357685000,3195414967,19,2026-09-29 21:30:00,1.0,0,Normal,"1-20, idle<=90",2026-10
741990326878470,3202584608,10,2026-09-29 21:30:00,1.0,0,Normal,"1-20, idle<=90",2026-10
763933249327362,3202602751,19,2026-09-29 21:30:00,1.0,0,Normal,"1-20, idle<=90",2026-10
726206522226946,3202780421,3,2026-09-25 22:00:00,5.0,0,Normal,"1-20, idle<=90",2026-10
741425342040322,3209352775,19,2026-09-29 21:30:00,1.0,0,Normal,"1-20, idle<=90",2026-10
760942193928456,3214076575,11,2026-09-27 16:30:00,3.0,0,Normal,"1-20, idle<=90",2026-10
737019462138118,3216428633,14,2026-09-29 21:00:00,1.0,0,Normal,"1-20, idle<=90",2026-10
698973773469952,3216662973,14,2026-09-28 21:30:00,2.0,0,Normal,"1-20, idle<=90",2026-10
722494300205312,3226498883,14,2026-09-22 18:00:00,8.0,0,Normal,"1-20, idle<=90",2026-10
740716626950402,3227204012,7,2026-09-26 21:30:00,4.0,0,Normal,"1-20, idle<=90",2026-10
746823691202818,3228008712,19,2026-09-25 22:00:00,5.0,0,Normal,"1-20, idle<=90",2026-10
735103811944712,3228863501,8,2026-09-19 19:30:00,11.0,1,Frozen,"1-20, idle<=90",2026-10
675261360677120,3229702302,11,2026-09-23 20:00:00,7.0,0,Normal,"1-20, idle<=90",2026-10
735583395629320,3229785299,3,2026-09-29 22:00:00,1.0,0,Normal,"1-20, idle<=90",2026-10
684524975024384,3231465643,8,2026-09-27 18:00:00,3.0,0,Normal,"1-20, idle<=90",2026-10
705160669184256,3232299228,10,2026-09-29 19:30:00,1.0,0,Normal,"1-20, idle<=90",2026-10
737933082628358,3233863862,14,2026-09-27 10:30:00,3.0,0,Normal,"1-20, idle<=90",2026-10
745314643628294,3234750244,18,2026-09-29 21:30:00,1.0,0,Normal,"1-20, idle<=90",2026-10
743777638983942,3238814707,17,2026-09-27 16:00:00,3.0,0,Normal,"1-20, idle<=90",2026-10
758786506162434,3239022434,10,2026-09-29 21:30:00,1.0,0,Normal,"1-20, idle<=90",2026-10
758072761383170,3239214760,10,2026-09-29 21:00:00,1.0,0,Normal,"1-20, idle<=90",2026-10
758650997649672,3239363837,3,2026-09-28 21:30:00,2.0,0,Normal,"1-20, idle<=90",2026-10
636329686120716,3240060437,6,2026-09-25 19:00:00,5.0,0,Normal,"1-20, idle<=90",2026-10
739124055302408,3240239870,5,2026-09-27 22:00:00,3.0,0,Normal,"1-20, idle<=90",2026-10
736714065402114,3242631013,13,2026-09-25 20:30:00,5.0,0,Normal,"1-20, idle<=90",2026-10
723081999780100,3247206116,14,2026-09-29 00:00:00,2.0,0,Normal,"1-20, idle<=90",2026-10
695771630358786,3247473910,10,2026-09-28 18:30:00,2.0,0,Normal,"1-20, idle<=90",2026-10
748184167170310,3248211491,14,2026-09-29 22:30:00,1.0,0,Normal,"1-20, idle<=90",2026-10
693482890461442,3249529715,14,2026-09-26 11:00:00,4.0,0,Normal,"1-20, idle<=90",2026-10
726789765228802,3250166219,2,2026-09-29 17:00:00,1.0,0,Normal,"1-20, idle<=90",2026-10
737442552287490,3251018864,20,2026-09-28 20:00:00,2.0,0,Normal,"1-20, idle<=90",2026-10
747283007273222,3251507630,2,2026-09-29 20:00:00,1.0,0,Normal,"1-20, idle<=90",2026-10
736124095920390,3252208107,1,2026-09-17 22:00:00,13.0,0,Normal,"1-20, idle<=90",2026-10
744830243731714,3252554438,17,2026-09-25 21:00:00,5.0,0,Normal,"1-20, idle<=90",2026-10
693658134888706,3253683996,9,2026-09-14 19:00:00,16.0,1,Frozen,"1-20, idle<=90",2026-10
739181293213954,3254475298,7,2026-09-25 20:30:00,5.0,0,Normal,"1-20, idle<=90",2026-10
738072680997126,3254488265,16,2026-09-27 20:00:00,3.0,0,Normal,"1-20, idle<=90",2026-10
741988972908802,3256436392,18,2026-09-27 18:30:00,3.0,0,Normal,"1-20, idle<=90",2026-10
754026358311176,3256747161,12,2026-09-25 12:00:00,5.0,0,Normal,"1-20, idle<=90",2026-10
706920512715012,3256759468,19,2026-09-28 17:00:00,2.0,0,Normal,"1-20, idle<=90",2026-10
684320338872580,3256836073,10,2026-09-27 09:00:00,3.0,0,Normal,"1-20, idle<=90",2026-10
572977495161104,3257275919,10,2026-09-28 18:30:00,2.0,1,Frozen,"1-20, idle<=90",2026-10
746440199676166,3257331991,19,2026-09-28 18:00:00,2.0,0,Normal,"1-20, idle<=90",2026-10
749256073023746,3257839335,16,2026-09-29 22:00:00,1.0,0,Normal,"1-20, idle<=90",2026-10
733701731100936,3257919778,9,2026-09-28 17:00:00,2.0,0,Normal,"1-20, idle<=90",2026-10
688556314534146,3257954163,4,2026-09-29 17:30:00,1.0,0,Normal,"1-20, idle<=90",2026-10
744113164585218,3258161418,19,2026-09-29 22:00:00,1.0,0,Normal,"1-20, idle<=90",2026-10
748006340403464,3258980367,4,2026-09-28 19:00:00,2.0,0,Normal,"1-20, idle<=90",2026-10
699677332091136,3259022296,12,2026-09-24 20:00:00,6.0,0,Normal,"1-20, idle<=90",2026-10
684314283479298,3260545746,15,2026-08-17 10:00:00,44.0,1,Frozen,"1-20, idle<=90",2026-10
657422036252928,3261925876,19,2026-09-29 18:00:00,1.0,0,Normal,"1-20, idle<=90",2026-10
741781074399490,3262245978,18,2026-09-26 21:30:00,4.0,0,Normal,"1-20, idle<=90",2026-10
640208438591756,3263539374,6,2026-09-27 22:30:00,3.0,0,Normal,"1-20, idle<=90",2026-10
762184804948230,3263629262,10,2026-09-29 15:30:00,1.0,0,Normal,"1-20, idle<=90",2026-10
743733444045064,3263676696,16,2026-09-27 11:30:00,3.0,0,Normal,"1-20, idle<=90",2026-10
739534304157958,3263759991,11,2026-09-29 22:30:00,1.0,0,Normal,"1-20, idle<=90",2026-10
744821174898952,3264886860,16,2026-09-23 21:00:00,7.0,0,Normal,"1-20, idle<=90",2026-10
695457643245824,3265070913,3,2026-09-26 16:30:00,4.0,0,Normal,"1-20, idle<=90",2026-10
700210980505856,3265195485,11,2026-09-25 20:30:00,5.0,0,Normal,"1-20, idle<=90",2026-10
723218288734468,3265622236,4,2026-09-29 19:00:00,1.0,0,Normal,"1-20, idle<=90",2026-10
722533068077316,3267561555,5,2026-09-25 11:30:00,5.0,0,Normal,"1-20, idle<=90",2026-10
735069448528134,3267603714,9,2026-09-19 21:30:00,11.0,0,Normal,"1-20, idle<=90",2026-10
737395047975170,3267658432,17,2026-09-20 14:00:00,10.0,1,Frozen,"1-20, idle<=90",2026-10
742594804640008,3268127630,9,2026-09-25 19:00:00,5.0,0,Normal,"1-20, idle<=90",2026-10
751915746205960,3268662926,12,2026-09-29 21:30:00,1.0,0,Normal,"1-20, idle<=90",2026-10
741425633120520,3268680077,13,2026-09-27 21:30:00,3.0,0,Normal,"1-20, idle<=90",2026-10
734439991943430,3268762902,14,2026-09-26 10:00:00,4.0,0,Normal,"1-20, idle<=90",2026-10
743789929998598,3269639535,15,2026-09-29 20:30:00,1.0,0,Normal,"1-20, idle<=90",2026-10
721307309125892,3269712460,18,2026-09-27 19:30:00,3.0,0,Normal,"1-20, idle<=90",2026-10
710108066167042,3269983387,11,2026-09-29 22:00:00,1.0,0,Normal,"1-20, idle<=90",2026-10
743604449132802,3270124578,15,2026-09-24 17:30:00,6.0,0,Normal,"1-20, idle<=90",2026-10
765681897011464,3270238462,20,2026-09-26 12:00:00,4.0,0,Normal,"1-20, idle<=90",2026-10
738774320802050,3270775598,12,2026-09-28 22:00:00,2.0,0,Normal,"1-20, idle<=90",2026-10
703384860961028,3270878040,14,2026-09-29 21:30:00,1.0,0,Normal,"1-20, idle<=90",2026-10
694775507673344,3270947720,11,2026-09-29 11:00:00,1.0,0,Normal,"1-20, idle<=90",2026-10
732642080678146,3270948207,16,2026-09-25 15:00:00,5.0,0,Normal,"1-20, idle<=90",2026-10
748006662115592,3271017363,14,2026-09-04 20:00:00,26.0,0,Normal,"1-20, idle<=90",2026-10
752797719714054,3271214747,4,2026-09-29 21:00:00,1.0,0,Normal,"1-20, idle<=90",2026-10
732758130170118,3271917756,10,2026-09-27 18:00:00,3.0,0,Normal,"1-20, idle<=90",2026-10
746909582549256,3272037530,15,2026-09-29 22:00:00,1.0,0,Normal,"1-20, idle<=90",2026-10
746271737065736,3272076643,16,2026-09-29 17:00:00,1.0,0,Normal,"1-20, idle<=90",2026-10
694730168252674,3272410374,5,2026-09-29 19:30:00,1.0,0,Normal,"1-20, idle<=90",2026-10
738078679085314,3272432880,3,2026-09-29 18:30:00,1.0,0,Normal,"1-20, idle<=90",2026-10
704630320077056,3272486650,1,2026-07-12 08:00:00,80.0,0,Normal,"1-20, idle<=90",2026-10
685508741918976,3272634244,10,2026-09-20 13:30:00,10.0,0,Normal,"1-20, idle<=90",2026-10
703950749937922,3272839322,11,2026-09-25 14:00:00,5.0,0,Normal,"1-20, idle<=90",2026-10
705369991026946,3272920307,13,2026-09-27 17:30:00,3.0,0,Normal,"1-20, idle<=90",2026-10
733373944422662,3272994467,12,2026-09-27 22:00:00,3.0,0,Normal,"1-20, idle<=90",2026-10
755086814611718,3273112762,17,2026-09-23 21:30:00,7.0,0,Normal,"1-20, idle<=90",2026-10
733142879197446,3273114829,4,2026-09-26 22:30:00,4.0,0,Normal,"1-20, idle<=90",2026-10
617636364593408,3273186169,20,2026-09-27 11:00:00,3.0,0,Normal,"1-20, idle<=90",2026-10
702692368826626,3273229097,10,2026-09-29 21:30:00,1.0,0,Normal,"1-20, idle<=90",2026-10
752759223087368,3273430880,8,2026-09-29 21:00:00,1.0,0,Normal,"1-20, idle<=90",2026-10
755112759484674,3273664626,3,2026-09-26 21:00:00,4.0,0,Normal,"1-20, idle<=90",2026-10
733317557084418,3273702580,2,2026-09-26 22:30:00,4.0,0,Normal,"1-20, idle<=90",2026-10
723748590121218,3273908564,11,2026-09-28 18:30:00,2.0,0,Normal,"1-20, idle<=90",2026-10
743615018963206,3273973295,10,2026-09-27 21:00:00,3.0,0,Normal,"1-20, idle<=90",2026-10
650870645258496,3274137472,6,2026-08-23 18:00:00,38.0,1,Frozen,"1-20, idle<=90",2026-10
724317418338564,3274280333,10,2026-09-28 18:30:00,2.0,0,Normal,"1-20, idle<=90",2026-10
623123331184912,3274369504,12,2026-09-27 19:00:00,3.0,0,Normal,"1-20, idle<=90",2026-10
695459494750464,3274369812,1,2026-09-28 14:00:00,2.0,0,Normal,"1-20, idle<=90",2026-10
742494581872902,3274728347,9,2026-09-24 16:00:00,6.0,0,Normal,"1-20, idle<=90",2026-10
747624376287496,3275178757,17,2026-09-29 20:00:00,1.0,0,Normal,"1-20, idle<=90",2026-10
684144982194434,3276042623,5,2026-09-24 12:30:00,6.0,0,Normal,"1-20, idle<=90",2026-10
699321754972418,3276059922,9,2026-09-28 22:00:00,2.0,0,Normal,"1-20, idle<=90",2026-10
706653076863236,3276060073,14,2026-09-29 22:00:00,1.0,0,Normal,"1-20, idle<=90",2026-10
694775377099010,3276194295,9,2026-09-29 10:30:00,1.0,0,Normal,"1-20, idle<=90",2026-10
738651569821958,3276230906,18,2026-09-25 21:00:00,5.0,0,Normal,"1-20, idle<=90",2026-10
737075325169922,3276338718,17,2026-09-27 10:00:00,3.0,0,Normal,"1-20, idle<=90",2026-10
651546732007682,3276370094,10,2026-09-26 17:00:00,4.0,0,Normal,"1-20, idle<=90",2026-10
737075721179400,3276395684,12,2026-09-27 14:30:00,3.0,0,Normal,"1-20, idle<=90",2026-10
737011977699592,3276459634,1,2026-09-29 21:30:00,1.0,0,Normal,"1-20, idle<=90",2026-10
737360699572488,3276636572,8,2026-09-27 14:30:00,3.0,0,Normal,"1-20, idle<=90",2026-10
737360803596550,3276718498,12,2026-09-27 15:00:00,3.0,0,Normal,"1-20, idle<=90",2026-10
700548615815428,3276875190,13,2026-09-27 11:30:00,3.0,0,Normal,"1-20, idle<=90",2026-10
714192839618816,3276875743,5,2026-09-28 21:00:00,2.0,0,Normal,"1-20, idle<=90",2026-10
689289724967168,3276876026,10,2026-09-27 16:30:00,3.0,0,Normal,"1-20, idle<=90",2026-10
714192994046212,3276881143,5,2026-09-28 21:00:00,2.0,0,Normal,"1-20, idle<=90",2026-10
728394026586374,3277044579,18,2026-09-28 22:30:00,2.0,0,Normal,"1-20, idle<=90",2026-10
762197590997250,3277161197,13,2026-09-29 22:00:00,1.0,0,Normal,"1-20, idle<=90",2026-10
657384232816896,3277328561,11,2026-09-27 09:30:00,3.0,0,Normal,"1-20, idle<=90",2026-10
637389273411852,3277547888,1,2026-09-20 22:30:00,10.0,0,Normal,"1-20, idle<=90",2026-10
635121226856704,3277815871,16,2026-09-26 11:00:00,4.0,0,Normal,"1-20, idle<=90",2026-10
736166886093062,3278070709,3,2026-09-26 23:00:00,4.0,0,Normal,"1-20, idle<=90",2026-10
740237330936070,3278086711,6,2026-09-26 20:30:00,4.0,0,Normal,"1-20, idle<=90",2026-10
764646655127816,3278119462,17,2026-09-27 21:30:00,3.0,0,Normal,"1-20, idle<=90",2026-10
670651292193026,3278122719,11,2026-09-25 17:30:00,5.0,0,Normal,"1-20, idle<=90",2026-10
739869708849416,3278133760,18,2026-09-29 20:30:00,1.0,0,Normal,"1-20, idle<=90",2026-10
698972095742208,3278167077,17,2026-09-29 21:00:00,1.0,0,Normal,"1-20, idle<=90",2026-10
698254591039748,3278170295,2,2026-09-28 18:00:00,2.0,0,Normal,"1-20, idle<=90",2026-10
749744965626118,3278605963,15,2026-09-26 20:30:00,4.0,0,Normal,"1-20, idle<=90",2026-10
707117555681538,3278782122,20,2026-09-28 21:00:00,2.0,0,Normal,"1-20, idle<=90",2026-10
732154860488962,3278897748,16,2026-09-29 18:30:00,1.0,0,Normal,"1-20, idle<=90",2026-10
757964554961160,3279026157,10,2026-09-25 19:00:00,5.0,0,Normal,"1-20, idle<=90",2026-10
747342351307014,3279157577,16,2026-09-29 16:30:00,1.0,0,Normal,"1-20, idle<=90",2026-10
726438437460232,3279198909,10,2026-09-27 19:30:00,3.0,0,Normal,"1-20, idle<=90",2026-10
707095989113088,3279267887,16,2026-09-29 21:00:00,1.0,0,Normal,"1-20, idle<=90",2026-10
740185236093192,3279472922,7,2026-09-27 22:00:00,3.0,0,Normal,"1-20, idle<=90",2026-10
697901752396032,3279591653,3,2026-09-29 22:00:00,1.0,0,Normal,"1-20, idle<=90",2026-10
731519584016648,3279594594,2,2026-09-19 08:30:00,11.0,0,Normal,"1-20, idle<=90",2026-10
703438240721152,3279743658,2,2026-09-27 22:00:00,3.0,0,Normal,"1-20, idle<=90",2026-10
742838531545352,3279974455,2,2026-09-27 16:00:00,3.0,0,Normal,"1-20, idle<=90",2026-10
705689111144708,3279988197,1,2026-09-19 12:30:00,11.0,0,Normal,"1-20, idle<=90",2026-10
708156465416452,3279997496,11,2026-09-29 18:00:00,1.0,0,Normal,"1-20, idle<=90",2026-10
732440378538248,3280016136,1,2026-09-29 22:00:00,1.0,0,Normal,"1-20, idle<=90",2026-10
724442848960772,3280178184,15,2026-09-28 21:30:00,2.0,0,Normal,"1-20, idle<=90",2026-10
698087964338432,3280327216,2,2026-09-25 20:00:00,5.0,0,Normal,"1-20, idle<=90",2026-10
706439624777984,3280456784,13,2026-09-27 21:30:00,3.0,0,Normal,"1-20, idle<=90",2026-10
668000435671296,3280477569,16,2026-09-27 15:30:00,3.0,0,Normal,"1-20, idle<=90",2026-10
643577438472460,3280503235,10,2026-09-27 17:00:00,3.0,0,Normal,"1-20, idle<=90",2026-10
726976496212230,3280556541,1,2026-07-11 21:30:00,81.0,0,Normal,"1-20, idle<=90",2026-10
739841028729094,3280596642,4,2026-09-28 17:00:00,2.0,0,Normal,"1-20, idle<=90",2026-10
739517378183432,3280598445,9,2026-09-27 15:30:00,3.0,0,Normal,"1-20, idle<=90",2026-10
739841217792258,3280598760,9,2026-09-28 17:30:00,2.0,0,Normal,"1-20, idle<=90",2026-10
753650471244034,3280656292,16,2026-09-26 16:30:00,4.0,0,Normal,"1-20, idle<=90",2026-10
699219880454404,3280793068,18,2026-09-25 20:00:00,5.0,0,Normal,"1-20, idle<=90",2026-10
726434222729474,3280894798,6,2026-09-27 14:00:00,3.0,0,Normal,"1-20, idle<=90",2026-10
740447677565190,3280934301,9,2026-09-20 16:30:00,10.0,0,Normal,"1-20, idle<=90",2026-10
710162224849156,3280951458,11,2026-09-27 15:30:00,3.0,0,Normal,"1-20, idle<=90",2026-10
674766180206848,3280955690,3,2026-09-27 17:00:00,3.0,0,Normal,"1-20, idle<=90",2026-10
727974088345858,3281125282,3,2026-09-27 17:30:00,3.0,0,Normal,"1-20, idle<=90",2026-10
685926701003012,3281202313,13,2026-09-29 22:00:00,1.0,0,Normal,"1-20, idle<=90",2026-10
739127342184710,3281246669,17,2026-09-29 23:00:00,1.0,0,Normal,"1-20, idle<=90",2026-10
747987283253510,3281536501,17,2026-09-26 22:30:00,4.0,0,Normal,"1-20, idle<=90",2026-10
726563036014850,3281568508,13,2026-09-28 22:00:00,2.0,0,Normal,"1-20, idle<=90",2026-10
718454931564804,3281659773,15,2026-09-27 21:30:00,3.0,0,Normal,"1-20, idle<=90",2026-10
715059624405252,3281745781,16,2026-09-28 18:30:00,2.0,0,Normal,"1-20, idle<=90",2026-10
709348766402820,3281816586,8,2026-09-28 21:30:00,2.0,0,Normal,"1-20, idle<=90",2026-10
713727266351360,3281849147,1,2026-09-28 21:00:00,2.0,0,Normal,"1-20, idle<=90",2026-10
737354001049858,3281974199,8,2026-09-29 17:30:00,1.0,0,Normal,"1-20, idle<=90",2026-10
687877560516866,3282186668,12,2026-09-26 14:30:00,4.0,0,Normal,"1-20, idle<=90",2026-10
737065134377224,3282295154,9,2026-09-26 19:00:00,4.0,0,Normal,"1-20, idle<=90",2026-10
651616042217744,3282366903,7,2026-09-27 15:00:00,3.0,0,Normal,"1-20, idle<=90",2026-10
749927662352648,3282397122,16,2026-09-24 19:30:00,6.0,0,Normal,"1-20, idle<=90",2026-10
752639866065158,3282521736,2,2026-09-25 22:00:00,5.0,0,Normal,"1-20, idle<=90",2026-10
700773263405316,3282896292,16,2026-09-27 18:30:00,3.0,0,Normal,"1-20, idle<=90",2026-10
756356282315010,3282937437,4,2026-09-25 17:00:00,5.0,0,Normal,"1-20, idle<=90",2026-10
731911787637000,3282981743,6,2026-09-27 11:30:00,3.0,0,Normal,"1-20, idle<=90",2026-10
724618790101248,3283052914,4,2026-09-28 21:30:00,2.0,0,Normal,"1-20, idle<=90",2026-10
736310356863240,3283061302,7,2026-09-28 20:30:00,2.0,0,Normal,"1-20, idle<=90",2026-10
758459257411848,3283234650,8,2026-09-25 21:30:00,5.0,0,Normal,"1-20, idle<=90",2026-10
720900530422016,3283276408,12,2026-09-29 19:30:00,1.0,0,Normal,"1-20, idle<=90",2026-10
716530402887940,3283312274,5,2026-08-27 21:30:00,34.0,0,Normal,"1-20, idle<=90",2026-10
720055549118720,3283376533,3,2026-09-29 23:30:00,1.0,0,Normal,"1-20, idle<=90",2026-10
685531341826304,3283447351,1,2026-09-27 19:00:00,3.0,0,Normal,"1-20, idle<=90",2026-10
673163422908672,3283492041,1,2026-09-28 19:30:00,2.0,0,Normal,"1-20, idle<=90",2026-10
703469221417216,3283496092,2,2026-09-29 15:30:00,1.0,0,Normal,"1-20, idle<=90",2026-10
731925754638600,3283503609,4,2026-09-29 21:30:00,1.0,0,Normal,"1-20, idle<=90",2026-10
678122862012674,3283586822,16,2026-09-27 22:30:00,3.0,0,Normal,"1-20, idle<=90",2026-10
732806362321154,3283758348,5,2026-09-27 12:00:00,3.0,0,Normal,"1-20, idle<=90",2026-10
663094926465284,3283788304,10,2026-09-29 20:30:00,1.0,0,Normal,"1-20, idle<=90",2026-10
685512409739520,3283796154,15,2026-09-29 20:30:00,1.0,0,Normal,"1-20, idle<=90",2026-10
732442118775048,3284143911,7,2026-09-29 22:00:00,1.0,0,Normal,"1-20, idle<=90",2026-10
736645583388934,3284365074,4,2026-09-26 14:00:00,4.0,0,Normal,"1-20, idle<=90",2026-10
692969772630276,3284633338,1,2026-09-29 20:30:00,1.0,0,Normal,"1-20, idle<=90",2026-10
742716454785282,3284637148,2,2026-09-28 21:00:00,2.0,0,Normal,"1-20, idle<=90",2026-10
685737316501764,3284689332,19,2026-09-27 15:00:00,3.0,0,Normal,"1-20, idle<=90",2026-10
718868075501826,3284815579,17,2026-09-29 23:00:00,1.0,0,Normal,"1-20, idle<=90",2026-10
758428021340424,3284867404,3,2026-09-29 21:30:00,1.0,0,Normal,"1-20, idle<=90",2026-10
738630593913090,3284922181,14,2026-09-27 15:00:00,3.0,0,Normal,"1-20, idle<=90",2026-10
677382313908482,3284945061,6,2026-09-23 09:00:00,7.0,0,Normal,"1-20, idle<=90",2026-10
694243837135108,3284946182,1,2026-09-28 17:30:00,2.0,0,Normal,"1-20, idle<=90",2026-10
738679951988994,3285045631,5,2026-09-28 21:00:00,2.0,0,Normal,"1-20, idle<=90",2026-10
689120843448578,3285281832,6,2026-09-26 16:30:00,4.0,0,Normal,"1-20, idle<=90",2026-10
693031697758464,3285574380,20,2026-09-28 17:00:00,2.0,0,Normal,"1-20, idle<=90",2026-10
764116208568584,3285588811,16,2026-09-27 21:00:00,3.0,0,Normal,"1-20, idle<=90",2026-10
696530444491012,3285612750,9,2026-09-24 21:30:00,6.0,0,Normal,"1-20, idle<=90",2026-10
753140575707400,3285699445,11,2026-09-08 16:30:00,22.0,1,Frozen,"1-20, idle<=90",2026-10
752970641576194,3285699608,10,2026-09-15 16:30:00,15.0,1,Frozen,"1-20, idle<=90",2026-10
735928751237382,3285721633,2,2026-09-28 21:00:00,2.0,0,Normal,"1-20, idle<=90",2026-10
698107909710080,3285784868,9,2026-09-26 15:00:00,4.0,0,Normal,"1-20, idle<=90",2026-10
691584380109058,3285930817,6,2026-09-27 17:00:00,3.0,0,Normal,"1-20, idle<=90",2026-10
740600515619078,3285934528,8,2026-09-26 18:00:00,4.0,0,Normal,"1-20, idle<=90",2026-10
720724026806528,3285935956,19,2026-07-10 21:00:00,82.0,1,Frozen,"1-20, idle<=90",2026-10
739525756725510,3285950745,9,2026-09-29 19:00:00,1.0,0,Normal,"1-20, idle<=90",2026-10
742879911948546,3286010725,12,2026-09-29 21:00:00,1.0,0,Normal,"1-20, idle<=90",2026-10
740422026588418,3286074041,13,2026-09-27 21:00:00,3.0,0,Normal,"1-20, idle<=90",2026-10
755449415528706,3286147483,9,2026-09-26 20:30:00,4.0,0,Normal,"1-20, idle<=90",2026-10
737933206384904,3286267813,5,2026-09-25 21:00:00,5.0,0,Normal,"1-20, idle<=90",2026-10
694040775371008,3286364790,15,2026-09-28 15:30:00,2.0,0,Normal,"1-20, idle<=90",2026-10
734209085288706,3286367689,12,2026-09-29 22:30:00,1.0,0,Normal,"1-20, idle<=90",2026-10
698513254770944,3286426764,13,2026-09-27 15:30:00,3.0,0,Normal,"1-20, idle<=90",2026-10
745381712421126,3286531042,10,2026-09-29 20:00:00,1.0,0,Normal,"1-20, idle<=90",2026-10
753850015060232,3286533749,5,2026-09-28 21:00:00,2.0,0,Normal,"1-20, idle<=90",2026-10
748333163704578,3286646047,3,2026-09-25 21:30:00,5.0,0,Normal,"1-20, idle<=90",2026-10
742907526830344,3286748552,11,2026-09-27 16:00:00,3.0,0,Normal,"1-20, idle<=90",2026-10
743764409270536,3286845175,14,2026-09-29 17:30:00,1.0,0,Normal,"1-20, idle<=90",2026-10
728009560922376,3286857818,15,2026-09-29 20:00:00,1.0,0,Normal,"1-20, idle<=90",2026-10
747459445283080,3286859857,2,2026-09-27 21:30:00,3.0,0,Normal,"1-20, idle<=90",2026-10
693708503404804,3286898775,3,2026-09-26 11:30:00,4.0,0,Normal,"1-20, idle<=90",2026-10
734927481506056,3286912076,5,2026-09-29 17:30:00,1.0,0,Normal,"1-20, idle<=90",2026-10
736893001775366,3286954932,6,2026-09-29 19:30:00,1.0,0,Normal,"1-20, idle<=90",2026-10
736893103173890,3287022014,9,2026-09-29 19:00:00,1.0,0,Normal,"1-20, idle<=90",2026-10
697241778690304,3287024361,14,2026-07-13 16:30:00,79.0,1,Frozen,"1-20, idle<=90",2026-10
751872451707144,3287031149,12,2026-09-27 12:30:00,3.0,0,Normal,"1-20, idle<=90",2026-10
754906827997442,3287032666,18,2026-07-30 15:00:00,62.0,1,Frozen,"1-20, idle<=90",2026-10
759834263486726,3287165773,14,2026-09-26 11:30:00,4.0,0,Normal,"1-20, idle<=90",2026-10
693158756468996,3287210576,12,2026-09-07 21:30:00,23.0,1,Frozen,"1-20, idle<=90",2026-10
668746038098178,3287330351,13,2026-07-12 10:30:00,80.0,1,Frozen,"1-20, idle<=90",2026-10
740064266660102,3287330481,8,2026-09-29 21:00:00,1.0,0,Normal,"1-20, idle<=90",2026-10
704277459065088,3287333901,9,2026-09-27 19:00:00,3.0,0,Normal,"1-20, idle<=90",2026-10
732622648375554,3287525553,3,2026-09-29 21:00:00,1.0,0,Normal,"1-20, idle<=90",2026-10
726635655874818,3287640883,13,2026-09-23 20:00:00,7.0,0,Normal,"1-20, idle<=90",2026-10
738858071271682,3287650784,10,2026-09-29 19:00:00,1.0,0,Normal,"1-20, idle<=90",2026-10
735823452272898,3287778180,10,2026-09-27 21:30:00,3.0,0,Normal,"1-20, idle<=90",2026-10
743777205182728,3287789579,18,2026-09-28 00:00:00,3.0,0,Normal,"1-20, idle<=90",2026-10
711935305089284,3287843031,17,2026-09-21 15:00:00,9.0,0,Normal,"1-20, idle<=90",2026-10
700560244320516,3287859742,19,2026-09-26 09:00:00,4.0,0,Normal,"1-20, idle<=90",2026-10
727131521446150,3287994880,3,2026-09-26 12:30:00,4.0,0,Normal,"1-20, idle<=90",2026-10
756874846918914,3288092255,5,2026-09-29 20:00:00,1.0,0,Normal,"1-20, idle<=90",2026-10
740414577852678,3288170248,20,2026-09-29 18:30:00,1.0,0,Normal,"1-20, idle<=90",2026-10
697021979384068,3288170575,12,2026-09-27 16:30:00,3.0,0,Normal,"1-20, idle<=90",2026-10
722547223060738,3288171461,18,2026-09-27 10:00:00,3.0,0,Normal,"1-20, idle<=90",2026-10
735119197368582,3288244288,6,2026-09-27 14:00:00,3.0,0,Normal,"1-20, idle<=90",2026-10
737418675900680,3288313117,10,2026-09-29 18:30:00,1.0,0,Normal,"1-20, idle<=90",2026-10
702358129555716,3288369944,9,2026-09-27 20:00:00,3.0,0,Normal,"1-20, idle<=90",2026-10
700259661345024,3288430601,9,2026-09-29 18:00:00,1.0,0,Normal,"1-20, idle<=90",2026-10
696477363097858,3288443268,7,2026-09-26 20:00:00,4.0,0,Normal,"1-20, idle<=90",2026-10
681658919151872,3288458073,10,2026-09-29 22:00:00,1.0,0,Normal,"1-20, idle<=90",2026-10
755437762795778,3288458773,6,2026-09-26 19:00:00,4.0,0,Normal,"1-20, idle<=90",2026-10
721657621369088,3288479291,12,2026-09-20 09:30:00,10.0,0,Normal,"1-20, idle<=90",2026-10
747270019447042,3288489392,20,2026-09-29 21:00:00,1.0,0,Normal,"1-20, idle<=90",2026-10
738611342067974,3288535160,14,2026-09-22 22:00:00,8.0,0,Normal,"1-20, idle<=90",2026-10
744272766480646,3288541817,17,2026-09-29 21:30:00,1.0,0,Normal,"1-20, idle<=90",2026-10
750362092640520,3288564954,15,2026-09-28 19:00:00,2.0,0,Normal,"1-20, idle<=90",2026-10
735072170168578,3288710432,14,2026-09-27 17:30:00,3.0,0,Normal,"1-20, idle<=90",2026-10
673314895223040,3288760104,9,2026-09-29 19:30:00,1.0,0,Normal,"1-20, idle<=90",2026-10
744631525560578,3288816373,20,2026-09-28 20:00:00,2.0,0,Normal,"1-20, idle<=90",2026-10
736150502263046,3288854035,5,2026-09-28 21:30:00,2.0,0,Normal,"1-20, idle<=90",2026-10
712983061942528,3288855755,4,2026-09-29 09:30:00,1.0,0,Normal,"1-20, idle<=90",2026-10
740788242379010,3288867538,10,2026-09-26 17:30:00,4.0,0,Normal,"1-20, idle<=90",2026-10
716346937549058,3288924780,10,2026-09-27 19:30:00,3.0,0,Normal,"1-20, idle<=90",2026-10
733641633339656,3288973910,11,2026-09-23 22:00:00,7.0,0,Normal,"1-20, idle<=90",2026-10
704845032790276,3289462026,9,2026-09-28 22:00:00,2.0,0,Normal,"1-20, idle<=90",2026-10
740717380462850,3289462320,12,2026-09-27 21:00:00,3.0,0,Normal,"1-20, idle<=90",2026-10
699506575579392,3289579896,8,2026-09-24 17:00:00,6.0,0,Normal,"1-20, idle<=90",2026-10
697187077136642,3289589434,2,2026-09-12 18:00:00,18.0,0,Normal,"1-20, idle<=90",2026-10
740203463383298,3289630205,12,2026-09-28 21:30:00,2.0,0,Normal,"1-20, idle<=90",2026-10
731195316939014,3289639502,4,2026-09-28 20:00:00,2.0,0,Normal,"1-20, idle<=90",2026-10
698087639277828,3289707040,11,2026-09-25 16:00:00,5.0,0,Normal,"1-20, idle<=90",2026-10
722847549184258,3289874772,15,2026-09-29 17:30:00,1.0,0,Normal,"1-20, idle<=90",2026-10
723250453285122,3289966460,3,2026-09-29 18:00:00,1.0,0,Normal,"1-20, idle<=90",2026-10
738107177115910,3289995019,18,2026-09-23 22:30:00,7.0,0,Normal,"1-20, idle<=90",2026-10
745205393715462,3289997951,15,2026-09-28 22:00:00,2.0,0,Normal,"1-20, idle<=90",2026-10
739137869549832,3290078732,10,2026-09-25 17:00:00,5.0,0,Normal,"1-20, idle<=90",2026-10
693127476388098,3290191799,7,2026-09-28 21:00:00,2.0,0,Normal,"1-20, idle<=90",2026-10
741600618227970,3290265121,13,2026-09-28 19:00:00,2.0,0,Normal,"1-20, idle<=90",2026-10
735103071222018,3290273933,6,2026-09-29 21:30:00,1.0,0,Normal,"1-20, idle<=90",2026-10
740043406016770,3290361926,15,2026-09-27 13:00:00,3.0,0,Normal,"1-20, idle<=90",2026-10
732969386189062,3290365045,9,2026-09-29 21:00:00,1.0,0,Normal,"1-20, idle<=90",2026-10
732620060909830,3290579093,13,2026-09-11 21:30:00,19.0,0,Normal,"1-20, idle<=90",2026-10
733643311681798,3290614805,2,2026-09-26 17:00:00,4.0,0,Normal,"1-20, idle<=90",2026-10
705150788333826,3290666252,13,2026-09-27 17:30:00,3.0,0,Normal,"1-20, idle<=90",2026-10
740807871826184,3290676045,14,2026-09-28 21:00:00,2.0,0,Normal,"1-20, idle<=90",2026-10
704810430191872,3290859125,14,2026-09-28 17:00:00,2.0,0,Normal,"1-20, idle<=90",2026-10
742879270674690,3290872985,4,2026-09-27 22:00:00,3.0,0,Normal,"1-20, idle<=90",2026-10
732066351315206,3291166477,2,2026-09-26 08:00:00,4.0,0,Normal,"1-20, idle<=90",2026-10
738952854593794,3291353420,6,2026-09-25 21:00:00,5.0,0,Normal,"1-20, idle<=90",2026-10
729085502304518,3291427567,3,2026-09-28 21:00:00,2.0,0,Normal,"1-20, idle<=90",2026-10
706964070500608,3291435122,20,2026-09-28 22:30:00,2.0,0,Normal,"1-20, idle<=90",2026-10
740242373816582,3291453710,20,2026-09-27 16:00:00,3.0,0,Normal,"1-20, idle<=90",2026-10
747810789226754,3291469505,20,2026-09-25 21:00:00,5.0,0,Normal,"1-20, idle<=90",2026-10
734004651858182,3291564974,3,2026-09-27 12:00:00,3.0,0,Normal,"1-20, idle<=90",2026-10
735803358540038,3291610861,1,2026-09-29 22:00:00,1.0,0,Normal,"1-20, idle<=90",2026-10
750895251513602,3291666675,14,2026-09-26 21:30:00,4.0,0,Normal,"1-20, idle<=90",2026-10
683596725238020,3291870214,11,2026-09-26 10:30:00,4.0,0,Normal,"1-20, idle<=90",2026-10
759916439986440,3291975801,14,2026-09-29 21:00:00,1.0,0,Normal,"1-20, idle<=90",2026-10
747988701178120,3292064271,3,2026-09-28 21:00:00,2.0,0,Normal,"1-20, idle<=90",2026-10
739012013740296,3292081285,4,2026-09-26 00:00:00,5.0,0,Normal,"1-20, idle<=90",2026-10
694009549185284,3292090456,17,2026-09-29 22:00:00,1.0,0,Normal,"1-20, idle<=90",2026-10
711048090462466,3292164779,13,2026-09-29 17:00:00,1.0,0,Normal,"1-20, idle<=90",2026-10
731575490121992,3292165349,6,2026-09-28 19:00:00,2.0,0,Normal,"1-20, idle<=90",2026-10
753699649112328,3292166877,9,2026-09-27 15:30:00,3.0,0,Normal,"1-20, idle<=90",2026-10
717047055530242,3292189434,5,2026-09-28 22:30:00,2.0,0,Normal,"1-20, idle<=90",2026-10
733150396102920,3292319069,2,2026-09-29 21:30:00,1.0,0,Normal,"1-20, idle<=90",2026-10
753373098250498,3292337782,18,2026-09-29 21:30:00,1.0,0,Normal,"1-20, idle<=90",2026-10
755069164169480,3292370137,4,2026-09-28 21:30:00,2.0,0,Normal,"1-20, idle<=90",2026-10
752814445553926,3292395902,15,2026-09-29 19:00:00,1.0,0,Normal,"1-20, idle<=90",2026-10
706391996680450,3292466920,10,2026-09-27 14:00:00,3.0,0,Normal,"1-20, idle<=90",2026-10
700614080483586,3292501925,1,2026-09-28 03:00:00,2.0,0,Normal,"1-20, idle<=90",2026-10
695623321430274,3292533121,4,2026-09-29 19:30:00,1.0,0,Normal,"1-20, idle<=90",2026-10
699854503151872,3292597447,7,2026-09-25 19:00:00,5.0,0,Normal,"1-20, idle<=90",2026-10
711696597891328,3292607451,16,2026-09-29 12:30:00,1.0,0,Normal,"1-20, idle<=90",2026-10
728167415679240,3292609451,2,2026-09-27 19:00:00,3.0,0,Normal,"1-20, idle<=90",2026-10
740363477881090,3292674871,19,2026-09-08 20:30:00,22.0,0,Normal,"1-20, idle<=90",2026-10
739160542472450,3292683851,15,2026-09-26 16:30:00,4.0,0,Normal,"1-20, idle<=90",2026-10
759191365736712,3292693325,16,2026-09-25 21:00:00,5.0,0,Normal,"1-20, idle<=90",2026-10
714000366907648,3292744416,20,2026-09-29 21:00:00,1.0,0,Normal,"1-20, idle<=90",2026-10
756876967033090,3292822531,4,2026-09-29 18:00:00,1.0,0,Normal,"1-20, idle<=90",2026-10
734541573787912,3292856617,5,2026-09-29 21:30:00,1.0,0,Normal,"1-20, idle<=90",2026-10
746089869631752,3292864990,14,2026-09-28 18:00:00,2.0,0,Normal,"1-20, idle<=90",2026-10
751016108890376,3292924462,19,2026-09-27 21:30:00,3.0,0,Normal,"1-20, idle<=90",2026-10
702030477201668,3292954346,11,2026-09-28 18:30:00,2.0,0,Normal,"1-20, idle<=90",2026-10
753825101273352,3292959540,16,2026-09-28 22:00:00,2.0,0,Normal,"1-20, idle<=90",2026-10
684987331514624,3292967228,5,2026-09-24 21:30:00,6.0,0,Normal,"1-20, idle<=90",2026-10
685200860829956,3292975981,6,2026-09-26 16:30:00,4.0,0,Normal,"1-20, idle<=90",2026-10
732092089243906,3293035067,14,2026-09-27 11:00:00,3.0,0,Normal,"1-20, idle<=90",2026-10
741085618460936,3293133666,7,2026-09-27 21:30:00,3.0,0,Normal,"1-20, idle<=90",2026-10
697376392323330,3293186058,3,2026-09-06 11:00:00,24.0,0,Normal,"1-20, idle<=90",2026-10
745364668426498,3293195543,19,2026-09-26 10:30:00,4.0,0,Normal,"1-20, idle<=90",2026-10
720724101753088,3293264993,1,2026-09-26 20:00:00,4.0,0,Normal,"1-20, idle<=90",2026-10
747847573948674,3293365116,1,2026-09-26 20:00:00,4.0,0,Normal,"1-20, idle<=90",2026-10
717906150398210,3293384390,16,2026-09-26 22:30:00,4.0,0,Normal,"1-20, idle<=90",2026-10
761441452855558,3293421555,10,2026-09-27 22:30:00,3.0,0,Normal,"1-20, idle<=90",2026-10
758668331006214,3293436464,11,2026-09-29 21:00:00,1.0,0,Normal,"1-20, idle<=90",2026-10
739311798186246,3293504089,12,2026-09-29 20:30:00,1.0,0,Normal,"1-20, idle<=90",2026-10
686960273826052,3293523885,4,2026-07-24 18:00:00,68.0,1,Frozen,"1-20, idle<=90",2026-10
699333881657600,3293571281,18,2026-07-29 20:30:00,63.0,1,Frozen,"1-20, idle<=90",2026-10
756004160452872,3293631914,3,2026-09-24 22:00:00,6.0,0,Normal,"1-20, idle<=90",2026-10
692801777645824,3293651939,7,2026-09-28 22:00:00,2.0,0,Normal,"1-20, idle<=90",2026-10
710106998116612,3293712846,20,2026-09-28 22:00:00,2.0,0,Normal,"1-20, idle<=90",2026-10
738098683175174,3293715316,8,2026-09-28 21:00:00,2.0,0,Normal,"1-20, idle<=90",2026-10
713554161062144,3293721000,17,2026-09-27 23:00:00,3.0,0,Normal,"1-20, idle<=90",2026-10
698251853588738,3293824014,9,2026-09-27 15:30:00,3.0,0,Normal,"1-20, idle<=90",2026-10
737012326828290,3293840590,5,2026-09-29 21:30:00,1.0,0,Normal,"1-20, idle<=90",2026-10
716517584767234,3293855463,4,2026-09-03 17:00:00,27.0,1,Frozen,"1-20, idle<=90",2026-10
712973168460032,3293931597,7,2026-09-20 15:00:00,10.0,0,Normal,"1-20, idle<=90",2026-10
742659391625478,3293978586,10,2026-09-29 18:30:00,1.0,0,Normal,"1-20, idle<=90",2026-10
715062622744834,3294002664,6,2026-09-27 16:30:00,3.0,0,Normal,"1-20, idle<=90",2026-10
746029781324040,3294033751,16,2026-09-28 17:30:00,2.0,0,Normal,"1-20, idle<=90",2026-10
727091654891778,3294035978,6,2026-09-27 21:00:00,3.0,0,Normal,"1-20, idle<=90",2026-10
688908535527682,3294053308,4,2026-09-28 21:00:00,2.0,0,Normal,"1-20, idle<=90",2026-10
696706672638212,3294058913,1,2026-09-29 20:00:00,1.0,0,Normal,"1-20, idle<=90",2026-10
739173680689416,3294186664,4,2026-09-29 21:30:00,1.0,0,Normal,"1-20, idle<=90",2026-10
756464104706310,3294273658,7,2026-09-29 17:30:00,1.0,0,Normal,"1-20, idle<=90",2026-10
706653482105092,3294305811,19,2026-09-29 22:30:00,1.0,0,Normal,"1-20, idle<=90",2026-10
741990069868808,3294319695,10,2026-09-29 20:00:00,1.0,0,Normal,"1-20, idle<=90",2026-10
738100846086402,3294337507,11,2026-09-28 21:00:00,2.0,0,Normal,"1-20, idle<=90",2026-10
761300471161096,3294385308,13,2026-09-28 19:00:00,2.0,0,Normal,"1-20, idle<=90",2026-10
734940481886466,3294478047,20,2026-09-27 22:00:00,3.0,0,Normal,"1-20, idle<=90",2026-10
739126690898178,3294495071,7,2026-09-29 20:30:00,1.0,0,Normal,"1-20, idle<=90",2026-10
693907784061186,3294496828,15,2026-09-27 12:00:00,3.0,0,Normal,"1-20, idle<=90",2026-10
740377079378182,3294498791,9,2026-09-22 09:30:00,8.0,0,Normal,"1-20, idle<=90",2026-10
716472403996930,3294640312,3,2026-09-25 21:00:00,5.0,0,Normal,"1-20, idle<=90",2026-10
756164166506758,3294642863,9,2026-09-26 21:30:00,4.0,0,Normal,"1-20, idle<=90",2026-10
737794183182598,3294721965,14,2026-09-27 22:00:00,3.0,0,Normal,"1-20, idle<=90",2026-10
760035778103554,3294795277,10,2026-09-27 17:00:00,3.0,0,Normal,"1-20, idle<=90",2026-10
710107921672448,3294817896,17,2026-09-28 22:30:00,2.0,0,Normal,"1-20, idle<=90",2026-10
712951521937666,3294828552,11,2026-09-26 21:30:00,4.0,0,Normal,"1-20, idle<=90",2026-10
741068264851714,3294904087,14,2026-09-29 22:30:00,1.0,0,Normal,"1-20, idle<=90",2026-10
732065912408322,3294921315,5,2026-09-27 20:30:00,3.0,0,Normal,"1-20, idle<=90",2026-10
743574774038792,3294946162,16,2026-09-29 19:30:00,1.0,0,Normal,"1-20, idle<=90",2026-10
691028351226114,3294958614,4,2026-09-28 15:00:00,2.0,0,Normal,"1-20, idle<=90",2026-10
738981351143688,3294959030,2,2026-09-27 13:30:00,3.0,0,Normal,"1-20, idle<=90",2026-10
737011412001026,3294998136,7,2026-09-18 22:00:00,12.0,0,Normal,"1-20, idle<=90",2026-10
707981973602560,3295016601,13,2026-09-29 17:00:00,1.0,0,Normal,"1-20, idle<=90",2026-10
729036976171272,3295029092,10,2026-09-29 19:00:00,1.0,0,Normal,"1-20, idle<=90",2026-10
734215296876802,3295059482,2,2026-09-27 21:00:00,3.0,0,Normal,"1-20, idle<=90",2026-10
746288510103814,3295059948,15,2026-09-29 21:30:00,1.0,0,Normal,"1-20, idle<=90",2026-10
705149164019968,3295060178,2,2026-09-27 13:00:00,3.0,0,Normal,"1-20, idle<=90",2026-10
691741089698052,3295060629,4,2026-09-20 11:30:00,10.0,0,Normal,"1-20, idle<=90",2026-10
724847618525440,3295173467,6,2026-09-21 21:00:00,9.0,0,Normal,"1-20, idle<=90",2026-10
701611648262400,3295212354,6,2026-09-28 19:00:00,2.0,0,Normal,"1-20, idle<=90",2026-10
749742418401544,3295305948,20,2026-09-29 18:30:00,1.0,0,Normal,"1-20, idle<=90",2026-10
692076864186626,3295330940,20,2026-09-26 10:00:00,4.0,0,Normal,"1-20, idle<=90",2026-10
741430917525766,3295340550,20,2026-09-28 22:00:00,2.0,0,Normal,"1-20, idle<=90",2026-10
748918170339586,3295398808,10,2026-09-27 21:30:00,3.0,0,Normal,"1-20, idle<=90",2026-10
693662816796930,3295430158,6,2026-09-28 21:30:00,2.0,0,Normal,"1-20, idle<=90",2026-10
753689583937800,3295515991,12,2026-09-28 20:30:00,2.0,0,Normal,"1-20, idle<=90",2026-10
700591446432000,3295568860,7,2026-09-29 21:00:00,1.0,0,Normal,"1-20, idle<=90",2026-10
750173269102856,3295716752,19,2026-09-27 20:30:00,3.0,0,Normal,"1-20, idle<=90",2026-10
693302125269250,3295795041,1,2026-09-29 16:30:00,1.0,0,Normal,"1-20, idle<=90",2026-10
694405121675524,3295818728,2,2026-08-04 20:00:00,57.0,0,Normal,"1-20, idle<=90",2026-10
701801611944194,3295818942,2,2026-09-24 19:00:00,6.0,0,Normal,"1-20, idle<=90",2026-10
693302293561604,3295925962,13,2026-09-29 16:00:00,1.0,0,Normal,"1-20, idle<=90",2026-10
693301221253378,3295926729,12,2026-09-23 22:00:00,7.0,0,Normal,"1-20, idle<=90",2026-10
734054592479494,3295929238,5,2026-09-28 21:30:00,2.0,0,Normal,"1-20, idle<=90",2026-10
735605664198914,3295935109,3,2026-09-25 21:30:00,5.0,0,Normal,"1-20, idle<=90",2026-10
761823125412102,3295944226,10,2026-09-26 17:00:00,4.0,0,Normal,"1-20, idle<=90",2026-10
694180475369730,3295981157,16,2026-09-29 21:00:00,1.0,0,Normal,"1-20, idle<=90",2026-10
698445751486720,3296000996,11,2026-09-29 21:00:00,1.0,0,Normal,"1-20, idle<=90",2026-10
721490919776512,3296013781,17,2026-09-29 20:30:00,1.0,0,Normal,"1-20, idle<=90",2026-10
726771359203592,3296037804,15,2026-09-27 11:30:00,3.0,0,Normal,"1-20, idle<=90",2026-10
694903517063428,3296039145,11,2026-09-29 21:00:00,1.0,0,Normal,"1-20, idle<=90",2026-10
698476480039170,3296040098,9,2026-09-27 17:00:00,3.0,0,Normal,"1-20, idle<=90",2026-10
716168814459140,3296041392,8,2026-07-17 21:00:00,75.0,1,Frozen,"1-20, idle<=90",2026-10
695788268822788,3296055948,12,2026-09-27 21:00:00,3.0,0,Normal,"1-20, idle<=90",2026-10
724123296637184,3296089513,5,2026-09-26 14:00:00,4.0,0,Normal,"1-20, idle<=90",2026-10
748528142500104,3296090655,20,2026-09-25 16:00:00,5.0,0,Normal,"1-20, idle<=90",2026-10
732581172699394,3296097371,1,2026-09-28 20:30:00,2.0,0,Normal,"1-20, idle<=90",2026-10
694012338946306,3296116920,6,2026-09-19 10:00:00,11.0,0,Normal,"1-20, idle<=90",2026-10
695514260365572,3296146799,2,2026-09-29 18:30:00,1.0,0,Normal,"1-20, idle<=90",2026-10
732633440215304,3296170835,6,2026-09-29 21:30:00,1.0,0,Normal,"1-20, idle<=90",2026-10
733694990684424,3296196100,1,2026-09-25 17:30:00,5.0,0,Normal,"1-20, idle<=90",2026-10
707819481067780,3296224239,16,2026-09-29 22:00:00,1.0,0,Normal,"1-20, idle<=90",2026-10
757387843883272,3296247519,18,2026-09-28 21:30:00,2.0,0,Normal,"1-20, idle<=90",2026-10
694744125778176,3296249542,2,2026-09-27 19:30:00,3.0,0,Normal,"1-20, idle<=90",2026-10
738773063917830,3296253081,14,2026-09-26 15:00:00,4.0,0,Normal,"1-20, idle<=90",2026-10
702675011807488,3296300786,15,2026-09-12 17:00:00,18.0,0,Normal,"1-20, idle<=90",2026-10
695101129427204,3296345667,1,2026-09-27 09:00:00,3.0,0,Normal,"1-20, idle<=90",2026-10
748170214660358,3296438522,20,2026-09-26 19:30:00,4.0,0,Normal,"1-20, idle<=90",2026-10
738812489023750,3296493661,9,2026-09-27 22:00:00,3.0,0,Normal,"1-20, idle<=90",2026-10
695818019205376,3296513506,10,2026-09-27 13:00:00,3.0,0,Normal,"1-20, idle<=90",2026-10
746059367352584,3296521254,14,2026-09-17 21:30:00,13.0,0,Normal,"1-20, idle<=90",2026-10
743917531224326,3296521360,16,2026-09-27 18:30:00,3.0,0,Normal,"1-20, idle<=90",2026-10
746059880302856,3296523810,16,2026-09-27 22:00:00,3.0,0,Normal,"1-20, idle<=90",2026-10
722902594461952,3296528297,18,2026-09-29 21:00:00,1.0,0,Normal,"1-20, idle<=90",2026-10
737011079696646,3296535730,13,2026-09-29 21:00:00,1.0,0,Normal,"1-20, idle<=90",2026-10
696002249138434,3296552281,11,2026-09-24 18:30:00,6.0,0,Normal,"1-20, idle<=90",2026-10
697736311783684,3296552974,4,2026-09-29 21:00:00,1.0,0,Normal,"1-20, idle<=90",2026-10
743775589085446,3296554367,14,2026-09-27 09:00:00,3.0,0,Normal,"1-20, idle<=90",2026-10
710105058683138,3296689334,12,2026-08-11 21:30:00,50.0,1,Frozen,"1-20, idle<=90",2026-10
748555131406598,3296710282,15,2026-09-28 21:30:00,2.0,0,Normal,"1-20, idle<=90",2026-10
736143600875784,3296713828,4,2026-09-28 21:00:00,2.0,0,Normal,"1-20, idle<=90",2026-10
762665904660744,3296724107,15,2026-09-25 20:30:00,5.0,0,Normal,"1-20, idle<=90",2026-10
745021982449928,3296768641,2,2026-09-28 21:00:00,2.0,0,Normal,"1-20, idle<=90",2026-10
756655643412742,3296850348,4,2026-09-29 22:30:00,1.0,0,Normal,"1-20, idle<=90",2026-10
744119991324936,3296879401,14,2026-09-23 22:00:00,7.0,0,Normal,"1-20, idle<=90",2026-10
738128531302662,3296899609,9,2026-09-26 11:00:00,4.0,0,Normal,"1-20, idle<=90",2026-10
696844787290372,3296913801,1,2026-09-25 19:00:00,5.0,0,Normal,"1-20, idle<=90",2026-10
697458138816768,3296926494,3,2026-09-27 22:30:00,3.0,0,Normal,"1-20, idle<=90",2026-10
702158613942528,3296928052,3,2026-09-28 17:00:00,2.0,0,Normal,"1-20, idle<=90",2026-10
739169175589128,3296948429,8,2026-09-28 21:00:00,2.0,0,Normal,"1-20, idle<=90",2026-10
726433640265992,3296977669,10,2026-09-26 15:00:00,4.0,0,Normal,"1-20, idle<=90",2026-10
698163269519620,3296980710,7,2026-09-27 18:00:00,3.0,0,Normal,"1-20, idle<=90",2026-10
698956375470336,3297044022,8,2026-09-29 16:30:00,1.0,0,Normal,"1-20, idle<=90",2026-10
736506542057736,3297052227,1,2026-09-28 21:30:00,2.0,0,Normal,"1-20, idle<=90",2026-10
697935019452674,3297063677,5,2026-09-29 18:00:00,1.0,0,Normal,"1-20, idle<=90",2026-10
724121449394432,3297088185,6,2026-09-27 21:30:00,3.0,0,Normal,"1-20, idle<=90",2026-10
697721855179008,3297093291,8,2026-09-23 21:00:00,7.0,0,Normal,"1-20, idle<=90",2026-10
698972953964804,3297102097,9,2026-09-28 18:00:00,2.0,0,Normal,"1-20, idle<=90",2026-10
738506399187202,3297150546,7,2026-09-29 21:30:00,1.0,0,Normal,"1-20, idle<=90",2026-10
701672934625540,3297254250,14,2026-09-29 15:30:00,1.0,0,Normal,"1-20, idle<=90",2026-10
735783664034050,3297264749,17,2026-09-26 16:30:00,4.0,0,Normal,"1-20, idle<=90",2026-10
741080725100808,3297286566,14,2026-09-27 15:00:00,3.0,0,Normal,"1-20, idle<=90",2026-10
701839254227200,3297292203,19,2026-09-29 20:30:00,1.0,0,Normal,"1-20, idle<=90",2026-10
732121876324610,3297308561,3,2026-09-29 17:00:00,1.0,0,Normal,"1-20, idle<=90",2026-10
734935413903618,3297308870,17,2026-09-26 12:00:00,4.0,0,Normal,"1-20, idle<=90",2026-10
747667012227330,3297334193,17,2026-09-26 21:00:00,4.0,0,Normal,"1-20, idle<=90",2026-10
700564611678468,3297388240,9,2026-09-29 21:00:00,1.0,0,Normal,"1-20, idle<=90",2026-10
704658595510532,3297390974,14,2026-09-28 18:00:00,2.0,0,Normal,"1-20, idle<=90",2026-10
738681296591112,3297453120,17,2026-09-29 21:30:00,1.0,0,Normal,"1-20, idle<=90",2026-10
698956194261248,3297455037,1,2026-09-27 17:00:00,3.0,0,Normal,"1-20, idle<=90",2026-10
724096048355588,3297484106,16,2026-09-29 20:30:00,1.0,0,Normal,"1-20, idle<=90",2026-10
698314109372672,3297485148,10,2026-09-29 21:30:00,1.0,0,Normal,"1-20, idle<=90",2026-10
741082071531778,3297493240,14,2026-09-28 20:00:00,2.0,0,Normal,"1-20, idle<=90",2026-10
748204501586178,3297497766,18,2026-09-28 19:00:00,2.0,0,Normal,"1-20, idle<=90",2026-10
734041739940098,3297532297,3,2026-09-26 17:00:00,4.0,0,Normal,"1-20, idle<=90",2026-10
739195943280904,3297543901,8,2026-09-28 21:00:00,2.0,0,Normal,"1-20, idle<=90",2026-10
762340763181320,3297585967,13,2026-09-29 14:00:00,1.0,0,Normal,"1-20, idle<=90",2026-10
735783048210696,3297650646,16,2026-09-27 18:00:00,3.0,0,Normal,"1-20, idle<=90",2026-10
731876910745864,3297737602,10,2026-09-28 19:00:00,2.0,0,Normal,"1-20, idle<=90",2026-10
737719499729160,3297777438,1,2026-09-22 18:30:00,8.0,0,Normal,"1-20, idle<=90",2026-10
699401638527234,3297777439,2,2026-09-27 21:00:00,3.0,0,Normal,"1-20, idle<=90",2026-10
701797913073924,3297817283,5,2026-09-28 18:30:00,2.0,0,Normal,"1-20, idle<=90",2026-10
700548126486786,3297838078,4,2026-09-29 19:00:00,1.0,0,Normal,"1-20, idle<=90",2026-10
738797334491400,3297849271,18,2026-09-27 11:00:00,3.0,0,Normal,"1-20, idle<=90",2026-10
736506149794054,3297859493,1,2026-09-27 15:30:00,3.0,0,Normal,"1-20, idle<=90",2026-10
734925393510662,3297870255,6,2026-09-27 20:00:00,3.0,0,Normal,"1-20, idle<=90",2026-10
701453446285570,3297891966,12,2026-09-26 21:30:00,4.0,0,Normal,"1-20, idle<=90",2026-10
701609091363074,3297907133,10,2026-09-26 15:30:00,4.0,0,Normal,"1-20, idle<=90",2026-10
700255668736260,3297944283,10,2026-09-29 17:00:00,1.0,0,Normal,"1-20, idle<=90",2026-10
746089994801410,3297955947,16,2026-09-28 18:00:00,2.0,0,Normal,"1-20, idle<=90",2026-10
700255825989890,3297963101,1,2026-09-29 18:30:00,1.0,0,Normal,"1-20, idle<=90",2026-10
700255998519556,3297963222,3,2026-09-29 17:30:00,1.0,0,Normal,"1-20, idle<=90",2026-10
740756802015496,3298017074,7,2026-09-27 15:00:00,3.0,0,Normal,"1-20, idle<=90",2026-10
724088850442498,3298189818,2,2026-09-29 18:30:00,1.0,0,Normal,"1-20, idle<=90",2026-10
701478582948098,3298214333,1,2026-09-25 18:30:00,5.0,0,Normal,"1-20, idle<=90",2026-10
739352147867910,3298275244,7,2026-09-24 21:00:00,6.0,0,Normal,"1-20, idle<=90",2026-10
739122609719560,3298277438,14,2026-09-24 18:30:00,6.0,0,Normal,"1-20, idle<=90",2026-10
709091773010180,3298307369,7,2026-09-29 21:00:00,1.0,0,Normal,"1-20, idle<=90",2026-10
705338212980994,3298420831,17,2026-09-29 19:00:00,1.0,0,Normal,"1-20, idle<=90",2026-10
702018389362948,3298497046,5,2026-09-29 21:00:00,1.0,0,Normal,"1-20, idle<=90",2026-10
705338129240324,3298506619,3,2026-09-29 19:30:00,1.0,0,Normal,"1-20, idle<=90",2026-10
703654884090114,3298506813,12,2026-08-19 21:00:00,42.0,0,Normal,"1-20, idle<=90",2026-10
702179057715458,3298516658,2,2026-09-27 11:00:00,3.0,0,Normal,"1-20, idle<=90",2026-10
701663510098180,3298524342,3,2026-09-27 21:00:00,3.0,0,Normal,"1-20, idle<=90",2026-10
704799531368704,3298537225,8,2026-09-27 20:30:00,3.0,0,Normal,"1-20, idle<=90",2026-10
753988338501894,3298568194,2,2026-09-26 21:00:00,4.0,0,Normal,"1-20, idle<=90",2026-10
702409046704386,3298596030,12,2026-09-23 22:30:00,7.0,0,Normal,"1-20, idle<=90",2026-10
741326084456712,3298626387,12,2026-09-27 20:00:00,3.0,0,Normal,"1-20, idle<=90",2026-10
732122333014278,3298633697,2,2026-09-27 09:30:00,3.0,0,Normal,"1-20, idle<=90",2026-10
733646880833800,3298635750,2,2026-09-26 17:00:00,4.0,0,Normal,"1-20, idle<=90",2026-10
703912348324096,3298656398,11,2026-09-28 21:00:00,2.0,0,Normal,"1-20, idle<=90",2026-10
703205807210752,3298674881,10,2026-09-28 23:00:00,2.0,0,Normal,"1-20, idle<=90",2026-10
742694868519170,3298690388,16,2026-09-29 17:30:00,1.0,0,Normal,"1-20, idle<=90",2026-10
702855095822592,3298696188,2,2026-09-26 17:30:00,4.0,0,Normal,"1-20, idle<=90",2026-10
742701309489414,3298709179,11,2026-09-25 21:30:00,5.0,0,Normal,"1-20, idle<=90",2026-10
734393463030018,3298723741,2,2026-09-27 13:00:00,3.0,0,Normal,"1-20, idle<=90",2026-10
703385958854914,3298771417,6,2026-09-27 19:00:00,3.0,0,Normal,"1-20, idle<=90",2026-10
702674715412740,3298783045,14,2026-09-29 00:00:00,2.0,0,Normal,"1-20, idle<=90",2026-10
705740151841028,3298790815,16,2026-09-29 23:00:00,1.0,0,Normal,"1-20, idle<=90",2026-10
754031165110534,3298812137,12,2026-09-27 11:30:00,3.0,0,Normal,"1-20, idle<=90",2026-10
739366218490114,3298828258,9,2026-09-27 11:00:00,3.0,0,Normal,"1-20, idle<=90",2026-10
757568569964802,3298845096,5,2026-09-26 17:30:00,4.0,0,Normal,"1-20, idle<=90",2026-10
725905773795586,3298878276,11,2026-09-26 20:30:00,4.0,0,Normal,"1-20, idle<=90",2026-10
704807034005760,3298878606,16,2026-09-29 19:30:00,1.0,0,Normal,"1-20, idle<=90",2026-10
753697146507522,3298901956,3,2026-09-26 10:00:00,4.0,0,Normal,"1-20, idle<=90",2026-10
745650827997448,3298912649,18,2026-09-25 21:00:00,5.0,0,Normal,"1-20, idle<=90",2026-10
703201190234368,3298930067,10,2026-09-27 11:30:00,3.0,0,Normal,"1-20, idle<=90",2026-10
735289069238530,3298932614,16,2026-09-28 20:00:00,2.0,0,Normal,"1-20, idle<=90",2026-10
726939918780678,3298950747,9,2026-09-24 22:30:00,6.0,0,Normal,"1-20, idle<=90",2026-10
703913148651778,3298980824,12,2026-09-29 21:00:00,1.0,0,Normal,"1-20, idle<=90",2026-10
744984174553352,3298993560,16,2026-09-26 22:30:00,4.0,0,Normal,"1-20, idle<=90",2026-10
739336710144262,3298993834,5,2026-09-27 18:00:00,3.0,0,Normal,"1-20, idle<=90",2026-10
702953793515776,3299015588,1,2026-09-27 19:00:00,3.0,0,Normal,"1-20, idle<=90",2026-10
705423811680514,3299084689,5,2026-09-29 18:00:00,1.0,0,Normal,"1-20, idle<=90",2026-10
705009124796672,3299084751,10,2026-09-27 20:30:00,3.0,0,Normal,"1-20, idle<=90",2026-10
705194610379008,3299085477,9,2026-09-26 10:30:00,4.0,0,Normal,"1-20, idle<=90",2026-10
703951114352898,3299101254,15,2026-09-20 11:30:00,10.0,0,Normal,"1-20, idle<=90",2026-10
738833937481990,3299134767,17,2026-09-25 20:30:00,5.0,0,Normal,"1-20, idle<=90",2026-10
740070069805320,3299141052,10,2026-08-14 17:00:00,47.0,1,Frozen,"1-20, idle<=90",2026-10
703655091302656,3299161329,17,2026-09-27 17:30:00,3.0,0,Normal,"1-20, idle<=90",2026-10
705366990004482,3299190319,16,2026-09-27 07:30:00,3.0,0,Normal,"1-20, idle<=90",2026-10
753821234444552,3299214603,16,2026-09-10 22:00:00,20.0,0,Normal,"1-20, idle<=90",2026-10
703912989475074,3299226186,7,2026-09-29 21:30:00,1.0,0,Normal,"1-20, idle<=90",2026-10
738108281884936,3299253952,9,2026-09-28 21:30:00,2.0,0,Normal,"1-20, idle<=90",2026-10
704492271239428,3299255871,14,2026-09-29 20:00:00,1.0,0,Normal,"1-20, idle<=90",2026-10
739745769609480,3299257824,11,2026-09-26 19:00:00,4.0,0,Normal,"1-20, idle<=90",2026-10
737893629329672,3299287879,18,2026-09-23 20:30:00,7.0,0,Normal,"1-20, idle<=90",2026-10
704535043715330,3299290063,11,2026-08-16 17:30:00,45.0,1,Frozen,"1-20, idle<=90",2026-10
745548126857480,3299301871,18,2026-09-28 21:00:00,2.0,0,Normal,"1-20, idle<=90",2026-10
706118321797380,3299306277,5,2026-09-23 19:00:00,7.0,0,Normal,"1-20, idle<=90",2026-10
704277625346304,3299307474,13,2026-09-29 21:30:00,1.0,0,Normal,"1-20, idle<=90",2026-10
705404231827712,3299326470,20,2026-09-27 17:00:00,3.0,0,Normal,"1-20, idle<=90",2026-10
748332973558018,3299340264,18,2026-09-27 11:30:00,3.0,0,Normal,"1-20, idle<=90",2026-10
705569829785858,3299340330,9,2026-09-27 02:00:00,3.0,0,Normal,"1-20, idle<=90",2026-10
742547884196104,3299375467,16,2026-09-26 18:30:00,4.0,0,Normal,"1-20, idle<=90",2026-10
715819117867264,3299400748,20,2026-09-24 02:00:00,6.0,0,Normal,"1-20, idle<=90",2026-10
739143124187394,3299415289,15,2026-09-25 21:30:00,5.0,0,Normal,"1-20, idle<=90",2026-10
754726693562626,3299421957,4,2026-09-28 21:00:00,2.0,0,Normal,"1-20, idle<=90",2026-10
707637094146306,3299426182,14,2026-09-29 19:00:00,1.0,0,Normal,"1-20, idle<=90",2026-10
705147943667972,3299493111,3,2026-09-25 21:00:00,5.0,0,Normal,"1-20, idle<=90",2026-10
705338359757056,3299512452,17,2026-09-29 22:00:00,1.0,0,Normal,"1-20, idle<=90",2026-10
753653249773826,3299516440,3,2026-09-28 20:30:00,2.0,0,Normal,"1-20, idle<=90",2026-10
722546571071744,3299524479,4,2026-09-27 20:30:00,3.0,0,Normal,"1-20, idle<=90",2026-10
705365080948992,3299529992,11,2026-09-29 20:30:00,1.0,0,Normal,"1-20, idle<=90",2026-10
739365987500294,3299546432,14,2026-09-28 21:00:00,2.0,0,Normal,"1-20, idle<=90",2026-10
754788310739208,3299555953,4,2026-09-26 11:00:00,4.0,0,Normal,"1-20, idle<=90",2026-10
704807191310594,3299558746,15,2026-09-29 19:30:00,1.0,0,Normal,"1-20, idle<=90",2026-10
744821402075400,3299559012,18,2026-09-29 21:00:00,1.0,0,Normal,"1-20, idle<=90",2026-10
737001298374918,3299559646,1,2026-09-23 21:00:00,7.0,0,Normal,"1-20, idle<=90",2026-10
741460047542534,3299612197,8,2026-09-23 18:30:00,7.0,0,Normal,"1-20, idle<=90",2026-10
740371776637192,3299631942,13,2026-09-18 21:30:00,12.0,0,Normal,"1-20, idle<=90",2026-10
706259088138496,3299676518,14,2026-09-27 21:00:00,3.0,0,Normal,"1-20, idle<=90",2026-10
706391708133632,3299723903,17,2026-09-25 12:00:00,5.0,0,Normal,"1-20, idle<=90",2026-10
706779322712324,3299728046,13,2026-09-27 09:00:00,3.0,0,Normal,"1-20, idle<=90",2026-10
707804586905858,3299730632,12,2026-09-27 18:00:00,3.0,0,Normal,"1-20, idle<=90",2026-10
705877225634048,3299730759,6,2026-09-29 23:30:00,1.0,0,Normal,"1-20, idle<=90",2026-10
726986379706630,3299735935,18,2026-09-24 20:00:00,6.0,0,Normal,"1-20, idle<=90",2026-10
760391287949576,3299736224,11,2026-09-28 22:00:00,2.0,0,Normal,"1-20, idle<=90",2026-10
747982618611970,3299738387,1,2026-09-28 20:00:00,2.0,0,Normal,"1-20, idle<=90",2026-10
729225723756808,3299755218,16,2026-09-29 20:30:00,1.0,0,Normal,"1-20, idle<=90",2026-10
706570798500096,3299755789,10,2026-09-29 21:30:00,1.0,0,Normal,"1-20, idle<=90",2026-10
760925287964936,3299763105,5,2026-09-28 19:30:00,2.0,0,Normal,"1-20, idle<=90",2026-10
707862851264768,3299798825,17,2026-09-29 21:00:00,1.0,0,Normal,"1-20, idle<=90",2026-10
736865243091206,3299808852,7,2026-09-27 13:00:00,3.0,0,Normal,"1-20, idle<=90",2026-10
743960420925702,3299808858,13,2026-09-26 18:30:00,4.0,0,Normal,"1-20, idle<=90",2026-10
706094674352388,3299825801,9,2026-09-25 21:00:00,5.0,0,Normal,"1-20, idle<=90",2026-10
743783502715138,3299840143,18,2026-09-26 15:30:00,4.0,0,Normal,"1-20, idle<=90",2026-10
741426734199046,3299845046,13,2026-09-27 17:00:00,3.0,0,Normal,"1-20, idle<=90",2026-10
732994719193346,3299855355,3,2026-09-26 15:00:00,4.0,0,Normal,"1-20, idle<=90",2026-10
737952926181634,3299873864,10,2026-09-28 21:30:00,2.0,0,Normal,"1-20, idle<=90",2026-10
724096235194624,3299875010,9,2026-09-25 20:30:00,5.0,0,Normal,"1-20, idle<=90",2026-10
707343901942018,3299884286,17,2026-09-29 21:30:00,1.0,0,Normal,"1-20, idle<=90",2026-10
707343601572096,3299906772,2,2026-09-27 19:00:00,3.0,0,Normal,"1-20, idle<=90",2026-10
708710551773442,3299906815,16,2026-09-27 16:30:00,3.0,0,Normal,"1-20, idle<=90",2026-10
738127915368706,3299909700,7,2026-09-29 21:30:00,1.0,0,Normal,"1-20, idle<=90",2026-10
708707067365632,3299910184,6,2026-07-09 20:30:00,83.0,1,Frozen,"1-20, idle<=90",2026-10
707630089861378,3299950128,19,2026-09-28 22:00:00,2.0,0,Normal,"1-20, idle<=90",2026-10
712055680454914,3299955015,20,2026-07-25 22:30:00,67.0,1,Frozen,"1-20, idle<=90",2026-10
738613107828994,3299979065,11,2026-09-27 20:30:00,3.0,0,Normal,"1-20, idle<=90",2026-10
757969207052546,3299982035,5,2026-09-29 21:00:00,1.0,0,Normal,"1-20, idle<=90",2026-10
707309673957632,3299989190,15,2026-09-27 22:00:00,3.0,0,Normal,"1-20, idle<=90",2026-10
708867151599876,3299996802,20,2026-09-29 19:00:00,1.0,0,Normal,"1-20, idle<=90",2026-10
742703030075650,3300010207,18,2026-09-24 22:30:00,6.0,0,Normal,"1-20, idle<=90",2026-10
757256489627910,3300023964,7,2026-09-28 22:30:00,2.0,0,Normal,"1-20, idle<=90",2026-10
707343445297412,3300058769,4,2026-09-27 16:30:00,3.0,0,Normal,"1-20, idle<=90",2026-10
726904129739014,3300078797,10,2026-09-26 17:30:00,4.0,0,Normal,"1-20, idle<=90",2026-10
707837856012546,3300085658,10,2026-09-29 18:30:00,1.0,0,Normal,"1-20, idle<=90",2026-10
744834521569544,3300085694,5,2026-09-27 20:30:00,3.0,0,Normal,"1-20, idle<=90",2026-10
712847980620034,3300095864,16,2026-09-26 20:00:00,4.0,0,Normal,"1-20, idle<=90",2026-10
708352144515328,3300164141,15,2026-09-25 19:00:00,5.0,0,Normal,"1-20, idle<=90",2026-10
708711087866114,3300164431,1,2026-09-27 18:00:00,3.0,0,Normal,"1-20, idle<=90",2026-10
708050276618498,3300175523,4,2026-09-29 22:30:00,1.0,0,Normal,"1-20, idle<=90",2026-10
708526613440772,3300190717,14,2026-09-26 18:30:00,4.0,0,Normal,"1-20, idle<=90",2026-10
708173418600706,3300193891,17,2026-09-28 21:00:00,2.0,0,Normal,"1-20, idle<=90",2026-10
750279496737026,3300205659,5,2026-09-27 22:00:00,3.0,0,Normal,"1-20, idle<=90",2026-10
739334316534018,3300211609,3,2026-09-28 20:00:00,2.0,0,Normal,"1-20, idle<=90",2026-10
724090976856324,3300218575,13,2026-09-22 17:00:00,8.0,0,Normal,"1-20, idle<=90",2026-10
739904943347970,3300220994,17,2026-09-25 21:00:00,5.0,0,Normal,"1-20, idle<=90",2026-10
708196249946368,3300250414,9,2026-09-29 21:30:00,1.0,0,Normal,"1-20, idle<=90",2026-10
711399152429316,3300254573,14,2026-09-28 19:00:00,2.0,0,Normal,"1-20, idle<=90",2026-10
709572361773314,3300314963,17,2026-09-27 21:00:00,3.0,0,Normal,"1-20, idle<=90",2026-10
708909005922562,3300364712,9,2026-09-29 21:00:00,1.0,0,Normal,"1-20, idle<=90",2026-10
733643688491272,3300387501,12,2026-09-23 13:30:00,7.0,0,Normal,"1-20, idle<=90",2026-10
708526213800194,3300403729,10,2026-09-27 21:30:00,3.0,0,Normal,"1-20, idle<=90",2026-10
708526422329600,3300403755,8,2026-09-27 21:30:00,3.0,0,Normal,"1-20, idle<=90",2026-10
727973567174918,3300427127,19,2026-09-29 22:30:00,1.0,0,Normal,"1-20, idle<=90",2026-10
709063771097348,3300447387,8,2026-09-29 19:30:00,1.0,0,Normal,"1-20, idle<=90",2026-10
710633607581954,3300447456,15,2026-09-27 20:30:00,3.0,0,Normal,"1-20, idle<=90",2026-10
747811171887362,3300531409,18,2026-09-29 20:30:00,1.0,0,Normal,"1-20, idle<=90",2026-10
736345045453058,3300531426,11,2026-09-29 19:00:00,1.0,0,Normal,"1-20, idle<=90",2026-10
710153529835780,3300551004,13,2026-09-25 19:00:00,5.0,0,Normal,"1-20, idle<=90",2026-10
745149423966472,3300588320,16,2026-09-27 17:00:00,3.0,0,Normal,"1-20, idle<=90",2026-10
749257525879048,3300595658,7,2026-09-28 21:00:00,2.0,0,Normal,"1-20, idle<=90",2026-10
726616013054216,3300605814,2,2026-09-27 11:30:00,3.0,0,Normal,"1-20, idle<=90",2026-10
739685274239234,3300610794,11,2026-09-28 18:00:00,2.0,0,Normal,"1-20, idle<=90",2026-10
734031611791624,3300636807,17,2026-09-25 21:00:00,5.0,0,Normal,"1-20, idle<=90",2026-10
709753000306948,3300681720,7,2026-09-27 08:00:00,3.0,0,Normal,"1-20, idle<=90",2026-10
710316914921728,3300729627,17,2026-09-29 18:30:00,1.0,0,Normal,"1-20, idle<=90",2026-10
753856289704194,3300743323,1,2026-09-27 14:00:00,3.0,0,Normal,"1-20, idle<=90",2026-10
710458112917762,3300758433,18,2026-09-27 10:00:00,3.0,0,Normal,"1-20, idle<=90",2026-10
734206570299654,3300784811,18,2026-09-29 13:00:00,1.0,0,Normal,"1-20, idle<=90",2026-10
732806146433288,3300796228,20,2026-09-27 22:30:00,3.0,0,Normal,"1-20, idle<=90",2026-10
710473966479618,3300822948,15,2026-09-29 21:00:00,1.0,0,Normal,"1-20, idle<=90",2026-10
760931207174406,3300830237,11,2026-09-29 23:00:00,1.0,0,Normal,"1-20, idle<=90",2026-10
709845447000320,3300830290,15,2026-09-27 13:30:00,3.0,0,Normal,"1-20, idle<=90",2026-10
710473845145860,3300844680,11,2026-09-28 21:00:00,2.0,0,Normal,"1-20, idle<=90",2026-10
762728813658370,3300889786,10,2026-09-26 20:30:00,4.0,0,Normal,"1-20, idle<=90",2026-10
726417517893894,3300901782,10,2026-09-29 21:30:00,1.0,0,Normal,"1-20, idle<=90",2026-10
742678780975362,3300920633,18,2026-09-26 12:00:00,4.0,0,Normal,"1-20, idle<=90",2026-10
711732865607938,3300934176,17,2026-09-27 19:00:00,3.0,0,Normal,"1-20, idle<=90",2026-10
732146567997704,3300938439,10,2026-09-29 19:00:00,1.0,0,Normal,"1-20, idle<=90",2026-10
743740365431046,3300972195,19,2026-09-27 11:00:00,3.0,0,Normal,"1-20, idle<=90",2026-10
739880197042438,3300977983,9,2026-09-16 19:00:00,14.0,0,Normal,"1-20, idle<=90",2026-10
743785312733442,3300978231,7,2026-09-26 17:30:00,4.0,0,Normal,"1-20, idle<=90",2026-10
732617437186312,3300994563,20,2026-09-29 16:00:00,1.0,0,Normal,"1-20, idle<=90",2026-10
710464297974018,3300999000,3,2026-09-25 21:00:00,5.0,0,Normal,"1-20, idle<=90",2026-10
740186912835848,3301033505,18,2026-09-29 18:00:00,1.0,0,Normal,"1-20, idle<=90",2026-10
752277890164994,3301059618,3,2026-09-28 18:30:00,2.0,0,Normal,"1-20, idle<=90",2026-10
710671036164354,3301082476,11,2026-09-28 19:30:00,2.0,0,Normal,"1-20, idle<=90",2026-10
733681558001926,3301086692,4,2026-09-29 21:00:00,1.0,0,Normal,"1-20, idle<=90",2026-10
711378978466048,3301086803,19,2026-09-28 21:30:00,2.0,0,Normal,"1-20, idle<=90",2026-10
740372294289666,3301100331,15,2026-09-26 21:00:00,4.0,0,Normal,"1-20, idle<=90",2026-10
710926137092354,3301135747,16,2026-09-28 18:00:00,2.0,0,Normal,"1-20, idle<=90",2026-10
711349529446658,3301135953,17,2026-09-29 20:30:00,1.0,0,Normal,"1-20, idle<=90",2026-10
712586699079938,3301182553,15,2026-09-26 18:30:00,4.0,0,Normal,"1-20, idle<=90",2026-10
715648761540868,3301223576,17,2026-09-26 20:30:00,4.0,0,Normal,"1-20, idle<=90",2026-10
742523636648200,3301234605,16,2026-09-24 19:30:00,6.0,0,Normal,"1-20, idle<=90",2026-10
711787167297792,3301234721,20,2026-09-29 18:30:00,1.0,0,Normal,"1-20, idle<=90",2026-10
750453331319046,3301273453,8,2026-09-27 21:30:00,3.0,0,Normal,"1-20, idle<=90",2026-10
711753873166592,3301352866,15,2026-09-27 16:30:00,3.0,0,Normal,"1-20, idle<=90",2026-10
712757059412224,3301365589,20,2026-09-24 22:30:00,6.0,0,Normal,"1-20, idle<=90",2026-10
712582998485252,3301381389,15,2026-09-28 19:00:00,2.0,0,Normal,"1-20, idle<=90",2026-10
735585370464520,3301392795,19,2026-09-27 21:00:00,3.0,0,Normal,"1-20, idle<=90",2026-10
712766351601924,3301472459,12,2026-09-27 18:00:00,3.0,0,Normal,"1-20, idle<=90",2026-10
732095279675656,3301476250,1,2026-09-20 17:30:00,10.0,0,Normal,"1-20, idle<=90",2026-10
723965973020928,3301482142,16,2026-09-29 18:00:00,1.0,0,Normal,"1-20, idle<=90",2026-10
732834950887686,3301484627,2,2026-09-26 09:30:00,4.0,0,Normal,"1-20, idle<=90",2026-10
712091220973828,3301489023,6,2026-09-29 17:30:00,1.0,0,Normal,"1-20, idle<=90",2026-10
731220676002056,3301502092,2,2026-09-29 22:00:00,1.0,0,Normal,"1-20, idle<=90",2026-10
713819241664768,3301530153,15,2026-09-28 23:00:00,2.0,0,Normal,"1-20, idle<=90",2026-10
712621137293570,3301530211,8,2026-09-28 16:30:00,2.0,0,Normal,"1-20, idle<=90",2026-10
728717866176770,3301533457,2,2026-09-29 20:00:00,1.0,0,Normal,"1-20, idle<=90",2026-10
742698391099654,3301587300,17,2026-09-28 18:00:00,2.0,0,Normal,"1-20, idle<=90",2026-10
734928833810690,3301645504,4,2026-09-25 17:00:00,5.0,0,Normal,"1-20, idle<=90",2026-10
734230313212168,3301697472,1,2026-09-29 21:30:00,1.0,0,Normal,"1-20, idle<=90",2026-10
727622103886086,3301702771,9,2026-09-28 22:00:00,2.0,0,Normal,"1-20, idle<=90",2026-10
713819574171904,3301788983,2,2026-09-29 20:00:00,1.0,0,Normal,"1-20, idle<=90",2026-10
733637724111106,3301789716,6,2026-09-29 22:30:00,1.0,0,Normal,"1-20, idle<=90",2026-10
729408723921160,3301796747,1,2026-09-27 15:00:00,3.0,0,Normal,"1-20, idle<=90",2026-10
714351789748482,3301802778,10,2026-08-01 15:00:00,60.0,1,Frozen,"1-20, idle<=90",2026-10
715070311512324,3301831000,20,2026-09-27 14:30:00,3.0,0,Normal,"1-20, idle<=90",2026-10
715079825719552,3301884815,17,2026-09-28 16:30:00,2.0,0,Normal,"1-20, idle<=90",2026-10
735285768155400,3301887417,5,2026-09-20 19:00:00,10.0,1,Frozen,"1-20, idle<=90",2026-10
742694315294984,3301901506,7,2026-09-27 18:00:00,3.0,0,Normal,"1-20, idle<=90",2026-10
728157645043970,3301968121,10,2026-09-26 21:00:00,4.0,0,Normal,"1-20, idle<=90",2026-10
738996529467654,3301975930,14,2026-09-26 21:00:00,4.0,0,Normal,"1-20, idle<=90",2026-10
769967555217672,3301990790,15,2026-09-29 21:00:00,1.0,0,Normal,"1-20, idle<=90",2026-10
725384591212808,3301991956,9,2026-09-24 16:30:00,6.0,0,Normal,"1-20, idle<=90",2026-10
746440739657990,3302084683,15,2026-09-26 22:00:00,4.0,0,Normal,"1-20, idle<=90",2026-10
748014061992200,3302091550,14,2026-09-27 15:00:00,3.0,0,Normal,"1-20, idle<=90",2026-10
714399857746178,3302123298,14,2026-09-25 21:00:00,5.0,0,Normal,"1-20, idle<=90",2026-10
759696073533704,3302146598,11,2026-09-28 21:00:00,2.0,0,Normal,"1-20, idle<=90",2026-10
714538664345858,3302167976,20,2026-09-27 17:30:00,3.0,0,Normal,"1-20, idle<=90",2026-10
746922994006280,3302174386,15,2026-09-28 18:00:00,2.0,0,Normal,"1-20, idle<=90",2026-10
732982912921858,3302211523,4,2026-09-29 21:00:00,1.0,0,Normal,"1-20, idle<=90",2026-10
742349313444102,3302374242,18,2026-09-28 15:30:00,2.0,0,Normal,"1-20, idle<=90",2026-10
736362554216706,3302420026,2,2026-09-25 21:30:00,5.0,0,Normal,"1-20, idle<=90",2026-10
715628662282496,3302461389,8,2026-09-28 22:00:00,2.0,0,Normal,"1-20, idle<=90",2026-10
725360401436936,3302524916,3,2026-09-27 21:30:00,3.0,0,Normal,"1-20, idle<=90",2026-10
742312771227912,3302527294,6,2026-09-28 19:00:00,2.0,0,Normal,"1-20, idle<=90",2026-10
716163930091776,3302560966,14,2026-09-29 17:30:00,1.0,0,Normal,"1-20, idle<=90",2026-10
742711687053576,3302571442,2,2026-09-27 21:30:00,3.0,0,Normal,"1-20, idle<=90",2026-10
752394273038594,3302575244,2,2026-09-28 19:00:00,2.0,0,Normal,"1-20, idle<=90",2026-10
717552053645568,3302575548,3,2026-08-15 20:30:00,46.0,1,Frozen,"1-20, idle<=90",2026-10
750290004736264,3302606907,19,2026-09-29 21:30:00,1.0,0,Normal,"1-20, idle<=90",2026-10
717050211330304,3302615737,1,2026-09-22 18:30:00,8.0,0,Normal,"1-20, idle<=90",2026-10
744800442611976,3302653359,17,2026-09-14 17:00:00,16.0,0,Normal,"1-20, idle<=90",2026-10
721668270665984,3302684666,11,2026-09-27 21:30:00,3.0,0,Normal,"1-20, idle<=90",2026-10
717097392505092,3302706046,3,2026-09-26 20:30:00,4.0,0,Normal,"1-20, idle<=90",2026-10
743742793093378,3302716458,2,2026-09-29 21:30:00,1.0,0,Normal,"1-20, idle<=90",2026-10
732107450040584,3302716576,10,2026-09-28 18:30:00,2.0,0,Normal,"1-20, idle<=90",2026-10
745376874944774,3302729540,17,2026-09-28 11:30:00,2.0,0,Normal,"1-20, idle<=90",2026-10
736999072665858,3302742657,2,2026-09-28 22:00:00,2.0,0,Normal,"1-20, idle<=90",2026-10
756166080936198,3302752045,5,2026-09-29 21:30:00,1.0,0,Normal,"1-20, idle<=90",2026-10
747632322156808,3302753136,16,2026-09-27 10:00:00,3.0,0,Normal,"1-20, idle<=90",2026-10
720371337642244,3302754927,19,2026-09-29 21:00:00,1.0,0,Normal,"1-20, idle<=90",2026-10
770103406872838,3302755354,11,2026-09-25 16:30:00,5.0,0,Normal,"1-20, idle<=90",2026-10
756166207928584,3302761331,5,2026-09-28 21:30:00,2.0,0,Normal,"1-20, idle<=90",2026-10
756121183811848,3302764183,3,2026-09-28 21:30:00,2.0,0,Normal,"1-20, idle<=90",2026-10
743935467770118,3302783899,12,2026-09-26 15:30:00,4.0,0,Normal,"1-20, idle<=90",2026-10
737932047423752,3302838225,9,2026-09-26 18:30:00,4.0,0,Normal,"1-20, idle<=90",2026-10
732107537320200,3302854807,17,2026-09-28 18:30:00,2.0,0,Normal,"1-20, idle<=90",2026-10
717424634056962,3302871402,13,2026-09-28 18:00:00,2.0,0,Normal,"1-20, idle<=90",2026-10
740732924924166,3302898910,11,2026-09-27 09:00:00,3.0,0,Normal,"1-20, idle<=90",2026-10
732460515320072,3302899072,1,2026-09-29 22:30:00,1.0,0,Normal,"1-20, idle<=90",2026-10
737588968526086,3302908900,9,2026-09-27 10:00:00,3.0,0,Normal,"1-20, idle<=90",2026-10
758425612394754,3302935846,12,2026-09-24 19:00:00,6.0,0,Normal,"1-20, idle<=90",2026-10
717548896643328,3302943798,20,2026-09-29 21:00:00,1.0,0,Normal,"1-20, idle<=90",2026-10
723730628872448,3302944232,6,2026-09-26 12:00:00,4.0,0,Normal,"1-20, idle<=90",2026-10
717063290679556,3302948409,3,2026-09-28 19:30:00,2.0,0,Normal,"1-20, idle<=90",2026-10
737054861996294,3302955406,5,2026-09-27 08:30:00,3.0,0,Normal,"1-20, idle<=90",2026-10
717423999029506,3302989395,11,2026-09-29 18:00:00,1.0,0,Normal,"1-20, idle<=90",2026-10
718101498392836,3302993590,4,2026-09-26 22:30:00,4.0,0,Normal,"1-20, idle<=90",2026-10
763067098747142,3303003985,18,2026-09-27 20:30:00,3.0,0,Normal,"1-20, idle<=90",2026-10
760621204918536,3303005456,11,2026-09-29 21:00:00,1.0,0,Normal,"1-20, idle<=90",2026-10
721481082587392,3303043628,8,2026-09-27 13:00:00,3.0,0,Normal,"1-20, idle<=90",2026-10
740539792302342,3303044341,8,2026-07-15 22:00:00,77.0,1,Frozen,"1-20, idle<=90",2026-10
741091252310278,3303061064,13,2026-09-26 21:30:00,4.0,0,Normal,"1-20, idle<=90",2026-10
739160855652610,3303080773,10,2026-09-27 07:30:00,3.0,0,Normal,"1-20, idle<=90",2026-10
760040213526786,3303080853,11,2026-09-26 18:30:00,4.0,0,Normal,"1-20, idle<=90",2026-10
720757270862080,3303080998,2,2026-08-08 21:00:00,53.0,1,Frozen,"1-20, idle<=90",2026-10
718950169489668,3303081025,2,2026-07-06 19:00:00,86.0,1,Frozen,"1-20, idle<=90",2026-10
745527724407046,3303091018,19,2026-09-27 22:00:00,3.0,0,Normal,"1-20, idle<=90",2026-10
742348778508550,3303093067,11,2026-09-28 20:30:00,2.0,0,Normal,"1-20, idle<=90",2026-10
740721508131074,3303094595,16,2026-09-27 10:00:00,3.0,0,Normal,"1-20, idle<=90",2026-10
723085800558848,3303140790,9,2026-09-28 20:00:00,2.0,0,Normal,"1-20, idle<=90",2026-10
717943047747840,3303141229,12,2026-09-26 16:00:00,4.0,0,Normal,"1-20, idle<=90",2026-10
750137263442184,3303142105,17,2026-09-25 21:00:00,5.0,0,Normal,"1-20, idle<=90",2026-10
738950657440002,3303142694,5,2026-09-28 20:00:00,2.0,0,Normal,"1-20, idle<=90",2026-10
747476961577218,3303143877,16,2026-09-26 20:30:00,4.0,0,Normal,"1-20, idle<=90",2026-10
758425718063362,3303165474,8,2026-09-29 19:00:00,1.0,0,Normal,"1-20, idle<=90",2026-10
758984919265538,3303165617,20,2026-09-29 21:00:00,1.0,0,Normal,"1-20, idle<=90",2026-10
718076087578880,3303216348,11,2026-09-28 21:00:00,2.0,0,Normal,"1-20, idle<=90",2026-10
719304170160388,3303217707,8,2026-09-24 23:00:00,6.0,0,Normal,"1-20, idle<=90",2026-10
759882034123016,3303239695,14,2026-09-29 21:30:00,1.0,0,Normal,"1-20, idle<=90",2026-10
737524771213570,3303284282,14,2026-09-29 19:00:00,1.0,0,Normal,"1-20, idle<=90",2026-10
719304565375236,3303287439,1,2026-07-30 21:00:00,62.0,1,Frozen,"1-20, idle<=90",2026-10
718950374742274,3303300478,3,2026-09-05 22:00:00,25.0,0,Normal,"1-20, idle<=90",2026-10
734218583478530,3303347087,10,2026-09-25 21:00:00,5.0,0,Normal,"1-20, idle<=90",2026-10
731565565677830,3303426371,5,2026-09-28 21:30:00,2.0,0,Normal,"1-20, idle<=90",2026-10
719670836103428,3303431966,1,2026-09-29 21:00:00,1.0,0,Normal,"1-20, idle<=90",2026-10
748856007721222,3303480188,13,2026-09-28 20:00:00,2.0,0,Normal,"1-20, idle<=90",2026-10
749033277090056,3303488588,1,2026-09-20 16:30:00,10.0,0,Normal,"1-20, idle<=90",2026-10
752804206231814,3303518029,19,2026-09-28 20:00:00,2.0,0,Normal,"1-20, idle<=90",2026-10
719712486473984,3303567449,15,2026-07-09 19:00:00,83.0,1,Frozen,"1-20, idle<=90",2026-10
740767598426376,3303662474,20,2026-09-28 17:30:00,2.0,0,Normal,"1-20, idle<=90",2026-10
720023707855108,3303680494,2,2026-09-26 21:00:00,4.0,0,Normal,"1-20, idle<=90",2026-10
735053779644680,3303747828,3,2026-09-27 22:00:00,3.0,0,Normal,"1-20, idle<=90",2026-10
724488625137920,3303750970,12,2026-09-27 19:00:00,3.0,0,Normal,"1-20, idle<=90",2026-10
740734410451206,3303753432,16,2026-09-25 21:00:00,5.0,0,Normal,"1-20, idle<=90",2026-10
736290504567042,3303789366,1,2026-09-28 20:30:00,2.0,0,Normal,"1-20, idle<=90",2026-10
740775328979202,3303790675,12,2026-09-29 17:30:00,1.0,0,Normal,"1-20, idle<=90",2026-10
762012961857798,3303806341,14,2026-09-27 21:30:00,3.0,0,Normal,"1-20, idle<=90",2026-10
758654742829318,3303812052,8,2026-09-27 21:00:00,3.0,0,Normal,"1-20, idle<=90",2026-10
732121293871366,3303844373,6,2026-09-26 20:30:00,4.0,0,Normal,"1-20, idle<=90",2026-10
744826256656648,3303869579,3,2026-09-28 21:00:00,2.0,0,Normal,"1-20, idle<=90",2026-10
736823911041286,3303924112,10,2026-09-29 18:30:00,1.0,0,Normal,"1-20, idle<=90",2026-10
738127618701576,3303924182,3,2026-09-26 19:30:00,4.0,0,Normal,"1-20, idle<=90",2026-10
720987297511680,3303925994,4,2026-09-27 22:30:00,3.0,0,Normal,"1-20, idle<=90",2026-10
725371389063430,3303926521,2,2026-09-27 21:30:00,3.0,0,Normal,"1-20, idle<=90",2026-10
757241604217094,3303943082,6,2026-09-28 16:00:00,2.0,0,Normal,"1-20, idle<=90",2026-10
738061652367618,3303964524,4,2026-08-30 10:00:00,31.0,1,Frozen,"1-20, idle<=90",2026-10
736514233827592,3303995628,11,2026-09-26 09:00:00,4.0,0,Normal,"1-20, idle<=90",2026-10
756163169507592,3304034205,2,2026-09-29 21:30:00,1.0,0,Normal,"1-20, idle<=90",2026-10
749778009209096,3304045628,14,2026-09-28 21:00:00,2.0,0,Normal,"1-20, idle<=90",2026-10
739700844597512,3304047456,8,2026-09-27 11:00:00,3.0,0,Normal,"1-20, idle<=90",2026-10
736687656018184,3304065957,1,2026-09-26 21:00:00,4.0,0,Normal,"1-20, idle<=90",2026-10
752255106691336,3304096325,4,2026-09-24 18:30:00,6.0,0,Normal,"1-20, idle<=90",2026-10
722673470167298,3304099144,3,2026-09-27 20:30:00,3.0,0,Normal,"1-20, idle<=90",2026-10
764259971606790,3304099176,20,2026-09-29 21:30:00,1.0,0,Normal,"1-20, idle<=90",2026-10
743594034632966,3304139711,11,2026-09-28 21:30:00,2.0,0,Normal,"1-20, idle<=90",2026-10
744806636765442,3304152651,19,2026-09-26 20:30:00,4.0,0,Normal,"1-20, idle<=90",2026-10
741286375827720,3304225293,12,2026-09-22 21:30:00,8.0,0,Normal,"1-20, idle<=90",2026-10
750139951905032,3304225303,13,2026-09-23 20:30:00,7.0,0,Normal,"1-20, idle<=90",2026-10
745193668768006,3304226321,5,2026-09-29 21:30:00,1.0,0,Normal,"1-20, idle<=90",2026-10
741491702176008,3304344174,10,2026-09-26 19:30:00,4.0,0,Normal,"1-20, idle<=90",2026-10
740010613887238,3304470441,19,2026-09-26 10:00:00,4.0,0,Normal,"1-20, idle<=90",2026-10
739187427256582,3304625786,9,2026-09-27 09:00:00,3.0,0,Normal,"1-20, idle<=90",2026-10
744974529607938,3304675761,16,2026-09-25 20:30:00,5.0,0,Normal,"1-20, idle<=90",2026-10
726789510820102,3304689298,3,2026-09-26 22:00:00,4.0,0,Normal,"1-20, idle<=90",2026-10
724281164509444,3304693972,3,2026-09-26 21:00:00,4.0,0,Normal,"1-20, idle<=90",2026-10
737593146417416,3304722710,15,2026-09-27 21:00:00,3.0,0,Normal,"1-20, idle<=90",2026-10
754066471569672,3304744392,7,2026-09-27 18:30:00,3.0,0,Normal,"1-20, idle<=90",2026-10
750458066958600,3304767527,12,2026-09-24 21:30:00,6.0,0,Normal,"1-20, idle<=90",2026-10
748209556879618,3304787460,1,2026-09-25 23:00:00,5.0,0,Normal,"1-20, idle<=90",2026-10
763736888054018,3304790417,16,2026-09-29 23:30:00,1.0,0,Normal,"1-20, idle<=90",2026-10
725153653541124,3304813432,3,2026-09-26 10:00:00,4.0,0,Normal,"1-20, idle<=90",2026-10
738600342272262,3304823317,10,2026-09-29 21:00:00,1.0,0,Normal,"1-20, idle<=90",2026-10
738601448478978,3304823589,14,2026-09-28 21:00:00,2.0,0,Normal,"1-20, idle<=90",2026-10
724982160163076,3304837990,3,2026-09-27 11:00:00,3.0,0,Normal,"1-20, idle<=90",2026-10
737593255584006,3304875876,19,2026-09-27 19:00:00,3.0,0,Normal,"1-20, idle<=90",2026-10
745528882063622,3304909879,14,2026-09-28 01:30:00,2.0,0,Normal,"1-20, idle<=90",2026-10
739186683152642,3304941201,12,2026-09-29 19:30:00,1.0,0,Normal,"1-20, idle<=90",2026-10
737746509902088,3305022196,5,2026-09-27 21:00:00,3.0,0,Normal,"1-20, idle<=90",2026-10
725853646782728,3305066648,5,2026-09-28 22:00:00,2.0,0,Normal,"1-20, idle<=90",2026-10
759655253809410,3305087987,10,2026-09-29 18:00:00,1.0,0,Normal,"1-20, idle<=90",2026-10
732758838280454,3305088868,3,2026-09-26 21:30:00,4.0,0,Normal,"1-20, idle<=90",2026-10
725199971574024,3305100044,1,2026-09-23 20:30:00,7.0,0,Normal,"1-20, idle<=90",2026-10
725680928526600,3305106440,4,2026-09-17 22:00:00,13.0,0,Normal,"1-20, idle<=90",2026-10
736181892266242,3305116728,6,2026-09-29 21:30:00,1.0,0,Normal,"1-20, idle<=90",2026-10
769799706499334,3305160325,14,2026-09-28 19:00:00,2.0,0,Normal,"1-20, idle<=90",2026-10
742519858080002,3305179142,17,2026-09-28 21:00:00,2.0,0,Normal,"1-20, idle<=90",2026-10
725153070125316,3305186427,7,2026-07-28 22:30:00,64.0,1,Frozen,"1-20, idle<=90",2026-10
741603640684802,3305226252,11,2026-09-24 21:30:00,6.0,0,Normal,"1-20, idle<=90",2026-10
731359899752710,3305278159,8,2026-09-29 22:00:00,1.0,0,Normal,"1-20, idle<=90",2026-10
753152562536706,3305312362,6,2026-09-27 22:00:00,3.0,0,Normal,"1-20, idle<=90",2026-10
726258354768136,3305325441,11,2026-09-29 22:00:00,1.0,0,Normal,"1-20, idle<=90",2026-10
738656253600008,3305326111,13,2026-09-24 20:30:00,6.0,0,Normal,"1-20, idle<=90",2026-10
726965499193608,3305342350,10,2026-09-19 21:30:00,11.0,0,Normal,"1-20, idle<=90",2026-10
759668355408134,3305375253,14,2026-09-29 22:00:00,1.0,0,Normal,"1-20, idle<=90",2026-10
734183955556616,3305518565,8,2026-09-26 12:00:00,4.0,0,Normal,"1-20, idle<=90",2026-10
726479056228614,3305520045,5,2026-09-27 18:30:00,3.0,0,Normal,"1-20, idle<=90",2026-10
732966255171848,3305524511,6,2026-09-27 21:00:00,3.0,0,Normal,"1-20, idle<=90",2026-10
735471197430018,3305524652,13,2026-09-28 19:00:00,2.0,0,Normal,"1-20, idle<=90",2026-10
741125585047816,3305544738,14,2026-09-29 21:30:00,1.0,0,Normal,"1-20, idle<=90",2026-10
731867350376710,3305566997,2,2026-09-28 22:30:00,2.0,0,Normal,"1-20, idle<=90",2026-10
736152041933062,3305578828,6,2026-09-29 22:00:00,1.0,0,Normal,"1-20, idle<=90",2026-10
749398908836098,3305585825,17,2026-09-28 21:00:00,2.0,0,Normal,"1-20, idle<=90",2026-10
726258139691272,3305595871,6,2026-09-27 20:30:00,3.0,0,Normal,"1-20, idle<=90",2026-10
736149964321030,3305598222,4,2026-09-28 19:30:00,2.0,0,Normal,"1-20, idle<=90",2026-10
748218480763138,3305601738,17,2026-09-29 21:30:00,1.0,0,Normal,"1-20, idle<=90",2026-10
739571521386758,3305609164,13,2026-09-28 23:00:00,2.0,0,Normal,"1-20, idle<=90",2026-10
745701797261570,3305715128,15,2026-09-27 21:00:00,3.0,0,Normal,"1-20, idle<=90",2026-10
728721186394374,3305765237,4,2026-09-25 21:30:00,5.0,0,Normal,"1-20, idle<=90",2026-10
727094818758914,3305781871,6,2026-09-28 18:30:00,2.0,0,Normal,"1-20, idle<=90",2026-10
731868478310664,3305785772,6,2026-09-29 21:30:00,1.0,0,Normal,"1-20, idle<=90",2026-10
738508910266632,3305788994,13,2026-09-23 21:30:00,7.0,0,Normal,"1-20, idle<=90",2026-10
727462110769416,3305835960,9,2026-09-28 20:00:00,2.0,0,Normal,"1-20, idle<=90",2026-10
728172084041992,3305836941,8,2026-09-29 23:00:00,1.0,0,Normal,"1-20, idle<=90",2026-10
727464142944514,3305855661,2,2026-09-29 22:00:00,1.0,0,Normal,"1-20, idle<=90",2026-10
761471575855366,3305872090,17,2026-09-26 21:30:00,4.0,0,Normal,"1-20, idle<=90",2026-10
736483899543814,3305878929,11,2026-09-23 22:00:00,7.0,0,Normal,"1-20, idle<=90",2026-10
739142535946502,3305888947,5,2026-09-29 20:00:00,1.0,0,Normal,"1-20, idle<=90",2026-10
732406576439560,3305898340,17,2026-09-26 19:00:00,4.0,0,Normal,"1-20, idle<=90",2026-10
746747363670280,3305966350,8,2026-09-28 21:00:00,2.0,0,Normal,"1-20, idle<=90",2026-10
746944821567752,3305966476,8,2026-09-29 21:30:00,1.0,0,Normal,"1-20, idle<=90",2026-10
731382516029704,3305987470,2,2026-09-29 21:00:00,1.0,0,Normal,"1-20, idle<=90",2026-10
734207417821446,3306006199,5,2026-09-15 18:00:00,15.0,0,Normal,"1-20, idle<=90",2026-10
770128618721544,3306044233,4,2026-09-26 21:00:00,4.0,0,Normal,"1-20, idle<=90",2026-10
753857370265858,3306053490,12,2026-09-27 22:30:00,3.0,0,Normal,"1-20, idle<=90",2026-10
747830804896002,3306059801,2,2026-09-12 21:00:00,18.0,0,Normal,"1-20, idle<=90",2026-10
748693225752834,3306074301,2,2026-09-08 21:00:00,22.0,0,Normal,"1-20, idle<=90",2026-10
743193275502854,3306175836,16,2026-09-28 17:30:00,2.0,0,Normal,"1-20, idle<=90",2026-10
732120858202374,3306188212,3,2026-09-27 12:00:00,3.0,0,Normal,"1-20, idle<=90",2026-10
736336143317250,3306198958,10,2026-09-28 18:00:00,2.0,0,Normal,"1-20, idle<=90",2026-10
758118577668360,3306226071,8,2026-09-29 21:30:00,1.0,0,Normal,"1-20, idle<=90",2026-10
735273596657922,3306255641,7,2026-09-29 21:30:00,1.0,0,Normal,"1-20, idle<=90",2026-10
733120134740230,3306269459,7,2026-09-28 21:00:00,2.0,0,Normal,"1-20, idle<=90",2026-10
735311478294786,3306287567,7,2026-09-29 21:30:00,1.0,0,Normal,"1-20, idle<=90",2026-10
731765456359688,3306363073,13,2026-09-27 21:00:00,3.0,0,Normal,"1-20, idle<=90",2026-10
750456077512962,3306363083,17,2026-09-16 21:30:00,14.0,0,Normal,"1-20, idle<=90",2026-10
728862898368774,3306386378,19,2026-09-19 20:00:00,11.0,0,Normal,"1-20, idle<=90",2026-10
749781247488262,3306411235,20,2026-09-28 21:30:00,2.0,0,Normal,"1-20, idle<=90",2026-10
728861141231880,3306469569,5,2026-09-26 02:30:00,4.0,0,Normal,"1-20, idle<=90",2026-10
733694063360262,3306479652,1,2026-09-24 21:00:00,6.0,0,Normal,"1-20, idle<=90",2026-10
752271233702146,3306540272,3,2026-09-27 10:00:00,3.0,0,Normal,"1-20, idle<=90",2026-10
729618072873218,3306594043,15,2026-09-28 19:30:00,2.0,0,Normal,"1-20, idle<=90",2026-10
732051021771014,3306628579,4,2026-09-28 21:00:00,2.0,0,Normal,"1-20, idle<=90",2026-10
754930339672322,3306645460,2,2026-09-27 20:00:00,3.0,0,Normal,"1-20, idle<=90",2026-10
742534087141638,3306706328,10,2026-09-29 17:30:00,1.0,0,Normal,"1-20, idle<=90",2026-10
732404632975618,3306757053,15,2026-09-26 18:30:00,4.0,0,Normal,"1-20, idle<=90",2026-10
730112344697090,3306790434,2,2026-09-25 23:30:00,5.0,0,Normal,"1-20, idle<=90",2026-10
755976188649730,3306800079,6,2026-09-27 10:00:00,3.0,0,Normal,"1-20, idle<=90",2026-10
769932066840834,3306875831,5,2026-09-27 09:00:00,3.0,0,Normal,"1-20, idle<=90",2026-10
731160020975878,3306941045,10,2026-09-26 17:00:00,4.0,0,Normal,"1-20, idle<=90",2026-10
743739842922754,3307038209,2,2026-09-17 21:00:00,13.0,0,Normal,"1-20, idle<=90",2026-10
732412082503942,3307039718,2,2026-09-29 21:00:00,1.0,0,Normal,"1-20, idle<=90",2026-10
731382138102022,3307072945,7,2026-09-28 22:00:00,2.0,0,Normal,"1-20, idle<=90",2026-10
733831603276034,3307109035,3,2026-09-14 11:00:00,16.0,0,Normal,"1-20, idle<=90",2026-10
740601441442054,3307113959,7,2026-09-29 21:30:00,1.0,0,Normal,"1-20, idle<=90",2026-10
731904965624070,3307116824,3,2026-09-28 23:00:00,2.0,0,Normal,"1-20, idle<=90",2026-10
732580791642376,3307126008,7,2026-08-06 20:30:00,55.0,1,Frozen,"1-20, idle<=90",2026-10
731934062817544,3307128547,4,2026-09-28 23:00:00,2.0,0,Normal,"1-20, idle<=90",2026-10
732790373693702,3307131022,2,2026-09-24 21:30:00,6.0,0,Normal,"1-20, idle<=90",2026-10
731867701483782,3307154749,8,2026-09-26 16:00:00,4.0,0,Normal,"1-20, idle<=90",2026-10
738061256659202,3307169316,5,2026-09-28 22:00:00,2.0,0,Normal,"1-20, idle<=90",2026-10
743592945291522,3307171530,20,2026-09-28 15:00:00,2.0,0,Normal,"1-20, idle<=90",2026-10
732615918778626,3307200803,13,2026-09-25 20:30:00,5.0,0,Normal,"1-20, idle<=90",2026-10
735272089594114,3307214807,4,2026-09-29 21:30:00,1.0,0,Normal,"1-20, idle<=90",2026-10
735962459146498,3307237949,13,2026-09-28 17:30:00,2.0,0,Normal,"1-20, idle<=90",2026-10
732104561873160,3307240175,5,2026-09-29 21:30:00,1.0,0,Normal,"1-20, idle<=90",2026-10
762728611950854,3307280243,15,2026-09-29 21:00:00,1.0,0,Normal,"1-20, idle<=90",2026-10
732483719061762,3307287823,2,2026-09-25 20:00:00,5.0,0,Normal,"1-20, idle<=90",2026-10
734882846218502,3307314378,2,2026-09-29 22:00:00,1.0,0,Normal,"1-20, idle<=90",2026-10
732933037306114,3307345268,7,2026-09-29 22:00:00,1.0,0,Normal,"1-20, idle<=90",2026-10
746797502048518,3307389514,1,2026-09-29 21:30:00,1.0,0,Normal,"1-20, idle<=90",2026-10
757567728374024,3307395489,5,2026-09-27 16:00:00,3.0,0,Normal,"1-20, idle<=90",2026-10
734178074732802,3307402203,15,2026-09-29 21:00:00,1.0,0,Normal,"1-20, idle<=90",2026-10
734178685481222,3307403644,2,2026-09-29 21:30:00,1.0,0,Normal,"1-20, idle<=90",2026-10
742698618757378,3307422443,1,2026-09-23 20:30:00,7.0,0,Normal,"1-20, idle<=90",2026-10
737359726022920,3307447967,12,2026-09-27 21:00:00,3.0,0,Normal,"1-20, idle<=90",2026-10
737725651503362,3307448513,7,2026-09-28 21:30:00,2.0,0,Normal,"1-20, idle<=90",2026-10
740209264836866,3307462976,9,2026-09-21 20:00:00,9.0,0,Normal,"1-20, idle<=90",2026-10
733644317552902,3307464577,1,2026-09-27 21:30:00,3.0,0,Normal,"1-20, idle<=90",2026-10
733025962021126,3307486283,3,2026-09-28 18:30:00,2.0,0,Normal,"1-20, idle<=90",2026-10
765845579749640,3307496357,18,2026-09-28 20:00:00,2.0,0,Normal,"1-20, idle<=90",2026-10
733996475533574,3307496676,1,2026-09-29 21:00:00,1.0,0,Normal,"1-20, idle<=90",2026-10
733872856310018,3307534016,7,2026-09-25 18:30:00,5.0,0,Normal,"1-20, idle<=90",2026-10
767124315449602,3307535174,20,2026-09-20 17:00:00,10.0,0,Normal,"1-20, idle<=90",2026-10
753893855680776,3307542974,19,2026-09-29 20:00:00,1.0,0,Normal,"1-20, idle<=90",2026-10
734073346281734,3307546206,16,2026-09-28 21:00:00,2.0,0,Normal,"1-20, idle<=90",2026-10
733993041889538,3307547281,6,2026-09-29 22:00:00,1.0,0,Normal,"1-20, idle<=90",2026-10
733126068386054,3307551479,13,2026-09-28 21:00:00,2.0,0,Normal,"1-20, idle<=90",2026-10
733317292577032,3307574232,5,2026-09-27 20:00:00,3.0,0,Normal,"1-20, idle<=90",2026-10
735409204371718,3307610742,3,2026-09-28 19:00:00,2.0,0,Normal,"1-20, idle<=90",2026-10
733161066031362,3307613022,11,2026-09-20 09:00:00,10.0,0,Normal,"1-20, idle<=90",2026-10
733642239056136,3307614840,3,2026-09-24 19:00:00,6.0,0,Normal,"1-20, idle<=90",2026-10
733995480029446,3307628769,3,2026-09-27 20:30:00,3.0,0,Normal,"1-20, idle<=90",2026-10
739537465555206,3307631938,6,2026-09-29 21:00:00,1.0,0,Normal,"1-20, idle<=90",2026-10
735287255546118,3307642962,10,2026-09-29 21:30:00,1.0,0,Normal,"1-20, idle<=90",2026-10
734385871524098,3307693536,7,2026-09-29 21:30:00,1.0,0,Normal,"1-20, idle<=90",2026-10
754512215857410,3307703078,2,2026-09-29 20:00:00,1.0,0,Normal,"1-20, idle<=90",2026-10
744300666589442,3307729617,6,2026-09-29 20:00:00,1.0,0,Normal,"1-20, idle<=90",2026-10
734073197652230,3307763734,13,2026-09-29 23:00:00,1.0,0,Normal,"1-20, idle<=90",2026-10
736310519550216,3307767997,12,2026-09-29 20:00:00,1.0,0,Normal,"1-20, idle<=90",2026-10
735131765451014,3307772791,5,2026-09-27 22:30:00,3.0,0,Normal,"1-20, idle<=90",2026-10
734029415221506,3307781944,6,2026-09-26 08:00:00,4.0,0,Normal,"1-20, idle<=90",2026-10
734208557263112,3307820525,2,2026-09-29 20:00:00,1.0,0,Normal,"1-20, idle<=90",2026-10
765845218670856,3307820544,18,2026-09-28 21:00:00,2.0,0,Normal,"1-20, idle<=90",2026-10
734895235977474,3307831234,3,2026-09-29 21:30:00,1.0,0,Normal,"1-20, idle<=90",2026-10
734347388506374,3307834921,1,2026-09-28 20:00:00,2.0,0,Normal,"1-20, idle<=90",2026-10
734071062939910,3307835988,6,2026-09-24 18:30:00,6.0,0,Normal,"1-20, idle<=90",2026-10
734785982601480,3307837265,4,2026-09-27 11:30:00,3.0,0,Normal,"1-20, idle<=90",2026-10
759176237517064,3307839789,9,2026-09-27 11:30:00,3.0,0,Normal,"1-20, idle<=90",2026-10
735267749517574,3307956239,10,2026-09-27 14:00:00,3.0,0,Normal,"1-20, idle<=90",2026-10
736513520070920,3308466343,10,2026-09-28 17:00:00,2.0,0,Normal,"1-20, idle<=90",2026-10
734940659761416,3308497919,2,2026-09-29 20:30:00,1.0,0,Normal,"1-20, idle<=90",2026-10
734541168904450,3308512196,6,2026-09-29 22:00:00,1.0,0,Normal,"1-20, idle<=90",2026-10
737977725976840,3308515323,16,2026-09-29 21:00:00,1.0,0,Normal,"1-20, idle<=90",2026-10
734941220038918,3308577629,2,2026-09-23 21:30:00,7.0,0,Normal,"1-20, idle<=90",2026-10
739354980272390,3308587065,3,2026-09-28 17:00:00,2.0,0,Normal,"1-20, idle<=90",2026-10
734906500380936,3308594662,8,2026-09-22 21:00:00,8.0,0,Normal,"1-20, idle<=90",2026-10
734362113915138,3308613841,7,2026-09-27 12:00:00,3.0,0,Normal,"1-20, idle<=90",2026-10
734878992920838,3308614312,4,2026-09-28 21:00:00,2.0,0,Normal,"1-20, idle<=90",2026-10
735591917605126,3308641822,2,2026-09-27 21:30:00,3.0,0,Normal,"1-20, idle<=90",2026-10
734613336897800,3308644532,6,2026-09-27 10:00:00,3.0,0,Normal,"1-20, idle<=90",2026-10
735593940338946,3308653535,4,2026-09-28 20:30:00,2.0,0,Normal,"1-20, idle<=90",2026-10
752443751377154,3308658986,1,2026-09-28 21:00:00,2.0,0,Normal,"1-20, idle<=90",2026-10
734878708029704,3308660560,5,2026-09-28 21:00:00,2.0,0,Normal,"1-20, idle<=90",2026-10
743777848127752,3308686614,13,2026-09-27 20:30:00,3.0,0,Normal,"1-20, idle<=90",2026-10
736657327556872,3308700085,1,2026-09-29 18:00:00,1.0,0,Normal,"1-20, idle<=90",2026-10
736642547206406,3308700243,3,2026-09-27 19:30:00,3.0,0,Normal,"1-20, idle<=90",2026-10
735286382213382,3308702204,2,2026-09-29 21:00:00,1.0,0,Normal,"1-20, idle<=90",2026-10
736000417222914,3308703595,9,2026-09-27 11:30:00,3.0,0,Normal,"1-20, idle<=90",2026-10
735647774257416,3308707419,1,2026-09-29 21:00:00,1.0,0,Normal,"1-20, idle<=90",2026-10
734939993979138,3308713066,10,2026-09-26 21:00:00,4.0,0,Normal,"1-20, idle<=90",2026-10
739180904073480,3308717837,6,2026-09-26 19:30:00,4.0,0,Normal,"1-20, idle<=90",2026-10
748539143536904,3308769860,20,2026-09-27 19:00:00,3.0,0,Normal,"1-20, idle<=90",2026-10
735818790283522,3308805751,2,2026-09-27 10:00:00,3.0,0,Normal,"1-20, idle<=90",2026-10
736120433473800,3308811476,7,2026-09-26 15:30:00,4.0,0,Normal,"1-20, idle<=90",2026-10
737954177134850,3308811872,10,2026-09-29 21:30:00,1.0,0,Normal,"1-20, idle<=90",2026-10
737371889309954,3308814750,16,2026-09-29 21:00:00,1.0,0,Normal,"1-20, idle<=90",2026-10
736031041104134,3308815783,4,2026-09-29 21:00:00,1.0,0,Normal,"1-20, idle<=90",2026-10
737746292283656,3308816445,4,2026-09-25 17:30:00,5.0,0,Normal,"1-20, idle<=90",2026-10
736736178565382,3308868749,5,2026-09-27 08:00:00,3.0,0,Normal,"1-20, idle<=90",2026-10
735423983599878,3308871072,2,2026-09-28 21:00:00,2.0,0,Normal,"1-20, idle<=90",2026-10
735424244769032,3308876070,3,2026-09-28 21:00:00,2.0,0,Normal,"1-20, idle<=90",2026-10
737731019761922,3308876387,4,2026-09-28 21:30:00,2.0,0,Normal,"1-20, idle<=90",2026-10
737590741104898,3308876841,7,2026-09-25 11:00:00,5.0,0,Normal,"1-20, idle<=90",2026-10
740187474342146,3308890094,14,2026-09-29 21:00:00,1.0,0,Normal,"1-20, idle<=90",2026-10
735111045947650,3308894032,13,2026-09-18 19:30:00,12.0,1,Frozen,"1-20, idle<=90",2026-10
735482322178310,3308901862,16,2026-09-28 23:30:00,2.0,0,Normal,"1-20, idle<=90",2026-10
735291540924680,3308914460,9,2026-09-29 21:00:00,1.0,0,Normal,"1-20, idle<=90",2026-10
753514354161926,3308922344,6,2026-09-29 20:30:00,1.0,0,Normal,"1-20, idle<=90",2026-10
740255650992392,3308922451,2,2026-09-29 18:30:00,1.0,0,Normal,"1-20, idle<=90",2026-10
746045692283144,3308930342,11,2026-09-28 21:00:00,2.0,0,Normal,"1-20, idle<=90",2026-10
735623736135944,3308934185,6,2026-09-29 20:00:00,1.0,0,Normal,"1-20, idle<=90",2026-10
736182098198792,3308935173,8,2026-09-13 21:00:00,17.0,1,Frozen,"1-20, idle<=90",2026-10
753521741957382,3308941021,2,2026-09-27 20:00:00,3.0,0,Normal,"1-20, idle<=90",2026-10
739140336398600,3308944833,7,2026-09-27 02:00:00,3.0,0,Normal,"1-20, idle<=90",2026-10
735649391857928,3308950038,7,2026-09-29 22:00:00,1.0,0,Normal,"1-20, idle<=90",2026-10
736167222409480,3308955599,11,2026-09-28 17:30:00,2.0,0,Normal,"1-20, idle<=90",2026-10
746621703504130,3308967220,1,2026-09-29 18:30:00,1.0,0,Normal,"1-20, idle<=90",2026-10
736736918436102,3308970971,6,2026-09-26 09:30:00,4.0,0,Normal,"1-20, idle<=90",2026-10
756660928534786,3308971023,4,2026-09-28 22:00:00,2.0,0,Normal,"1-20, idle<=90",2026-10
753822458044674,3308983157,1,2026-09-27 19:30:00,3.0,0,Normal,"1-20, idle<=90",2026-10
735824652144904,3309008819,2,2026-09-29 19:30:00,1.0,0,Normal,"1-20, idle<=90",2026-10
758096309164294,3309021854,6,2026-09-26 11:00:00,4.0,0,Normal,"1-20, idle<=90",2026-10
751561073154310,3309025116,4,2026-09-26 17:30:00,4.0,0,Normal,"1-20, idle<=90",2026-10
751368859451654,3309025936,17,2026-09-29 21:00:00,1.0,0,Normal,"1-20, idle<=90",2026-10
736126658468102,3309036743,7,2026-09-29 20:30:00,1.0,0,Normal,"1-20, idle<=90",2026-10
738601843699976,3309044418,12,2026-09-29 21:30:00,1.0,0,Normal,"1-20, idle<=90",2026-10
736336323819778,3309047442,2,2026-09-28 18:00:00,2.0,0,Normal,"1-20, idle<=90",2026-10
746037826451720,3309054460,5,2026-09-28 21:30:00,2.0,0,Normal,"1-20, idle<=90",2026-10
736181725282568,3309064549,1,2026-09-28 19:30:00,2.0,0,Normal,"1-20, idle<=90",2026-10
736335992070408,3309076007,14,2026-09-07 21:30:00,23.0,1,Frozen,"1-20, idle<=90",2026-10
736134540929282,3309082960,5,2026-09-29 22:00:00,1.0,0,Normal,"1-20, idle<=90",2026-10
736285029445896,3309083892,3,2026-09-23 11:30:00,7.0,0,Normal,"1-20, idle<=90",2026-10
739699921412354,3309084885,7,2026-09-24 21:30:00,6.0,0,Normal,"1-20, idle<=90",2026-10
736351765555458,3309087587,12,2026-09-24 22:00:00,6.0,0,Normal,"1-20, idle<=90",2026-10
736472555858184,3309089011,16,2026-09-04 20:00:00,26.0,0,Normal,"1-20, idle<=90",2026-10
740952348147974,3309089688,7,2026-09-29 21:00:00,1.0,0,Normal,"1-20, idle<=90",2026-10
736201506763014,3309098653,13,2026-09-28 21:30:00,2.0,0,Normal,"1-20, idle<=90",2026-10
737076706949378,3309112230,5,2026-09-26 14:30:00,4.0,0,Normal,"1-20, idle<=90",2026-10
736883563575560,3309143391,4,2026-09-28 21:30:00,2.0,0,Normal,"1-20, idle<=90",2026-10
737886825117960,3309146195,5,2026-09-25 20:00:00,5.0,0,Normal,"1-20, idle<=90",2026-10
736708520388870,3309155161,8,2026-09-27 21:30:00,3.0,0,Normal,"1-20, idle<=90",2026-10
737588302305538,3309170900,11,2026-09-29 21:00:00,1.0,0,Normal,"1-20, idle<=90",2026-10
745491573500162,3309194662,17,2026-09-29 21:00:00,1.0,0,Normal,"1-20, idle<=90",2026-10
736480203305222,3309200904,3,2026-09-29 20:00:00,1.0,0,Normal,"1-20, idle<=90",2026-10
738609131614466,3309216219,8,2026-09-27 10:00:00,3.0,0,Normal,"1-20, idle<=90",2026-10
737931506436360,3309218099,4,2026-09-29 22:00:00,1.0,0,Normal,"1-20, idle<=90",2026-10
736710786588936,3309226516,4,2026-09-29 22:00:00,1.0,0,Normal,"1-20, idle<=90",2026-10
737590357926150,3309227020,7,2026-09-28 21:00:00,2.0,0,Normal,"1-20, idle<=90",2026-10
738431677434120,3309233669,19,2026-09-17 21:00:00,13.0,0,Normal,"1-20, idle<=90",2026-10
736665445163270,3309245737,2,2026-09-26 22:00:00,4.0,0,Normal,"1-20, idle<=90",2026-10
736339150795010,3309246126,4,2026-09-28 21:30:00,2.0,0,Normal,"1-20, idle<=90",2026-10
736525145895170,3309265215,1,2026-09-29 22:00:00,1.0,0,Normal,"1-20, idle<=90",2026-10
758992092240136,3309271094,12,2026-09-27 19:00:00,3.0,0,Normal,"1-20, idle<=90",2026-10
763059006771462,3309271098,18,2026-09-23 21:30:00,7.0,0,Normal,"1-20, idle<=90",2026-10
737592981760264,3309280832,6,2026-09-28 17:30:00,2.0,0,Normal,"1-20, idle<=90",2026-10
737000821750022,3309281200,4,2026-09-29 20:30:00,1.0,0,Normal,"1-20, idle<=90",2026-10
737567345176834,3309285127,6,2026-09-28 20:30:00,2.0,0,Normal,"1-20, idle<=90",2026-10
739838825115906,3309291954,8,2026-09-24 21:00:00,6.0,0,Normal,"1-20, idle<=90",2026-10
737395624444162,3309295065,5,2026-08-14 21:00:00,47.0,1,Frozen,"1-20, idle<=90",2026-10
737719730235654,3309300441,6,2026-09-23 18:00:00,7.0,0,Normal,"1-20, idle<=90",2026-10
737395303780610,3309316452,7,2026-09-27 10:00:00,3.0,0,Normal,"1-20, idle<=90",2026-10
740552982159622,3309325576,14,2026-09-28 16:00:00,2.0,0,Normal,"1-20, idle<=90",2026-10
754384801097990,3309325583,8,2026-09-09 19:30:00,21.0,1,Frozen,"1-20, idle<=90",2026-10
736826772424962,3309336140,2,2026-09-29 20:00:00,1.0,0,Normal,"1-20, idle<=90",2026-10
738833083586822,3309339948,3,2026-09-28 21:00:00,2.0,0,Normal,"1-20, idle<=90",2026-10
736887080083720,3309342159,8,2026-09-25 22:30:00,5.0,0,Normal,"1-20, idle<=90",2026-10
737748404842754,3309362350,13,2026-09-29 21:30:00,1.0,0,Normal,"1-20, idle<=90",2026-10
737757638168834,3309368046,6,2026-09-29 21:30:00,1.0,0,Normal,"1-20, idle<=90",2026-10
740071650298114,3309369560,9,2026-09-28 21:30:00,2.0,0,Normal,"1-20, idle<=90",2026-10
754219056767240,3309379214,1,2026-09-29 20:30:00,1.0,0,Normal,"1-20, idle<=90",2026-10
737929053606150,3309397312,1,2026-09-25 21:00:00,5.0,0,Normal,"1-20, idle<=90",2026-10
760953646426370,3309414666,10,2026-09-25 19:30:00,5.0,0,Normal,"1-20, idle<=90",2026-10
755450722038024,3309429303,7,2026-09-29 21:00:00,1.0,0,Normal,"1-20, idle<=90",2026-10
738102984907010,3309429327,12,2026-09-29 21:30:00,1.0,0,Normal,"1-20, idle<=90",2026-10
744482357291272,3309446213,18,2026-09-25 20:00:00,5.0,0,Normal,"1-20, idle<=90",2026-10
738654761584898,3309452373,12,2026-09-29 20:00:00,1.0,0,Normal,"1-20, idle<=90",2026-10
739889306497288,3309455021,9,2026-09-29 21:30:00,1.0,0,Normal,"1-20, idle<=90",2026-10
752819868840200,3309459471,5,2026-09-28 19:30:00,2.0,0,Normal,"1-20, idle<=90",2026-10
737719951005958,3309474291,4,2026-09-29 18:30:00,1.0,0,Normal,"1-20, idle<=90",2026-10
738073746532610,3309476269,18,2026-09-25 20:30:00,5.0,0,Normal,"1-20, idle<=90",2026-10
737628797477128,3309478411,12,2026-09-27 13:30:00,3.0,0,Normal,"1-20, idle<=90",2026-10
747831306152198,3309478735,20,2026-09-25 21:30:00,5.0,0,Normal,"1-20, idle<=90",2026-10
737897993478408,3309509227,7,2026-09-29 18:00:00,1.0,0,Normal,"1-20, idle<=90",2026-10
737892872364296,3309518193,5,2026-09-27 21:30:00,3.0,0,Normal,"1-20, idle<=90",2026-10
743786951950598,3309520450,16,2026-09-26 20:00:00,4.0,0,Normal,"1-20, idle<=90",2026-10
738599293524226,3309523174,5,2026-09-29 21:00:00,1.0,0,Normal,"1-20, idle<=90",2026-10
739301259020552,3309527550,15,2026-09-26 19:00:00,4.0,0,Normal,"1-20, idle<=90",2026-10
748328652601602,3309549687,4,2026-09-25 20:00:00,5.0,0,Normal,"1-20, idle<=90",2026-10
739166519007494,3309550126,5,2026-09-28 19:30:00,2.0,0,Normal,"1-20, idle<=90",2026-10
757371088699654,3309553027,12,2026-09-27 21:00:00,3.0,0,Normal,"1-20, idle<=90",2026-10
739536362467586,3309554879,9,2026-09-29 19:00:00,1.0,0,Normal,"1-20, idle<=90",2026-10
738440914026758,3309562410,4,2026-09-29 21:00:00,1.0,0,Normal,"1-20, idle<=90",2026-10
746561679296770,3309562633,11,2026-09-29 20:30:00,1.0,0,Normal,"1-20, idle<=90",2026-10
738612137273602,3309582476,12,2026-09-28 16:00:00,2.0,0,Normal,"1-20, idle<=90",2026-10
737889700788488,3309591496,5,2026-09-29 21:30:00,1.0,0,Normal,"1-20, idle<=90",2026-10
737721702379778,3309593345,1,2026-09-21 19:30:00,9.0,0,Normal,"1-20, idle<=90",2026-10
737753095960838,3309594207,4,2026-09-29 17:30:00,1.0,0,Normal,"1-20, idle<=90",2026-10
744976167991558,3309601916,6,2026-09-28 21:00:00,2.0,0,Normal,"1-20, idle<=90",2026-10
739309905172744,3309606738,6,2026-09-26 14:00:00,4.0,0,Normal,"1-20, idle<=90",2026-10
738647888865542,3309608398,7,2026-09-25 22:00:00,5.0,0,Normal,"1-20, idle<=90",2026-10
738613283459336,3309614503,8,2026-09-20 14:30:00,10.0,0,Normal,"1-20, idle<=90",2026-10
743557564100872,3309627769,14,2026-09-29 19:00:00,1.0,0,Normal,"1-20, idle<=90",2026-10
748726070407432,3309699698,7,2026-09-29 18:00:00,1.0,0,Normal,"1-20, idle<=90",2026-10
738321689065730,3309701429,4,2026-09-29 21:00:00,1.0,0,Normal,"1-20, idle<=90",2026-10
739216906045704,3309702291,14,2026-09-29 21:30:00,1.0,0,Normal,"1-20, idle<=90",2026-10
739732172134662,3309705225,9,2026-09-25 21:30:00,5.0,0,Normal,"1-20, idle<=90",2026-10
738610763116806,3309706317,6,2026-09-27 20:00:00,3.0,0,Normal,"1-20, idle<=90",2026-10
738825731088648,3309739544,6,2026-09-29 21:00:00,1.0,0,Normal,"1-20, idle<=90",2026-10
738654471676168,3309755801,6,2026-09-27 21:30:00,3.0,0,Normal,"1-20, idle<=90",2026-10
739139975794952,3309762454,11,2026-09-25 21:30:00,5.0,0,Normal,"1-20, idle<=90",2026-10
741070107330822,3309769181,12,2026-09-28 21:00:00,2.0,0,Normal,"1-20, idle<=90",2026-10
739885236195592,3309779201,7,2026-09-25 21:00:00,5.0,0,Normal,"1-20, idle<=90",2026-10
756116413487362,3309791677,10,2026-09-29 19:30:00,1.0,0,Normal,"1-20, idle<=90",2026-10
743738786550024,3309811948,14,2026-09-28 21:30:00,2.0,0,Normal,"1-20, idle<=90",2026-10
740401466677506,3309819273,16,2026-09-27 18:00:00,3.0,0,Normal,"1-20, idle<=90",2026-10
739300732193026,3309825694,12,2026-09-24 22:30:00,6.0,0,Normal,"1-20, idle<=90",2026-10
739167193925896,3309832195,5,2026-09-25 22:30:00,5.0,0,Normal,"1-20, idle<=90",2026-10
762339258327298,3309832215,15,2026-09-29 20:30:00,1.0,0,Normal,"1-20, idle<=90",2026-10
739879089035522,3309832236,5,2026-09-28 21:00:00,2.0,0,Normal,"1-20, idle<=90",2026-10
758444775268616,3309865733,11,2026-09-25 12:30:00,5.0,0,Normal,"1-20, idle<=90",2026-10
756818004263176,3309871496,5,2026-09-27 11:00:00,3.0,0,Normal,"1-20, idle<=90",2026-10
738809558216966,3309874404,7,2026-09-27 18:30:00,3.0,0,Normal,"1-20, idle<=90",2026-10
743572689674498,3309877523,5,2026-09-26 11:00:00,4.0,0,Normal,"1-20, idle<=90",2026-10
754036814639366,3309886826,8,2026-08-20 18:00:00,41.0,1,Frozen,"1-20, idle<=90",2026-10
753323716935944,3309898320,1,2026-09-26 22:00:00,4.0,0,Normal,"1-20, idle<=90",2026-10
744086376478982,3309917223,16,2026-09-29 19:00:00,1.0,0,Normal,"1-20, idle<=90",2026-10
739322523468040,3309925821,16,2026-09-29 19:00:00,1.0,0,Normal,"1-20, idle<=90",2026-10
738993261431046,3309929517,17,2026-09-28 21:00:00,2.0,0,Normal,"1-20, idle<=90",2026-10
760895527667976,3309932815,11,2026-09-29 21:00:00,1.0,0,Normal,"1-20, idle<=90",2026-10
739134695282946,3309946157,7,2026-09-23 21:30:00,7.0,0,Normal,"1-20, idle<=90",2026-10
739535570665734,3309955975,5,2026-09-28 21:30:00,2.0,0,Normal,"1-20, idle<=90",2026-10
739538071990536,3309963787,5,2026-09-17 19:00:00,13.0,0,Normal,"1-20, idle<=90",2026-10
741781821466888,3309966273,7,2026-09-28 16:30:00,2.0,0,Normal,"1-20, idle<=90",2026-10
748165738096902,3309966738,18,2026-09-29 21:00:00,1.0,0,Normal,"1-20, idle<=90",2026-10
747441455264006,3309990940,16,2026-09-29 21:30:00,1.0,0,Normal,"1-20, idle<=90",2026-10
739303921432840,3309998986,2,2026-09-28 21:30:00,2.0,0,Normal,"1-20, idle<=90",2026-10
741081861634310,3310025847,9,2026-09-28 21:00:00,2.0,0,Normal,"1-20, idle<=90",2026-10
740413539692802,3310053845,5,2026-09-19 16:00:00,11.0,0,Normal,"1-20, idle<=90",2026-10
740251895132418,3310053881,11,2026-09-27 21:00:00,3.0,0,Normal,"1-20, idle<=90",2026-10
740043058999554,3310057338,14,2026-09-24 20:00:00,6.0,0,Normal,"1-20, idle<=90",2026-10
740714779711750,3310067534,8,2026-09-25 21:00:00,5.0,0,Normal,"1-20, idle<=90",2026-10
741125127547138,3310072183,8,2026-09-29 21:00:00,1.0,0,Normal,"1-20, idle<=90",2026-10
751224055134472,3310104330,11,2026-09-23 18:30:00,7.0,0,Normal,"1-20, idle<=90",2026-10
756202572390662,3310104378,5,2026-09-29 20:00:00,1.0,0,Normal,"1-20, idle<=90",2026-10
743574299676934,3310108185,3,2026-09-29 22:00:00,1.0,0,Normal,"1-20, idle<=90",2026-10
740366214531334,3310112458,7,2026-09-29 18:30:00,1.0,0,Normal,"1-20, idle<=90",2026-10
740938522353928,3310122402,9,2026-09-27 22:30:00,3.0,0,Normal,"1-20, idle<=90",2026-10
753853285650694,3310148157,1,2026-09-25 21:30:00,5.0,0,Normal,"1-20, idle<=90",2026-10
741081329850630,3310150111,8,2026-09-29 21:00:00,1.0,0,Normal,"1-20, idle<=90",2026-10
740222975768838,3310152540,7,2026-09-26 10:30:00,4.0,0,Normal,"1-20, idle<=90",2026-10
748686735165698,3310156642,19,2026-09-27 15:00:00,3.0,0,Normal,"1-20, idle<=90",2026-10
752582189998344,3310176302,9,2026-09-26 20:00:00,4.0,0,Normal,"1-20, idle<=90",2026-10
740011075580168,3310191876,3,2026-09-19 22:00:00,11.0,0,Normal,"1-20, idle<=90",2026-10
740717770152194,3310199553,6,2026-09-29 20:30:00,1.0,0,Normal,"1-20, idle<=90",2026-10
746254010872066,3310217039,8,2026-09-29 21:00:00,1.0,0,Normal,"1-20, idle<=90",2026-10
770106269890822,3310252025,7,2026-09-28 16:30:00,2.0,0,Normal,"1-20, idle<=90",2026-10
741110553223430,3310262209,10,2026-09-29 18:00:00,1.0,0,Normal,"1-20, idle<=90",2026-10
740422670973186,3310262252,8,2026-09-28 19:00:00,2.0,0,Normal,"1-20, idle<=90",2026-10
740737110001926,3310299322,11,2026-09-29 21:30:00,1.0,0,Normal,"1-20, idle<=90",2026-10
744975637842182,3310311843,17,2026-09-25 23:00:00,5.0,0,Normal,"1-20, idle<=90",2026-10
740606489876738,3310313420,12,2026-09-27 20:30:00,3.0,0,Normal,"1-20, idle<=90",2026-10
743604032758024,3310314777,20,2026-09-27 10:00:00,3.0,0,Normal,"1-20, idle<=90",2026-10
741510508157192,3310346495,14,2026-09-25 19:00:00,5.0,0,Normal,"1-20, idle<=90",2026-10
743904996917506,3310363910,18,2026-09-28 21:30:00,2.0,0,Normal,"1-20, idle<=90",2026-10
741487194050824,3310375380,11,2026-09-29 19:30:00,1.0,0,Normal,"1-20, idle<=90",2026-10
757618740185350,3310385991,12,2026-09-27 21:30:00,3.0,0,Normal,"1-20, idle<=90",2026-10
742020290695432,3310404421,6,2026-09-28 18:30:00,2.0,0,Normal,"1-20, idle<=90",2026-10
741082340692232,3310405619,8,2026-09-28 15:30:00,2.0,0,Normal,"1-20, idle<=90",2026-10
742701661624584,3310426211,10,2026-09-27 19:00:00,3.0,0,Normal,"1-20, idle<=90",2026-10
741302263847174,3310476839,16,2026-09-29 21:00:00,1.0,0,Normal,"1-20, idle<=90",2026-10
743604236062978,3310478184,14,2026-09-29 21:00:00,1.0,0,Normal,"1-20, idle<=90",2026-10
744799352908040,3310479743,11,2026-09-27 21:30:00,3.0,0,Normal,"1-20, idle<=90",2026-10
742695389716744,3310484642,12,2026-09-27 08:30:00,3.0,0,Normal,"1-20, idle<=90",2026-10
741797530689800,3310485745,14,2026-09-26 17:30:00,4.0,0,Normal,"1-20, idle<=90",2026-10
746219885986054,3310486815,18,2026-09-24 21:30:00,6.0,0,Normal,"1-20, idle<=90",2026-10
741301060579592,3310490466,14,2026-09-29 21:00:00,1.0,0,Normal,"1-20, idle<=90",2026-10
741459160895752,3310490475,11,2026-09-26 21:00:00,4.0,0,Normal,"1-20, idle<=90",2026-10
762012370641158,3310493741,16,2026-09-27 21:30:00,3.0,0,Normal,"1-20, idle<=90",2026-10
741646577254658,3310505888,19,2026-09-27 18:30:00,3.0,0,Normal,"1-20, idle<=90",2026-10
741427357585672,3310508160,8,2026-09-29 21:00:00,1.0,0,Normal,"1-20, idle<=90",2026-10
741638681340168,3310515386,1,2026-09-26 18:00:00,4.0,0,Normal,"1-20, idle<=90",2026-10
745328269138182,3310573232,18,2026-09-28 21:30:00,2.0,0,Normal,"1-20, idle<=90",2026-10
741822452979976,3310577777,12,2026-09-25 21:30:00,5.0,0,Normal,"1-20, idle<=90",2026-10
746917420953862,3310583145,13,2026-09-28 20:30:00,2.0,0,Normal,"1-20, idle<=90",2026-10
741837409839368,3310583166,14,2026-09-20 20:00:00,10.0,0,Normal,"1-20, idle<=90",2026-10
741491207631110,3310588272,11,2026-09-26 18:00:00,4.0,0,Normal,"1-20, idle<=90",2026-10
743735425097986,3310593198,19,2026-09-24 22:30:00,6.0,0,Normal,"1-20, idle<=90",2026-10
741674428911874,3310597568,6,2026-09-27 10:30:00,3.0,0,Normal,"1-20, idle<=90",2026-10
742696815771912,3310610982,5,2026-09-29 21:30:00,1.0,0,Normal,"1-20, idle<=90",2026-10
760271705559304,3310611007,11,2026-09-28 21:30:00,2.0,0,Normal,"1-20, idle<=90",2026-10
747327859470600,3310614447,4,2026-09-28 21:00:00,2.0,0,Normal,"1-20, idle<=90",2026-10
745494219620610,3310615380,18,2026-09-27 21:00:00,3.0,0,Normal,"1-20, idle<=90",2026-10
742712577683714,3310619683,19,2026-09-25 22:30:00,5.0,0,Normal,"1-20, idle<=90",2026-10
742595425116422,3310620964,11,2026-09-27 22:00:00,3.0,0,Normal,"1-20, idle<=90",2026-10
742314910976262,3310629476,19,2026-09-29 21:30:00,1.0,0,Normal,"1-20, idle<=90",2026-10
742704818051334,3310629888,16,2026-09-26 19:00:00,4.0,0,Normal,"1-20, idle<=90",2026-10
742719738124552,3310630928,15,2026-09-25 23:30:00,5.0,0,Normal,"1-20, idle<=90",2026-10
762169277974786,3310632191,14,2026-09-27 17:00:00,3.0,0,Normal,"1-20, idle<=90",2026-10
742773762615554,3310651075,19,2026-09-04 22:00:00,26.0,0,Normal,"1-20, idle<=90",2026-10
745143156498690,3310676174,6,2026-09-29 19:00:00,1.0,0,Normal,"1-20, idle<=90",2026-10
746609231657222,3310710200,18,2026-09-27 16:30:00,3.0,0,Normal,"1-20, idle<=90",2026-10
742700403511558,3310710260,9,2026-08-24 20:30:00,37.0,1,Frozen,"1-20, idle<=90",2026-10
743739009984776,3310712174,14,2026-09-28 20:30:00,2.0,0,Normal,"1-20, idle<=90",2026-10
743192582580488,3310765727,15,2026-09-29 18:30:00,1.0,0,Normal,"1-20, idle<=90",2026-10
743734146449672,3310789634,13,2026-09-29 19:30:00,1.0,0,Normal,"1-20, idle<=90",2026-10
742773142429960,3310790709,9,2026-09-29 16:30:00,1.0,0,Normal,"1-20, idle<=90",2026-10
743548221257990,3310841269,20,2026-09-28 22:00:00,2.0,0,Normal,"1-20, idle<=90",2026-10
743589315772680,3310848413,11,2026-09-28 21:30:00,2.0,0,Normal,"1-20, idle<=90",2026-10
742698902184200,3310855092,15,2026-09-29 21:00:00,1.0,0,Normal,"1-20, idle<=90",2026-10
743772097417480,3310871114,17,2026-09-28 23:30:00,2.0,0,Normal,"1-20, idle<=90",2026-10
754699576287490,3310874670,2,2026-09-29 21:00:00,1.0,0,Normal,"1-20, idle<=90",2026-10
743992876613896,3310918016,19,2026-09-29 20:30:00,1.0,0,Normal,"1-20, idle<=90",2026-10
744090502189318,3310943317,16,2026-09-28 20:00:00,2.0,0,Normal,"1-20, idle<=90",2026-10
743919420901640,3310991318,12,2026-09-26 19:00:00,4.0,0,Normal,"1-20, idle<=90",2026-10
759835210440962,3310991895,12,2026-09-25 20:00:00,5.0,0,Normal,"1-20, idle<=90",2026-10
744838955970818,3310991910,14,2026-09-29 21:00:00,1.0,0,Normal,"1-20, idle<=90",2026-10
743960979665154,3311032514,3,2026-09-29 22:30:00,1.0,0,Normal,"1-20, idle<=90",2026-10
744795147677958,3311037556,18,2026-09-29 20:30:00,1.0,0,Normal,"1-20, idle<=90",2026-10
744628543138050,3311046085,15,2026-09-26 19:00:00,4.0,0,Normal,"1-20, idle<=90",2026-10
744316345368834,3311059704,14,2026-09-25 19:00:00,5.0,0,Normal,"1-20, idle<=90",2026-10
745492905036040,3311063583,16,2026-09-27 11:00:00,3.0,0,Normal,"1-20, idle<=90",2026-10
747982391447810,3311069834,18,2026-09-29 19:00:00,1.0,0,Normal,"1-20, idle<=90",2026-10
744793204125954,3311083394,20,2026-09-26 11:30:00,4.0,0,Normal,"1-20, idle<=90",2026-10
747814404014342,3311084949,13,2026-09-27 22:00:00,3.0,0,Normal,"1-20, idle<=90",2026-10
758078252185858,3311094950,15,2026-09-25 21:00:00,5.0,0,Normal,"1-20, idle<=90",2026-10
745216927121670,3311095926,16,2026-09-25 20:00:00,5.0,0,Normal,"1-20, idle<=90",2026-10
745029569114370,3311099197,16,2026-09-27 20:30:00,3.0,0,Normal,"1-20, idle<=90",2026-10
746045493756162,3311103962,19,2026-09-28 10:00:00,2.0,0,Normal,"1-20, idle<=90",2026-10
744474455359746,3311114137,19,2026-09-29 22:00:00,1.0,0,Normal,"1-20, idle<=90",2026-10
747304917307656,3311118484,1,2026-09-28 21:00:00,2.0,0,Normal,"1-20, idle<=90",2026-10
744795913367814,3311131710,15,2026-09-29 21:00:00,1.0,0,Normal,"1-20, idle<=90",2026-10
744483938887942,3311136959,2,2026-09-28 21:30:00,2.0,0,Normal,"1-20, idle<=90",2026-10
744691837815048,3311139846,17,2026-09-29 00:00:00,2.0,0,Normal,"1-20, idle<=90",2026-10
744300518457606,3311140212,17,2026-09-29 20:30:00,1.0,0,Normal,"1-20, idle<=90",2026-10
744300137687298,3311188064,20,2026-09-28 20:00:00,2.0,0,Normal,"1-20, idle<=90",2026-10
745193440784642,3311189485,17,2026-09-25 21:00:00,5.0,0,Normal,"1-20, idle<=90",2026-10
748538909446408,3311195799,2,2026-09-28 19:00:00,2.0,0,Normal,"1-20, idle<=90",2026-10
745007452367112,3311199404,14,2026-09-26 21:30:00,4.0,0,Normal,"1-20, idle<=90",2026-10
745005458153736,3311228446,8,2026-09-29 20:00:00,1.0,0,Normal,"1-20, idle<=90",2026-10
744801604423942,3311232054,11,2026-09-25 16:30:00,5.0,0,Normal,"1-20, idle<=90",2026-10
744441111519490,3311237585,17,2026-09-25 19:30:00,5.0,0,Normal,"1-20, idle<=90",2026-10
744794556115206,3311243834,6,2026-09-25 19:30:00,5.0,0,Normal,"1-20, idle<=90",2026-10
745354612951302,3311279407,16,2026-09-28 21:00:00,2.0,0,Normal,"1-20, idle<=90",2026-10
745313104484614,3311287650,7,2026-09-25 22:00:00,5.0,0,Normal,"1-20, idle<=90",2026-10
746967308323074,3311352770,8,2026-09-28 21:00:00,2.0,0,Normal,"1-20, idle<=90",2026-10
745731296833794,3311356153,1,2026-09-26 23:30:00,4.0,0,Normal,"1-20, idle<=90",2026-10
750699262660872,3311363080,18,2026-09-28 21:00:00,2.0,0,Normal,"1-20, idle<=90",2026-10
745001175779586,3311366847,11,2026-09-28 21:00:00,2.0,0,Normal,"1-20, idle<=90",2026-10
745141265883394,3311376451,16,2026-09-27 22:00:00,3.0,0,Normal,"1-20, idle<=90",2026-10
746566204440838,3311378931,14,2026-09-28 22:30:00,2.0,0,Normal,"1-20, idle<=90",2026-10
763590623949062,3311379165,17,2026-09-25 18:00:00,5.0,0,Normal,"1-20, idle<=90",2026-10
746565548718338,3311418013,18,2026-09-29 21:00:00,1.0,0,Normal,"1-20, idle<=90",2026-10
745364850761990,3311449575,11,2026-09-22 21:00:00,8.0,0,Normal,"1-20, idle<=90",2026-10
765889721710856,3311450125,19,2026-09-29 21:30:00,1.0,0,Normal,"1-20, idle<=90",2026-10
746061053012232,3311490112,20,2026-09-29 21:00:00,1.0,0,Normal,"1-20, idle<=90",2026-10
746593008351490,3311538332,15,2026-09-28 20:30:00,2.0,0,Normal,"1-20, idle<=90",2026-10
746038607821062,3311542483,10,2026-09-29 20:30:00,1.0,0,Normal,"1-20, idle<=90",2026-10
746094321459464,3311543368,17,2026-09-29 22:00:00,1.0,0,Normal,"1-20, idle<=90",2026-10
746563402051842,3311543560,20,2026-09-23 18:30:00,7.0,0,Normal,"1-20, idle<=90",2026-10
747321698988294,3311579219,19,2026-09-26 18:00:00,4.0,0,Normal,"1-20, idle<=90",2026-10
746769425774850,3311585382,9,2026-09-26 11:00:00,4.0,0,Normal,"1-20, idle<=90",2026-10
746038859688194,3311594425,5,2026-09-28 22:00:00,2.0,0,Normal,"1-20, idle<=90",2026-10
747811564779782,3311604603,19,2026-09-28 19:00:00,2.0,0,Normal,"1-20, idle<=90",2026-10
748694669500680,3311648049,15,2026-09-28 22:00:00,2.0,0,Normal,"1-20, idle<=90",2026-10
747696150059266,3311676901,15,2026-09-27 21:00:00,3.0,0,Normal,"1-20, idle<=90",2026-10
746420275472646,3311681555,15,2026-09-28 21:00:00,2.0,0,Normal,"1-20, idle<=90",2026-10
761850640720130,3311683861,15,2026-09-28 21:00:00,2.0,0,Normal,"1-20, idle<=90",2026-10
747263220578562,3311687434,16,2026-09-28 19:00:00,2.0,0,Normal,"1-20, idle<=90",2026-10
746378297551106,3311716270,15,2026-09-26 09:30:00,4.0,0,Normal,"1-20, idle<=90",2026-10
746593910931718,3311719439,18,2026-09-29 19:00:00,1.0,0,Normal,"1-20, idle<=90",2026-10
759159049271560,3311721769,3,2026-09-29 22:00:00,1.0,0,Normal,"1-20, idle<=90",2026-10
761304948312328,3311728025,13,2026-09-28 19:30:00,2.0,0,Normal,"1-20, idle<=90",2026-10
748547944020232,3311728034,19,2026-09-27 21:00:00,3.0,0,Normal,"1-20, idle<=90",2026-10
747666800140552,3311771387,14,2026-09-27 13:00:00,3.0,0,Normal,"1-20, idle<=90",2026-10
746421669361926,3311781820,18,2026-09-28 21:30:00,2.0,0,Normal,"1-20, idle<=90",2026-10
747499917330696,3311814970,19,2026-09-27 20:00:00,3.0,0,Normal,"1-20, idle<=90",2026-10
747269873574146,3311826914,19,2026-09-25 21:30:00,5.0,0,Normal,"1-20, idle<=90",2026-10
751766985974018,3311857443,14,2026-09-27 16:00:00,3.0,0,Normal,"1-20, idle<=90",2026-10
747276197187846,3311857943,20,2026-09-28 16:30:00,2.0,0,Normal,"1-20, idle<=90",2026-10
747488116939010,3311864598,18,2026-09-25 21:30:00,5.0,0,Normal,"1-20, idle<=90",2026-10
746967926771974,3311866426,19,2026-09-26 20:30:00,4.0,0,Normal,"1-20, idle<=90",2026-10
748150278768904,3311876935,19,2026-09-29 19:00:00,1.0,0,Normal,"1-20, idle<=90",2026-10
746977776032006,3311880675,17,2026-09-25 18:00:00,5.0,0,Normal,"1-20, idle<=90",2026-10
756679152070914,3311902795,9,2026-09-28 20:30:00,2.0,0,Normal,"1-20, idle<=90",2026-10
747634959083778,3311918781,19,2026-09-29 20:30:00,1.0,0,Normal,"1-20, idle<=90",2026-10
747628957135106,3311986119,17,2026-09-29 21:00:00,1.0,0,Normal,"1-20, idle<=90",2026-10
747680985473288,3311993190,19,2026-09-28 21:30:00,2.0,0,Normal,"1-20, idle<=90",2026-10
751040856594696,3312001983,1,2026-09-24 22:00:00,6.0,0,Normal,"1-20, idle<=90",2026-10
747845043974406,3312003414,18,2026-09-28 21:30:00,2.0,0,Normal,"1-20, idle<=90",2026-10
759842286047494,3312028060,11,2026-09-28 22:00:00,2.0,0,Normal,"1-20, idle<=90",2026-10
748163370682632,3312035331,13,2026-09-26 16:00:00,4.0,0,Normal,"1-20, idle<=90",2026-10
752433182042376,3312035381,8,2026-09-29 22:30:00,1.0,0,Normal,"1-20, idle<=90",2026-10
749054428682504,3312036913,15,2026-09-28 22:00:00,2.0,0,Normal,"1-20, idle<=90",2026-10
749807290661122,3312036974,13,2026-09-29 21:30:00,1.0,0,Normal,"1-20, idle<=90",2026-10
748013853608200,3312048610,18,2026-09-23 21:30:00,7.0,0,Normal,"1-20, idle<=90",2026-10
750282814845186,3312050601,10,2026-09-28 20:30:00,2.0,0,Normal,"1-20, idle<=90",2026-10
759835395313922,3312054911,10,2026-09-26 22:00:00,4.0,0,Normal,"1-20, idle<=90",2026-10
759140033030406,3312055947,19,2026-09-28 21:30:00,2.0,0,Normal,"1-20, idle<=90",2026-10
748677133254918,3312061319,15,2026-09-27 15:00:00,3.0,0,Normal,"1-20, idle<=90",2026-10
748912412125442,3312083215,16,2026-09-27 08:00:00,3.0,0,Normal,"1-20, idle<=90",2026-10
748559684964616,3312091057,14,2026-09-26 11:30:00,4.0,0,Normal,"1-20, idle<=90",2026-10
748507003840776,3312127657,20,2026-09-28 17:00:00,2.0,0,Normal,"1-20, idle<=90",2026-10
748213511997698,3312135925,17,2026-09-29 20:30:00,1.0,0,Normal,"1-20, idle<=90",2026-10
753861383975174,3312144818,2,2026-09-03 21:30:00,27.0,0,Normal,"1-20, idle<=90",2026-10
764095555741960,3312145593,19,2026-09-27 11:00:00,3.0,0,Normal,"1-20, idle<=90",2026-10
750515857881346,3312165480,20,2026-09-29 21:30:00,1.0,0,Normal,"1-20, idle<=90",2026-10
753164976912646,3312172253,4,2026-09-27 22:30:00,3.0,0,Normal,"1-20, idle<=90",2026-10
748510109272328,3312172635,18,2026-09-29 22:00:00,1.0,0,Normal,"1-20, idle<=90",2026-10
751040194382082,3312175167,1,2026-09-24 21:00:00,6.0,0,Normal,"1-20, idle<=90",2026-10
748557381826822,3312177239,20,2026-09-27 20:30:00,3.0,0,Normal,"1-20, idle<=90",2026-10
748941424132354,3312212785,17,2026-09-28 20:30:00,2.0,0,Normal,"1-20, idle<=90",2026-10
748515613088002,3312225025,19,2026-09-25 21:30:00,5.0,0,Normal,"1-20, idle<=90",2026-10
750491195418882,3312248303,19,2026-09-27 17:30:00,3.0,0,Normal,"1-20, idle<=90",2026-10
748724412516614,3312248783,15,2026-09-29 22:00:00,1.0,0,Normal,"1-20, idle<=90",2026-10
748556436343048,3312252666,19,2026-09-27 21:00:00,3.0,0,Normal,"1-20, idle<=90",2026-10
749053516075266,3312267370,16,2026-09-29 22:00:00,1.0,0,Normal,"1-20, idle<=90",2026-10
759196719479046,3312283642,13,2026-09-27 11:30:00,3.0,0,Normal,"1-20, idle<=90",2026-10
748507142613250,3312285639,3,2026-09-29 21:30:00,1.0,0,Normal,"1-20, idle<=90",2026-10
750306761746690,3312286986,12,2026-09-28 22:00:00,2.0,0,Normal,"1-20, idle<=90",2026-10
748857394931970,3312295639,6,2026-09-29 12:30:00,1.0,0,Normal,"1-20, idle<=90",2026-10
750315274404098,3312312352,20,2026-09-27 10:00:00,3.0,0,Normal,"1-20, idle<=90",2026-10
755112366125320,3312338189,2,2026-09-29 22:30:00,1.0,0,Normal,"1-20, idle<=90",2026-10
752791303844104,3312338317,20,2026-09-28 18:00:00,2.0,0,Normal,"1-20, idle<=90",2026-10
749095011549446,3312347987,16,2026-09-26 11:30:00,4.0,0,Normal,"1-20, idle<=90",2026-10
749751587492104,3312351672,17,2026-09-29 21:00:00,1.0,0,Normal,"1-20, idle<=90",2026-10
751380369830152,3312363462,8,2026-09-29 22:30:00,1.0,0,Normal,"1-20, idle<=90",2026-10
750097807876358,3312363491,20,2026-09-27 17:30:00,3.0,0,Normal,"1-20, idle<=90",2026-10
749739621218562,3312382934,20,2026-09-28 22:00:00,2.0,0,Normal,"1-20, idle<=90",2026-10
750309879603458,3312389067,19,2026-09-29 20:30:00,1.0,0,Normal,"1-20, idle<=90",2026-10
750158578716934,3312424325,18,2026-09-27 11:00:00,3.0,0,Normal,"1-20, idle<=90",2026-10
749272685926658,3312445889,16,2026-09-29 21:30:00,1.0,0,Normal,"1-20, idle<=90",2026-10
749478333335816,3312481758,9,2026-09-25 15:30:00,5.0,0,Normal,"1-20, idle<=90",2026-10
749300266481922,3312481768,14,2026-09-29 21:30:00,1.0,0,Normal,"1-20, idle<=90",2026-10
749754842994950,3312556142,20,2026-09-29 21:30:00,1.0,0,Normal,"1-20, idle<=90",2026-10
758985536588040,3312585421,11,2026-09-24 21:30:00,6.0,0,Normal,"1-20, idle<=90",2026-10
750336686334216,3312625251,19,2026-09-29 20:30:00,1.0,0,Normal,"1-20, idle<=90",2026-10
750326410836230,3312625335,20,2026-09-28 21:30:00,2.0,0,Normal,"1-20, idle<=90",2026-10
749958255616258,3312657560,3,2026-09-27 21:00:00,3.0,0,Normal,"1-20, idle<=90",2026-10
750451714339078,3312674209,13,2026-07-20 17:00:00,72.0,1,Frozen,"1-20, idle<=90",2026-10
750354525051144,3312677175,6,2026-09-28 21:30:00,2.0,0,Normal,"1-20, idle<=90",2026-10
750643670221064,3312701481,18,2026-09-27 11:00:00,3.0,0,Normal,"1-20, idle<=90",2026-10
756192097274120,3312787831,4,2026-09-28 21:00:00,2.0,0,Normal,"1-20, idle<=90",2026-10
750871102701826,3312793603,16,2026-09-28 20:30:00,2.0,0,Normal,"1-20, idle<=90",2026-10
751016282751240,3312838115,5,2026-09-29 01:00:00,1.0,0,Normal,"1-20, idle<=90",2026-10
761622846126338,3312850210,13,2026-09-26 21:30:00,4.0,0,Normal,"1-20, idle<=90",2026-10
751931625761030,3312885085,13,2026-09-25 21:30:00,5.0,0,Normal,"1-20, idle<=90",2026-10
751604634364162,3312914641,9,2026-09-27 21:00:00,3.0,0,Normal,"1-20, idle<=90",2026-10
752613773928706,3312914648,3,2026-09-28 21:30:00,2.0,0,Normal,"1-20, idle<=90",2026-10
758603863507202,3312927315,7,2026-09-29 21:00:00,1.0,0,Normal,"1-20, idle<=90",2026-10
751937847687426,3312990142,2,2026-09-29 21:00:00,1.0,0,Normal,"1-20, idle<=90",2026-10
751530362603784,3312998690,11,2026-09-29 21:30:00,1.0,0,Normal,"1-20, idle<=90",2026-10
751155421845762,3313025944,2,2026-09-23 21:00:00,7.0,0,Normal,"1-20, idle<=90",2026-10
759325790130438,3313054933,10,2026-09-27 13:30:00,3.0,0,Normal,"1-20, idle<=90",2026-10
751930217658626,3313057787,8,2026-09-29 19:00:00,1.0,0,Normal,"1-20, idle<=90",2026-10
751918437224712,3313071576,16,2026-09-28 21:00:00,2.0,0,Normal,"1-20, idle<=90",2026-10
753512002205960,3313092424,7,2026-09-29 21:30:00,1.0,0,Normal,"1-20, idle<=90",2026-10
753821645246728,3313138997,5,2026-09-28 18:30:00,2.0,0,Normal,"1-20, idle<=90",2026-10
752119623848194,3313148254,3,2026-09-27 10:00:00,3.0,0,Normal,"1-20, idle<=90",2026-10
753513254654210,3313219211,2,2026-09-26 21:30:00,4.0,0,Normal,"1-20, idle<=90",2026-10
755052662870274,3313284957,6,2026-09-28 21:00:00,2.0,0,Normal,"1-20, idle<=90",2026-10
761686778233096,3313311181,14,2026-09-20 12:00:00,10.0,0,Normal,"1-20, idle<=90",2026-10
753990838634754,3313329823,3,2026-09-24 20:30:00,6.0,0,Normal,"1-20, idle<=90",2026-10
752625204611330,3313372051,11,2026-09-29 20:30:00,1.0,0,Normal,"1-20, idle<=90",2026-10
759211457427720,3313375330,10,2026-09-29 22:00:00,1.0,0,Normal,"1-20, idle<=90",2026-10
753654203545864,3313386640,3,2026-09-28 18:30:00,2.0,0,Normal,"1-20, idle<=90",2026-10
752945415948546,3313403644,3,2026-09-29 22:00:00,1.0,0,Normal,"1-20, idle<=90",2026-10
761135888924930,3313404594,11,2026-09-29 21:00:00,1.0,0,Normal,"1-20, idle<=90",2026-10
755062142568710,3313409143,19,2026-09-28 21:00:00,2.0,0,Normal,"1-20, idle<=90",2026-10
765361465977096,3313409714,18,2026-09-29 20:00:00,1.0,0,Normal,"1-20, idle<=90",2026-10
765361913661702,3313413007,16,2026-09-29 21:00:00,1.0,0,Normal,"1-20, idle<=90",2026-10
753141062510850,3313431388,5,2026-09-23 18:30:00,7.0,0,Normal,"1-20, idle<=90",2026-10
753824376283394,3313487074,16,2026-09-28 19:30:00,2.0,0,Normal,"1-20, idle<=90",2026-10
761784556783878,3313497432,18,2026-09-27 16:00:00,3.0,0,Normal,"1-20, idle<=90",2026-10
753860892723464,3313511161,7,2026-09-28 20:00:00,2.0,0,Normal,"1-20, idle<=90",2026-10
753158580257026,3313511957,20,2026-09-28 21:00:00,2.0,0,Normal,"1-20, idle<=90",2026-10
753159157352712,3313533487,12,2026-09-28 11:00:00,2.0,0,Normal,"1-20, idle<=90",2026-10
754177136136456,3313536300,3,2026-09-29 18:30:00,1.0,0,Normal,"1-20, idle<=90",2026-10
753491245541640,3313539622,12,2026-08-11 20:30:00,50.0,1,Frozen,"1-20, idle<=90",2026-10
753502642360584,3313625914,5,2026-09-29 20:00:00,1.0,0,Normal,"1-20, idle<=90",2026-10
755451151372552,3313682410,17,2026-09-28 22:00:00,2.0,0,Normal,"1-20, idle<=90",2026-10
763729117405442,3313700785,13,2026-09-28 20:30:00,2.0,0,Normal,"1-20, idle<=90",2026-10
769778799591686,3313707203,4,2026-09-26 12:00:00,4.0,0,Normal,"1-20, idle<=90",2026-10
754929542215938,3313709078,1,2026-09-28 21:30:00,2.0,0,Normal,"1-20, idle<=90",2026-10
759868657785096,3313716764,14,2026-09-29 21:30:00,1.0,0,Normal,"1-20, idle<=90",2026-10
754169999851784,3313749285,4,2026-09-25 20:30:00,5.0,0,Normal,"1-20, idle<=90",2026-10
756293616843014,3313827491,4,2026-09-29 22:00:00,1.0,0,Normal,"1-20, idle<=90",2026-10
755934241792262,3313831125,5,2026-09-29 20:30:00,1.0,0,Normal,"1-20, idle<=90",2026-10
755934117327110,3313857364,4,2026-09-23 20:30:00,7.0,0,Normal,"1-20, idle<=90",2026-10
756166731538696,3313878852,8,2026-09-26 21:00:00,4.0,0,Normal,"1-20, idle<=90",2026-10
755117277370630,3313881595,9,2026-09-29 18:00:00,1.0,0,Normal,"1-20, idle<=90",2026-10
754589134969096,3313900131,4,2026-09-28 21:30:00,2.0,0,Normal,"1-20, idle<=90",2026-10
755046691131656,3313908614,4,2026-09-27 18:00:00,3.0,0,Normal,"1-20, idle<=90",2026-10
756299782848770,3313947845,4,2026-09-29 22:00:00,1.0,0,Normal,"1-20, idle<=90",2026-10
755292556548358,3314000851,17,2026-09-12 18:00:00,18.0,1,Frozen,"1-20, idle<=90",2026-10
755227181265154,3314004450,6,2026-09-27 20:30:00,3.0,0,Normal,"1-20, idle<=90",2026-10
754398244432134,3314037503,16,2026-09-29 21:00:00,1.0,0,Normal,"1-20, idle<=90",2026-10
754907139811586,3314077138,4,2026-09-27 15:30:00,3.0,0,Normal,"1-20, idle<=90",2026-10
756375791055112,3314078633,5,2026-09-26 20:00:00,4.0,0,Normal,"1-20, idle<=90",2026-10
755438165614850,3314111326,4,2026-09-28 21:30:00,2.0,0,Normal,"1-20, idle<=90",2026-10
757938224279810,3314137915,9,2026-09-23 21:30:00,7.0,0,Normal,"1-20, idle<=90",2026-10
755466838173960,3314188532,7,2026-09-19 14:00:00,11.0,0,Normal,"1-20, idle<=90",2026-10
755070213433606,3314217325,2,2026-09-29 18:30:00,1.0,0,Normal,"1-20, idle<=90",2026-10
754930940651778,3314233773,2,2026-09-27 20:30:00,3.0,0,Normal,"1-20, idle<=90",2026-10
755285976516872,3314250909,13,2026-09-27 19:00:00,3.0,0,Normal,"1-20, idle<=90",2026-10
755457654753542,3314255440,3,2026-09-29 22:00:00,1.0,0,Normal,"1-20, idle<=90",2026-10
756472815284486,3314276222,8,2026-09-29 21:00:00,1.0,0,Normal,"1-20, idle<=90",2026-10
755595349649672,3314286326,2,2026-09-29 18:30:00,1.0,0,Normal,"1-20, idle<=90",2026-10
755301814921480,3314289291,14,2026-08-18 17:00:00,43.0,1,Frozen,"1-20, idle<=90",2026-10
759730221154566,3314315575,9,2026-09-29 20:30:00,1.0,0,Normal,"1-20, idle<=90",2026-10
755827549647110,3314347044,13,2026-09-15 11:30:00,15.0,1,Frozen,"1-20, idle<=90",2026-10
757367295164674,3314374006,16,2026-09-29 21:30:00,1.0,0,Normal,"1-20, idle<=90",2026-10
756169239628040,3314383099,2,2026-09-28 21:30:00,2.0,0,Normal,"1-20, idle<=90",2026-10
757037488873730,3314405707,17,2026-09-27 15:30:00,3.0,0,Normal,"1-20, idle<=90",2026-10
760941543434498,3314412733,15,2026-09-25 22:00:00,5.0,0,Normal,"1-20, idle<=90",2026-10
757952632158472,3314412741,4,2026-09-28 20:30:00,2.0,0,Normal,"1-20, idle<=90",2026-10
755631875727618,3314426256,5,2026-09-28 19:00:00,2.0,0,Normal,"1-20, idle<=90",2026-10
756353765818632,3314441781,16,2026-09-15 16:30:00,15.0,0,Normal,"1-20, idle<=90",2026-10
760186872144130,3314453269,10,2026-09-28 21:00:00,2.0,0,Normal,"1-20, idle<=90",2026-10
758152821711112,3314456350,7,2026-09-28 22:00:00,2.0,0,Normal,"1-20, idle<=90",2026-10
756644858474758,3314473574,15,2026-09-15 16:30:00,15.0,0,Normal,"1-20, idle<=90",2026-10
756867325188354,3314485764,6,2026-09-26 01:30:00,4.0,0,Normal,"1-20, idle<=90",2026-10
757895517397254,3314522588,8,2026-09-24 21:00:00,6.0,0,Normal,"1-20, idle<=90",2026-10
757189247936770,3314530975,3,2026-09-28 22:00:00,2.0,0,Normal,"1-20, idle<=90",2026-10
758950905616648,3314541372,17,2026-09-01 17:30:00,29.0,1,Frozen,"1-20, idle<=90",2026-10
756464818028802,3314635420,2,2026-09-29 21:00:00,1.0,0,Normal,"1-20, idle<=90",2026-10
758601106526472,3314647632,11,2026-09-27 21:30:00,3.0,0,Normal,"1-20, idle<=90",2026-10
757228568787208,3314665403,5,2026-09-23 20:30:00,7.0,0,Normal,"1-20, idle<=90",2026-10
758450789425416,3314700873,14,2026-09-26 20:00:00,4.0,0,Normal,"1-20, idle<=90",2026-10
760055689894152,3314712196,7,2026-09-29 20:00:00,1.0,0,Normal,"1-20, idle<=90",2026-10
764430610745602,3314721343,18,2026-09-26 18:30:00,4.0,0,Normal,"1-20, idle<=90",2026-10
757387521958146,3314756493,9,2026-09-29 20:30:00,1.0,0,Normal,"1-20, idle<=90",2026-10
757715684430086,3314830769,6,2026-09-27 12:00:00,3.0,0,Normal,"1-20, idle<=90",2026-10
757409858568450,3314836971,8,2026-09-23 18:30:00,7.0,0,Normal,"1-20, idle<=90",2026-10
757356290605320,3314871120,6,2026-09-29 21:30:00,1.0,0,Normal,"1-20, idle<=90",2026-10
757237938266374,3314877604,7,2026-09-29 20:00:00,1.0,0,Normal,"1-20, idle<=90",2026-10
757241781846274,3314890542,16,2026-09-29 21:30:00,1.0,0,Normal,"1-20, idle<=90",2026-10
757358298636550,3314894228,8,2026-09-25 20:30:00,5.0,0,Normal,"1-20, idle<=90",2026-10
757594176178434,3315003324,9,2026-09-29 18:00:00,1.0,0,Normal,"1-20, idle<=90",2026-10
758772418048264,3315007660,7,2026-09-29 20:30:00,1.0,0,Normal,"1-20, idle<=90",2026-10
757716395284744,3315018009,7,2026-09-28 22:00:00,2.0,0,Normal,"1-20, idle<=90",2026-10
757723093641480,3315034196,5,2026-09-27 20:30:00,3.0,0,Normal,"1-20, idle<=90",2026-10
758451253868808,3315066432,15,2026-09-28 21:30:00,2.0,0,Normal,"1-20, idle<=90",2026-10
758481769638146,3315075834,7,2026-09-29 19:00:00,1.0,0,Normal,"1-20, idle<=90",2026-10
757925340983558,3315096434,9,2026-09-28 14:00:00,2.0,0,Normal,"1-20, idle<=90",2026-10
757920238704898,3315102955,7,2026-09-24 20:30:00,6.0,0,Normal,"1-20, idle<=90",2026-10
757917108625670,3315146311,6,2026-09-28 18:30:00,2.0,0,Normal,"1-20, idle<=90",2026-10
762664611475714,3315152683,17,2026-09-27 12:30:00,3.0,0,Normal,"1-20, idle<=90",2026-10
759164933138690,3315205049,9,2026-09-25 19:00:00,5.0,0,Normal,"1-20, idle<=90",2026-10
761301714082054,3315218158,11,2026-09-26 21:00:00,4.0,0,Normal,"1-20, idle<=90",2026-10
758826729314566,3315259750,12,2026-09-25 21:00:00,5.0,0,Normal,"1-20, idle<=90",2026-10
758476327901448,3315263044,10,2026-09-28 21:00:00,2.0,0,Normal,"1-20, idle<=90",2026-10
761079292289288,3315276559,12,2026-09-27 11:00:00,3.0,0,Normal,"1-20, idle<=90",2026-10
759177039036678,3315327705,12,2026-09-22 21:00:00,8.0,0,Normal,"1-20, idle<=90",2026-10
758827089625346,3315332211,10,2026-09-29 21:00:00,1.0,0,Normal,"1-20, idle<=90",2026-10
759160767234312,3315346219,5,2026-09-28 18:30:00,2.0,0,Normal,"1-20, idle<=90",2026-10
759021629225224,3315357905,9,2026-09-28 21:30:00,2.0,0,Normal,"1-20, idle<=90",2026-10
759688385614082,3315360499,10,2026-09-29 17:00:00,1.0,0,Normal,"1-20, idle<=90",2026-10
759741059520774,3315403649,10,2026-09-27 11:00:00,3.0,0,Normal,"1-20, idle<=90",2026-10
758963837135106,3315403697,7,2026-09-29 21:30:00,1.0,0,Normal,"1-20, idle<=90",2026-10
759211699880194,3315411614,10,2026-09-27 17:30:00,3.0,0,Normal,"1-20, idle<=90",2026-10
759347326836998,3315431447,8,2026-09-26 21:30:00,4.0,0,Normal,"1-20, idle<=90",2026-10
759181374531846,3315440292,11,2026-09-29 22:00:00,1.0,0,Normal,"1-20, idle<=90",2026-10
759181943179526,3315492350,9,2026-09-24 22:30:00,6.0,0,Normal,"1-20, idle<=90",2026-10
760427535497480,3315498648,19,2026-09-26 11:00:00,4.0,0,Normal,"1-20, idle<=90",2026-10
759353428504834,3315513210,12,2026-09-26 21:00:00,4.0,0,Normal,"1-20, idle<=90",2026-10
759655138101512,3315514207,17,2026-09-29 21:00:00,1.0,0,Normal,"1-20, idle<=90",2026-10
760936850585862,3315565190,13,2026-09-28 21:30:00,2.0,0,Normal,"1-20, idle<=90",2026-10
762499880530184,3315660774,17,2026-09-28 22:00:00,2.0,0,Normal,"1-20, idle<=90",2026-10
761630518079746,3315685932,16,2026-09-27 23:00:00,3.0,0,Normal,"1-20, idle<=90",2026-10
759839939651842,3315691683,7,2026-09-28 20:30:00,2.0,0,Normal,"1-20, idle<=90",2026-10
762382643890434,3315755088,13,2026-09-25 21:00:00,5.0,0,Normal,"1-20, idle<=90",2026-10
760048703463688,3315755354,6,2026-09-28 23:00:00,2.0,0,Normal,"1-20, idle<=90",2026-10
760402629966082,3315815699,10,2026-09-25 21:00:00,5.0,0,Normal,"1-20, idle<=90",2026-10
761105473409286,3315819283,7,2026-09-28 17:30:00,2.0,0,Normal,"1-20, idle<=90",2026-10
763430812129538,3315869710,17,2026-09-29 18:30:00,1.0,0,Normal,"1-20, idle<=90",2026-10
760903384600838,3315875905,13,2026-09-29 15:00:00,1.0,0,Normal,"1-20, idle<=90",2026-10
761118200252680,3315880936,12,2026-09-28 11:00:00,2.0,0,Normal,"1-20, idle<=90",2026-10
760931428813058,3315903837,12,2026-09-28 22:00:00,2.0,0,Normal,"1-20, idle<=90",2026-10
762694115039494,3316059537,14,2026-09-28 21:00:00,2.0,0,Normal,"1-20, idle<=90",2026-10
764291416924422,3316107141,19,2026-09-26 16:00:00,4.0,0,Normal,"1-20, idle<=90",2026-10
761463732066566,3316117867,19,2026-09-29 21:00:00,1.0,0,Normal,"1-20, idle<=90",2026-10
761827224637698,3316128742,13,2026-09-28 21:00:00,2.0,0,Normal,"1-20, idle<=90",2026-10
761687039811848,3316144671,18,2026-09-29 19:00:00,1.0,0,Normal,"1-20, idle<=90",2026-10
762499540404486,3316224380,16,2026-09-29 20:30:00,1.0,0,Normal,"1-20, idle<=90",2026-10
761774750601474,3316315579,12,2026-09-29 21:30:00,1.0,0,Normal,"1-20, idle<=90",2026-10
762720496482566,3316326776,12,2026-09-23 17:00:00,7.0,0,Normal,"1-20, idle<=90",2026-10
761853518153990,3316355858,13,2026-09-24 20:00:00,6.0,0,Normal,"1-20, idle<=90",2026-10
763098818773254,3316414695,15,2026-09-25 20:30:00,5.0,0,Normal,"1-20, idle<=90",2026-10
762702642075910,3316501657,5,2026-09-29 19:30:00,1.0,0,Normal,"1-20, idle<=90",2026-10
766026036226312,3316545200,20,2026-09-29 20:30:00,1.0,0,Normal,"1-20, idle<=90",2026-10
766556476088582,3316583304,20,2026-09-27 20:00:00,3.0,0,Normal,"1-20, idle<=90",2026-10
763549790957826,3316701347,16,2026-09-28 21:00:00,2.0,0,Normal,"1-20, idle<=90",2026-10
764443259789574,3316714743,20,2026-09-27 10:30:00,3.0,0,Normal,"1-20, idle<=90",2026-10
763783346915592,3316782512,15,2026-09-29 21:00:00,1.0,0,Normal,"1-20, idle<=90",2026-10
765185474736386,3316800767,19,2026-09-29 21:00:00,1.0,0,Normal,"1-20, idle<=90",2026-10
764639761096966,3316846575,19,2026-09-29 09:00:00,1.0,0,Normal,"1-20, idle<=90",2026-10
766437427972358,3317010268,20,2026-09-29 21:00:00,1.0,0,Normal,"1-20, idle<=90",2026-10
764640201871624,3317020524,17,2026-09-28 20:00:00,2.0,0,Normal,"1-20, idle<=90",2026-10
764309302247688,3317112365,15,2026-09-28 21:00:00,2.0,0,Normal,"1-20, idle<=90",2026-10
765890854017288,3317134360,19,2026-09-28 19:00:00,2.0,0,Normal,"1-20, idle<=90",2026-10
765190511128840,3317141334,20,2026-09-29 20:00:00,1.0,0,Normal,"1-20, idle<=90",2026-10
764638538850568,3317161654,19,2026-09-26 19:00:00,4.0,0,Normal,"1-20, idle<=90",2026-10
766206255022342,3317175238,20,2026-09-28 21:00:00,2.0,0,Normal,"1-20, idle<=90",2026-10
764671287187718,3317237791,19,2026-09-28 21:30:00,2.0,0,Normal,"1-20, idle<=90",2026-10
765498315782402,3317249302,20,2026-09-27 11:00:00,3.0,0,Normal,"1-20, idle<=90",2026-10
766419225102594,3317279690,19,2026-09-28 20:30:00,2.0,0,Normal,"1-20, idle<=90",2026-10
765881325209858,3317287426,19,2026-09-26 10:00:00,4.0,0,Normal,"1-20, idle<=90",2026-10
766411965602054,3317370189,20,2026-09-29 22:00:00,1.0,0,Normal,"1-20, idle<=90",2026-10
766608869273864,3317596574,20,2026-09-27 11:00:00,3.0,0,Normal,"1-20, idle<=90",2026-10
766762927507714,3317643837,20,2026-09-28 21:00:00,2.0,0,Normal,"1-20, idle<=90",2026-10
767299028996354,3317899529,20,2026-09-28 21:00:00,2.0,0,Normal,"1-20, idle<=90",2026-10
