order_id,uid,remaining,last_study,idle,is_frozen,tag,reason,month
699675308882178,3084270326,11,2026-08-22 15:30:00,9.0,0,Normal,"1-20, idle<=90",2026-09
732933261226242,3134456866,4,2026-08-28 21:30:00,3.0,0,Normal,"1-20, idle<=90",2026-09
689266527942916,3138020834,9,2026-08-23 22:00:00,8.0,0,Normal,"1-20, idle<=90",2026-09
737396132784390,3155060965,6,2026-08-30 21:00:00,1.0,0,Normal,"1-20, idle<=90",2026-09
732461215312134,3173010348,3,2026-08-29 10:00:00,2.0,0,Normal,"1-20, idle<=90",2026-09
732112235501830,3175497748,15,2026-08-25 18:30:00,6.0,0,Normal,"1-20, idle<=90",2026-09
732102824431880,3175970640,10,2026-08-27 20:00:00,4.0,0,Normal,"1-20, idle<=90",2026-09
735928660242696,3176315119,12,2026-08-28 21:30:00,3.0,0,Normal,"1-20, idle<=90",2026-09
715059745122560,3177158855,1,2026-08-26 21:00:00,5.0,0,Normal,"1-20, idle<=90",2026-09
757236281348360,3177825374,12,2026-08-27 21:00:00,4.0,0,Normal,"1-20, idle<=90",2026-09
753477359307016,3178494774,16,2026-08-25 22:00:00,6.0,0,Normal,"1-20, idle<=90",2026-09
746230643273992,3179205818,3,2026-07-17 16:30:00,45.0,1,Frozen,"1-20, idle<=90",2026-09
726041681471746,3180100497,15,2026-06-10 20:30:00,82.0,1,Frozen,"1-20, idle<=90",2026-09
677079043600642,3180229292,18,2026-08-29 12:00:00,2.0,0,Normal,"1-20, idle<=90",2026-09
741839126262024,3180904266,12,2026-08-29 21:00:00,2.0,0,Normal,"1-20, idle<=90",2026-09
744135602116870,3181182439,18,2026-08-29 22:00:00,2.0,0,Normal,"1-20, idle<=90",2026-09
733832495550722,3183576079,15,2026-08-31 20:00:00,0.0,0,Normal,"1-20, idle<=90",2026-09
731747846353154,3185916638,16,2026-06-19 17:00:00,73.0,1,Frozen,"1-20, idle<=90",2026-09
734541744724232,3189926256,4,2026-08-30 21:30:00,1.0,0,Normal,"1-20, idle<=90",2026-09
744290134300936,3190807205,8,2026-08-31 19:30:00,0.0,0,Normal,"1-20, idle<=90",2026-09
695296557283584,3191187208,12,2026-08-28 21:00:00,3.0,0,Normal,"1-20, idle<=90",2026-09
741990326878470,3202584608,17,2026-08-30 11:30:00,1.0,0,Normal,"1-20, idle<=90",2026-09
760942193928456,3214076575,20,2026-08-26 22:00:00,5.0,0,Normal,"1-20, idle<=90",2026-09
728740502886664,3223106686,7,2026-08-31 18:30:00,0.0,0,Normal,"1-20, idle<=90",2026-09
583250976975120,3224525550,1,2026-08-27 22:30:00,4.0,0,Normal,"1-20, idle<=90",2026-09
684101888717056,3224902126,1,2026-08-27 20:30:00,4.0,0,Normal,"1-20, idle<=90",2026-09
684101739270404,3224939632,1,2026-08-27 20:30:00,4.0,0,Normal,"1-20, idle<=90",2026-09
722494300205312,3226498883,18,2026-08-31 19:30:00,0.0,0,Normal,"1-20, idle<=90",2026-09
740716626950402,3227204012,15,2026-08-29 21:30:00,2.0,0,Normal,"1-20, idle<=90",2026-09
731929659236614,3228391207,5,2026-08-28 20:30:00,3.0,0,Normal,"1-20, idle<=90",2026-09
735103811944712,3228863501,10,2026-08-29 19:30:00,2.0,0,Normal,"1-20, idle<=90",2026-09
675261360677120,3229702302,18,2026-08-19 21:00:00,12.0,0,Normal,"1-20, idle<=90",2026-09
735583395629320,3229785299,11,2026-08-27 22:00:00,4.0,0,Normal,"1-20, idle<=90",2026-09
697732151181568,3230777997,9,2026-08-31 17:30:00,0.0,0,Normal,"1-20, idle<=90",2026-09
684524975024384,3231465643,18,2026-08-31 00:00:00,1.0,0,Normal,"1-20, idle<=90",2026-09
705160669184256,3232299228,17,2026-08-27 19:30:00,4.0,0,Normal,"1-20, idle<=90",2026-09
735423247251714,3238176939,8,2026-08-26 18:00:00,5.0,0,Normal,"1-20, idle<=90",2026-09
585765465307406,3238606168,2,2026-08-26 10:30:00,5.0,0,Normal,"1-20, idle<=90",2026-09
758786506162434,3239022434,18,2026-07-31 11:30:00,31.0,0,Normal,"1-20, idle<=90",2026-09
758072761383170,3239214760,18,2026-08-26 19:30:00,5.0,0,Normal,"1-20, idle<=90",2026-09
758650997649672,3239363837,15,2026-08-28 16:00:00,3.0,0,Normal,"1-20, idle<=90",2026-09
731727740702982,3239825171,2,2026-08-28 19:00:00,3.0,0,Normal,"1-20, idle<=90",2026-09
636329686120716,3240060437,11,2026-08-14 19:00:00,17.0,0,Normal,"1-20, idle<=90",2026-09
739124055302408,3240239870,13,2026-08-27 22:00:00,4.0,0,Normal,"1-20, idle<=90",2026-09
731757633143048,3241097818,1,2026-08-28 10:30:00,3.0,0,Normal,"1-20, idle<=90",2026-09
736714065402114,3242631013,20,2026-08-28 20:30:00,3.0,0,Normal,"1-20, idle<=90",2026-09
728333170424066,3242875467,3,2026-08-27 22:00:00,4.0,0,Normal,"1-20, idle<=90",2026-09
729408007913730,3243962420,5,2026-08-25 17:00:00,6.0,0,Normal,"1-20, idle<=90",2026-09
736133150212354,3245165642,8,2026-08-28 22:00:00,3.0,0,Normal,"1-20, idle<=90",2026-09
695771630358786,3247473910,18,2026-08-31 18:30:00,0.0,0,Normal,"1-20, idle<=90",2026-09
726427722883330,3248757238,5,2026-08-27 21:30:00,4.0,0,Normal,"1-20, idle<=90",2026-09
726789765228802,3250166219,10,2026-08-27 16:30:00,4.0,0,Normal,"1-20, idle<=90",2026-09
747283007273222,3251507630,9,2026-08-29 20:00:00,2.0,0,Normal,"1-20, idle<=90",2026-09
732932567994626,3251658324,5,2026-08-31 18:30:00,0.0,0,Normal,"1-20, idle<=90",2026-09
736124095920390,3252208107,8,2026-08-25 21:00:00,6.0,0,Normal,"1-20, idle<=90",2026-09
566833031059728,3252751370,8,2026-08-29 21:00:00,2.0,0,Normal,"1-20, idle<=90",2026-09
693658134888706,3253683996,13,2026-08-31 19:00:00,0.0,0,Normal,"1-20, idle<=90",2026-09
745506913374470,3254201186,12,2026-08-31 20:00:00,0.0,0,Normal,"1-20, idle<=90",2026-09
739181293213954,3254475298,16,2026-08-30 10:00:00,1.0,0,Normal,"1-20, idle<=90",2026-09
684320338872580,3256836073,18,2026-08-30 09:00:00,1.0,0,Normal,"1-20, idle<=90",2026-09
572977495161104,3257275919,18,2026-08-31 18:30:00,0.0,0,Normal,"1-20, idle<=90",2026-09
733701731100936,3257919778,15,2026-08-31 17:00:00,0.0,0,Normal,"1-20, idle<=90",2026-09
688556314534146,3257954163,12,2026-08-27 17:30:00,4.0,0,Normal,"1-20, idle<=90",2026-09
748006340403464,3258980367,7,2026-08-31 19:00:00,0.0,0,Normal,"1-20, idle<=90",2026-09
699677332091136,3259022296,19,2026-08-27 20:00:00,4.0,0,Normal,"1-20, idle<=90",2026-09
699673742463232,3259080581,4,2026-08-28 16:30:00,3.0,0,Normal,"1-20, idle<=90",2026-09
731162442977542,3259387472,7,2026-08-29 20:30:00,2.0,0,Normal,"1-20, idle<=90",2026-09
684314283479298,3260545746,17,2026-08-17 10:00:00,14.0,0,Normal,"1-20, idle<=90",2026-09
731572297060616,3261186700,8,2026-08-29 21:30:00,2.0,0,Normal,"1-20, idle<=90",2026-09
732988303677704,3261583823,6,2026-08-28 22:30:00,3.0,0,Normal,"1-20, idle<=90",2026-09
641315682662656,3261663979,7,2026-08-28 21:30:00,3.0,0,Normal,"1-20, idle<=90",2026-09
737885817731330,3262157367,6,2026-08-30 11:00:00,1.0,0,Normal,"1-20, idle<=90",2026-09
694568458836228,3263021053,1,2026-08-30 20:30:00,1.0,0,Normal,"1-20, idle<=90",2026-09
640208438591756,3263539374,16,2026-08-24 22:00:00,7.0,0,Normal,"1-20, idle<=90",2026-09
739534304157958,3263759991,18,2026-08-30 22:30:00,1.0,0,Normal,"1-20, idle<=90",2026-09
695457643245824,3265070913,10,2026-08-29 16:30:00,2.0,0,Normal,"1-20, idle<=90",2026-09
700210980505856,3265195485,19,2026-08-28 20:30:00,3.0,0,Normal,"1-20, idle<=90",2026-09
723218288734468,3265622236,12,2026-08-28 20:00:00,3.0,0,Normal,"1-20, idle<=90",2026-09
746947581645058,3265766705,7,2026-08-25 21:30:00,6.0,0,Normal,"1-20, idle<=90",2026-09
739829723246850,3267308236,7,2026-08-27 15:00:00,4.0,0,Normal,"1-20, idle<=90",2026-09
732108144402694,3267487869,5,2026-08-29 19:00:00,2.0,0,Normal,"1-20, idle<=90",2026-09
722533068077316,3267561555,14,2026-08-26 16:00:00,5.0,0,Normal,"1-20, idle<=90",2026-09
735069448528134,3267603714,16,2026-08-26 21:30:00,5.0,0,Normal,"1-20, idle<=90",2026-09
732062260824322,3268025042,5,2026-08-31 20:00:00,0.0,0,Normal,"1-20, idle<=90",2026-09
742594804640008,3268127630,18,2026-08-28 19:00:00,3.0,0,Normal,"1-20, idle<=90",2026-09
693532876671232,3268129413,8,2026-07-31 18:30:00,31.0,0,Normal,"1-20, idle<=90",2026-09
691034242093312,3269092356,2,2026-08-29 11:00:00,2.0,0,Normal,"1-20, idle<=90",2026-09
680442214217986,3269274900,1,2026-08-31 21:00:00,0.0,0,Normal,"1-20, idle<=90",2026-09
732409248059654,3269516052,7,2026-08-26 21:00:00,5.0,0,Normal,"1-20, idle<=90",2026-09
710108066167042,3269983387,19,2026-08-31 22:00:00,0.0,0,Normal,"1-20, idle<=90",2026-09
749223381170440,3270238462,1,2026-08-30 12:00:00,1.0,0,Normal,"1-20, idle<=90",2026-09
724130631446784,3270365858,1,2026-08-27 19:30:00,4.0,0,Normal,"1-20, idle<=90",2026-09
738774320802050,3270775598,20,2026-08-31 22:00:00,0.0,0,Normal,"1-20, idle<=90",2026-09
694775507673344,3270947720,19,2026-08-25 11:30:00,6.0,0,Normal,"1-20, idle<=90",2026-09
698430306885888,3270992796,4,2026-08-31 16:00:00,0.0,0,Normal,"1-20, idle<=90",2026-09
748006662115592,3271017363,14,2026-08-28 20:00:00,3.0,0,Normal,"1-20, idle<=90",2026-09
752797719714054,3271214747,15,2026-08-31 21:00:00,0.0,0,Normal,"1-20, idle<=90",2026-09
674951120949506,3271497915,5,2026-08-30 20:00:00,1.0,0,Normal,"1-20, idle<=90",2026-09
731599992883464,3271654287,3,2026-08-28 21:30:00,3.0,0,Normal,"1-20, idle<=90",2026-09
731173634476294,3271790705,4,2026-08-25 22:00:00,6.0,0,Normal,"1-20, idle<=90",2026-09
732758130170118,3271917756,18,2026-08-29 15:00:00,2.0,0,Normal,"1-20, idle<=90",2026-09
694730168252674,3272410374,13,2026-08-28 19:00:00,3.0,0,Normal,"1-20, idle<=90",2026-09
738078679085314,3272432880,11,2026-08-28 18:30:00,3.0,0,Normal,"1-20, idle<=90",2026-09
704630320077056,3272486650,1,2026-07-12 08:00:00,50.0,0,Normal,"1-20, idle<=90",2026-09
702706670960896,3272543666,6,2026-08-29 10:30:00,2.0,0,Normal,"1-20, idle<=90",2026-09
671272076140804,3272622755,4,2026-08-30 15:30:00,1.0,0,Normal,"1-20, idle<=90",2026-09
685508741918976,3272634244,17,2026-08-30 16:00:00,1.0,0,Normal,"1-20, idle<=90",2026-09
723198305902848,3272635217,7,2026-08-29 22:00:00,2.0,0,Normal,"1-20, idle<=90",2026-09
732438869256456,3272674173,7,2026-08-27 21:30:00,4.0,0,Normal,"1-20, idle<=90",2026-09
726619812034818,3272771303,1,2026-08-30 17:00:00,1.0,0,Normal,"1-20, idle<=90",2026-09
703950749937922,3272839322,20,2026-08-30 09:00:00,1.0,0,Normal,"1-20, idle<=90",2026-09
673032989210884,3272992337,4,2026-08-31 21:00:00,0.0,0,Normal,"1-20, idle<=90",2026-09
733373944422662,3272994467,17,2026-08-27 22:30:00,4.0,0,Normal,"1-20, idle<=90",2026-09
685739898192130,3273028220,10,2026-08-27 19:30:00,4.0,0,Normal,"1-20, idle<=90",2026-09
733142879197446,3273114829,13,2026-08-29 22:00:00,2.0,0,Normal,"1-20, idle<=90",2026-09
733318040135938,3273122025,4,2026-08-31 22:00:00,0.0,0,Normal,"1-20, idle<=90",2026-09
726389734461702,3273151710,4,2026-08-31 17:30:00,0.0,0,Normal,"1-20, idle<=90",2026-09
702692368826626,3273229097,17,2026-08-25 21:30:00,6.0,0,Normal,"1-20, idle<=90",2026-09
752759223087368,3273430880,11,2026-08-20 21:00:00,11.0,0,Normal,"1-20, idle<=90",2026-09
725896189450498,3273627060,3,2026-08-31 18:00:00,0.0,0,Normal,"1-20, idle<=90",2026-09
755112759484674,3273664626,11,2026-08-29 21:00:00,2.0,0,Normal,"1-20, idle<=90",2026-09
733317557084418,3273702580,11,2026-08-30 23:00:00,1.0,0,Normal,"1-20, idle<=90",2026-09
743615018963206,3273973295,19,2026-08-28 22:00:00,3.0,0,Normal,"1-20, idle<=90",2026-09
650870645258496,3274137472,6,2026-08-23 18:00:00,8.0,1,Frozen,"1-20, idle<=90",2026-09
724317418338564,3274280333,19,2026-08-31 18:30:00,0.0,0,Normal,"1-20, idle<=90",2026-09
623123331184912,3274369504,20,2026-08-30 19:00:00,1.0,0,Normal,"1-20, idle<=90",2026-09
695459494750464,3274369812,8,2026-08-31 14:00:00,0.0,0,Normal,"1-20, idle<=90",2026-09
731694408931590,3274381695,5,2026-08-26 18:00:00,5.0,0,Normal,"1-20, idle<=90",2026-09
697239124713728,3274415250,8,2026-08-29 19:30:00,2.0,0,Normal,"1-20, idle<=90",2026-09
712453858681088,3274483645,1,2026-08-14 20:30:00,17.0,0,Normal,"1-20, idle<=90",2026-09
742494581872902,3274728347,17,2026-08-27 16:00:00,4.0,0,Normal,"1-20, idle<=90",2026-09
676168167252228,3275302166,8,2026-08-28 19:30:00,3.0,0,Normal,"1-20, idle<=90",2026-09
724134915287298,3275408826,6,2026-08-29 13:30:00,2.0,0,Normal,"1-20, idle<=90",2026-09
679714250232066,3275582134,4,2026-08-30 21:30:00,1.0,0,Normal,"1-20, idle<=90",2026-09
691525187877120,3275925096,2,2026-08-30 17:00:00,1.0,0,Normal,"1-20, idle<=90",2026-09
684144982194434,3276042623,10,2026-08-27 12:30:00,4.0,0,Normal,"1-20, idle<=90",2026-09
699321754972418,3276059922,17,2026-08-31 22:00:00,0.0,0,Normal,"1-20, idle<=90",2026-09
694775377099010,3276194295,17,2026-08-25 12:00:00,6.0,0,Normal,"1-20, idle<=90",2026-09
701999638898948,3276230906,1,2026-08-28 21:00:00,3.0,0,Normal,"1-20, idle<=90",2026-09
655790684408068,3276303810,6,2026-08-30 20:30:00,1.0,0,Normal,"1-20, idle<=90",2026-09
721468984721668,3276369038,17,2026-06-25 13:00:00,67.0,1,Frozen,"1-20, idle<=90",2026-09
651546732007682,3276370094,11,2026-08-29 17:00:00,2.0,0,Normal,"1-20, idle<=90",2026-09
737075721179400,3276395684,20,2026-08-30 14:30:00,1.0,0,Normal,"1-20, idle<=90",2026-09
737011977699592,3276459634,8,2026-08-28 21:30:00,3.0,0,Normal,"1-20, idle<=90",2026-09
737360699572488,3276636572,16,2026-08-30 16:00:00,1.0,0,Normal,"1-20, idle<=90",2026-09
697897418213636,3276643405,3,2026-08-31 21:30:00,0.0,0,Normal,"1-20, idle<=90",2026-09
701828171700482,3276659215,5,2026-08-27 17:30:00,4.0,0,Normal,"1-20, idle<=90",2026-09
737360803596550,3276718498,19,2026-08-29 16:00:00,2.0,0,Normal,"1-20, idle<=90",2026-09
700548615815428,3276875190,20,2026-08-31 11:00:00,0.0,0,Normal,"1-20, idle<=90",2026-09
731342515118342,3276875381,3,2026-08-31 17:00:00,0.0,0,Normal,"1-20, idle<=90",2026-09
714192839618816,3276875743,18,2026-08-31 21:00:00,0.0,0,Normal,"1-20, idle<=90",2026-09
689289724967168,3276876026,17,2026-08-27 22:00:00,4.0,0,Normal,"1-20, idle<=90",2026-09
714192994046212,3276881143,18,2026-08-31 21:00:00,0.0,0,Normal,"1-20, idle<=90",2026-09
720247982082304,3277087805,7,2026-08-31 19:30:00,0.0,0,Normal,"1-20, idle<=90",2026-09
735928243822854,3277087885,6,2026-08-31 21:00:00,0.0,0,Normal,"1-20, idle<=90",2026-09
720781225724162,3277145580,8,2026-08-31 18:00:00,0.0,0,Normal,"1-20, idle<=90",2026-09
657384232816896,3277328561,20,2026-08-27 16:30:00,4.0,0,Normal,"1-20, idle<=90",2026-09
637389273411852,3277547888,8,2026-08-30 22:30:00,1.0,0,Normal,"1-20, idle<=90",2026-09
732052206979334,3277587109,2,2026-08-27 19:30:00,4.0,0,Normal,"1-20, idle<=90",2026-09
698955875199236,3277902883,4,2026-08-26 17:30:00,5.0,0,Normal,"1-20, idle<=90",2026-09
702194033502464,3277972623,3,2026-08-31 08:00:00,0.0,0,Normal,"1-20, idle<=90",2026-09
736166886093062,3278070709,13,2026-08-30 23:30:00,1.0,0,Normal,"1-20, idle<=90",2026-09
740237330936070,3278086711,13,2026-08-27 21:30:00,4.0,0,Normal,"1-20, idle<=90",2026-09
670651292193026,3278122719,19,2026-08-30 10:30:00,1.0,0,Normal,"1-20, idle<=90",2026-09
698254591039748,3278170295,10,2026-08-28 18:00:00,3.0,0,Normal,"1-20, idle<=90",2026-09
738810803749128,3278412192,11,2026-08-27 18:30:00,4.0,0,Normal,"1-20, idle<=90",2026-09
727108546459910,3278446051,1,2026-08-26 12:30:00,5.0,0,Normal,"1-20, idle<=90",2026-09
724100454682882,3278764457,5,2026-08-23 16:00:00,8.0,0,Normal,"1-20, idle<=90",2026-09
692117512376580,3278909809,2,2026-07-17 18:00:00,45.0,0,Normal,"1-20, idle<=90",2026-09
705370939537664,3278960830,5,2026-08-27 14:00:00,4.0,0,Normal,"1-20, idle<=90",2026-09
757964554961160,3279026157,19,2026-08-28 19:00:00,3.0,0,Normal,"1-20, idle<=90",2026-09
726438437460232,3279198909,11,2026-08-31 10:30:00,0.0,0,Normal,"1-20, idle<=90",2026-09
711564116672770,3279455189,1,2026-08-26 21:00:00,5.0,0,Normal,"1-20, idle<=90",2026-09
740185236093192,3279472922,16,2026-08-30 22:00:00,1.0,0,Normal,"1-20, idle<=90",2026-09
697901752396032,3279591653,12,2026-08-26 22:00:00,5.0,0,Normal,"1-20, idle<=90",2026-09
731519584016648,3279594594,3,2026-08-31 21:00:00,0.0,0,Normal,"1-20, idle<=90",2026-09
703438240721152,3279743658,11,2026-08-30 22:00:00,1.0,0,Normal,"1-20, idle<=90",2026-09
677797425647872,3279784036,11,2026-06-26 19:00:00,66.0,1,Frozen,"1-20, idle<=90",2026-09
684798757513474,3279835574,6,2026-06-07 15:00:00,85.0,1,Frozen,"1-20, idle<=90",2026-09
742838531545352,3279974455,10,2026-08-29 16:00:00,2.0,0,Normal,"1-20, idle<=90",2026-09
705689111144708,3279988197,6,2026-08-29 10:30:00,2.0,0,Normal,"1-20, idle<=90",2026-09
708156465416452,3279997496,18,2026-08-26 18:00:00,5.0,0,Normal,"1-20, idle<=90",2026-09
732440378538248,3280016136,10,2026-08-26 22:00:00,5.0,0,Normal,"1-20, idle<=90",2026-09
698087964338432,3280327216,9,2026-07-30 19:30:00,32.0,1,Frozen,"1-20, idle<=90",2026-09
729263607097608,3280385382,8,2026-08-27 22:00:00,4.0,0,Normal,"1-20, idle<=90",2026-09
668000435671296,3280477569,18,2026-06-28 15:00:00,64.0,1,Frozen,"1-20, idle<=90",2026-09
699194061906180,3280505138,1,2026-08-31 23:00:00,0.0,0,Normal,"1-20, idle<=90",2026-09
726976496212230,3280556541,1,2026-07-11 21:30:00,51.0,0,Normal,"1-20, idle<=90",2026-09
739841028729094,3280596642,12,2026-08-31 17:00:00,0.0,0,Normal,"1-20, idle<=90",2026-09
739517378183432,3280598445,14,2026-08-30 15:30:00,1.0,0,Normal,"1-20, idle<=90",2026-09
739841217792258,3280598760,17,2026-08-31 17:30:00,0.0,0,Normal,"1-20, idle<=90",2026-09
726434222729474,3280894798,7,2026-08-31 12:00:00,0.0,0,Normal,"1-20, idle<=90",2026-09
740447677565190,3280934301,17,2026-08-30 17:00:00,1.0,0,Normal,"1-20, idle<=90",2026-09
710162224849156,3280951458,20,2026-08-30 15:30:00,1.0,0,Normal,"1-20, idle<=90",2026-09
674766180206848,3280955690,11,2026-08-28 17:00:00,3.0,0,Normal,"1-20, idle<=90",2026-09
670995786909954,3281024916,3,2026-08-27 21:00:00,4.0,0,Normal,"1-20, idle<=90",2026-09
685580677492994,3281112638,3,2026-08-31 21:00:00,0.0,0,Normal,"1-20, idle<=90",2026-09
727974088345858,3281125282,11,2026-08-28 20:30:00,3.0,0,Normal,"1-20, idle<=90",2026-09
720237021118722,3281246915,19,2026-07-15 20:30:00,47.0,0,Normal,"1-20, idle<=90",2026-09
727499131965702,3281265325,1,2026-08-28 21:30:00,3.0,0,Normal,"1-20, idle<=90",2026-09
740401051224328,3281344137,5,2026-08-27 21:30:00,4.0,0,Normal,"1-20, idle<=90",2026-09
709348766402820,3281816586,17,2026-08-31 21:30:00,0.0,0,Normal,"1-20, idle<=90",2026-09
737354001049858,3281974199,14,2026-08-31 19:00:00,0.0,0,Normal,"1-20, idle<=90",2026-09
673336395880708,3282019652,3,2026-06-19 22:00:00,73.0,1,Frozen,"1-20, idle<=90",2026-09
668360381448448,3282135884,4,2026-08-30 09:00:00,1.0,0,Normal,"1-20, idle<=90",2026-09
687877560516866,3282186668,19,2026-08-30 14:30:00,1.0,0,Normal,"1-20, idle<=90",2026-09
691714775656706,3282215250,8,2026-08-30 22:30:00,1.0,0,Normal,"1-20, idle<=90",2026-09
753341434876166,3282222736,8,2026-08-30 20:00:00,1.0,0,Normal,"1-20, idle<=90",2026-09
737065134377224,3282295154,17,2026-08-29 19:00:00,2.0,0,Normal,"1-20, idle<=90",2026-09
731725634251016,3282354478,6,2026-08-29 21:30:00,2.0,0,Normal,"1-20, idle<=90",2026-09
732407741503746,3282377035,7,2026-08-26 13:00:00,5.0,0,Normal,"1-20, idle<=90",2026-09
750270360295688,3282399353,3,2026-08-27 17:30:00,4.0,0,Normal,"1-20, idle<=90",2026-09
752639866065158,3282521736,11,2026-08-24 22:00:00,7.0,0,Normal,"1-20, idle<=90",2026-09
687476158548224,3282935712,2,2026-08-28 20:00:00,3.0,0,Normal,"1-20, idle<=90",2026-09
756356282315010,3282937437,12,2026-08-28 16:30:00,3.0,0,Normal,"1-20, idle<=90",2026-09
731911787637000,3282981743,14,2026-08-30 11:30:00,1.0,0,Normal,"1-20, idle<=90",2026-09
724618790101248,3283052914,13,2026-08-25 20:00:00,6.0,0,Normal,"1-20, idle<=90",2026-09
736310356863240,3283061302,13,2026-08-31 20:30:00,0.0,0,Normal,"1-20, idle<=90",2026-09
686573271654660,3283069243,1,2026-08-31 20:30:00,0.0,0,Normal,"1-20, idle<=90",2026-09
758459257411848,3283234650,16,2026-08-28 21:30:00,3.0,0,Normal,"1-20, idle<=90",2026-09
720900530422016,3283276408,15,2026-08-25 19:30:00,6.0,0,Normal,"1-20, idle<=90",2026-09
720055549118720,3283376533,10,2026-08-29 22:30:00,2.0,0,Normal,"1-20, idle<=90",2026-09
685531341826304,3283447351,8,2026-08-23 19:00:00,8.0,0,Normal,"1-20, idle<=90",2026-09
673163422908672,3283492041,9,2026-08-31 19:30:00,0.0,0,Normal,"1-20, idle<=90",2026-09
673163234001154,3283492707,6,2026-08-28 19:30:00,3.0,0,Normal,"1-20, idle<=90",2026-09
703469221417216,3283496092,11,2026-08-25 14:00:00,6.0,0,Normal,"1-20, idle<=90",2026-09
731925754638600,3283503609,12,2026-08-28 21:30:00,3.0,0,Normal,"1-20, idle<=90",2026-09
691920344744194,3283729946,4,2026-08-28 21:30:00,3.0,0,Normal,"1-20, idle<=90",2026-09
732806362321154,3283758348,11,2026-08-15 11:00:00,16.0,0,Normal,"1-20, idle<=90",2026-09
663094926465284,3283788304,18,2026-08-31 21:30:00,0.0,0,Normal,"1-20, idle<=90",2026-09
689496715065602,3283940861,3,2026-08-28 20:00:00,3.0,0,Normal,"1-20, idle<=90",2026-09
732442118775048,3284143911,15,2026-08-27 22:00:00,4.0,0,Normal,"1-20, idle<=90",2026-09
736645583388934,3284365074,11,2026-08-28 22:00:00,3.0,0,Normal,"1-20, idle<=90",2026-09
686980749998336,3284486747,4,2026-08-28 21:00:00,3.0,0,Normal,"1-20, idle<=90",2026-09
692969772630276,3284633338,5,2026-08-31 18:30:00,0.0,0,Normal,"1-20, idle<=90",2026-09
742716454785282,3284637148,15,2026-08-31 21:00:00,0.0,0,Normal,"1-20, idle<=90",2026-09
731774591822086,3284753942,3,2026-08-31 18:30:00,0.0,0,Normal,"1-20, idle<=90",2026-09
758428021340424,3284867404,12,2026-08-31 18:30:00,0.0,0,Normal,"1-20, idle<=90",2026-09
677382313908482,3284945061,12,2026-08-29 09:00:00,2.0,0,Normal,"1-20, idle<=90",2026-09
694243837135108,3284946182,9,2026-08-31 16:00:00,0.0,0,Normal,"1-20, idle<=90",2026-09
763919263527170,3285045631,13,2026-08-26 21:00:00,5.0,0,Normal,"1-20, idle<=90",2026-09
732946016033032,3285212104,5,2026-08-31 20:30:00,0.0,0,Normal,"1-20, idle<=90",2026-09
689120843448578,3285281832,15,2026-08-29 16:30:00,2.0,0,Normal,"1-20, idle<=90",2026-09
732433201385736,3285578314,4,2026-08-28 18:30:00,3.0,0,Normal,"1-20, idle<=90",2026-09
725533401039106,3285578501,3,2026-08-29 13:00:00,2.0,0,Normal,"1-20, idle<=90",2026-09
696530444491012,3285612750,16,2026-08-27 21:30:00,4.0,0,Normal,"1-20, idle<=90",2026-09
753140575707400,3285699445,15,2026-08-27 14:30:00,4.0,0,Normal,"1-20, idle<=90",2026-09
752970641576194,3285699608,16,2026-08-25 16:30:00,6.0,0,Normal,"1-20, idle<=90",2026-09
735928751237382,3285721633,11,2026-08-28 21:00:00,3.0,0,Normal,"1-20, idle<=90",2026-09
731693900665090,3285765824,2,2026-08-28 18:30:00,3.0,0,Normal,"1-20, idle<=90",2026-09
698956005370116,3285765838,3,2026-08-27 19:30:00,4.0,0,Normal,"1-20, idle<=90",2026-09
698107909710080,3285784868,14,2026-08-27 16:30:00,4.0,0,Normal,"1-20, idle<=90",2026-09
691584380109058,3285930817,14,2026-08-30 17:00:00,1.0,0,Normal,"1-20, idle<=90",2026-09
740600515619078,3285934528,16,2026-08-29 18:00:00,2.0,0,Normal,"1-20, idle<=90",2026-09
720724026806528,3285935956,19,2026-07-10 21:00:00,52.0,1,Frozen,"1-20, idle<=90",2026-09
739525756725510,3285950745,17,2026-08-27 19:00:00,4.0,0,Normal,"1-20, idle<=90",2026-09
732459139535112,3285966869,1,2026-08-30 17:30:00,1.0,0,Normal,"1-20, idle<=90",2026-09
742879911948546,3286010725,20,2026-08-27 21:30:00,4.0,0,Normal,"1-20, idle<=90",2026-09
755449415528706,3286147483,16,2026-08-29 20:30:00,2.0,0,Normal,"1-20, idle<=90",2026-09
737933206384904,3286267813,14,2026-08-28 20:00:00,3.0,0,Normal,"1-20, idle<=90",2026-09
698513254770944,3286426764,20,2026-08-27 15:30:00,4.0,0,Normal,"1-20, idle<=90",2026-09
745381712421126,3286531042,18,2026-08-27 20:00:00,4.0,0,Normal,"1-20, idle<=90",2026-09
753850015060232,3286533749,10,2026-08-26 21:00:00,5.0,0,Normal,"1-20, idle<=90",2026-09
667355029125380,3286592175,7,2026-08-30 20:30:00,1.0,0,Normal,"1-20, idle<=90",2026-09
702719991847172,3286596214,3,2026-08-31 18:30:00,0.0,0,Normal,"1-20, idle<=90",2026-09
748333163704578,3286646047,11,2026-08-28 21:30:00,3.0,0,Normal,"1-20, idle<=90",2026-09
742907526830344,3286748552,19,2026-08-30 16:00:00,1.0,0,Normal,"1-20, idle<=90",2026-09
733149419974914,3286779787,8,2026-08-26 21:30:00,5.0,0,Normal,"1-20, idle<=90",2026-09
743764409270536,3286845175,19,2026-08-29 17:30:00,2.0,0,Normal,"1-20, idle<=90",2026-09
701485521115392,3286847698,3,2026-08-28 23:00:00,3.0,0,Normal,"1-20, idle<=90",2026-09
747459445283080,3286859857,9,2026-08-20 22:00:00,11.0,0,Normal,"1-20, idle<=90",2026-09
740600741761286,3286888156,8,2026-08-15 19:30:00,16.0,0,Normal,"1-20, idle<=90",2026-09
693708503404804,3286898775,11,2026-08-29 11:30:00,2.0,0,Normal,"1-20, idle<=90",2026-09
734927481506056,3286912076,13,2026-08-29 17:30:00,2.0,0,Normal,"1-20, idle<=90",2026-09
736893001775366,3286954932,11,2026-08-27 20:00:00,4.0,0,Normal,"1-20, idle<=90",2026-09
736893103173890,3287022014,15,2026-08-25 19:00:00,6.0,0,Normal,"1-20, idle<=90",2026-09
697241778690304,3287024361,14,2026-07-13 16:30:00,49.0,1,Frozen,"1-20, idle<=90",2026-09
754906827997442,3287032666,18,2026-07-30 15:00:00,32.0,1,Frozen,"1-20, idle<=90",2026-09
742597796454658,3287065302,3,2026-08-27 21:00:00,4.0,0,Normal,"1-20, idle<=90",2026-09
759834263486726,3287165773,20,2026-08-30 20:30:00,1.0,0,Normal,"1-20, idle<=90",2026-09
693158756468996,3287210576,14,2026-08-24 21:30:00,7.0,0,Normal,"1-20, idle<=90",2026-09
668746038098178,3287330351,13,2026-07-12 10:30:00,50.0,1,Frozen,"1-20, idle<=90",2026-09
740064266660102,3287330481,16,2026-08-27 11:30:00,4.0,0,Normal,"1-20, idle<=90",2026-09
704277459065088,3287333901,18,2026-08-30 19:00:00,1.0,0,Normal,"1-20, idle<=90",2026-09
738632187906306,3287406590,8,2026-08-27 20:30:00,4.0,0,Normal,"1-20, idle<=90",2026-09
694243437390080,3287419095,7,2026-08-27 20:30:00,4.0,0,Normal,"1-20, idle<=90",2026-09
732622648375554,3287525553,11,2026-08-29 17:00:00,2.0,0,Normal,"1-20, idle<=90",2026-09
738858071271682,3287650784,18,2026-08-27 19:00:00,4.0,0,Normal,"1-20, idle<=90",2026-09
735823452272898,3287778180,17,2026-08-27 21:30:00,4.0,0,Normal,"1-20, idle<=90",2026-09
697407697912066,3287780681,8,2026-08-31 21:30:00,0.0,0,Normal,"1-20, idle<=90",2026-09
672060181500162,3287911169,3,2026-06-03 18:30:00,89.0,1,Frozen,"1-20, idle<=90",2026-09
727131521446150,3287994880,11,2026-08-29 21:00:00,2.0,0,Normal,"1-20, idle<=90",2026-09
756874846918914,3288092255,13,2026-08-29 20:00:00,2.0,0,Normal,"1-20, idle<=90",2026-09
697021979384068,3288170575,18,2026-07-26 14:30:00,36.0,0,Normal,"1-20, idle<=90",2026-09
673182886547716,3288174847,4,2026-08-31 18:00:00,0.0,0,Normal,"1-20, idle<=90",2026-09
735119197368582,3288244288,19,2026-08-30 14:00:00,1.0,0,Normal,"1-20, idle<=90",2026-09
737418675900680,3288313117,17,2026-08-25 18:30:00,6.0,0,Normal,"1-20, idle<=90",2026-09
702358129555716,3288369944,17,2026-08-30 20:00:00,1.0,0,Normal,"1-20, idle<=90",2026-09
681978593581316,3288408028,5,2026-08-31 20:00:00,0.0,0,Normal,"1-20, idle<=90",2026-09
696477363097858,3288443268,16,2026-08-29 20:00:00,2.0,0,Normal,"1-20, idle<=90",2026-09
681658919151872,3288458073,18,2026-08-31 21:00:00,0.0,0,Normal,"1-20, idle<=90",2026-09
755437762795778,3288458773,14,2026-08-29 19:00:00,2.0,0,Normal,"1-20, idle<=90",2026-09
721657621369088,3288479291,13,2026-08-30 09:30:00,1.0,0,Normal,"1-20, idle<=90",2026-09
733693930326280,3288530498,4,2026-08-27 19:30:00,4.0,0,Normal,"1-20, idle<=90",2026-09
738611342067974,3288535160,20,2026-08-27 22:00:00,4.0,0,Normal,"1-20, idle<=90",2026-09
673314895223040,3288760104,17,2026-08-28 10:30:00,3.0,0,Normal,"1-20, idle<=90",2026-09
736150502263046,3288854035,12,2026-08-31 21:30:00,0.0,0,Normal,"1-20, idle<=90",2026-09
740788242379010,3288867538,17,2026-08-30 11:30:00,1.0,0,Normal,"1-20, idle<=90",2026-09
716346937549058,3288924780,18,2026-08-29 18:30:00,2.0,0,Normal,"1-20, idle<=90",2026-09
733641633339656,3288973910,14,2026-08-31 21:30:00,0.0,0,Normal,"1-20, idle<=90",2026-09
704845032790276,3289462026,17,2026-08-31 22:00:00,0.0,0,Normal,"1-20, idle<=90",2026-09
740717380462850,3289462320,20,2026-08-30 21:00:00,1.0,0,Normal,"1-20, idle<=90",2026-09
699506575579392,3289579896,15,2026-08-29 10:30:00,2.0,0,Normal,"1-20, idle<=90",2026-09
697187077136642,3289589434,3,2026-08-29 18:00:00,2.0,0,Normal,"1-20, idle<=90",2026-09
688904576549124,3289620065,3,2026-08-27 22:30:00,4.0,0,Normal,"1-20, idle<=90",2026-09
731195316939014,3289639502,12,2026-08-31 20:00:00,0.0,0,Normal,"1-20, idle<=90",2026-09
713869181237504,3289639632,4,2026-06-04 16:30:00,88.0,1,Frozen,"1-20, idle<=90",2026-09
699139310627072,3289672580,2,2026-08-29 17:30:00,2.0,0,Normal,"1-20, idle<=90",2026-09
698087639277828,3289707040,15,2026-08-31 16:00:00,0.0,0,Normal,"1-20, idle<=90",2026-09
693517042071810,3289949504,5,2026-08-28 20:30:00,3.0,0,Normal,"1-20, idle<=90",2026-09
723250453285122,3289966460,11,2026-08-27 18:00:00,4.0,0,Normal,"1-20, idle<=90",2026-09
705340455018752,3289967486,5,2026-08-31 17:30:00,0.0,0,Normal,"1-20, idle<=90",2026-09
741821998313734,3290064491,3,2026-08-28 15:30:00,3.0,0,Normal,"1-20, idle<=90",2026-09
739137869549832,3290078732,19,2026-08-28 17:00:00,3.0,0,Normal,"1-20, idle<=90",2026-09
693127476388098,3290191799,13,2026-08-28 21:00:00,3.0,0,Normal,"1-20, idle<=90",2026-09
731402718456072,3290200143,1,2026-08-28 18:30:00,3.0,0,Normal,"1-20, idle<=90",2026-09
735103071222018,3290273933,15,2026-08-27 19:30:00,4.0,0,Normal,"1-20, idle<=90",2026-09
749781732311298,3290329652,1,2026-08-28 19:30:00,3.0,0,Normal,"1-20, idle<=90",2026-09
732969386189062,3290365045,16,2026-08-24 21:00:00,7.0,0,Normal,"1-20, idle<=90",2026-09
705339813624068,3290444057,8,2026-08-30 22:30:00,1.0,0,Normal,"1-20, idle<=90",2026-09
750495757828360,3290451213,6,2026-08-27 21:30:00,4.0,0,Normal,"1-20, idle<=90",2026-09
740011252418824,3290578759,7,2026-08-30 21:30:00,1.0,0,Normal,"1-20, idle<=90",2026-09
732620060909830,3290579093,16,2026-08-27 21:00:00,4.0,0,Normal,"1-20, idle<=90",2026-09
733643311681798,3290614805,7,2026-08-30 17:00:00,1.0,0,Normal,"1-20, idle<=90",2026-09
722566592235776,3290699935,5,2026-08-27 21:00:00,4.0,0,Normal,"1-20, idle<=90",2026-09
742879270674690,3290872985,10,2026-08-31 12:00:00,0.0,0,Normal,"1-20, idle<=90",2026-09
732066351315206,3291166477,6,2026-08-05 09:00:00,26.0,1,Frozen,"1-20, idle<=90",2026-09
749207363166472,3291352398,8,2026-08-28 11:00:00,3.0,0,Normal,"1-20, idle<=90",2026-09
738952854593794,3291353420,15,2026-08-28 21:00:00,3.0,0,Normal,"1-20, idle<=90",2026-09
729085502304518,3291427567,12,2026-08-27 21:00:00,4.0,0,Normal,"1-20, idle<=90",2026-09
716347066564868,3291502148,2,2026-08-28 21:00:00,3.0,0,Normal,"1-20, idle<=90",2026-09
734004651858182,3291564974,11,2026-08-30 12:00:00,1.0,0,Normal,"1-20, idle<=90",2026-09
735803358540038,3291610861,9,2026-08-28 22:00:00,3.0,0,Normal,"1-20, idle<=90",2026-09
712090543763714,3291664152,14,2026-08-28 21:00:00,3.0,0,Normal,"1-20, idle<=90",2026-09
681094747810050,3291712185,2,2026-08-27 10:00:00,4.0,0,Normal,"1-20, idle<=90",2026-09
683596725238020,3291870214,19,2026-08-22 18:00:00,9.0,0,Normal,"1-20, idle<=90",2026-09
750449195458818,3291912365,2,2026-08-25 18:30:00,6.0,0,Normal,"1-20, idle<=90",2026-09
751604112029958,3291967251,4,2026-08-30 18:00:00,1.0,0,Normal,"1-20, idle<=90",2026-09
732789013213448,3292053563,6,2026-08-28 14:30:00,3.0,0,Normal,"1-20, idle<=90",2026-09
702675291123972,3292061386,1,2026-08-30 11:00:00,1.0,0,Normal,"1-20, idle<=90",2026-09
747988701178120,3292064271,13,2026-08-31 21:00:00,0.0,0,Normal,"1-20, idle<=90",2026-09
739012013740296,3292081285,11,2026-08-29 00:00:00,3.0,0,Normal,"1-20, idle<=90",2026-09
748687088943368,3292105246,4,2026-08-27 22:00:00,4.0,0,Normal,"1-20, idle<=90",2026-09
731575490121992,3292165349,15,2026-08-26 19:00:00,5.0,0,Normal,"1-20, idle<=90",2026-09
753699649112328,3292166877,14,2026-08-23 16:30:00,8.0,0,Normal,"1-20, idle<=90",2026-09
709627018064128,3292167514,3,2026-08-29 19:30:00,2.0,0,Normal,"1-20, idle<=90",2026-09
717047055530242,3292189434,13,2026-08-31 22:30:00,0.0,0,Normal,"1-20, idle<=90",2026-09
733150396102920,3292319069,9,2026-08-29 21:30:00,2.0,0,Normal,"1-20, idle<=90",2026-09
688522298134786,3292323632,5,2026-08-14 16:00:00,17.0,0,Normal,"1-20, idle<=90",2026-09
755069164169480,3292370137,11,2026-08-26 21:30:00,5.0,0,Normal,"1-20, idle<=90",2026-09
683243875166464,3292437494,4,2026-08-25 18:30:00,6.0,0,Normal,"1-20, idle<=90",2026-09
729036722432264,3292447093,7,2026-08-28 20:00:00,3.0,0,Normal,"1-20, idle<=90",2026-09
718153957939458,3292455355,5,2026-08-25 21:00:00,6.0,0,Normal,"1-20, idle<=90",2026-09
706391996680450,3292466920,18,2026-08-31 16:30:00,0.0,0,Normal,"1-20, idle<=90",2026-09
682930089484544,3292484782,7,2026-08-29 17:00:00,2.0,0,Normal,"1-20, idle<=90",2026-09
736202194450696,3292492988,2,2026-08-31 20:00:00,0.0,0,Normal,"1-20, idle<=90",2026-09
746087895267590,3292493174,8,2026-08-26 18:30:00,5.0,0,Normal,"1-20, idle<=90",2026-09
700614080483586,3292501925,11,2026-08-31 02:30:00,0.0,0,Normal,"1-20, idle<=90",2026-09
684268589158660,3292532759,5,2026-08-26 19:00:00,5.0,0,Normal,"1-20, idle<=90",2026-09
695623321430274,3292533121,11,2026-08-29 16:00:00,2.0,0,Normal,"1-20, idle<=90",2026-09
699854503151872,3292597447,14,2026-08-28 19:00:00,3.0,0,Normal,"1-20, idle<=90",2026-09
722675389964544,3292598639,8,2026-06-19 21:00:00,73.0,1,Frozen,"1-20, idle<=90",2026-09
728167415679240,3292609451,10,2026-08-30 20:30:00,1.0,0,Normal,"1-20, idle<=90",2026-09
756876967033090,3292822531,13,2026-08-31 18:00:00,0.0,0,Normal,"1-20, idle<=90",2026-09
734541573787912,3292856617,13,2026-08-28 21:30:00,3.0,0,Normal,"1-20, idle<=90",2026-09
702030477201668,3292954346,17,2026-08-31 18:30:00,0.0,0,Normal,"1-20, idle<=90",2026-09
727991849328898,3292965385,5,2026-08-31 21:30:00,0.0,0,Normal,"1-20, idle<=90",2026-09
684987331514624,3292967228,14,2026-08-28 19:00:00,3.0,0,Normal,"1-20, idle<=90",2026-09
685200860829956,3292975981,12,2026-08-30 16:00:00,1.0,0,Normal,"1-20, idle<=90",2026-09
719572175126784,3293102621,2,2026-08-02 21:30:00,29.0,0,Normal,"1-20, idle<=90",2026-09
741085618460936,3293133666,15,2026-08-29 21:00:00,2.0,0,Normal,"1-20, idle<=90",2026-09
688216213915908,3293145886,2,2026-08-23 18:30:00,8.0,0,Normal,"1-20, idle<=90",2026-09
697376392323330,3293186058,7,2026-08-31 11:00:00,0.0,0,Normal,"1-20, idle<=90",2026-09
686039608353024,3293226669,1,2026-08-31 21:00:00,0.0,0,Normal,"1-20, idle<=90",2026-09
720724101753088,3293264993,9,2026-08-29 20:00:00,2.0,0,Normal,"1-20, idle<=90",2026-09
747847573948674,3293365116,6,2026-08-31 21:00:00,0.0,0,Normal,"1-20, idle<=90",2026-09
707626542958848,3293404700,6,2026-08-31 17:00:00,0.0,0,Normal,"1-20, idle<=90",2026-09
761441452855558,3293421555,19,2026-08-27 22:30:00,4.0,0,Normal,"1-20, idle<=90",2026-09
758668331006214,3293436464,17,2026-08-27 20:30:00,4.0,0,Normal,"1-20, idle<=90",2026-09
739311798186246,3293504089,20,2026-08-27 21:00:00,4.0,0,Normal,"1-20, idle<=90",2026-09
686960273826052,3293523885,4,2026-07-24 18:00:00,38.0,1,Frozen,"1-20, idle<=90",2026-09
696133722165508,3293529486,6,2026-08-26 18:30:00,5.0,0,Normal,"1-20, idle<=90",2026-09
709590483558660,3293539054,2,2026-08-31 19:00:00,0.0,0,Normal,"1-20, idle<=90",2026-09
688198652356866,3293570327,2,2026-08-31 21:00:00,0.0,0,Normal,"1-20, idle<=90",2026-09
699333881657600,3293571281,18,2026-07-29 20:30:00,33.0,1,Frozen,"1-20, idle<=90",2026-09
756004160452872,3293631914,13,2026-08-20 22:00:00,11.0,0,Normal,"1-20, idle<=90",2026-09
692801777645824,3293651939,12,2026-08-07 21:30:00,24.0,0,Normal,"1-20, idle<=90",2026-09
738098683175174,3293715316,15,2026-08-27 21:30:00,4.0,0,Normal,"1-20, idle<=90",2026-09
722676631001346,3293757013,2,2026-08-27 20:00:00,4.0,0,Normal,"1-20, idle<=90",2026-09
698251853588738,3293824014,15,2026-08-31 20:30:00,0.0,0,Normal,"1-20, idle<=90",2026-09
737012326828290,3293840590,12,2026-08-28 14:30:00,3.0,0,Normal,"1-20, idle<=90",2026-09
716517584767234,3293855463,5,2026-08-19 19:30:00,12.0,0,Normal,"1-20, idle<=90",2026-09
712973168460032,3293931597,13,2026-08-30 15:00:00,1.0,0,Normal,"1-20, idle<=90",2026-09
742659391625478,3293978586,17,2026-08-27 18:30:00,4.0,0,Normal,"1-20, idle<=90",2026-09
692943844354308,3293980786,1,2026-08-30 21:00:00,1.0,0,Normal,"1-20, idle<=90",2026-09
729047506284808,3293983881,3,2026-08-12 21:00:00,19.0,0,Normal,"1-20, idle<=90",2026-09
740007764234498,3294030668,2,2026-08-28 22:00:00,3.0,0,Normal,"1-20, idle<=90",2026-09
727091654891778,3294035978,14,2026-08-23 21:00:00,8.0,0,Normal,"1-20, idle<=90",2026-09
688908535527682,3294053308,12,2026-08-31 21:00:00,0.0,0,Normal,"1-20, idle<=90",2026-09
696706672638212,3294058913,9,2026-08-27 20:00:00,4.0,0,Normal,"1-20, idle<=90",2026-09
737887601955074,3294086809,11,2026-08-31 21:00:00,0.0,0,Normal,"1-20, idle<=90",2026-09
732598660286722,3294105299,2,2026-08-31 22:00:00,0.0,0,Normal,"1-20, idle<=90",2026-09
698996409483522,3294107646,1,2026-08-29 15:00:00,2.0,0,Normal,"1-20, idle<=90",2026-09
689763238330626,3294146056,4,2026-08-31 21:00:00,0.0,0,Normal,"1-20, idle<=90",2026-09
739173680689416,3294186664,13,2026-08-26 22:00:00,5.0,0,Normal,"1-20, idle<=90",2026-09
708907468185860,3294202481,1,2026-08-21 21:00:00,10.0,0,Normal,"1-20, idle<=90",2026-09
756464104706310,3294273658,15,2026-08-27 18:00:00,4.0,0,Normal,"1-20, idle<=90",2026-09
741990069868808,3294319695,18,2026-08-27 22:00:00,4.0,0,Normal,"1-20, idle<=90",2026-09
738100846086402,3294337507,19,2026-08-31 21:00:00,0.0,0,Normal,"1-20, idle<=90",2026-09
692089391563010,3294381596,2,2026-08-28 21:30:00,3.0,0,Normal,"1-20, idle<=90",2026-09
689283035494656,3294452420,5,2026-08-27 22:30:00,4.0,0,Normal,"1-20, idle<=90",2026-09
734940481886466,3294478047,19,2026-08-30 22:00:00,1.0,0,Normal,"1-20, idle<=90",2026-09
739126690898178,3294495071,15,2026-08-27 20:30:00,4.0,0,Normal,"1-20, idle<=90",2026-09
740377079378182,3294498791,17,2026-08-24 12:00:00,7.0,0,Normal,"1-20, idle<=90",2026-09
689801287567618,3294515520,20,2026-06-17 09:30:00,75.0,1,Frozen,"1-20, idle<=90",2026-09
716472403996930,3294640312,12,2026-08-28 21:00:00,3.0,0,Normal,"1-20, idle<=90",2026-09
756164166506758,3294642863,16,2026-08-22 21:30:00,9.0,0,Normal,"1-20, idle<=90",2026-09
731520142168326,3294644281,3,2026-08-25 18:30:00,6.0,0,Normal,"1-20, idle<=90",2026-09
751900664367366,3294725757,4,2026-08-31 21:00:00,0.0,0,Normal,"1-20, idle<=90",2026-09
760035778103554,3294795277,18,2026-08-30 20:00:00,1.0,0,Normal,"1-20, idle<=90",2026-09
712951521937666,3294828552,17,2026-06-24 19:30:00,68.0,1,Frozen,"1-20, idle<=90",2026-09
738249071200520,3294875605,4,2026-08-29 21:00:00,2.0,0,Normal,"1-20, idle<=90",2026-09
741068264851714,3294904087,20,2026-08-30 23:00:00,1.0,0,Normal,"1-20, idle<=90",2026-09
732065912408322,3294921315,12,2026-08-26 17:00:00,5.0,0,Normal,"1-20, idle<=90",2026-09
691028351226114,3294958614,10,2026-08-27 18:30:00,4.0,0,Normal,"1-20, idle<=90",2026-09
738981351143688,3294959030,10,2026-08-30 20:30:00,1.0,0,Normal,"1-20, idle<=90",2026-09
737011412001026,3294998136,14,2026-08-20 22:00:00,11.0,0,Normal,"1-20, idle<=90",2026-09
692089754874112,3295000206,2,2026-08-21 16:00:00,10.0,0,Normal,"1-20, idle<=90",2026-09
734215296876802,3295059482,9,2026-08-29 21:30:00,2.0,0,Normal,"1-20, idle<=90",2026-09
705149164019968,3295060178,10,2026-08-30 08:30:00,1.0,0,Normal,"1-20, idle<=90",2026-09
691741089698052,3295060629,9,2026-08-30 12:30:00,1.0,0,Normal,"1-20, idle<=90",2026-09
724847618525440,3295173467,11,2026-08-31 21:30:00,0.0,0,Normal,"1-20, idle<=90",2026-09
692075425659140,3295185782,4,2026-08-28 21:30:00,3.0,0,Normal,"1-20, idle<=90",2026-09
701611648262400,3295212354,14,2026-08-31 19:30:00,0.0,0,Normal,"1-20, idle<=90",2026-09
691700918878464,3295249139,4,2026-08-30 08:00:00,1.0,0,Normal,"1-20, idle<=90",2026-09
692076864186626,3295330940,13,2026-08-29 10:00:00,2.0,0,Normal,"1-20, idle<=90",2026-09
723939914043648,3295339578,4,2026-08-29 20:30:00,2.0,0,Normal,"1-20, idle<=90",2026-09
695786357924100,3295390732,9,2026-08-31 21:00:00,0.0,0,Normal,"1-20, idle<=90",2026-09
718105421267202,3295395220,1,2026-08-22 21:00:00,9.0,0,Normal,"1-20, idle<=90",2026-09
748918170339586,3295398808,15,2026-08-31 14:00:00,0.0,0,Normal,"1-20, idle<=90",2026-09
693662816796930,3295430158,13,2026-08-31 21:30:00,0.0,0,Normal,"1-20, idle<=90",2026-09
692128672088324,3295431501,8,2026-08-30 20:00:00,1.0,0,Normal,"1-20, idle<=90",2026-09
693128691501312,3295514247,4,2026-08-28 21:00:00,3.0,0,Normal,"1-20, idle<=90",2026-09
753689583937800,3295515991,17,2026-08-28 20:30:00,3.0,0,Normal,"1-20, idle<=90",2026-09
700591446432000,3295568860,14,2026-08-27 21:00:00,4.0,0,Normal,"1-20, idle<=90",2026-09
715300560392448,3295622580,1,2026-08-27 21:00:00,4.0,0,Normal,"1-20, idle<=90",2026-09
694012235622656,3295626955,8,2026-08-29 11:00:00,2.0,0,Normal,"1-20, idle<=90",2026-09
693647219114240,3295666346,4,2026-08-28 10:30:00,3.0,0,Normal,"1-20, idle<=90",2026-09
693335493675266,3295720097,4,2026-08-28 18:00:00,3.0,0,Normal,"1-20, idle<=90",2026-09
700725217329410,3295720178,6,2026-08-29 20:00:00,2.0,0,Normal,"1-20, idle<=90",2026-09
693302125269250,3295795041,8,2026-08-27 16:30:00,4.0,0,Normal,"1-20, idle<=90",2026-09
694405121675524,3295818728,2,2026-08-04 20:00:00,27.0,0,Normal,"1-20, idle<=90",2026-09
701801611944194,3295818942,11,2026-08-28 18:30:00,3.0,0,Normal,"1-20, idle<=90",2026-09
724854160761090,3295900399,5,2026-08-30 22:00:00,1.0,0,Normal,"1-20, idle<=90",2026-09
720202005768450,3295925880,1,2026-08-13 20:00:00,18.0,0,Normal,"1-20, idle<=90",2026-09
693302293561604,3295925962,20,2026-08-27 16:00:00,4.0,0,Normal,"1-20, idle<=90",2026-09
734054592479494,3295929238,12,2026-08-26 20:30:00,5.0,0,Normal,"1-20, idle<=90",2026-09
735605664198914,3295935109,11,2026-08-28 21:30:00,3.0,0,Normal,"1-20, idle<=90",2026-09
761823125412102,3295944226,19,2026-08-30 17:00:00,1.0,0,Normal,"1-20, idle<=90",2026-09
698445751486720,3296000996,15,2026-08-29 17:30:00,2.0,0,Normal,"1-20, idle<=90",2026-09
694903517063428,3296039145,20,2026-08-27 16:00:00,4.0,0,Normal,"1-20, idle<=90",2026-09
698476480039170,3296040098,15,2026-08-30 17:00:00,1.0,0,Normal,"1-20, idle<=90",2026-09
716168814459140,3296041392,8,2026-07-17 21:00:00,45.0,1,Frozen,"1-20, idle<=90",2026-09
694413607270658,3296064115,2,2026-08-29 21:30:00,2.0,0,Normal,"1-20, idle<=90",2026-09
693866462134530,3296088928,2,2026-08-30 18:00:00,1.0,0,Normal,"1-20, idle<=90",2026-09
724123296637184,3296089513,13,2026-08-29 14:00:00,2.0,0,Normal,"1-20, idle<=90",2026-09
732581172699394,3296097371,10,2026-08-31 20:30:00,0.0,0,Normal,"1-20, idle<=90",2026-09
694012338946306,3296116920,13,2026-08-29 10:00:00,2.0,0,Normal,"1-20, idle<=90",2026-09
695514260365572,3296146799,10,2026-08-27 18:30:00,4.0,0,Normal,"1-20, idle<=90",2026-09
732125177358594,3296156065,2,2026-08-28 10:30:00,3.0,0,Normal,"1-20, idle<=90",2026-09
732633440215304,3296170835,15,2026-08-29 19:00:00,2.0,0,Normal,"1-20, idle<=90",2026-09
733694990684424,3296196100,6,2026-08-28 18:00:00,3.0,0,Normal,"1-20, idle<=90",2026-09
694744125778176,3296249542,7,2026-08-29 18:00:00,2.0,0,Normal,"1-20, idle<=90",2026-09
738773063917830,3296253081,20,2026-08-29 16:00:00,2.0,0,Normal,"1-20, idle<=90",2026-09
722901526749440,3296253635,16,2026-06-09 10:30:00,83.0,1,Frozen,"1-20, idle<=90",2026-09
694717677123844,3296262065,2,2026-06-16 18:00:00,76.0,1,Frozen,"1-20, idle<=90",2026-09
748528541128962,3296300077,5,2026-08-26 19:30:00,5.0,0,Normal,"1-20, idle<=90",2026-09
695101129427204,3296345667,8,2026-08-24 21:30:00,7.0,0,Normal,"1-20, idle<=90",2026-09
700567373594884,3296473131,5,2026-08-23 17:30:00,8.0,0,Normal,"1-20, idle<=90",2026-09
738812489023750,3296493661,16,2026-08-29 11:30:00,2.0,0,Normal,"1-20, idle<=90",2026-09
731965382691078,3296510673,1,2026-08-28 20:30:00,3.0,0,Normal,"1-20, idle<=90",2026-09
695818019205376,3296513506,18,2026-08-30 19:00:00,1.0,0,Normal,"1-20, idle<=90",2026-09
725915385979144,3296521225,2,2026-08-05 20:00:00,26.0,0,Normal,"1-20, idle<=90",2026-09
746059367352584,3296521254,20,2026-08-27 21:30:00,4.0,0,Normal,"1-20, idle<=90",2026-09
696002249138434,3296552281,17,2026-08-27 18:30:00,4.0,0,Normal,"1-20, idle<=90",2026-09
697736311783684,3296552974,12,2026-08-25 21:00:00,6.0,0,Normal,"1-20, idle<=90",2026-09
720241552263424,3296558969,3,2026-08-30 20:30:00,1.0,0,Normal,"1-20, idle<=90",2026-09
695669945053444,3296599949,5,2026-08-30 20:00:00,1.0,0,Normal,"1-20, idle<=90",2026-09
740540698499334,3296632731,6,2026-08-30 14:00:00,1.0,0,Normal,"1-20, idle<=90",2026-09
710105058683138,3296689334,12,2026-08-11 21:30:00,20.0,1,Frozen,"1-20, idle<=90",2026-09
696175371835648,3296703179,3,2026-07-30 21:30:00,32.0,0,Normal,"1-20, idle<=90",2026-09
736143600875784,3296713828,13,2026-08-31 21:00:00,0.0,0,Normal,"1-20, idle<=90",2026-09
745021982449928,3296768641,12,2026-08-19 21:00:00,12.0,0,Normal,"1-20, idle<=90",2026-09
716655596658946,3296890246,2,2026-08-25 21:30:00,6.0,0,Normal,"1-20, idle<=90",2026-09
711555354587392,3296899272,3,2026-08-28 16:00:00,3.0,0,Normal,"1-20, idle<=90",2026-09
738128531302662,3296899609,17,2026-08-29 11:00:00,2.0,0,Normal,"1-20, idle<=90",2026-09
696844787290372,3296913801,10,2026-08-28 19:00:00,3.0,0,Normal,"1-20, idle<=90",2026-09
697458138816768,3296926494,11,2026-08-30 22:30:00,1.0,0,Normal,"1-20, idle<=90",2026-09
702158613942528,3296928052,11,2026-08-31 17:00:00,0.0,0,Normal,"1-20, idle<=90",2026-09
739169175589128,3296948429,16,2026-08-31 16:30:00,0.0,0,Normal,"1-20, idle<=90",2026-09
697409599795460,3296976544,4,2026-08-29 20:30:00,2.0,0,Normal,"1-20, idle<=90",2026-09
726433640265992,3296977669,15,2026-08-30 14:00:00,1.0,0,Normal,"1-20, idle<=90",2026-09
698163269519620,3296980710,13,2026-08-30 18:00:00,1.0,0,Normal,"1-20, idle<=90",2026-09
698956375470336,3297044022,16,2026-08-31 17:00:00,0.0,0,Normal,"1-20, idle<=90",2026-09
736506542057736,3297052227,12,2026-08-25 11:30:00,6.0,0,Normal,"1-20, idle<=90",2026-09
727837745389826,3297052678,3,2026-08-29 11:30:00,2.0,0,Normal,"1-20, idle<=90",2026-09
729126721947910,3297061967,1,2026-08-28 21:30:00,3.0,0,Normal,"1-20, idle<=90",2026-09
697935019452674,3297063677,13,2026-08-28 18:00:00,3.0,0,Normal,"1-20, idle<=90",2026-09
697935296254212,3297066021,3,2026-08-31 22:30:00,0.0,0,Normal,"1-20, idle<=90",2026-09
724121449394432,3297088185,10,2026-07-23 21:30:00,39.0,1,Frozen,"1-20, idle<=90",2026-09
697721855179008,3297093291,16,2026-08-28 20:30:00,3.0,0,Normal,"1-20, idle<=90",2026-09
698972953964804,3297102097,17,2026-08-31 18:00:00,0.0,0,Normal,"1-20, idle<=90",2026-09
697458296590592,3297117886,4,2026-08-29 09:00:00,2.0,0,Normal,"1-20, idle<=90",2026-09
697944462354688,3297146717,1,2026-08-27 20:00:00,4.0,0,Normal,"1-20, idle<=90",2026-09
698511263131908,3297147262,6,2026-08-27 20:30:00,4.0,0,Normal,"1-20, idle<=90",2026-09
738506399187202,3297150546,15,2026-08-27 21:30:00,4.0,0,Normal,"1-20, idle<=90",2026-09
699728937625856,3297212322,5,2026-08-30 16:00:00,1.0,0,Normal,"1-20, idle<=90",2026-09
741080725100808,3297286566,18,2026-08-30 15:00:00,1.0,0,Normal,"1-20, idle<=90",2026-09
732121876324610,3297308561,11,2026-08-25 16:30:00,6.0,0,Normal,"1-20, idle<=90",2026-09
698477921542404,3297379075,8,2026-08-26 19:00:00,5.0,0,Normal,"1-20, idle<=90",2026-09
700564611678468,3297388240,15,2026-08-27 21:00:00,4.0,0,Normal,"1-20, idle<=90",2026-09
698640907925764,3297417223,1,2026-08-30 18:00:00,1.0,0,Normal,"1-20, idle<=90",2026-09
698297622905088,3297433865,1,2026-08-29 17:00:00,2.0,0,Normal,"1-20, idle<=90",2026-09
698956194261248,3297455037,9,2026-08-30 17:00:00,1.0,0,Normal,"1-20, idle<=90",2026-09
698314109372672,3297485148,18,2026-08-27 21:30:00,4.0,0,Normal,"1-20, idle<=90",2026-09
715610470668544,3297491677,2,2026-08-30 22:30:00,1.0,0,Normal,"1-20, idle<=90",2026-09
698288496050432,3297497209,4,2026-08-31 19:00:00,0.0,0,Normal,"1-20, idle<=90",2026-09
734041739940098,3297532297,10,2026-08-30 17:00:00,1.0,0,Normal,"1-20, idle<=90",2026-09
700593054748932,3297532349,6,2026-08-30 17:30:00,1.0,0,Normal,"1-20, idle<=90",2026-09
708917727097092,3297536790,5,2026-08-27 21:30:00,4.0,0,Normal,"1-20, idle<=90",2026-09
739195943280904,3297543901,16,2026-08-31 21:00:00,0.0,0,Normal,"1-20, idle<=90",2026-09
699175695436036,3297578128,7,2026-08-30 09:30:00,1.0,0,Normal,"1-20, idle<=90",2026-09
702217716525314,3297594529,8,2026-08-27 16:00:00,4.0,0,Normal,"1-20, idle<=90",2026-09
728895431911686,3297594754,8,2026-08-29 21:30:00,2.0,0,Normal,"1-20, idle<=90",2026-09
731341178945794,3297633793,3,2026-08-27 19:30:00,4.0,0,Normal,"1-20, idle<=90",2026-09
731876910745864,3297737602,18,2026-08-31 19:00:00,0.0,0,Normal,"1-20, idle<=90",2026-09
725684802251014,3297738722,5,2026-08-26 19:30:00,5.0,0,Normal,"1-20, idle<=90",2026-09
738460761975042,3297741288,7,2026-08-26 15:30:00,5.0,0,Normal,"1-20, idle<=90",2026-09
699352290734338,3297753578,12,2026-06-05 20:00:00,87.0,1,Frozen,"1-20, idle<=90",2026-09
737719499729160,3297777438,8,2026-08-27 18:30:00,4.0,0,Normal,"1-20, idle<=90",2026-09
699401638527234,3297777439,10,2026-08-30 21:00:00,1.0,0,Normal,"1-20, idle<=90",2026-09
701797913073924,3297817283,14,2026-08-31 18:30:00,0.0,0,Normal,"1-20, idle<=90",2026-09
700548126486786,3297838078,12,2026-08-27 19:00:00,4.0,0,Normal,"1-20, idle<=90",2026-09
736506001584392,3297859327,3,2026-08-30 15:30:00,1.0,0,Normal,"1-20, idle<=90",2026-09
736506149794054,3297859493,9,2026-08-30 15:30:00,1.0,0,Normal,"1-20, idle<=90",2026-09
734925393510662,3297870255,20,2026-08-28 22:00:00,3.0,0,Normal,"1-20, idle<=90",2026-09
700761763766528,3297882656,5,2026-08-28 21:00:00,3.0,0,Normal,"1-20, idle<=90",2026-09
701453446285570,3297891966,19,2026-08-31 17:30:00,0.0,0,Normal,"1-20, idle<=90",2026-09
701609091363074,3297907133,15,2026-08-29 15:30:00,2.0,0,Normal,"1-20, idle<=90",2026-09
700075036569858,3297907143,6,2026-08-31 18:30:00,0.0,0,Normal,"1-20, idle<=90",2026-09
700255668736260,3297944283,18,2026-08-27 17:00:00,4.0,0,Normal,"1-20, idle<=90",2026-09
700255825989890,3297963101,9,2026-08-27 18:30:00,4.0,0,Normal,"1-20, idle<=90",2026-09
700255998519556,3297963222,9,2026-08-27 17:30:00,4.0,0,Normal,"1-20, idle<=90",2026-09
738797083197698,3297978026,5,2026-08-31 11:30:00,0.0,0,Normal,"1-20, idle<=90",2026-09
734227494955266,3297989209,4,2026-08-29 09:00:00,2.0,0,Normal,"1-20, idle<=90",2026-09
740756802015496,3298017074,15,2026-08-30 15:00:00,1.0,0,Normal,"1-20, idle<=90",2026-09
733643578808582,3298019136,7,2026-08-28 18:00:00,3.0,0,Normal,"1-20, idle<=90",2026-09
703429903878400,3298020673,8,2026-08-31 20:30:00,0.0,0,Normal,"1-20, idle<=90",2026-09
700948275011842,3298145034,2,2026-08-30 09:30:00,1.0,0,Normal,"1-20, idle<=90",2026-09
700786625386754,3298145048,7,2026-08-27 19:30:00,4.0,0,Normal,"1-20, idle<=90",2026-09
732084802664710,3298145464,2,2026-08-28 19:00:00,3.0,0,Normal,"1-20, idle<=90",2026-09
701437955068160,3298158410,8,2026-08-29 10:30:00,2.0,0,Normal,"1-20, idle<=90",2026-09
724088850442498,3298189818,10,2026-08-31 21:00:00,0.0,0,Normal,"1-20, idle<=90",2026-09
701478582948098,3298214333,10,2026-08-28 18:30:00,3.0,0,Normal,"1-20, idle<=90",2026-09
739352147867910,3298275244,14,2026-08-30 11:30:00,1.0,0,Normal,"1-20, idle<=90",2026-09
701654631053568,3298281284,4,2026-08-28 19:30:00,3.0,0,Normal,"1-20, idle<=90",2026-09
709091773010180,3298307369,15,2026-08-27 21:00:00,4.0,0,Normal,"1-20, idle<=90",2026-09
701331360495872,3298330508,3,2026-08-29 17:30:00,2.0,0,Normal,"1-20, idle<=90",2026-09
747853662294278,3298366047,3,2026-08-30 22:30:00,1.0,0,Normal,"1-20, idle<=90",2026-09
734581755683080,3298395351,6,2026-08-30 10:00:00,1.0,0,Normal,"1-20, idle<=90",2026-09
733831206482182,3298401791,8,2026-08-30 19:00:00,1.0,0,Normal,"1-20, idle<=90",2026-09
702018389362948,3298497046,13,2026-08-29 20:30:00,2.0,0,Normal,"1-20, idle<=90",2026-09
701807071623424,3298503323,6,2026-06-25 21:00:00,67.0,1,Frozen,"1-20, idle<=90",2026-09
702336046758144,3298503851,1,2026-08-29 21:00:00,2.0,0,Normal,"1-20, idle<=90",2026-09
705338129240324,3298506619,11,2026-08-27 18:00:00,4.0,0,Normal,"1-20, idle<=90",2026-09
703654884090114,3298506813,18,2026-08-19 21:00:00,12.0,0,Normal,"1-20, idle<=90",2026-09
702179057715458,3298516658,10,2026-08-30 11:00:00,1.0,0,Normal,"1-20, idle<=90",2026-09
714204678488320,3298517354,4,2026-08-29 20:30:00,2.0,0,Normal,"1-20, idle<=90",2026-09
701663510098180,3298524342,10,2026-08-30 16:30:00,1.0,0,Normal,"1-20, idle<=90",2026-09
704799531368704,3298537225,16,2026-08-30 20:30:00,1.0,0,Normal,"1-20, idle<=90",2026-09
701608843018500,3298554111,1,2026-08-28 02:30:00,3.0,0,Normal,"1-20, idle<=90",2026-09
753988338501894,3298568194,10,2026-08-29 21:00:00,2.0,0,Normal,"1-20, idle<=90",2026-09
750494073184520,3298595773,4,2026-08-26 20:00:00,5.0,0,Normal,"1-20, idle<=90",2026-09
702409046704386,3298596030,20,2026-08-27 22:30:00,4.0,0,Normal,"1-20, idle<=90",2026-09
732122333014278,3298633697,10,2026-08-30 09:30:00,1.0,0,Normal,"1-20, idle<=90",2026-09
733646880833800,3298635750,10,2026-08-27 21:30:00,4.0,0,Normal,"1-20, idle<=90",2026-09
703912348324096,3298656398,20,2026-08-31 15:00:00,0.0,0,Normal,"1-20, idle<=90",2026-09
703205807210752,3298674881,19,2026-08-31 23:00:00,0.0,0,Normal,"1-20, idle<=90",2026-09
702855095822592,3298696188,10,2026-08-26 11:30:00,5.0,0,Normal,"1-20, idle<=90",2026-09
742701309489414,3298709179,17,2026-08-30 21:30:00,1.0,0,Normal,"1-20, idle<=90",2026-09
734393463030018,3298723741,11,2026-08-15 13:00:00,16.0,0,Normal,"1-20, idle<=90",2026-09
702524181549312,3298763760,3,2026-08-28 15:30:00,3.0,0,Normal,"1-20, idle<=90",2026-09
703385958854914,3298771417,15,2026-08-30 19:00:00,1.0,0,Normal,"1-20, idle<=90",2026-09
754031165110534,3298812137,20,2026-08-30 11:30:00,1.0,0,Normal,"1-20, idle<=90",2026-09
750150688516360,3298826584,4,2026-08-21 20:00:00,10.0,0,Normal,"1-20, idle<=90",2026-09
739366218490114,3298828258,16,2026-08-30 11:00:00,1.0,0,Normal,"1-20, idle<=90",2026-09
757568569964802,3298845096,15,2026-08-18 18:30:00,13.0,0,Normal,"1-20, idle<=90",2026-09
702411092289794,3298847985,4,2026-08-27 21:00:00,4.0,0,Normal,"1-20, idle<=90",2026-09
703081145446660,3298878351,7,2026-08-27 19:00:00,4.0,0,Normal,"1-20, idle<=90",2026-09
753697146507522,3298901956,10,2026-08-27 10:00:00,4.0,0,Normal,"1-20, idle<=90",2026-09
703080919011584,3298925770,7,2026-08-29 19:00:00,2.0,0,Normal,"1-20, idle<=90",2026-09
703253580507392,3298926008,5,2026-08-31 19:00:00,0.0,0,Normal,"1-20, idle<=90",2026-09
703201190234368,3298930067,17,2026-08-31 21:00:00,0.0,0,Normal,"1-20, idle<=90",2026-09
726939918780678,3298950747,16,2026-08-31 16:30:00,0.0,0,Normal,"1-20, idle<=90",2026-09
703913148651778,3298980824,20,2026-08-27 21:00:00,4.0,0,Normal,"1-20, idle<=90",2026-09
703580878262530,3298987273,4,2026-08-27 18:00:00,4.0,0,Normal,"1-20, idle<=90",2026-09
739336710144262,3298993834,12,2026-08-28 20:30:00,3.0,0,Normal,"1-20, idle<=90",2026-09
702953793515776,3299015588,9,2026-08-31 21:30:00,0.0,0,Normal,"1-20, idle<=90",2026-09
736296856652034,3299030398,9,2026-08-29 18:00:00,2.0,0,Normal,"1-20, idle<=90",2026-09
704140386087170,3299031700,7,2026-08-31 13:30:00,0.0,0,Normal,"1-20, idle<=90",2026-09
705423811680514,3299084689,13,2026-08-25 18:00:00,6.0,0,Normal,"1-20, idle<=90",2026-09
705009124796672,3299084751,18,2026-08-29 20:30:00,2.0,0,Normal,"1-20, idle<=90",2026-09
705194610379008,3299085477,17,2026-08-29 10:30:00,2.0,0,Normal,"1-20, idle<=90",2026-09
703951114352898,3299101254,17,2026-08-31 19:30:00,0.0,0,Normal,"1-20, idle<=90",2026-09
740070069805320,3299141052,12,2026-08-14 17:00:00,17.0,0,Normal,"1-20, idle<=90",2026-09
723748795287810,3299189351,4,2026-08-29 14:00:00,2.0,0,Normal,"1-20, idle<=90",2026-09
753821234444552,3299214603,16,2026-08-31 11:00:00,0.0,0,Normal,"1-20, idle<=90",2026-09
703912989475074,3299226186,15,2026-08-27 21:30:00,4.0,0,Normal,"1-20, idle<=90",2026-09
738108281884936,3299253952,18,2026-08-31 21:30:00,0.0,0,Normal,"1-20, idle<=90",2026-09
739745769609480,3299257824,20,2026-08-26 22:00:00,5.0,0,Normal,"1-20, idle<=90",2026-09
732106923858178,3299262618,6,2026-08-31 19:30:00,0.0,0,Normal,"1-20, idle<=90",2026-09
704535043715330,3299290063,11,2026-08-16 17:30:00,15.0,1,Frozen,"1-20, idle<=90",2026-09
706119689959684,3299299488,2,2026-08-27 21:30:00,4.0,0,Normal,"1-20, idle<=90",2026-09
706118321797380,3299306277,11,2026-08-31 19:00:00,0.0,0,Normal,"1-20, idle<=90",2026-09
705569829785858,3299340330,16,2026-07-31 02:00:00,31.0,1,Frozen,"1-20, idle<=90",2026-09
754726693562626,3299421957,12,2026-08-31 21:00:00,0.0,0,Normal,"1-20, idle<=90",2026-09
706406263097602,3299483489,1,2026-08-30 21:30:00,1.0,0,Normal,"1-20, idle<=90",2026-09
705147943667972,3299493111,12,2026-08-28 21:00:00,3.0,0,Normal,"1-20, idle<=90",2026-09
753653249773826,3299516440,12,2026-08-26 20:30:00,5.0,0,Normal,"1-20, idle<=90",2026-09
722546571071744,3299524479,13,2026-08-29 19:30:00,2.0,0,Normal,"1-20, idle<=90",2026-09
705365080948992,3299529992,19,2026-08-28 20:30:00,3.0,0,Normal,"1-20, idle<=90",2026-09
754788310739208,3299555953,12,2026-08-30 19:30:00,1.0,0,Normal,"1-20, idle<=90",2026-09
737001298374918,3299559646,9,2026-08-19 21:00:00,12.0,0,Normal,"1-20, idle<=90",2026-09
741460047542534,3299612197,18,2026-08-26 17:30:00,5.0,0,Normal,"1-20, idle<=90",2026-09
740371776637192,3299631942,18,2026-08-28 21:30:00,3.0,0,Normal,"1-20, idle<=90",2026-09
707804586905858,3299730632,19,2026-08-29 16:00:00,2.0,0,Normal,"1-20, idle<=90",2026-09
705877225634048,3299730759,14,2026-08-28 23:30:00,3.0,0,Normal,"1-20, idle<=90",2026-09
760391287949576,3299736224,19,2026-08-27 22:00:00,4.0,0,Normal,"1-20, idle<=90",2026-09
705725709744386,3299736887,7,2026-08-31 18:30:00,0.0,0,Normal,"1-20, idle<=90",2026-09
747982618611970,3299738387,13,2026-08-31 18:00:00,0.0,0,Normal,"1-20, idle<=90",2026-09
706570798500096,3299755789,18,2026-08-27 21:00:00,4.0,0,Normal,"1-20, idle<=90",2026-09
760925287964936,3299763105,16,2026-08-31 19:30:00,0.0,0,Normal,"1-20, idle<=90",2026-09
736865243091206,3299808852,15,2026-08-30 18:00:00,1.0,0,Normal,"1-20, idle<=90",2026-09
706094674352388,3299825801,17,2026-08-28 21:00:00,3.0,0,Normal,"1-20, idle<=90",2026-09
737886104447238,3299827357,7,2026-08-27 21:30:00,4.0,0,Normal,"1-20, idle<=90",2026-09
741426734199046,3299845046,19,2026-08-30 17:00:00,1.0,0,Normal,"1-20, idle<=90",2026-09
732994719193346,3299855355,9,2026-08-30 15:00:00,1.0,0,Normal,"1-20, idle<=90",2026-09
737952926181634,3299873864,17,2026-08-31 21:00:00,0.0,0,Normal,"1-20, idle<=90",2026-09
724096235194624,3299875010,16,2026-08-30 21:00:00,1.0,0,Normal,"1-20, idle<=90",2026-09
746568641726728,3299900813,1,2026-08-28 19:30:00,3.0,0,Normal,"1-20, idle<=90",2026-09
707343601572096,3299906772,9,2026-08-31 21:30:00,0.0,0,Normal,"1-20, idle<=90",2026-09
707852812882180,3299909480,6,2026-08-27 21:00:00,4.0,0,Normal,"1-20, idle<=90",2026-09
738127915368706,3299909700,15,2026-08-27 21:30:00,4.0,0,Normal,"1-20, idle<=90",2026-09
708707067365632,3299910184,6,2026-07-09 20:30:00,53.0,1,Frozen,"1-20, idle<=90",2026-09
728011185160450,3299938189,4,2026-08-31 13:30:00,0.0,0,Normal,"1-20, idle<=90",2026-09
712055680454914,3299955015,20,2026-07-25 22:30:00,37.0,1,Frozen,"1-20, idle<=90",2026-09
738613107828994,3299979065,19,2026-08-30 20:30:00,1.0,0,Normal,"1-20, idle<=90",2026-09
757969207052546,3299982035,14,2026-08-31 16:30:00,0.0,0,Normal,"1-20, idle<=90",2026-09
726986240628998,3300008093,1,2026-08-31 21:30:00,0.0,0,Normal,"1-20, idle<=90",2026-09
757256489627910,3300023964,16,2026-08-31 22:30:00,0.0,0,Normal,"1-20, idle<=90",2026-09
707343445297412,3300058769,12,2026-08-30 16:30:00,1.0,0,Normal,"1-20, idle<=90",2026-09
726904129739014,3300078797,18,2026-08-30 17:30:00,1.0,0,Normal,"1-20, idle<=90",2026-09
707837856012546,3300085658,18,2026-08-28 18:30:00,3.0,0,Normal,"1-20, idle<=90",2026-09
744834521569544,3300085694,13,2026-07-26 21:00:00,36.0,0,Normal,"1-20, idle<=90",2026-09
748681149788422,3300092694,3,2026-08-31 22:00:00,0.0,0,Normal,"1-20, idle<=90",2026-09
708711087866114,3300164431,8,2026-08-30 18:00:00,1.0,0,Normal,"1-20, idle<=90",2026-09
708050276618498,3300175523,12,2026-08-27 22:30:00,4.0,0,Normal,"1-20, idle<=90",2026-09
750279496737026,3300205659,11,2026-08-27 20:30:00,4.0,0,Normal,"1-20, idle<=90",2026-09
739334316534018,3300211609,11,2026-08-31 20:00:00,0.0,0,Normal,"1-20, idle<=90",2026-09
724090976856324,3300218575,20,2026-08-31 17:00:00,0.0,0,Normal,"1-20, idle<=90",2026-09
708196249946368,3300250414,17,2026-08-28 21:30:00,3.0,0,Normal,"1-20, idle<=90",2026-09
748540902367496,3300296806,2,2026-08-03 17:00:00,28.0,0,Normal,"1-20, idle<=90",2026-09
708909005922562,3300364712,17,2026-08-27 21:00:00,4.0,0,Normal,"1-20, idle<=90",2026-09
737553224984834,3300378202,5,2026-08-28 17:00:00,3.0,0,Normal,"1-20, idle<=90",2026-09
733643688491272,3300387501,19,2026-08-28 13:00:00,3.0,0,Normal,"1-20, idle<=90",2026-09
708526213800194,3300403729,18,2026-08-29 12:30:00,2.0,0,Normal,"1-20, idle<=90",2026-09
708526422329600,3300403755,16,2026-08-29 10:00:00,2.0,0,Normal,"1-20, idle<=90",2026-09
726902083315976,3300427127,1,2026-08-27 22:00:00,4.0,0,Normal,"1-20, idle<=90",2026-09
726418402842882,3300431364,3,2026-08-26 22:00:00,5.0,0,Normal,"1-20, idle<=90",2026-09
709063771097348,3300447387,18,2026-08-28 19:30:00,3.0,0,Normal,"1-20, idle<=90",2026-09
714402833211648,3300492869,5,2026-08-27 22:00:00,4.0,0,Normal,"1-20, idle<=90",2026-09
736345045453058,3300531426,19,2026-08-31 18:30:00,0.0,0,Normal,"1-20, idle<=90",2026-09
732052787101954,3300545070,8,2026-08-31 21:00:00,0.0,0,Normal,"1-20, idle<=90",2026-09
716216522737920,3300545623,9,2026-06-05 17:00:00,87.0,1,Frozen,"1-20, idle<=90",2026-09
710153529835780,3300551004,20,2026-08-28 19:00:00,3.0,0,Normal,"1-20, idle<=90",2026-09
711047636564226,3300554983,8,2026-08-31 19:30:00,0.0,0,Normal,"1-20, idle<=90",2026-09
749257525879048,3300595658,20,2026-08-31 21:00:00,0.0,0,Normal,"1-20, idle<=90",2026-09
739685274239234,3300610794,20,2026-08-31 18:00:00,0.0,0,Normal,"1-20, idle<=90",2026-09
725189538605320,3300633376,2,2026-08-28 22:00:00,3.0,0,Normal,"1-20, idle<=90",2026-09
709753000306948,3300681720,15,2026-08-30 08:00:00,1.0,0,Normal,"1-20, idle<=90",2026-09
734911334902022,3300682996,2,2026-08-30 16:00:00,1.0,0,Normal,"1-20, idle<=90",2026-09
709290359224578,3300683797,4,2026-08-31 21:30:00,0.0,0,Normal,"1-20, idle<=90",2026-09
753856289704194,3300743323,10,2026-08-30 21:30:00,1.0,0,Normal,"1-20, idle<=90",2026-09
760931207174406,3300830237,19,2026-08-30 22:00:00,1.0,0,Normal,"1-20, idle<=90",2026-09
710280967297284,3300844534,4,2026-08-30 17:30:00,1.0,0,Normal,"1-20, idle<=90",2026-09
710473845145860,3300844680,20,2026-08-31 21:00:00,0.0,0,Normal,"1-20, idle<=90",2026-09
726417517893894,3300901782,19,2026-08-29 09:00:00,2.0,0,Normal,"1-20, idle<=90",2026-09
732146567997704,3300938439,18,2026-08-27 19:00:00,4.0,0,Normal,"1-20, idle<=90",2026-09
739880197042438,3300977983,14,2026-08-31 19:00:00,0.0,0,Normal,"1-20, idle<=90",2026-09
743785312733442,3300978231,16,2026-08-28 17:00:00,3.0,0,Normal,"1-20, idle<=90",2026-09
710464297974018,3300999000,8,2026-08-22 20:30:00,9.0,0,Normal,"1-20, idle<=90",2026-09
742671557943560,3301052235,1,2026-08-26 22:30:00,5.0,0,Normal,"1-20, idle<=90",2026-09
752277890164994,3301059618,13,2026-08-31 18:30:00,0.0,0,Normal,"1-20, idle<=90",2026-09
712256936411394,3301086366,3,2026-08-29 21:00:00,2.0,0,Normal,"1-20, idle<=90",2026-09
733681558001926,3301086692,12,2026-08-27 21:00:00,4.0,0,Normal,"1-20, idle<=90",2026-09
711714669207810,3301132819,2,2026-08-29 18:00:00,2.0,0,Normal,"1-20, idle<=90",2026-09
750453331319046,3301273453,15,2026-08-29 21:00:00,2.0,0,Normal,"1-20, idle<=90",2026-09
753463353016582,3301419363,1,2026-08-31 21:30:00,0.0,0,Normal,"1-20, idle<=90",2026-09
712766351601924,3301472459,20,2026-08-30 10:00:00,1.0,0,Normal,"1-20, idle<=90",2026-09
732095279675656,3301476250,7,2026-08-30 12:00:00,1.0,0,Normal,"1-20, idle<=90",2026-09
732834950887686,3301484627,8,2026-08-31 21:30:00,0.0,0,Normal,"1-20, idle<=90",2026-09
712091220973828,3301489023,15,2026-08-28 18:30:00,3.0,0,Normal,"1-20, idle<=90",2026-09
731220676002056,3301502092,11,2026-08-28 22:00:00,3.0,0,Normal,"1-20, idle<=90",2026-09
712621137293570,3301530211,16,2026-08-29 10:30:00,2.0,0,Normal,"1-20, idle<=90",2026-09
728717866176770,3301533457,10,2026-08-31 20:00:00,0.0,0,Normal,"1-20, idle<=90",2026-09
712428011143424,3301541582,5,2026-06-11 18:30:00,81.0,0,Normal,"1-20, idle<=90",2026-09
716304106051844,3301587057,3,2026-08-28 22:00:00,3.0,0,Normal,"1-20, idle<=90",2026-09
713868962367748,3301601128,9,2026-08-31 23:00:00,0.0,0,Normal,"1-20, idle<=90",2026-09
734928833810690,3301645504,13,2026-08-28 17:00:00,3.0,0,Normal,"1-20, idle<=90",2026-09
736712238399752,3301688352,3,2026-06-14 19:30:00,78.0,1,Frozen,"1-20, idle<=90",2026-09
734230313212168,3301697472,8,2026-08-27 21:30:00,4.0,0,Normal,"1-20, idle<=90",2026-09
727622103886086,3301702771,17,2026-08-25 22:00:00,6.0,0,Normal,"1-20, idle<=90",2026-09
719553154068738,3301715785,1,2026-08-29 10:00:00,2.0,0,Normal,"1-20, idle<=90",2026-09
722498528915716,3301787870,6,2026-08-28 16:00:00,3.0,0,Normal,"1-20, idle<=90",2026-09
713819574171904,3301788983,10,2026-08-28 19:30:00,3.0,0,Normal,"1-20, idle<=90",2026-09
749075175248130,3301789092,2,2026-08-31 15:00:00,0.0,0,Normal,"1-20, idle<=90",2026-09
733637724111106,3301789716,14,2026-08-25 19:30:00,6.0,0,Normal,"1-20, idle<=90",2026-09
713292093475074,3301791931,1,2026-06-26 10:00:00,66.0,0,Normal,"1-20, idle<=90",2026-09
729408723921160,3301796747,9,2026-08-30 15:00:00,1.0,0,Normal,"1-20, idle<=90",2026-09
714351789748482,3301802778,10,2026-08-01 15:00:00,30.0,1,Frozen,"1-20, idle<=90",2026-09
727128771672322,3301847092,9,2026-08-28 21:00:00,3.0,0,Normal,"1-20, idle<=90",2026-09
713843369711876,3301849291,4,2026-08-30 20:30:00,1.0,0,Normal,"1-20, idle<=90",2026-09
735285768155400,3301887417,11,2026-08-30 19:00:00,1.0,0,Normal,"1-20, idle<=90",2026-09
742694315294984,3301901506,15,2026-08-28 17:00:00,3.0,0,Normal,"1-20, idle<=90",2026-09
728157645043970,3301968121,17,2026-08-30 21:30:00,1.0,0,Normal,"1-20, idle<=90",2026-09
714393478029568,3301977673,1,2026-08-28 23:30:00,3.0,0,Normal,"1-20, idle<=90",2026-09
725384591212808,3301991956,18,2026-08-28 16:30:00,3.0,0,Normal,"1-20, idle<=90",2026-09
716887924324610,3302123357,1,2026-08-29 21:00:00,2.0,0,Normal,"1-20, idle<=90",2026-09
759696073533704,3302146598,18,2026-08-31 21:00:00,0.0,0,Normal,"1-20, idle<=90",2026-09
732982912921858,3302211523,12,2026-08-28 21:00:00,3.0,0,Normal,"1-20, idle<=90",2026-09
718780270170368,3302283110,9,2026-06-09 17:00:00,83.0,1,Frozen,"1-20, idle<=90",2026-09
747663095349510,3302383080,1,2026-08-26 21:30:00,5.0,0,Normal,"1-20, idle<=90",2026-09
736362554216706,3302420026,9,2026-08-25 22:00:00,6.0,0,Normal,"1-20, idle<=90",2026-09
715628662282496,3302461389,17,2026-08-31 09:00:00,0.0,0,Normal,"1-20, idle<=90",2026-09
725360401436936,3302524916,9,2026-08-30 21:30:00,1.0,0,Normal,"1-20, idle<=90",2026-09
742312771227912,3302527294,15,2026-08-31 19:00:00,0.0,0,Normal,"1-20, idle<=90",2026-09
742711687053576,3302571442,10,2026-08-30 21:30:00,1.0,0,Normal,"1-20, idle<=90",2026-09
752394273038594,3302575244,11,2026-08-31 18:00:00,0.0,0,Normal,"1-20, idle<=90",2026-09
717552053645568,3302575548,3,2026-08-15 20:30:00,16.0,1,Frozen,"1-20, idle<=90",2026-09
717050211330304,3302615737,6,2026-08-29 10:00:00,2.0,0,Normal,"1-20, idle<=90",2026-09
732261825921288,3302672027,8,2026-08-29 22:00:00,2.0,0,Normal,"1-20, idle<=90",2026-09
721668270665984,3302684666,19,2026-08-16 21:30:00,15.0,0,Normal,"1-20, idle<=90",2026-09
751388689623298,3302691840,3,2026-08-31 10:30:00,0.0,0,Normal,"1-20, idle<=90",2026-09
733025808283912,3302692867,8,2026-08-26 18:30:00,5.0,0,Normal,"1-20, idle<=90",2026-09
716893223444736,3302702345,10,2026-08-31 21:00:00,0.0,0,Normal,"1-20, idle<=90",2026-09
717097392505092,3302706046,3,2026-08-29 20:30:00,2.0,0,Normal,"1-20, idle<=90",2026-09
743742793093378,3302716458,8,2026-08-31 19:30:00,0.0,0,Normal,"1-20, idle<=90",2026-09
732107450040584,3302716576,19,2026-08-26 18:30:00,5.0,0,Normal,"1-20, idle<=90",2026-09
716478036609282,3302734376,4,2026-08-28 22:00:00,3.0,0,Normal,"1-20, idle<=90",2026-09
736999072665858,3302742657,10,2026-08-31 22:00:00,0.0,0,Normal,"1-20, idle<=90",2026-09
756166080936198,3302752045,14,2026-08-27 21:30:00,4.0,0,Normal,"1-20, idle<=90",2026-09
740252210313478,3302755354,18,2026-08-30 12:30:00,1.0,0,Normal,"1-20, idle<=90",2026-09
756166207928584,3302761331,13,2026-08-31 21:30:00,0.0,0,Normal,"1-20, idle<=90",2026-09
756121183811848,3302764183,11,2026-08-31 21:00:00,0.0,0,Normal,"1-20, idle<=90",2026-09
731926157807880,3302806567,5,2026-08-31 20:30:00,0.0,0,Normal,"1-20, idle<=90",2026-09
741667437435142,3302807341,6,2026-08-28 21:30:00,3.0,0,Normal,"1-20, idle<=90",2026-09
733644507592968,3302834970,7,2026-08-27 21:00:00,4.0,0,Normal,"1-20, idle<=90",2026-09
737932047423752,3302838225,16,2026-08-27 21:00:00,4.0,0,Normal,"1-20, idle<=90",2026-09
733132442384642,3302856226,8,2026-08-31 17:00:00,0.0,0,Normal,"1-20, idle<=90",2026-09
723939718816002,3302863491,3,2026-08-31 18:30:00,0.0,0,Normal,"1-20, idle<=90",2026-09
740732924924166,3302898910,19,2026-08-30 09:00:00,1.0,0,Normal,"1-20, idle<=90",2026-09
732460515320072,3302899072,10,2026-08-28 22:00:00,3.0,0,Normal,"1-20, idle<=90",2026-09
737588968526086,3302908900,17,2026-08-26 21:00:00,5.0,0,Normal,"1-20, idle<=90",2026-09
758425612394754,3302935846,16,2026-08-27 19:00:00,4.0,0,Normal,"1-20, idle<=90",2026-09
723730628872448,3302944232,14,2026-08-29 17:30:00,2.0,0,Normal,"1-20, idle<=90",2026-09
717063290679556,3302948409,16,2026-08-31 19:30:00,0.0,0,Normal,"1-20, idle<=90",2026-09
740552404971778,3302949005,3,2026-08-30 20:30:00,1.0,0,Normal,"1-20, idle<=90",2026-09
737054861996294,3302955406,13,2026-08-30 08:30:00,1.0,0,Normal,"1-20, idle<=90",2026-09
717776351736064,3302975548,1,2026-08-27 20:00:00,4.0,0,Normal,"1-20, idle<=90",2026-09
717423999029506,3302989395,19,2026-08-27 18:00:00,4.0,0,Normal,"1-20, idle<=90",2026-09
760621204918536,3303005456,20,2026-08-27 21:00:00,4.0,0,Normal,"1-20, idle<=90",2026-09
736310216055048,3303027355,8,2026-08-27 20:30:00,4.0,0,Normal,"1-20, idle<=90",2026-09
721481082587392,3303043628,17,2026-08-22 12:00:00,9.0,0,Normal,"1-20, idle<=90",2026-09
740539792302342,3303044341,8,2026-07-15 22:00:00,47.0,1,Frozen,"1-20, idle<=90",2026-09
752966519300358,3303074930,7,2026-08-28 20:30:00,3.0,0,Normal,"1-20, idle<=90",2026-09
739160855652610,3303080773,18,2026-08-30 08:30:00,1.0,0,Normal,"1-20, idle<=90",2026-09
760040213526786,3303080853,19,2026-08-30 12:30:00,1.0,0,Normal,"1-20, idle<=90",2026-09
720757270862080,3303080998,2,2026-08-08 21:00:00,23.0,1,Frozen,"1-20, idle<=90",2026-09
718950169489668,3303081025,2,2026-07-06 19:00:00,56.0,1,Frozen,"1-20, idle<=90",2026-09
742348778508550,3303093067,18,2026-08-31 20:30:00,0.0,0,Normal,"1-20, idle<=90",2026-09
724286826170628,3303139195,2,2026-08-31 21:30:00,0.0,0,Normal,"1-20, idle<=90",2026-09
723085800558848,3303140790,17,2026-08-25 20:00:00,6.0,0,Normal,"1-20, idle<=90",2026-09
738950657440002,3303142694,13,2026-08-31 20:00:00,0.0,0,Normal,"1-20, idle<=90",2026-09
728720938643714,3303164453,9,2026-08-28 19:30:00,3.0,0,Normal,"1-20, idle<=90",2026-09
758425718063362,3303165474,16,2026-08-27 19:00:00,4.0,0,Normal,"1-20, idle<=90",2026-09
758984919265538,3303165617,18,2026-08-27 21:00:00,4.0,0,Normal,"1-20, idle<=90",2026-09
718076087578880,3303216348,19,2026-08-29 21:30:00,2.0,0,Normal,"1-20, idle<=90",2026-09
719304170160388,3303217707,13,2026-08-29 22:00:00,2.0,0,Normal,"1-20, idle<=90",2026-09
724318595436802,3303243381,1,2026-08-30 21:00:00,1.0,0,Normal,"1-20, idle<=90",2026-09
728011693125896,3303250407,6,2026-08-29 12:30:00,2.0,0,Normal,"1-20, idle<=90",2026-09
719304565375236,3303287439,1,2026-07-30 21:00:00,32.0,1,Frozen,"1-20, idle<=90",2026-09
718950374742274,3303300478,5,2026-08-09 20:30:00,22.0,0,Normal,"1-20, idle<=90",2026-09
719304374155524,3303339756,8,2026-08-31 17:00:00,0.0,0,Normal,"1-20, idle<=90",2026-09
720749685319940,3303342903,5,2026-06-12 15:00:00,80.0,1,Frozen,"1-20, idle<=90",2026-09
734218583478530,3303347087,17,2026-08-28 21:00:00,3.0,0,Normal,"1-20, idle<=90",2026-09
749272846975234,3303366087,4,2026-08-27 20:30:00,4.0,0,Normal,"1-20, idle<=90",2026-09
744266784610568,3303409499,1,2026-08-04 10:00:00,27.0,0,Normal,"1-20, idle<=90",2026-09
719591573766402,3303420987,1,2026-08-28 21:30:00,3.0,0,Normal,"1-20, idle<=90",2026-09
731565565677830,3303426371,12,2026-08-31 21:30:00,0.0,0,Normal,"1-20, idle<=90",2026-09
753499827669256,3303426555,7,2026-08-28 18:30:00,3.0,0,Normal,"1-20, idle<=90",2026-09
719670836103428,3303431966,8,2026-08-27 22:00:00,4.0,0,Normal,"1-20, idle<=90",2026-09
720201795350784,3303472230,2,2026-08-30 20:30:00,1.0,0,Normal,"1-20, idle<=90",2026-09
749033277090056,3303488588,5,2026-08-25 19:00:00,6.0,0,Normal,"1-20, idle<=90",2026-09
720411729058050,3303561107,9,2026-06-05 20:30:00,87.0,1,Frozen,"1-20, idle<=90",2026-09
719712486473984,3303567449,15,2026-07-09 19:00:00,53.0,1,Frozen,"1-20, idle<=90",2026-09
746065692365064,3303625189,2,2026-08-27 21:30:00,4.0,0,Normal,"1-20, idle<=90",2026-09
720373923813634,3303660916,4,2026-08-28 21:30:00,3.0,0,Normal,"1-20, idle<=90",2026-09
720747606464772,3303664316,1,2026-08-27 22:00:00,4.0,0,Normal,"1-20, idle<=90",2026-09
720023707855108,3303680494,7,2026-08-29 21:00:00,2.0,0,Normal,"1-20, idle<=90",2026-09
735053779644680,3303747828,12,2026-08-29 14:30:00,2.0,0,Normal,"1-20, idle<=90",2026-09
724488625137920,3303750970,18,2026-08-28 21:00:00,3.0,0,Normal,"1-20, idle<=90",2026-09
722675307946244,3303755654,12,2026-06-28 21:00:00,64.0,1,Frozen,"1-20, idle<=90",2026-09
720730217066756,3303766471,2,2026-08-28 15:30:00,3.0,0,Normal,"1-20, idle<=90",2026-09
736290504567042,3303789366,11,2026-08-26 20:30:00,5.0,0,Normal,"1-20, idle<=90",2026-09
740775328979202,3303790675,20,2026-08-27 17:30:00,4.0,0,Normal,"1-20, idle<=90",2026-09
758654742829318,3303812052,12,2026-08-31 17:00:00,0.0,0,Normal,"1-20, idle<=90",2026-09
732121293871366,3303844373,14,2026-08-29 20:30:00,2.0,0,Normal,"1-20, idle<=90",2026-09
721436025827588,3303850896,5,2026-08-27 21:30:00,4.0,0,Normal,"1-20, idle<=90",2026-09
744826256656648,3303869579,17,2026-08-27 21:00:00,4.0,0,Normal,"1-20, idle<=90",2026-09
721300859265282,3303872847,6,2026-08-31 21:00:00,0.0,0,Normal,"1-20, idle<=90",2026-09
720932660949252,3303888776,3,2026-08-31 22:30:00,0.0,0,Normal,"1-20, idle<=90",2026-09
723947070128386,3303889345,3,2026-08-27 18:30:00,4.0,0,Normal,"1-20, idle<=90",2026-09
727132564564226,3303889479,6,2026-08-26 18:30:00,5.0,0,Normal,"1-20, idle<=90",2026-09
736823911041286,3303924112,16,2026-08-28 18:30:00,3.0,0,Normal,"1-20, idle<=90",2026-09
738127618701576,3303924182,7,2026-08-23 19:30:00,8.0,0,Normal,"1-20, idle<=90",2026-09
720987297511680,3303925994,13,2026-08-28 22:30:00,3.0,0,Normal,"1-20, idle<=90",2026-09
750982242984198,3303926001,5,2026-08-30 16:30:00,1.0,0,Normal,"1-20, idle<=90",2026-09
725371389063430,3303926521,11,2026-08-29 21:30:00,2.0,0,Normal,"1-20, idle<=90",2026-09
757241604217094,3303943082,13,2026-08-31 16:00:00,0.0,0,Normal,"1-20, idle<=90",2026-09
724528737589504,3303954829,12,2026-06-12 11:30:00,80.0,1,Frozen,"1-20, idle<=90",2026-09
738061652367618,3303964524,6,2026-08-30 10:00:00,1.0,0,Normal,"1-20, idle<=90",2026-09
723406236844288,3303964903,19,2026-06-13 10:30:00,79.0,1,Frozen,"1-20, idle<=90",2026-09
721476078328066,3303965417,5,2026-06-29 22:30:00,63.0,1,Frozen,"1-20, idle<=90",2026-09
722675854055680,3303992733,7,2026-08-27 22:00:00,4.0,0,Normal,"1-20, idle<=90",2026-09
736514233827592,3303995628,18,2026-08-27 20:00:00,4.0,0,Normal,"1-20, idle<=90",2026-09
724475968141572,3304024156,2,2026-08-30 12:00:00,1.0,0,Normal,"1-20, idle<=90",2026-09
756163169507592,3304034205,10,2026-08-29 10:30:00,2.0,0,Normal,"1-20, idle<=90",2026-09
739700844597512,3304047456,15,2026-08-30 11:00:00,1.0,0,Normal,"1-20, idle<=90",2026-09
736687656018184,3304065957,8,2026-08-27 21:00:00,4.0,0,Normal,"1-20, idle<=90",2026-09
721646033862914,3304066239,8,2026-06-05 21:00:00,87.0,1,Frozen,"1-20, idle<=90",2026-09
724346844926210,3304066767,1,2026-08-28 21:00:00,3.0,0,Normal,"1-20, idle<=90",2026-09
743593220786440,3304075088,3,2026-08-30 18:30:00,1.0,0,Normal,"1-20, idle<=90",2026-09
752255106691336,3304096325,10,2026-08-31 18:30:00,0.0,0,Normal,"1-20, idle<=90",2026-09
722673470167298,3304099144,9,2026-08-30 20:30:00,1.0,0,Normal,"1-20, idle<=90",2026-09
752444116252936,3304124131,6,2026-08-28 18:30:00,3.0,0,Normal,"1-20, idle<=90",2026-09
725371680162050,3304129221,1,2026-08-29 16:00:00,2.0,0,Normal,"1-20, idle<=90",2026-09
731564417745160,3304138994,1,2026-08-26 21:30:00,5.0,0,Normal,"1-20, idle<=90",2026-09
743594034632966,3304139711,19,2026-08-31 21:30:00,0.0,0,Normal,"1-20, idle<=90",2026-09
739831076382984,3304150920,7,2026-08-30 11:00:00,1.0,0,Normal,"1-20, idle<=90",2026-09
723048277879042,3304170207,6,2026-08-31 21:30:00,0.0,0,Normal,"1-20, idle<=90",2026-09
728689278580994,3304220299,1,2026-08-28 18:30:00,3.0,0,Normal,"1-20, idle<=90",2026-09
741286375827720,3304225293,17,2026-08-30 21:00:00,1.0,0,Normal,"1-20, idle<=90",2026-09
750139951905032,3304225303,14,2026-07-18 12:00:00,44.0,1,Frozen,"1-20, idle<=90",2026-09
745193668768006,3304226321,13,2026-08-27 21:30:00,4.0,0,Normal,"1-20, idle<=90",2026-09
741301367322882,3304251400,1,2026-08-30 16:30:00,1.0,0,Normal,"1-20, idle<=90",2026-09
724624808859906,3304330992,7,2026-08-30 21:00:00,1.0,0,Normal,"1-20, idle<=90",2026-09
723774321099012,3304337378,2,2026-08-29 20:30:00,2.0,0,Normal,"1-20, idle<=90",2026-09
741491702176008,3304344174,19,2026-08-29 19:30:00,2.0,0,Normal,"1-20, idle<=90",2026-09
722909699787008,3304386405,6,2026-08-28 20:30:00,3.0,0,Normal,"1-20, idle<=90",2026-09
737357461979400,3304409316,8,2026-08-27 20:00:00,4.0,0,Normal,"1-20, idle<=90",2026-09
724488197189890,3304443879,3,2026-08-25 20:00:00,6.0,0,Normal,"1-20, idle<=90",2026-09
749789371465990,3304461737,6,2026-08-28 17:30:00,3.0,0,Normal,"1-20, idle<=90",2026-09
748868313063686,3304484669,3,2026-08-30 16:00:00,1.0,0,Normal,"1-20, idle<=90",2026-09
724707117945092,3304500405,1,2026-08-30 21:30:00,1.0,0,Normal,"1-20, idle<=90",2026-09
725153516882180,3304508621,5,2026-08-28 18:00:00,3.0,0,Normal,"1-20, idle<=90",2026-09
733637361213698,3304619407,5,2026-08-28 21:30:00,3.0,0,Normal,"1-20, idle<=90",2026-09
739187427256582,3304625786,16,2026-08-30 09:00:00,1.0,0,Normal,"1-20, idle<=90",2026-09
733306411895048,3304670101,3,2026-08-27 21:00:00,4.0,0,Normal,"1-20, idle<=90",2026-09
726789510820102,3304689298,10,2026-08-30 18:00:00,1.0,0,Normal,"1-20, idle<=90",2026-09
746597300662534,3304689881,3,2026-08-27 22:00:00,4.0,0,Normal,"1-20, idle<=90",2026-09
724281164509444,3304693972,11,2026-08-26 20:00:00,5.0,0,Normal,"1-20, idle<=90",2026-09
724969591806208,3304701550,1,2026-08-30 15:30:00,1.0,0,Normal,"1-20, idle<=90",2026-09
754066471569672,3304744392,18,2026-08-30 18:30:00,1.0,0,Normal,"1-20, idle<=90",2026-09
748209556879618,3304787460,7,2026-08-25 22:00:00,6.0,0,Normal,"1-20, idle<=90",2026-09
725153653541124,3304813432,10,2026-08-23 11:00:00,8.0,0,Normal,"1-20, idle<=90",2026-09
738600342272262,3304823317,16,2026-08-27 21:00:00,4.0,0,Normal,"1-20, idle<=90",2026-09
724982160163076,3304837990,9,2026-08-30 16:00:00,1.0,0,Normal,"1-20, idle<=90",2026-09
725012788613380,3304838060,6,2026-08-30 10:30:00,1.0,0,Normal,"1-20, idle<=90",2026-09
731181090863362,3304894571,5,2026-08-30 09:30:00,1.0,0,Normal,"1-20, idle<=90",2026-09
739186683152642,3304941201,20,2026-08-29 19:30:00,2.0,0,Normal,"1-20, idle<=90",2026-09
728377709089026,3304947743,1,2026-08-31 20:30:00,0.0,0,Normal,"1-20, idle<=90",2026-09
725002565460224,3305002101,12,2026-08-31 15:00:00,0.0,0,Normal,"1-20, idle<=90",2026-09
725853770682632,3305015821,6,2026-06-18 21:30:00,74.0,1,Frozen,"1-20, idle<=90",2026-09
737746509902088,3305022196,14,2026-08-30 21:00:00,1.0,0,Normal,"1-20, idle<=90",2026-09
725853646782728,3305066648,17,2026-08-31 21:00:00,0.0,0,Normal,"1-20, idle<=90",2026-09
759655253809410,3305087987,18,2026-08-29 18:00:00,2.0,0,Normal,"1-20, idle<=90",2026-09
732758838280454,3305088868,9,2026-08-28 12:30:00,3.0,0,Normal,"1-20, idle<=90",2026-09
748164703553800,3305095020,9,2026-08-30 17:30:00,1.0,0,Normal,"1-20, idle<=90",2026-09
725199971574024,3305100044,5,2026-08-31 20:30:00,0.0,0,Normal,"1-20, idle<=90",2026-09
726389512950022,3305105319,4,2026-08-31 17:00:00,0.0,0,Normal,"1-20, idle<=90",2026-09
725680928526600,3305106440,8,2026-08-24 22:00:00,7.0,0,Normal,"1-20, idle<=90",2026-09
733993325945094,3305116711,4,2026-08-30 21:00:00,1.0,0,Normal,"1-20, idle<=90",2026-09
736181892266242,3305116728,14,2026-08-28 22:00:00,3.0,0,Normal,"1-20, idle<=90",2026-09
731731971877126,3305126120,5,2026-08-28 20:30:00,3.0,0,Normal,"1-20, idle<=90",2026-09
725153070125316,3305186427,7,2026-07-28 22:30:00,34.0,1,Frozen,"1-20, idle<=90",2026-09
725710218320134,3305196392,1,2026-08-31 11:00:00,0.0,0,Normal,"1-20, idle<=90",2026-09
725711627671810,3305224218,2,2026-08-31 19:30:00,0.0,0,Normal,"1-20, idle<=90",2026-09
741603640684802,3305226252,19,2026-08-31 21:00:00,0.0,0,Normal,"1-20, idle<=90",2026-09
731359899752710,3305278159,16,2026-08-31 21:00:00,0.0,0,Normal,"1-20, idle<=90",2026-09
726258354768136,3305325441,13,2026-08-26 20:30:00,5.0,0,Normal,"1-20, idle<=90",2026-09
738656253600008,3305326111,20,2026-08-27 20:30:00,4.0,0,Normal,"1-20, idle<=90",2026-09
726965499193608,3305342350,12,2026-08-29 21:30:00,2.0,0,Normal,"1-20, idle<=90",2026-09
751955942875398,3305375228,3,2026-08-31 20:30:00,0.0,0,Normal,"1-20, idle<=90",2026-09
727857559386376,3305381967,4,2026-08-30 20:00:00,1.0,0,Normal,"1-20, idle<=90",2026-09
726446732058886,3305385719,4,2026-08-28 19:00:00,3.0,0,Normal,"1-20, idle<=90",2026-09
732781097095432,3305422700,5,2026-08-28 21:00:00,3.0,0,Normal,"1-20, idle<=90",2026-09
727671106611462,3305452079,3,2026-08-30 18:00:00,1.0,0,Normal,"1-20, idle<=90",2026-09
726257194402056,3305457881,1,2026-08-29 11:30:00,2.0,0,Normal,"1-20, idle<=90",2026-09
727002362618120,3305464856,4,2026-08-31 10:00:00,0.0,0,Normal,"1-20, idle<=90",2026-09
729446275983622,3305503426,8,2026-08-30 10:30:00,1.0,0,Normal,"1-20, idle<=90",2026-09
734183955556616,3305518565,13,2026-08-29 12:00:00,2.0,0,Normal,"1-20, idle<=90",2026-09
726479056228614,3305520045,11,2026-08-30 20:30:00,1.0,0,Normal,"1-20, idle<=90",2026-09
732966255171848,3305524511,14,2026-08-30 21:00:00,1.0,0,Normal,"1-20, idle<=90",2026-09
735471197430018,3305524652,18,2026-08-31 19:00:00,0.0,0,Normal,"1-20, idle<=90",2026-09
731867350376710,3305566997,11,2026-08-25 16:00:00,6.0,0,Normal,"1-20, idle<=90",2026-09
726562423644418,3305578022,5,2026-08-31 16:30:00,0.0,0,Normal,"1-20, idle<=90",2026-09
736152041933062,3305578828,14,2026-08-27 22:00:00,4.0,0,Normal,"1-20, idle<=90",2026-09
748855004115202,3305583637,8,2026-08-27 21:00:00,4.0,0,Normal,"1-20, idle<=90",2026-09
728732315404552,3305595475,4,2026-08-30 14:30:00,1.0,0,Normal,"1-20, idle<=90",2026-09
726258139691272,3305595871,14,2026-08-30 20:30:00,1.0,0,Normal,"1-20, idle<=90",2026-09
736149964321030,3305598222,13,2026-08-31 19:30:00,0.0,0,Normal,"1-20, idle<=90",2026-09
731565052489986,3305711632,5,2026-08-31 21:30:00,0.0,0,Normal,"1-20, idle<=90",2026-09
734711793080578,3305728855,3,2026-08-25 18:00:00,6.0,0,Normal,"1-20, idle<=90",2026-09
731514481549576,3305737319,2,2026-08-27 20:30:00,4.0,0,Normal,"1-20, idle<=90",2026-09
728721186394374,3305765237,11,2026-08-28 21:30:00,3.0,0,Normal,"1-20, idle<=90",2026-09
727677963667720,3305776560,3,2026-08-28 00:00:00,4.0,0,Normal,"1-20, idle<=90",2026-09
731694226432264,3305781205,8,2026-08-28 22:30:00,3.0,0,Normal,"1-20, idle<=90",2026-09
727094818758914,3305781871,19,2026-08-31 18:30:00,0.0,0,Normal,"1-20, idle<=90",2026-09
731868478310664,3305785772,12,2026-08-27 21:30:00,4.0,0,Normal,"1-20, idle<=90",2026-09
738508910266632,3305788994,18,2026-08-26 21:30:00,5.0,0,Normal,"1-20, idle<=90",2026-09
728735381211400,3305791074,9,2026-08-28 13:30:00,3.0,0,Normal,"1-20, idle<=90",2026-09
727462110769416,3305835960,18,2026-08-28 19:30:00,3.0,0,Normal,"1-20, idle<=90",2026-09
728172084041992,3305836941,10,2026-08-24 23:00:00,7.0,0,Normal,"1-20, idle<=90",2026-09
732262989238536,3305842072,2,2026-08-27 20:00:00,4.0,0,Normal,"1-20, idle<=90",2026-09
727666437249288,3305852021,2,2026-08-29 19:00:00,2.0,0,Normal,"1-20, idle<=90",2026-09
750305432289542,3305852120,6,2026-08-27 22:00:00,4.0,0,Normal,"1-20, idle<=90",2026-09
727464142944514,3305855661,9,2026-08-26 22:00:00,5.0,0,Normal,"1-20, idle<=90",2026-09
750143872606472,3305863666,3,2026-08-29 21:30:00,2.0,0,Normal,"1-20, idle<=90",2026-09
736483899543814,3305878929,18,2026-08-31 22:00:00,0.0,0,Normal,"1-20, idle<=90",2026-09
739142535946502,3305888947,13,2026-08-30 16:00:00,1.0,0,Normal,"1-20, idle<=90",2026-09
744084973406470,3305889035,1,2026-08-30 16:00:00,1.0,0,Normal,"1-20, idle<=90",2026-09
728736103450886,3305938452,6,2026-08-26 11:30:00,5.0,0,Normal,"1-20, idle<=90",2026-09
746747363670280,3305966350,15,2026-08-31 21:00:00,0.0,0,Normal,"1-20, idle<=90",2026-09
746944821567752,3305966476,19,2026-08-27 21:30:00,4.0,0,Normal,"1-20, idle<=90",2026-09
731382516029704,3305987470,5,2026-08-27 21:30:00,4.0,0,Normal,"1-20, idle<=90",2026-09
734207417821446,3306006199,11,2026-08-31 18:00:00,0.0,0,Normal,"1-20, idle<=90",2026-09
741647250698498,3306006685,4,2026-08-30 15:00:00,1.0,0,Normal,"1-20, idle<=90",2026-09
731520682875138,3306044233,10,2026-08-29 12:30:00,2.0,0,Normal,"1-20, idle<=90",2026-09
753857370265858,3306053490,18,2026-08-29 15:30:00,2.0,0,Normal,"1-20, idle<=90",2026-09
728421807538438,3306057296,3,2026-08-30 15:00:00,1.0,0,Normal,"1-20, idle<=90",2026-09
747830804896002,3306059801,11,2026-08-25 22:00:00,6.0,0,Normal,"1-20, idle<=90",2026-09
748693225752834,3306074301,2,2026-08-25 22:00:00,6.0,0,Normal,"1-20, idle<=90",2026-09
728025831354630,3306105182,5,2026-08-31 15:00:00,0.0,0,Normal,"1-20, idle<=90",2026-09
745141911243016,3306113644,8,2026-08-31 17:00:00,0.0,0,Normal,"1-20, idle<=90",2026-09
732120858202374,3306188212,11,2026-08-30 10:00:00,1.0,0,Normal,"1-20, idle<=90",2026-09
736336143317250,3306198958,19,2026-08-31 18:00:00,0.0,0,Normal,"1-20, idle<=90",2026-09
758118577668360,3306226071,16,2026-08-27 21:30:00,4.0,0,Normal,"1-20, idle<=90",2026-09
735273596657922,3306255641,15,2026-08-27 22:00:00,4.0,0,Normal,"1-20, idle<=90",2026-09
732128417947910,3306256805,7,2026-08-30 11:00:00,1.0,0,Normal,"1-20, idle<=90",2026-09
733120134740230,3306269459,14,2026-08-28 21:00:00,3.0,0,Normal,"1-20, idle<=90",2026-09
728695636769026,3306287438,2,2026-08-29 20:00:00,2.0,0,Normal,"1-20, idle<=90",2026-09
735311478294786,3306287567,11,2026-08-27 21:00:00,4.0,0,Normal,"1-20, idle<=90",2026-09
732152896946440,3306356017,2,2026-08-25 18:30:00,6.0,0,Normal,"1-20, idle<=90",2026-09
731921264654594,3306362792,1,2026-08-31 19:00:00,0.0,0,Normal,"1-20, idle<=90",2026-09
731765456359688,3306363073,19,2026-08-30 21:00:00,1.0,0,Normal,"1-20, idle<=90",2026-09
731518587115778,3306397589,1,2026-08-27 21:30:00,4.0,0,Normal,"1-20, idle<=90",2026-09
728861141231880,3306469569,11,2026-08-30 17:30:00,1.0,0,Normal,"1-20, idle<=90",2026-09
731356631963906,3306472706,2,2026-08-27 21:30:00,4.0,0,Normal,"1-20, idle<=90",2026-09
730190384140550,3306478561,3,2026-08-30 16:30:00,1.0,0,Normal,"1-20, idle<=90",2026-09
733694063360262,3306479652,8,2026-08-27 21:00:00,4.0,0,Normal,"1-20, idle<=90",2026-09
729222571395334,3306497900,5,2026-08-28 20:00:00,3.0,0,Normal,"1-20, idle<=90",2026-09
752271233702146,3306540272,11,2026-08-16 19:00:00,15.0,0,Normal,"1-20, idle<=90",2026-09
732580368232712,3306552845,6,2026-08-28 18:00:00,3.0,0,Normal,"1-20, idle<=90",2026-09
731340874234118,3306562000,4,2026-08-29 16:30:00,2.0,0,Normal,"1-20, idle<=90",2026-09
732051021771014,3306628579,12,2026-08-31 21:00:00,0.0,0,Normal,"1-20, idle<=90",2026-09
754930339672322,3306645460,10,2026-08-30 20:00:00,1.0,0,Normal,"1-20, idle<=90",2026-09
731693663193346,3306654358,3,2026-08-28 18:30:00,3.0,0,Normal,"1-20, idle<=90",2026-09
731590921910534,3306677366,1,2026-08-27 21:00:00,4.0,0,Normal,"1-20, idle<=90",2026-09
742534087141638,3306706328,18,2026-08-27 17:30:00,4.0,0,Normal,"1-20, idle<=90",2026-09
731249091629320,3306706537,5,2026-08-28 21:00:00,3.0,0,Normal,"1-20, idle<=90",2026-09
731726543763718,3306716036,1,2026-08-27 17:00:00,4.0,0,Normal,"1-20, idle<=90",2026-09
731516263596296,3306740494,5,2026-08-31 18:00:00,0.0,0,Normal,"1-20, idle<=90",2026-09
731377964839176,3306743327,8,2026-08-28 21:00:00,3.0,0,Normal,"1-20, idle<=90",2026-09
737730618962184,3306762636,2,2026-06-28 16:30:00,64.0,1,Frozen,"1-20, idle<=90",2026-09
731519139676422,3306774443,6,2026-08-30 19:00:00,1.0,0,Normal,"1-20, idle<=90",2026-09
730112344697090,3306790434,9,2026-08-28 23:30:00,3.0,0,Normal,"1-20, idle<=90",2026-09
755976188649730,3306800079,14,2026-08-30 10:00:00,1.0,0,Normal,"1-20, idle<=90",2026-09
731701013049606,3306840141,10,2026-08-28 19:00:00,3.0,0,Normal,"1-20, idle<=90",2026-09
731341393199366,3306842323,1,2026-08-31 20:30:00,0.0,0,Normal,"1-20, idle<=90",2026-09
731393127932168,3306873334,2,2026-08-16 09:00:00,15.0,0,Normal,"1-20, idle<=90",2026-09
742697732342018,3306875831,13,2026-08-29 20:30:00,2.0,0,Normal,"1-20, idle<=90",2026-09
732966596563202,3306906464,4,2026-08-28 20:30:00,3.0,0,Normal,"1-20, idle<=90",2026-09
731516017381634,3306940923,5,2026-08-31 18:30:00,0.0,0,Normal,"1-20, idle<=90",2026-09
731774405101826,3306940933,2,2026-08-27 19:00:00,4.0,0,Normal,"1-20, idle<=90",2026-09
731160020975878,3306941045,18,2026-08-29 17:00:00,2.0,0,Normal,"1-20, idle<=90",2026-09
731347060787462,3306972386,7,2026-08-23 14:30:00,8.0,0,Normal,"1-20, idle<=90",2026-09
735289372588296,3306985579,2,2026-06-10 21:30:00,82.0,1,Frozen,"1-20, idle<=90",2026-09
731922921091334,3307006817,5,2026-08-31 18:00:00,0.0,0,Normal,"1-20, idle<=90",2026-09
733128808081666,3307016414,2,2026-08-26 21:30:00,5.0,0,Normal,"1-20, idle<=90",2026-09
731534661331202,3307017475,7,2026-08-27 21:00:00,4.0,0,Normal,"1-20, idle<=90",2026-09
743739842922754,3307038209,6,2026-08-25 21:00:00,6.0,0,Normal,"1-20, idle<=90",2026-09
732412082503942,3307039718,10,2026-08-29 21:00:00,2.0,0,Normal,"1-20, idle<=90",2026-09
746910137235714,3307050216,5,2026-08-31 16:00:00,0.0,0,Normal,"1-20, idle<=90",2026-09
731701283068168,3307089701,3,2026-08-28 20:00:00,3.0,0,Normal,"1-20, idle<=90",2026-09
731552648134918,3307098020,7,2026-08-27 21:00:00,4.0,0,Normal,"1-20, idle<=90",2026-09
733831603276034,3307109035,7,2026-08-31 11:00:00,0.0,0,Normal,"1-20, idle<=90",2026-09
732759734761736,3307113917,1,2026-08-31 22:00:00,0.0,0,Normal,"1-20, idle<=90",2026-09
740601441442054,3307113959,15,2026-08-27 21:30:00,4.0,0,Normal,"1-20, idle<=90",2026-09
732067595499778,3307115067,3,2026-08-29 11:30:00,2.0,0,Normal,"1-20, idle<=90",2026-09
731904965624070,3307116824,11,2026-08-29 19:00:00,2.0,0,Normal,"1-20, idle<=90",2026-09
732580791642376,3307126008,7,2026-08-06 20:30:00,25.0,1,Frozen,"1-20, idle<=90",2026-09
731934062817544,3307128547,12,2026-08-29 18:30:00,2.0,0,Normal,"1-20, idle<=90",2026-09
731906663966984,3307130023,6,2026-08-30 21:30:00,1.0,0,Normal,"1-20, idle<=90",2026-09
732790373693702,3307131022,11,2026-08-28 21:30:00,3.0,0,Normal,"1-20, idle<=90",2026-09
731867701483782,3307154749,14,2026-08-25 20:00:00,6.0,0,Normal,"1-20, idle<=90",2026-09
733169559482632,3307154801,18,2026-06-18 20:30:00,74.0,1,Frozen,"1-20, idle<=90",2026-09
731925908244744,3307163355,9,2026-08-30 22:00:00,1.0,0,Normal,"1-20, idle<=90",2026-09
731868644157702,3307168445,4,2026-08-29 20:30:00,2.0,0,Normal,"1-20, idle<=90",2026-09
733832027007240,3307169303,7,2026-08-27 21:00:00,4.0,0,Normal,"1-20, idle<=90",2026-09
738061256659202,3307169316,13,2026-08-29 20:30:00,2.0,0,Normal,"1-20, idle<=90",2026-09
732765549052162,3307174602,1,2026-08-26 22:00:00,5.0,0,Normal,"1-20, idle<=90",2026-09
732099293995270,3307181182,5,2026-08-28 16:30:00,3.0,0,Normal,"1-20, idle<=90",2026-09
732804988600582,3307212516,1,2026-08-27 20:30:00,4.0,0,Normal,"1-20, idle<=90",2026-09
735272089594114,3307214807,11,2026-08-27 21:00:00,4.0,0,Normal,"1-20, idle<=90",2026-09
733161331755270,3307215319,1,2026-08-28 19:00:00,3.0,0,Normal,"1-20, idle<=90",2026-09
753008752308482,3307215322,10,2026-08-28 22:30:00,3.0,0,Normal,"1-20, idle<=90",2026-09
733890789277960,3307216785,2,2026-08-31 22:30:00,0.0,0,Normal,"1-20, idle<=90",2026-09
732460246354182,3307218686,4,2026-08-27 21:00:00,4.0,0,Normal,"1-20, idle<=90",2026-09
733653588752646,3307230940,5,2026-08-30 18:00:00,1.0,0,Normal,"1-20, idle<=90",2026-09
737422282725638,3307232031,6,2026-08-29 17:00:00,2.0,0,Normal,"1-20, idle<=90",2026-09
735962459146498,3307237949,15,2026-08-27 17:30:00,4.0,0,Normal,"1-20, idle<=90",2026-09
732104561873160,3307240175,12,2026-08-29 21:30:00,2.0,0,Normal,"1-20, idle<=90",2026-09
732804151539976,3307260592,3,2026-08-31 20:30:00,0.0,0,Normal,"1-20, idle<=90",2026-09
732483719061762,3307287823,8,2026-08-28 20:00:00,3.0,0,Normal,"1-20, idle<=90",2026-09
733647407870210,3307305760,4,2026-08-30 10:30:00,1.0,0,Normal,"1-20, idle<=90",2026-09
732120638017798,3307305951,1,2026-08-30 21:00:00,1.0,0,Normal,"1-20, idle<=90",2026-09
734882846218502,3307314378,10,2026-08-28 22:00:00,3.0,0,Normal,"1-20, idle<=90",2026-09
750662896998662,3307318200,7,2026-08-28 14:30:00,3.0,0,Normal,"1-20, idle<=90",2026-09
732081587456258,3307322455,7,2026-08-26 21:30:00,5.0,0,Normal,"1-20, idle<=90",2026-09
732764944779522,3307341507,9,2026-08-30 15:00:00,1.0,0,Normal,"1-20, idle<=90",2026-09
732933037306114,3307345268,5,2026-08-25 22:00:00,6.0,0,Normal,"1-20, idle<=90",2026-09
748730134124802,3307376955,2,2026-08-31 20:30:00,0.0,0,Normal,"1-20, idle<=90",2026-09
732587459555592,3307382773,7,2026-08-30 19:30:00,1.0,0,Normal,"1-20, idle<=90",2026-09
746797502048518,3307389514,4,2026-08-28 21:30:00,3.0,0,Normal,"1-20, idle<=90",2026-09
732950881810694,3307395439,8,2026-08-27 22:00:00,4.0,0,Normal,"1-20, idle<=90",2026-09
734178685481222,3307403644,10,2026-08-27 21:30:00,4.0,0,Normal,"1-20, idle<=90",2026-09
742698618757378,3307422443,8,2026-08-26 20:30:00,5.0,0,Normal,"1-20, idle<=90",2026-09
733997621694726,3307430132,4,2026-08-27 21:00:00,4.0,0,Normal,"1-20, idle<=90",2026-09
733643853367558,3307446251,4,2026-08-27 19:30:00,4.0,0,Normal,"1-20, idle<=90",2026-09
737359726022920,3307447967,18,2026-08-30 21:00:00,1.0,0,Normal,"1-20, idle<=90",2026-09
737725651503362,3307448513,15,2026-08-31 21:30:00,0.0,0,Normal,"1-20, idle<=90",2026-09
740209264836866,3307462976,15,2026-08-24 20:00:00,7.0,0,Normal,"1-20, idle<=90",2026-09
733997453695234,3307463114,7,2026-08-30 21:00:00,1.0,0,Normal,"1-20, idle<=90",2026-09
733644317552902,3307464577,9,2026-08-30 21:30:00,1.0,0,Normal,"1-20, idle<=90",2026-09
732930476263682,3307472680,4,2026-08-25 16:30:00,6.0,0,Normal,"1-20, idle<=90",2026-09
733168840984834,3307479761,9,2026-08-27 09:00:00,4.0,0,Normal,"1-20, idle<=90",2026-09
734233685238018,3307480761,6,2026-08-27 22:00:00,4.0,0,Normal,"1-20, idle<=90",2026-09
733830627121416,3307482734,5,2026-08-30 22:00:00,1.0,0,Normal,"1-20, idle<=90",2026-09
733025962021126,3307486283,12,2026-08-31 20:00:00,0.0,0,Normal,"1-20, idle<=90",2026-09
733996475533574,3307496676,9,2026-08-29 16:30:00,2.0,0,Normal,"1-20, idle<=90",2026-09
733872856310018,3307534016,14,2026-08-21 18:30:00,10.0,0,Normal,"1-20, idle<=90",2026-09
733814131384578,3307534877,5,2026-08-28 21:30:00,3.0,0,Normal,"1-20, idle<=90",2026-09
733316840368386,3307545894,2,2026-08-31 21:00:00,0.0,0,Normal,"1-20, idle<=90",2026-09
733643105431810,3307546674,7,2026-08-28 18:00:00,3.0,0,Normal,"1-20, idle<=90",2026-09
733993041889538,3307547281,14,2026-08-31 10:00:00,0.0,0,Normal,"1-20, idle<=90",2026-09
733152293697800,3307551406,1,2026-08-25 21:00:00,6.0,0,Normal,"1-20, idle<=90",2026-09
733126068386054,3307551479,18,2026-08-27 21:00:00,4.0,0,Normal,"1-20, idle<=90",2026-09
736708729559298,3307573082,9,2026-08-29 09:00:00,2.0,0,Normal,"1-20, idle<=90",2026-09
733656383258886,3307573307,3,2026-08-28 21:00:00,3.0,0,Normal,"1-20, idle<=90",2026-09
733317292577032,3307574232,13,2026-08-30 20:00:00,1.0,0,Normal,"1-20, idle<=90",2026-09
750663117375752,3307589940,6,2026-08-30 11:00:00,1.0,0,Normal,"1-20, idle<=90",2026-09
733996805984518,3307600687,4,2026-08-31 20:30:00,0.0,0,Normal,"1-20, idle<=90",2026-09
735409204371718,3307610742,11,2026-08-31 19:00:00,0.0,0,Normal,"1-20, idle<=90",2026-09
733161066031362,3307613022,16,2026-08-27 18:00:00,4.0,0,Normal,"1-20, idle<=90",2026-09
733642239056136,3307614840,10,2026-08-27 19:00:00,4.0,0,Normal,"1-20, idle<=90",2026-09
733995480029446,3307628769,11,2026-08-30 20:30:00,1.0,0,Normal,"1-20, idle<=90",2026-09
739537465555206,3307631938,14,2026-08-27 21:00:00,4.0,0,Normal,"1-20, idle<=90",2026-09
733997834150152,3307642181,5,2026-08-30 20:30:00,1.0,0,Normal,"1-20, idle<=90",2026-09
735287255546118,3307642962,16,2026-08-27 21:30:00,4.0,0,Normal,"1-20, idle<=90",2026-09
733659200672002,3307683649,5,2026-08-29 19:00:00,2.0,0,Normal,"1-20, idle<=90",2026-09
735052334393608,3307688820,8,2026-08-29 22:00:00,2.0,0,Normal,"1-20, idle<=90",2026-09
734385871524098,3307693536,12,2026-08-27 21:30:00,4.0,0,Normal,"1-20, idle<=90",2026-09
754512215857410,3307703078,11,2026-08-30 20:00:00,1.0,0,Normal,"1-20, idle<=90",2026-09
734613503357192,3307705707,7,2026-08-28 21:00:00,3.0,0,Normal,"1-20, idle<=90",2026-09
744300666589442,3307729617,16,2026-08-29 17:30:00,2.0,0,Normal,"1-20, idle<=90",2026-09
735770080065798,3307729719,8,2026-08-25 21:00:00,6.0,0,Normal,"1-20, idle<=90",2026-09
733902508869896,3307749728,6,2026-08-24 21:30:00,7.0,0,Normal,"1-20, idle<=90",2026-09
734073197652230,3307763734,20,2026-08-20 19:00:00,11.0,0,Normal,"1-20, idle<=90",2026-09
750151309639942,3307764556,6,2026-08-28 14:30:00,3.0,0,Normal,"1-20, idle<=90",2026-09
736310519550216,3307767997,16,2026-08-26 20:30:00,5.0,0,Normal,"1-20, idle<=90",2026-09
735131765451014,3307772791,13,2026-08-28 21:30:00,3.0,0,Normal,"1-20, idle<=90",2026-09
748153096536326,3307778687,2,2026-08-26 22:30:00,5.0,0,Normal,"1-20, idle<=90",2026-09
734029415221506,3307781944,13,2026-08-30 09:00:00,1.0,0,Normal,"1-20, idle<=90",2026-09
734362832949510,3307812127,6,2026-08-28 19:00:00,3.0,0,Normal,"1-20, idle<=90",2026-09
734208557263112,3307820525,10,2026-08-27 20:00:00,4.0,0,Normal,"1-20, idle<=90",2026-09
734895235977474,3307831234,11,2026-08-28 21:30:00,3.0,0,Normal,"1-20, idle<=90",2026-09
734347388506374,3307834921,8,2026-08-31 20:00:00,0.0,0,Normal,"1-20, idle<=90",2026-09
733882352052482,3307835373,1,2026-08-31 22:00:00,0.0,0,Normal,"1-20, idle<=90",2026-09
734071062939910,3307835988,15,2026-08-27 18:30:00,4.0,0,Normal,"1-20, idle<=90",2026-09
734785982601480,3307837265,12,2026-08-30 12:00:00,1.0,0,Normal,"1-20, idle<=90",2026-09
759176237517064,3307839789,17,2026-08-29 11:30:00,2.0,0,Normal,"1-20, idle<=90",2026-09
735267749517574,3307956239,18,2026-08-27 22:30:00,4.0,0,Normal,"1-20, idle<=90",2026-09
733833575807234,3308442479,7,2026-08-27 20:00:00,4.0,0,Normal,"1-20, idle<=90",2026-09
750994365974786,3308444081,5,2026-08-28 21:30:00,3.0,0,Normal,"1-20, idle<=90",2026-09
734170881702152,3308459102,6,2026-08-28 18:00:00,3.0,0,Normal,"1-20, idle<=90",2026-09
734232580393218,3308461093,5,2026-08-30 20:00:00,1.0,0,Normal,"1-20, idle<=90",2026-09
736513520070920,3308466343,15,2026-08-31 17:00:00,0.0,0,Normal,"1-20, idle<=90",2026-09
734927235682566,3308496868,4,2026-08-31 21:00:00,0.0,0,Normal,"1-20, idle<=90",2026-09
734940659761416,3308497919,7,2026-08-26 22:00:00,5.0,0,Normal,"1-20, idle<=90",2026-09
755092505823496,3308500384,11,2026-08-31 16:00:00,0.0,0,Normal,"1-20, idle<=90",2026-09
734442387976450,3308502093,3,2026-08-21 13:00:00,10.0,0,Normal,"1-20, idle<=90",2026-09
734541168904450,3308512196,15,2026-08-30 12:30:00,1.0,0,Normal,"1-20, idle<=90",2026-09
736360691597570,3308521547,7,2026-08-26 21:00:00,5.0,0,Normal,"1-20, idle<=90",2026-09
734405112434952,3308577476,6,2026-08-29 20:00:00,2.0,0,Normal,"1-20, idle<=90",2026-09
734941220038918,3308577629,10,2026-08-24 21:00:00,7.0,0,Normal,"1-20, idle<=90",2026-09
749989628956934,3308578104,3,2026-08-28 21:00:00,3.0,0,Normal,"1-20, idle<=90",2026-09
739354980272390,3308587065,12,2026-08-31 17:00:00,0.0,0,Normal,"1-20, idle<=90",2026-09
734906500380936,3308594662,13,2026-08-25 22:00:00,6.0,0,Normal,"1-20, idle<=90",2026-09
734362113915138,3308613841,15,2026-08-30 12:30:00,1.0,0,Normal,"1-20, idle<=90",2026-09
734878992920838,3308614312,12,2026-08-31 21:00:00,0.0,0,Normal,"1-20, idle<=90",2026-09
735591917605126,3308641822,10,2026-08-27 20:30:00,4.0,0,Normal,"1-20, idle<=90",2026-09
734613336897800,3308644532,12,2026-08-30 10:00:00,1.0,0,Normal,"1-20, idle<=90",2026-09
735106927442184,3308644666,2,2026-06-12 20:30:00,80.0,1,Frozen,"1-20, idle<=90",2026-09
735414922230022,3308645332,7,2026-08-29 22:30:00,2.0,0,Normal,"1-20, idle<=90",2026-09
735593940338946,3308653535,12,2026-08-31 20:30:00,0.0,0,Normal,"1-20, idle<=90",2026-09
752443751377154,3308658986,9,2026-08-31 21:00:00,0.0,0,Normal,"1-20, idle<=90",2026-09
734878708029704,3308660560,13,2026-08-31 21:00:00,0.0,0,Normal,"1-20, idle<=90",2026-09
736657327556872,3308700085,9,2026-08-27 18:00:00,4.0,0,Normal,"1-20, idle<=90",2026-09
736642547206406,3308700243,10,2026-08-29 20:30:00,2.0,0,Normal,"1-20, idle<=90",2026-09
735286382213382,3308702204,9,2026-08-27 20:30:00,4.0,0,Normal,"1-20, idle<=90",2026-09
736000417222914,3308703595,17,2026-08-29 11:30:00,2.0,0,Normal,"1-20, idle<=90",2026-09
735647774257416,3308707419,9,2026-08-27 21:00:00,4.0,0,Normal,"1-20, idle<=90",2026-09
734939993979138,3308713066,14,2026-08-30 11:00:00,1.0,0,Normal,"1-20, idle<=90",2026-09
735306174298370,3308713271,5,2026-08-30 21:00:00,1.0,0,Normal,"1-20, idle<=90",2026-09
739180904073480,3308717837,14,2026-08-30 21:00:00,1.0,0,Normal,"1-20, idle<=90",2026-09
752790967476482,3308728072,7,2026-08-27 20:30:00,4.0,0,Normal,"1-20, idle<=90",2026-09
735453776685314,3308759846,8,2026-08-30 16:00:00,1.0,0,Normal,"1-20, idle<=90",2026-09
735818790283522,3308805751,11,2026-08-30 10:00:00,1.0,0,Normal,"1-20, idle<=90",2026-09
736345399185670,3308805776,3,2026-08-31 20:30:00,0.0,0,Normal,"1-20, idle<=90",2026-09
736120433473800,3308811476,14,2026-08-27 16:00:00,4.0,0,Normal,"1-20, idle<=90",2026-09
737954177134850,3308811872,15,2026-08-25 21:30:00,6.0,0,Normal,"1-20, idle<=90",2026-09
736031041104134,3308815783,12,2026-08-27 21:00:00,4.0,0,Normal,"1-20, idle<=90",2026-09
737746292283656,3308816445,13,2026-08-28 15:30:00,3.0,0,Normal,"1-20, idle<=90",2026-09
736736178565382,3308868749,13,2026-08-29 09:30:00,2.0,0,Normal,"1-20, idle<=90",2026-09
735423983599878,3308871072,11,2026-08-28 21:30:00,3.0,0,Normal,"1-20, idle<=90",2026-09
736359718457608,3308873921,4,2026-08-30 14:30:00,1.0,0,Normal,"1-20, idle<=90",2026-09
736705186629890,3308875037,8,2026-08-28 20:00:00,3.0,0,Normal,"1-20, idle<=90",2026-09
735424244769032,3308876070,12,2026-08-28 21:00:00,3.0,0,Normal,"1-20, idle<=90",2026-09
737731019761922,3308876387,13,2026-08-27 22:00:00,4.0,0,Normal,"1-20, idle<=90",2026-09
737590741104898,3308876841,16,2026-08-29 12:30:00,2.0,0,Normal,"1-20, idle<=90",2026-09
740187474342146,3308890094,18,2026-08-27 21:30:00,4.0,0,Normal,"1-20, idle<=90",2026-09
735111045947650,3308894032,15,2026-08-28 19:30:00,3.0,0,Normal,"1-20, idle<=90",2026-09
736643692701958,3308916729,5,2026-08-26 19:30:00,5.0,0,Normal,"1-20, idle<=90",2026-09
753514354161926,3308922344,15,2026-08-27 21:00:00,4.0,0,Normal,"1-20, idle<=90",2026-09
740255650992392,3308922451,11,2026-08-29 16:30:00,2.0,0,Normal,"1-20, idle<=90",2026-09
746567591008520,3308927957,9,2026-08-29 20:30:00,2.0,0,Normal,"1-20, idle<=90",2026-09
746045692283144,3308930342,19,2026-08-26 21:00:00,5.0,0,Normal,"1-20, idle<=90",2026-09
735623736135944,3308934185,14,2026-08-27 20:00:00,4.0,0,Normal,"1-20, idle<=90",2026-09
736182098198792,3308935173,12,2026-08-30 21:00:00,1.0,0,Normal,"1-20, idle<=90",2026-09
753521741957382,3308941021,10,2026-08-30 16:00:00,1.0,0,Normal,"1-20, idle<=90",2026-09
739140336398600,3308944833,15,2026-08-30 02:00:00,1.0,0,Normal,"1-20, idle<=90",2026-09
735293798039814,3308945007,7,2026-06-05 21:00:00,87.0,1,Frozen,"1-20, idle<=90",2026-09
735649391857928,3308950038,13,2026-08-26 21:00:00,5.0,0,Normal,"1-20, idle<=90",2026-09
736167222409480,3308955599,18,2026-08-31 18:30:00,0.0,0,Normal,"1-20, idle<=90",2026-09
746621703504130,3308967220,12,2026-08-31 18:30:00,0.0,0,Normal,"1-20, idle<=90",2026-09
736736918436102,3308970971,15,2026-08-29 09:30:00,2.0,0,Normal,"1-20, idle<=90",2026-09
756660928534786,3308971023,12,2026-08-31 22:00:00,0.0,0,Normal,"1-20, idle<=90",2026-09
753822458044674,3308983157,9,2026-08-30 16:00:00,1.0,0,Normal,"1-20, idle<=90",2026-09
735622548435202,3308987403,1,2026-08-30 11:30:00,1.0,0,Normal,"1-20, idle<=90",2026-09
735824652144904,3309008819,12,2026-08-27 19:30:00,4.0,0,Normal,"1-20, idle<=90",2026-09
758096309164294,3309021854,15,2026-08-29 11:00:00,2.0,0,Normal,"1-20, idle<=90",2026-09
751561073154310,3309025116,10,2026-08-31 18:00:00,0.0,0,Normal,"1-20, idle<=90",2026-09
736126658468102,3309036743,14,2026-08-27 20:00:00,4.0,0,Normal,"1-20, idle<=90",2026-09
738601843699976,3309044418,20,2026-08-28 21:00:00,3.0,0,Normal,"1-20, idle<=90",2026-09
736336323819778,3309047442,10,2026-08-31 18:00:00,0.0,0,Normal,"1-20, idle<=90",2026-09
746037826451720,3309054460,13,2026-08-31 21:30:00,0.0,0,Normal,"1-20, idle<=90",2026-09
736181725282568,3309064549,4,2026-08-31 19:30:00,0.0,0,Normal,"1-20, idle<=90",2026-09
736335992070408,3309076007,15,2026-08-24 21:30:00,7.0,0,Normal,"1-20, idle<=90",2026-09
736134540929282,3309082960,13,2026-08-30 21:30:00,1.0,0,Normal,"1-20, idle<=90",2026-09
736285029445896,3309083892,11,2026-08-25 10:30:00,6.0,0,Normal,"1-20, idle<=90",2026-09
739699921412354,3309084885,16,2026-08-27 21:30:00,4.0,0,Normal,"1-20, idle<=90",2026-09
736351765555458,3309087587,19,2026-08-29 21:00:00,2.0,0,Normal,"1-20, idle<=90",2026-09
740952348147974,3309089688,16,2026-08-27 21:30:00,4.0,0,Normal,"1-20, idle<=90",2026-09
746435003769094,3309104035,2,2026-08-30 12:00:00,1.0,0,Normal,"1-20, idle<=90",2026-09
737076706949378,3309112230,11,2026-08-29 21:00:00,2.0,0,Normal,"1-20, idle<=90",2026-09
737395916497158,3309120790,5,2026-08-21 21:30:00,10.0,0,Normal,"1-20, idle<=90",2026-09
736883563575560,3309143391,12,2026-08-31 21:30:00,0.0,0,Normal,"1-20, idle<=90",2026-09
737886825117960,3309146195,14,2026-08-21 20:30:00,10.0,0,Normal,"1-20, idle<=90",2026-09
737363600978178,3309150475,7,2026-08-28 21:30:00,3.0,0,Normal,"1-20, idle<=90",2026-09
736708520388870,3309155161,14,2026-08-30 21:30:00,1.0,0,Normal,"1-20, idle<=90",2026-09
737588302305538,3309170900,19,2026-08-27 21:00:00,4.0,0,Normal,"1-20, idle<=90",2026-09
736866020729094,3309170932,8,2026-08-31 21:00:00,0.0,0,Normal,"1-20, idle<=90",2026-09
753989099692296,3309173656,7,2026-08-28 21:30:00,3.0,0,Normal,"1-20, idle<=90",2026-09
737255352604934,3309182505,6,2026-08-28 22:30:00,3.0,0,Normal,"1-20, idle<=90",2026-09
753184076335362,3309193204,8,2026-08-29 21:00:00,2.0,0,Normal,"1-20, idle<=90",2026-09
736480203305222,3309200904,9,2026-08-27 20:30:00,4.0,0,Normal,"1-20, idle<=90",2026-09
738609131614466,3309216219,16,2026-08-30 10:00:00,1.0,0,Normal,"1-20, idle<=90",2026-09
737931506436360,3309218099,12,2026-08-29 19:00:00,2.0,0,Normal,"1-20, idle<=90",2026-09
736710786588936,3309226516,16,2026-08-30 22:00:00,1.0,0,Normal,"1-20, idle<=90",2026-09
737590357926150,3309227020,16,2026-08-28 21:00:00,3.0,0,Normal,"1-20, idle<=90",2026-09
736665445163270,3309245737,9,2026-08-29 22:00:00,2.0,0,Normal,"1-20, idle<=90",2026-09
736339150795010,3309246126,13,2026-08-26 21:30:00,5.0,0,Normal,"1-20, idle<=90",2026-09
752582435672328,3309246844,4,2026-08-29 21:00:00,2.0,0,Normal,"1-20, idle<=90",2026-09
736525145895170,3309265215,9,2026-08-27 21:30:00,4.0,0,Normal,"1-20, idle<=90",2026-09
758992092240136,3309271094,18,2026-08-26 17:30:00,5.0,0,Normal,"1-20, idle<=90",2026-09
737592981760264,3309280832,14,2026-08-31 17:30:00,0.0,0,Normal,"1-20, idle<=90",2026-09
737000821750022,3309281200,11,2026-08-27 20:00:00,4.0,0,Normal,"1-20, idle<=90",2026-09
737567345176834,3309285127,12,2026-08-24 20:30:00,7.0,0,Normal,"1-20, idle<=90",2026-09
739838825115906,3309291954,15,2026-08-29 15:30:00,2.0,0,Normal,"1-20, idle<=90",2026-09
737395624444162,3309295065,5,2026-08-14 21:00:00,17.0,0,Normal,"1-20, idle<=90",2026-09
737719730235654,3309300441,14,2026-08-27 11:00:00,4.0,0,Normal,"1-20, idle<=90",2026-09
737395303780610,3309316452,13,2026-08-28 09:00:00,3.0,0,Normal,"1-20, idle<=90",2026-09
754384801097990,3309325583,11,2026-08-31 19:30:00,0.0,0,Normal,"1-20, idle<=90",2026-09
736826772424962,3309336140,10,2026-08-27 20:00:00,4.0,0,Normal,"1-20, idle<=90",2026-09
738833083586822,3309339948,11,2026-08-31 21:00:00,0.0,0,Normal,"1-20, idle<=90",2026-09
736887080083720,3309342159,13,2026-08-27 22:30:00,4.0,0,Normal,"1-20, idle<=90",2026-09
748537195127042,3309366478,3,2026-08-20 10:00:00,11.0,0,Normal,"1-20, idle<=90",2026-09
737757638168834,3309368046,14,2026-08-27 21:30:00,4.0,0,Normal,"1-20, idle<=90",2026-09
740071650298114,3309369560,15,2026-08-31 17:30:00,0.0,0,Normal,"1-20, idle<=90",2026-09
754219056767240,3309379214,9,2026-08-27 20:30:00,4.0,0,Normal,"1-20, idle<=90",2026-09
737929053606150,3309397312,10,2026-08-29 21:00:00,2.0,0,Normal,"1-20, idle<=90",2026-09
760953646426370,3309414666,20,2026-08-28 19:30:00,3.0,0,Normal,"1-20, idle<=90",2026-09
755450722038024,3309429303,14,2026-08-27 21:00:00,4.0,0,Normal,"1-20, idle<=90",2026-09
738102984907010,3309429327,20,2026-08-27 20:30:00,4.0,0,Normal,"1-20, idle<=90",2026-09
739533189726466,3309433588,4,2026-08-29 14:00:00,2.0,0,Normal,"1-20, idle<=90",2026-09
739889306497288,3309455021,17,2026-08-27 21:30:00,4.0,0,Normal,"1-20, idle<=90",2026-09
752819868840200,3309459471,13,2026-08-31 19:30:00,0.0,0,Normal,"1-20, idle<=90",2026-09
737719951005958,3309474291,12,2026-08-26 20:30:00,5.0,0,Normal,"1-20, idle<=90",2026-09
737628797477128,3309478411,18,2026-08-24 16:00:00,7.0,0,Normal,"1-20, idle<=90",2026-09
737955062147334,3309484497,6,2026-08-31 09:00:00,0.0,0,Normal,"1-20, idle<=90",2026-09
737897993478408,3309509227,15,2026-08-27 18:00:00,4.0,0,Normal,"1-20, idle<=90",2026-09
737892872364296,3309518193,11,2026-08-30 21:30:00,1.0,0,Normal,"1-20, idle<=90",2026-09
738599293524226,3309523174,14,2026-08-26 21:30:00,5.0,0,Normal,"1-20, idle<=90",2026-09
739301259020552,3309527550,18,2026-08-07 11:30:00,24.0,0,Normal,"1-20, idle<=90",2026-09
748328652601602,3309549687,14,2026-08-28 17:00:00,3.0,0,Normal,"1-20, idle<=90",2026-09
739166519007494,3309550126,16,2026-08-24 19:30:00,7.0,0,Normal,"1-20, idle<=90",2026-09
757371088699654,3309553027,16,2026-08-31 21:00:00,0.0,0,Normal,"1-20, idle<=90",2026-09
739536362467586,3309554879,17,2026-08-27 19:00:00,4.0,0,Normal,"1-20, idle<=90",2026-09
738440914026758,3309562410,12,2026-08-28 21:00:00,3.0,0,Normal,"1-20, idle<=90",2026-09
746561679296770,3309562633,20,2026-08-27 21:00:00,4.0,0,Normal,"1-20, idle<=90",2026-09
738612137273602,3309582476,20,2026-08-31 16:00:00,0.0,0,Normal,"1-20, idle<=90",2026-09
737889700788488,3309591496,14,2026-08-26 21:30:00,5.0,0,Normal,"1-20, idle<=90",2026-09
737721702379778,3309593345,5,2026-08-28 16:00:00,3.0,0,Normal,"1-20, idle<=90",2026-09
737753095960838,3309594207,12,2026-08-31 17:00:00,0.0,0,Normal,"1-20, idle<=90",2026-09
744976167991558,3309601916,14,2026-08-31 21:00:00,0.0,0,Normal,"1-20, idle<=90",2026-09
739309905172744,3309606738,13,2026-08-31 16:30:00,0.0,0,Normal,"1-20, idle<=90",2026-09
738647888865542,3309608398,15,2026-08-27 17:30:00,4.0,0,Normal,"1-20, idle<=90",2026-09
738613283459336,3309614503,18,2026-08-17 15:00:00,14.0,0,Normal,"1-20, idle<=90",2026-09
751334513910018,3309651738,3,2026-08-30 11:00:00,1.0,0,Normal,"1-20, idle<=90",2026-09
748726070407432,3309699698,13,2026-08-29 18:30:00,2.0,0,Normal,"1-20, idle<=90",2026-09
738321689065730,3309701429,12,2026-08-28 22:00:00,3.0,0,Normal,"1-20, idle<=90",2026-09
739732172134662,3309705225,16,2026-08-30 11:30:00,1.0,0,Normal,"1-20, idle<=90",2026-09
738610763116806,3309706317,14,2026-08-30 20:00:00,1.0,0,Normal,"1-20, idle<=90",2026-09
738825731088648,3309739544,14,2026-08-28 21:00:00,3.0,0,Normal,"1-20, idle<=90",2026-09
738654471676168,3309755801,13,2026-08-30 21:30:00,1.0,0,Normal,"1-20, idle<=90",2026-09
739363148710146,3309760326,3,2026-08-31 22:00:00,0.0,0,Normal,"1-20, idle<=90",2026-09
739139975794952,3309762454,17,2026-08-31 21:30:00,0.0,0,Normal,"1-20, idle<=90",2026-09
739144428130562,3309777960,4,2026-08-31 21:30:00,0.0,0,Normal,"1-20, idle<=90",2026-09
739885236195592,3309779201,10,2026-08-28 21:00:00,3.0,0,Normal,"1-20, idle<=90",2026-09
756116413487362,3309791677,18,2026-08-27 19:30:00,4.0,0,Normal,"1-20, idle<=90",2026-09
739300732193026,3309825694,18,2026-08-27 22:30:00,4.0,0,Normal,"1-20, idle<=90",2026-09
739167193925896,3309832195,12,2026-08-28 22:30:00,3.0,0,Normal,"1-20, idle<=90",2026-09
739879089035522,3309832236,13,2026-08-31 21:00:00,0.0,0,Normal,"1-20, idle<=90",2026-09
758444775268616,3309865733,20,2026-08-28 12:30:00,3.0,0,Normal,"1-20, idle<=90",2026-09
756818004263176,3309871496,13,2026-08-30 11:00:00,1.0,0,Normal,"1-20, idle<=90",2026-09
738809558216966,3309874404,16,2026-08-30 18:30:00,1.0,0,Normal,"1-20, idle<=90",2026-09
743572689674498,3309877523,12,2026-08-28 21:00:00,3.0,0,Normal,"1-20, idle<=90",2026-09
738843827130632,3309883749,5,2026-08-31 21:00:00,0.0,0,Normal,"1-20, idle<=90",2026-09
746038243512582,3309886077,1,2026-08-30 15:00:00,1.0,0,Normal,"1-20, idle<=90",2026-09
754036814639366,3309886826,8,2026-08-20 18:00:00,11.0,1,Frozen,"1-20, idle<=90",2026-09
753323716935944,3309898320,10,2026-08-29 11:00:00,2.0,0,Normal,"1-20, idle<=90",2026-09
760895527667976,3309932815,19,2026-08-27 21:00:00,4.0,0,Normal,"1-20, idle<=90",2026-09
739134695282946,3309946157,17,2026-08-21 15:00:00,10.0,0,Normal,"1-20, idle<=90",2026-09
739535570665734,3309955975,13,2026-08-31 21:00:00,0.0,0,Normal,"1-20, idle<=90",2026-09
739538071990536,3309963787,9,2026-08-31 16:30:00,0.0,0,Normal,"1-20, idle<=90",2026-09
741781821466888,3309966273,14,2026-08-31 16:30:00,0.0,0,Normal,"1-20, idle<=90",2026-09
739303921432840,3309998986,9,2026-08-25 21:00:00,6.0,0,Normal,"1-20, idle<=90",2026-09
741081861634310,3310025847,19,2026-08-26 22:30:00,5.0,0,Normal,"1-20, idle<=90",2026-09
740413539692802,3310053845,13,2026-08-22 21:30:00,9.0,0,Normal,"1-20, idle<=90",2026-09
740251895132418,3310053881,17,2026-08-30 20:00:00,1.0,0,Normal,"1-20, idle<=90",2026-09
740043058999554,3310057338,20,2026-08-27 20:00:00,4.0,0,Normal,"1-20, idle<=90",2026-09
740714779711750,3310067534,16,2026-08-28 21:00:00,3.0,0,Normal,"1-20, idle<=90",2026-09
741125127547138,3310072183,16,2026-08-29 11:00:00,2.0,0,Normal,"1-20, idle<=90",2026-09
743193650266376,3310073388,3,2026-08-31 19:00:00,0.0,0,Normal,"1-20, idle<=90",2026-09
751224055134472,3310104330,19,2026-08-31 21:30:00,0.0,0,Normal,"1-20, idle<=90",2026-09
756202572390662,3310104378,13,2026-08-28 20:00:00,3.0,0,Normal,"1-20, idle<=90",2026-09
743574299676934,3310108185,13,2026-08-27 22:00:00,4.0,0,Normal,"1-20, idle<=90",2026-09
740366214531334,3310112458,17,2026-08-31 09:00:00,0.0,0,Normal,"1-20, idle<=90",2026-09
740938522353928,3310122402,17,2026-08-30 22:30:00,1.0,0,Normal,"1-20, idle<=90",2026-09
753853285650694,3310148157,10,2026-08-28 21:30:00,3.0,0,Normal,"1-20, idle<=90",2026-09
741081329850630,3310150111,16,2026-08-27 21:00:00,4.0,0,Normal,"1-20, idle<=90",2026-09
740222975768838,3310152540,14,2026-08-30 10:30:00,1.0,0,Normal,"1-20, idle<=90",2026-09
752582189998344,3310176302,16,2026-08-29 13:00:00,2.0,0,Normal,"1-20, idle<=90",2026-09
741285297504514,3310191634,5,2026-08-28 20:00:00,3.0,0,Normal,"1-20, idle<=90",2026-09
740011075580168,3310191876,9,2026-08-31 02:00:00,0.0,0,Normal,"1-20, idle<=90",2026-09
740717770152194,3310199553,16,2026-08-26 10:00:00,5.0,0,Normal,"1-20, idle<=90",2026-09
746254010872066,3310217039,17,2026-08-31 10:00:00,0.0,0,Normal,"1-20, idle<=90",2026-09
740767982708998,3310252025,15,2026-08-31 16:00:00,0.0,0,Normal,"1-20, idle<=90",2026-09
741110553223430,3310262209,18,2026-08-28 18:00:00,3.0,0,Normal,"1-20, idle<=90",2026-09
740422670973186,3310262252,16,2026-08-31 19:00:00,0.0,0,Normal,"1-20, idle<=90",2026-09
740737110001926,3310299322,17,2026-08-27 21:30:00,4.0,0,Normal,"1-20, idle<=90",2026-09
740606489876738,3310313420,18,2026-08-28 15:30:00,3.0,0,Normal,"1-20, idle<=90",2026-09
757618740185350,3310385991,20,2026-08-29 21:00:00,2.0,0,Normal,"1-20, idle<=90",2026-09
743585659353350,3310387792,7,2026-08-31 20:30:00,0.0,0,Normal,"1-20, idle<=90",2026-09
742020290695432,3310404421,15,2026-08-31 18:30:00,0.0,0,Normal,"1-20, idle<=90",2026-09
741082340692232,3310405619,16,2026-08-31 15:30:00,0.0,0,Normal,"1-20, idle<=90",2026-09
742701661624584,3310426211,19,2026-08-29 21:00:00,2.0,0,Normal,"1-20, idle<=90",2026-09
744628187767042,3310426340,8,2026-08-31 19:30:00,0.0,0,Normal,"1-20, idle<=90",2026-09
744799352908040,3310479743,19,2026-08-27 21:30:00,4.0,0,Normal,"1-20, idle<=90",2026-09
742695389716744,3310484642,20,2026-08-26 19:30:00,5.0,0,Normal,"1-20, idle<=90",2026-09
741459160895752,3310490475,17,2026-08-27 21:30:00,4.0,0,Normal,"1-20, idle<=90",2026-09
741427357585672,3310508160,16,2026-08-27 21:00:00,4.0,0,Normal,"1-20, idle<=90",2026-09
741638681340168,3310515386,9,2026-08-28 20:30:00,3.0,0,Normal,"1-20, idle<=90",2026-09
741822452979976,3310577777,19,2026-08-31 18:00:00,0.0,0,Normal,"1-20, idle<=90",2026-09
741837409839368,3310583166,20,2026-08-29 20:00:00,2.0,0,Normal,"1-20, idle<=90",2026-09
749605853100290,3310584014,4,2026-08-30 20:30:00,1.0,0,Normal,"1-20, idle<=90",2026-09
741491207631110,3310588272,20,2026-08-31 21:30:00,0.0,0,Normal,"1-20, idle<=90",2026-09
741674428911874,3310597568,14,2026-08-30 22:30:00,1.0,0,Normal,"1-20, idle<=90",2026-09
742696815771912,3310610982,14,2026-08-26 21:30:00,5.0,0,Normal,"1-20, idle<=90",2026-09
760271705559304,3310611007,19,2026-08-31 21:30:00,0.0,0,Normal,"1-20, idle<=90",2026-09
747327859470600,3310614447,16,2026-08-31 21:00:00,0.0,0,Normal,"1-20, idle<=90",2026-09
742595425116422,3310620964,19,2026-08-29 11:00:00,2.0,0,Normal,"1-20, idle<=90",2026-09
745143156498690,3310676174,15,2026-08-31 21:30:00,0.0,0,Normal,"1-20, idle<=90",2026-09
742700403511558,3310710260,9,2026-08-24 20:30:00,7.0,1,Frozen,"1-20, idle<=90",2026-09
742773142429960,3310790709,17,2026-08-29 08:00:00,2.0,0,Normal,"1-20, idle<=90",2026-09
743589315772680,3310848413,19,2026-08-31 21:30:00,0.0,0,Normal,"1-20, idle<=90",2026-09
754699576287490,3310874670,10,2026-08-27 21:00:00,4.0,0,Normal,"1-20, idle<=90",2026-09
744795499903234,3310917655,11,2026-08-30 21:30:00,1.0,0,Normal,"1-20, idle<=90",2026-09
746024662323464,3310924924,1,2026-08-26 20:30:00,5.0,0,Normal,"1-20, idle<=90",2026-09
759835210440962,3310991895,20,2026-08-21 20:00:00,10.0,0,Normal,"1-20, idle<=90",2026-09
748694864998664,3311022904,4,2026-08-28 21:00:00,3.0,0,Normal,"1-20, idle<=90",2026-09
747277392705794,3311023905,1,2026-08-31 21:00:00,0.0,0,Normal,"1-20, idle<=90",2026-09
743960979665154,3311032514,11,2026-08-29 21:30:00,2.0,0,Normal,"1-20, idle<=90",2026-09
744316345368834,3311059704,20,2026-08-26 19:00:00,5.0,0,Normal,"1-20, idle<=90",2026-09
744119315439874,3311060247,1,2026-08-27 12:00:00,4.0,0,Normal,"1-20, idle<=90",2026-09
758078252185858,3311094950,19,2026-08-28 21:00:00,3.0,0,Normal,"1-20, idle<=90",2026-09
748538738008322,3311107757,2,2026-08-28 21:30:00,3.0,0,Normal,"1-20, idle<=90",2026-09
747304917307656,3311118484,9,2026-08-31 11:30:00,0.0,0,Normal,"1-20, idle<=90",2026-09
744483938887942,3311136959,10,2026-08-27 21:30:00,4.0,0,Normal,"1-20, idle<=90",2026-09
746263617487112,3311137283,1,2026-08-18 12:00:00,13.0,0,Normal,"1-20, idle<=90",2026-09
748538909446408,3311195799,14,2026-08-31 19:00:00,0.0,0,Normal,"1-20, idle<=90",2026-09
745005458153736,3311228446,17,2026-08-31 21:30:00,0.0,0,Normal,"1-20, idle<=90",2026-09
744801604423942,3311232054,19,2026-08-27 16:00:00,4.0,0,Normal,"1-20, idle<=90",2026-09
744794556115206,3311243834,13,2026-08-26 19:30:00,5.0,0,Normal,"1-20, idle<=90",2026-09
748162367643912,3311265086,1,2026-08-30 19:00:00,1.0,0,Normal,"1-20, idle<=90",2026-09
754696931483910,3311285921,8,2026-08-31 21:00:00,0.0,0,Normal,"1-20, idle<=90",2026-09
745313104484614,3311287650,14,2026-08-31 22:00:00,0.0,0,Normal,"1-20, idle<=90",2026-09
746028796795144,3311304271,1,2026-08-28 21:30:00,3.0,0,Normal,"1-20, idle<=90",2026-09
748864788685064,3311310971,3,2026-08-27 20:30:00,4.0,0,Normal,"1-20, idle<=90",2026-09
746967308323074,3311352770,17,2026-08-31 21:00:00,0.0,0,Normal,"1-20, idle<=90",2026-09
745731296833794,3311356153,9,2026-08-29 23:30:00,2.0,0,Normal,"1-20, idle<=90",2026-09
744996798845190,3311360177,3,2026-08-30 10:00:00,1.0,0,Normal,"1-20, idle<=90",2026-09
745001175779586,3311366847,20,2026-08-31 21:00:00,0.0,0,Normal,"1-20, idle<=90",2026-09
745198446717186,3311396336,9,2026-08-29 21:00:00,2.0,0,Normal,"1-20, idle<=90",2026-09
745364850761990,3311449575,19,2026-06-06 21:00:00,86.0,1,Frozen,"1-20, idle<=90",2026-09
746420577560834,3311534830,4,2026-08-27 21:00:00,4.0,0,Normal,"1-20, idle<=90",2026-09
746239273134342,3311543009,1,2026-08-20 21:00:00,11.0,0,Normal,"1-20, idle<=90",2026-09
746064006465798,3311544587,1,2026-08-28 12:30:00,3.0,0,Normal,"1-20, idle<=90",2026-09
746769425774850,3311585382,17,2026-08-27 21:30:00,4.0,0,Normal,"1-20, idle<=90",2026-09
746038859688194,3311594425,15,2026-08-31 22:00:00,0.0,0,Normal,"1-20, idle<=90",2026-09
746385021356294,3311671955,5,2026-07-09 21:00:00,53.0,0,Normal,"1-20, idle<=90",2026-09
759159049271560,3311721769,14,2026-08-29 15:00:00,2.0,0,Normal,"1-20, idle<=90",2026-09
761304948312328,3311728025,20,2026-08-27 21:00:00,4.0,0,Normal,"1-20, idle<=90",2026-09
754181707407618,3311731020,3,2026-08-27 20:30:00,4.0,0,Normal,"1-20, idle<=90",2026-09
748857563668738,3311806669,8,2026-08-23 21:00:00,8.0,0,Normal,"1-20, idle<=90",2026-09
746948564488456,3311812212,8,2026-08-29 10:30:00,2.0,0,Normal,"1-20, idle<=90",2026-09
751766985974018,3311857443,20,2026-08-28 17:30:00,3.0,0,Normal,"1-20, idle<=90",2026-09
746920023040258,3311874241,2,2026-08-30 18:00:00,1.0,0,Normal,"1-20, idle<=90",2026-09
756679152070914,3311902795,17,2026-08-31 20:30:00,0.0,0,Normal,"1-20, idle<=90",2026-09
747266333276424,3311922591,14,2026-06-08 11:00:00,84.0,1,Frozen,"1-20, idle<=90",2026-09
748034924814594,3311939437,1,2026-08-27 16:00:00,4.0,0,Normal,"1-20, idle<=90",2026-09
753018542768392,3311939457,7,2026-08-28 22:00:00,3.0,0,Normal,"1-20, idle<=90",2026-09
751040856594696,3312001983,11,2026-08-29 10:30:00,2.0,0,Normal,"1-20, idle<=90",2026-09
759842286047494,3312028060,19,2026-08-31 22:00:00,0.0,0,Normal,"1-20, idle<=90",2026-09
748163370682632,3312035331,20,2026-08-30 16:00:00,1.0,0,Normal,"1-20, idle<=90",2026-09
748537681684738,3312046582,13,2026-08-28 21:30:00,3.0,0,Normal,"1-20, idle<=90",2026-09
749990857937160,3312050543,6,2026-08-29 20:30:00,2.0,0,Normal,"1-20, idle<=90",2026-09
759835395313922,3312054911,18,2026-08-29 22:00:00,2.0,0,Normal,"1-20, idle<=90",2026-09
749654941614338,3312067350,3,2026-08-27 14:30:00,4.0,0,Normal,"1-20, idle<=90",2026-09
748214425272578,3312078965,1,2026-08-31 22:30:00,0.0,0,Normal,"1-20, idle<=90",2026-09
748559684964616,3312091057,19,2026-08-30 16:00:00,1.0,0,Normal,"1-20, idle<=90",2026-09
748871285897478,3312125512,8,2026-08-26 19:30:00,5.0,0,Normal,"1-20, idle<=90",2026-09
748687408070920,3312132356,1,2026-08-28 21:00:00,3.0,0,Normal,"1-20, idle<=90",2026-09
753861383975174,3312144818,5,2026-08-27 21:00:00,4.0,0,Normal,"1-20, idle<=90",2026-09
749070808314114,3312145593,1,2026-08-30 11:00:00,1.0,0,Normal,"1-20, idle<=90",2026-09
748725211881734,3312168441,2,2026-08-29 14:30:00,2.0,0,Normal,"1-20, idle<=90",2026-09
753164976912646,3312172253,13,2026-08-30 22:30:00,1.0,0,Normal,"1-20, idle<=90",2026-09
751040194382082,3312175167,7,2026-08-19 21:00:00,12.0,0,Normal,"1-20, idle<=90",2026-09
748904429941000,3312196312,2,2026-08-30 08:30:00,1.0,0,Normal,"1-20, idle<=90",2026-09
749207498096902,3312208954,1,2026-08-27 18:30:00,4.0,0,Normal,"1-20, idle<=90",2026-09
750493897433352,3312241659,2,2026-08-29 15:30:00,2.0,0,Normal,"1-20, idle<=90",2026-09
748912170340610,3312255608,3,2026-08-31 16:00:00,0.0,0,Normal,"1-20, idle<=90",2026-09
749051127535878,3312263034,5,2026-08-26 21:00:00,5.0,0,Normal,"1-20, idle<=90",2026-09
749267746222344,3312263073,1,2026-08-30 17:00:00,1.0,0,Normal,"1-20, idle<=90",2026-09
749269099643138,3312266413,1,2026-08-13 19:00:00,18.0,0,Normal,"1-20, idle<=90",2026-09
751693189515522,3312267913,7,2026-08-30 21:00:00,1.0,0,Normal,"1-20, idle<=90",2026-09
759196719479046,3312283642,20,2026-08-27 11:30:00,4.0,0,Normal,"1-20, idle<=90",2026-09
748507142613250,3312285639,9,2026-08-30 21:30:00,1.0,0,Normal,"1-20, idle<=90",2026-09
749206700527880,3312291075,3,2026-08-31 17:00:00,0.0,0,Normal,"1-20, idle<=90",2026-09
748857394931970,3312295639,18,2026-08-29 12:30:00,2.0,0,Normal,"1-20, idle<=90",2026-09
755112366125320,3312338189,10,2026-08-31 20:30:00,0.0,0,Normal,"1-20, idle<=90",2026-09
751380369830152,3312363462,20,2026-08-29 22:30:00,2.0,0,Normal,"1-20, idle<=90",2026-09
749206993926402,3312389269,1,2026-08-27 15:30:00,4.0,0,Normal,"1-20, idle<=90",2026-09
748948727765250,3312389327,2,2026-08-27 21:00:00,4.0,0,Normal,"1-20, idle<=90",2026-09
750637043972358,3312409904,4,2026-08-30 11:00:00,1.0,0,Normal,"1-20, idle<=90",2026-09
752271416078600,3312447576,5,2026-08-29 17:00:00,2.0,0,Normal,"1-20, idle<=90",2026-09
749970735362312,3312453543,2,2026-08-27 10:00:00,4.0,0,Normal,"1-20, idle<=90",2026-09
749478333335816,3312481758,15,2026-08-31 16:00:00,0.0,0,Normal,"1-20, idle<=90",2026-09
750140121149704,3312504089,1,2026-08-21 11:00:00,10.0,0,Normal,"1-20, idle<=90",2026-09
758985536588040,3312585421,18,2026-08-26 21:30:00,5.0,0,Normal,"1-20, idle<=90",2026-09
751397337639170,3312621265,4,2026-08-31 21:30:00,0.0,0,Normal,"1-20, idle<=90",2026-09
750493389949186,3312634300,4,2026-08-26 19:30:00,5.0,0,Normal,"1-20, idle<=90",2026-09
750153112811778,3312643983,6,2026-08-29 22:00:00,2.0,0,Normal,"1-20, idle<=90",2026-09
749958255616258,3312657560,10,2026-08-31 18:00:00,0.0,0,Normal,"1-20, idle<=90",2026-09
750451714339078,3312674209,13,2026-07-20 17:00:00,42.0,1,Frozen,"1-20, idle<=90",2026-09
750354525051144,3312677175,19,2026-08-31 21:30:00,0.0,0,Normal,"1-20, idle<=90",2026-09
750494610538760,3312688717,6,2026-08-30 10:00:00,1.0,0,Normal,"1-20, idle<=90",2026-09
750278829658376,3312713579,1,2026-08-30 15:30:00,1.0,0,Normal,"1-20, idle<=90",2026-09
752306204610818,3312739716,7,2026-08-26 19:30:00,5.0,0,Normal,"1-20, idle<=90",2026-09
751689242669314,3312784188,8,2026-08-28 21:30:00,3.0,0,Normal,"1-20, idle<=90",2026-09
756192097274120,3312787831,13,2026-08-24 21:00:00,7.0,0,Normal,"1-20, idle<=90",2026-09
751016282751240,3312838115,7,2026-08-28 01:00:00,3.0,0,Normal,"1-20, idle<=90",2026-09
751220413618434,3312857446,6,2026-08-31 11:30:00,0.0,0,Normal,"1-20, idle<=90",2026-09
751212311546120,3312885064,6,2026-08-28 21:00:00,3.0,0,Normal,"1-20, idle<=90",2026-09
751705322268936,3312885974,6,2026-08-30 10:30:00,1.0,0,Normal,"1-20, idle<=90",2026-09
751604634364162,3312914641,18,2026-08-31 20:00:00,0.0,0,Normal,"1-20, idle<=90",2026-09
752613773928706,3312914648,11,2026-08-24 21:30:00,7.0,0,Normal,"1-20, idle<=90",2026-09
758603863507202,3312927315,15,2026-08-28 21:00:00,3.0,0,Normal,"1-20, idle<=90",2026-09
751380676522246,3312939461,3,2026-08-31 15:00:00,0.0,0,Normal,"1-20, idle<=90",2026-09
751726757994754,3312954300,5,2026-08-27 21:00:00,4.0,0,Normal,"1-20, idle<=90",2026-09
751937847687426,3312990142,10,2026-08-25 21:00:00,6.0,0,Normal,"1-20, idle<=90",2026-09
751155421845762,3313025944,8,2026-08-20 21:00:00,11.0,0,Normal,"1-20, idle<=90",2026-09
759325790130438,3313054933,16,2026-08-30 14:00:00,1.0,0,Normal,"1-20, idle<=90",2026-09
753512002205960,3313092424,11,2026-08-27 21:30:00,4.0,0,Normal,"1-20, idle<=90",2026-09
751737669028098,3313094027,8,2026-08-31 21:00:00,0.0,0,Normal,"1-20, idle<=90",2026-09
752222010132742,3313096420,6,2026-08-29 20:00:00,2.0,0,Normal,"1-20, idle<=90",2026-09
753821645246728,3313138997,20,2026-08-31 19:30:00,0.0,0,Normal,"1-20, idle<=90",2026-09
752119623848194,3313148254,8,2026-08-27 18:00:00,4.0,0,Normal,"1-20, idle<=90",2026-09
751748280398082,3313172460,3,2026-08-27 21:30:00,4.0,0,Normal,"1-20, idle<=90",2026-09
752820050659590,3313184212,3,2026-08-28 21:00:00,3.0,0,Normal,"1-20, idle<=90",2026-09
753513254654210,3313219211,9,2026-08-29 21:30:00,2.0,0,Normal,"1-20, idle<=90",2026-09
753476138809602,3313236267,7,2026-08-31 20:30:00,0.0,0,Normal,"1-20, idle<=90",2026-09
752580455037192,3313242508,7,2026-08-31 21:00:00,0.0,0,Normal,"1-20, idle<=90",2026-09
752590795016450,3313254825,2,2026-08-31 09:30:00,0.0,0,Normal,"1-20, idle<=90",2026-09
752461977155846,3313282723,6,2026-08-30 11:00:00,1.0,0,Normal,"1-20, idle<=90",2026-09
755052662870274,3313284957,15,2026-08-31 21:00:00,0.0,0,Normal,"1-20, idle<=90",2026-09
752752147638530,3313299502,7,2026-08-30 18:00:00,1.0,0,Normal,"1-20, idle<=90",2026-09
761686778233096,3313311181,20,2026-08-30 12:00:00,1.0,0,Normal,"1-20, idle<=90",2026-09
753990838634754,3313329823,9,2026-08-27 20:30:00,4.0,0,Normal,"1-20, idle<=90",2026-09
752625204611330,3313372051,17,2026-08-18 20:30:00,13.0,0,Normal,"1-20, idle<=90",2026-09
759211457427720,3313375330,16,2026-08-22 20:00:00,9.0,0,Normal,"1-20, idle<=90",2026-09
752964931666184,3313385437,9,2026-08-31 21:00:00,0.0,0,Normal,"1-20, idle<=90",2026-09
753654203545864,3313386640,11,2026-08-30 17:00:00,1.0,0,Normal,"1-20, idle<=90",2026-09
752945415948546,3313403644,10,2026-08-28 22:00:00,3.0,0,Normal,"1-20, idle<=90",2026-09
761135888924930,3313404594,19,2026-08-27 19:00:00,4.0,0,Normal,"1-20, idle<=90",2026-09
752966082949384,3313409714,3,2026-08-29 20:00:00,2.0,0,Normal,"1-20, idle<=90",2026-09
753141062510850,3313431388,8,2026-08-28 18:30:00,3.0,0,Normal,"1-20, idle<=90",2026-09
752759482411270,3313456946,13,2026-08-27 22:00:00,4.0,0,Normal,"1-20, idle<=90",2026-09
753825777789190,3313468366,8,2026-08-28 16:00:00,3.0,0,Normal,"1-20, idle<=90",2026-09
753475984775426,3313478950,9,2026-08-27 11:00:00,4.0,0,Normal,"1-20, idle<=90",2026-09
753860892723464,3313511161,15,2026-08-31 20:00:00,0.0,0,Normal,"1-20, idle<=90",2026-09
753123213707522,3313530529,1,2026-08-31 21:00:00,0.0,0,Normal,"1-20, idle<=90",2026-09
754177136136456,3313536300,11,2026-08-29 18:30:00,2.0,0,Normal,"1-20, idle<=90",2026-09
753491245541640,3313539622,12,2026-08-11 20:30:00,20.0,1,Frozen,"1-20, idle<=90",2026-09
753522324394242,3313585716,6,2026-08-27 20:30:00,4.0,0,Normal,"1-20, idle<=90",2026-09
753502642360584,3313625914,12,2026-08-31 21:30:00,0.0,0,Normal,"1-20, idle<=90",2026-09
756355645077762,3313707203,12,2026-08-27 21:30:00,4.0,0,Normal,"1-20, idle<=90",2026-09
754929542215938,3313709078,9,2026-08-31 21:30:00,0.0,0,Normal,"1-20, idle<=90",2026-09
759868657785096,3313716764,19,2026-08-27 21:30:00,4.0,0,Normal,"1-20, idle<=90",2026-09
754169999851784,3313749285,12,2026-08-25 20:00:00,6.0,0,Normal,"1-20, idle<=90",2026-09
756293616843014,3313827491,12,2026-08-27 22:00:00,4.0,0,Normal,"1-20, idle<=90",2026-09
755934241792262,3313831125,13,2026-08-20 20:30:00,11.0,0,Normal,"1-20, idle<=90",2026-09
755934117327110,3313857364,12,2026-08-31 21:00:00,0.0,0,Normal,"1-20, idle<=90",2026-09
756166731538696,3313878852,15,2026-08-29 21:00:00,2.0,0,Normal,"1-20, idle<=90",2026-09
754589134969096,3313900131,12,2026-08-27 21:00:00,4.0,0,Normal,"1-20, idle<=90",2026-09
755046691131656,3313908614,11,2026-08-30 16:30:00,1.0,0,Normal,"1-20, idle<=90",2026-09
756299782848770,3313947845,11,2026-08-28 22:00:00,3.0,0,Normal,"1-20, idle<=90",2026-09
755292556548358,3314000851,19,2026-08-29 18:00:00,2.0,0,Normal,"1-20, idle<=90",2026-09
755227181265154,3314004450,11,2026-08-30 10:30:00,1.0,0,Normal,"1-20, idle<=90",2026-09
754907139811586,3314077138,12,2026-08-30 16:00:00,1.0,0,Normal,"1-20, idle<=90",2026-09
756375791055112,3314078633,13,2026-08-30 11:30:00,1.0,0,Normal,"1-20, idle<=90",2026-09
755585225990406,3314107505,6,2026-08-31 20:30:00,0.0,0,Normal,"1-20, idle<=90",2026-09
755438165614850,3314111326,12,2026-08-28 21:00:00,3.0,0,Normal,"1-20, idle<=90",2026-09
757938224279810,3314137915,14,2026-08-28 21:30:00,3.0,0,Normal,"1-20, idle<=90",2026-09
755466838173960,3314188532,13,2026-08-29 15:00:00,2.0,0,Normal,"1-20, idle<=90",2026-09
755070213433606,3314217325,11,2026-08-28 11:00:00,3.0,0,Normal,"1-20, idle<=90",2026-09
754930940651778,3314233773,10,2026-08-30 20:30:00,1.0,0,Normal,"1-20, idle<=90",2026-09
755457654753542,3314255440,11,2026-08-29 22:00:00,2.0,0,Normal,"1-20, idle<=90",2026-09
756472815284486,3314276222,15,2026-08-26 10:00:00,5.0,0,Normal,"1-20, idle<=90",2026-09
755595349649672,3314286326,10,2026-08-28 17:00:00,3.0,0,Normal,"1-20, idle<=90",2026-09
755301814921480,3314289291,14,2026-08-18 17:00:00,13.0,1,Frozen,"1-20, idle<=90",2026-09
759730221154566,3314315575,17,2026-08-27 20:30:00,4.0,0,Normal,"1-20, idle<=90",2026-09
755827549647110,3314347044,16,2026-08-27 11:30:00,4.0,0,Normal,"1-20, idle<=90",2026-09
756169239628040,3314383099,11,2026-08-31 21:30:00,0.0,0,Normal,"1-20, idle<=90",2026-09
760941543434498,3314412733,19,2026-08-27 22:00:00,4.0,0,Normal,"1-20, idle<=90",2026-09
757952632158472,3314412741,14,2026-08-28 20:30:00,3.0,0,Normal,"1-20, idle<=90",2026-09
755631875727618,3314426256,12,2026-08-25 08:30:00,6.0,0,Normal,"1-20, idle<=90",2026-09
760186872144130,3314453269,17,2026-08-31 21:00:00,0.0,0,Normal,"1-20, idle<=90",2026-09
758152821711112,3314456350,15,2026-08-31 22:00:00,0.0,0,Normal,"1-20, idle<=90",2026-09
756867325188354,3314485764,14,2026-08-29 01:30:00,2.0,0,Normal,"1-20, idle<=90",2026-09
757895517397254,3314522588,15,2026-08-27 21:00:00,4.0,0,Normal,"1-20, idle<=90",2026-09
757189247936770,3314530975,12,2026-08-31 21:30:00,0.0,0,Normal,"1-20, idle<=90",2026-09
758950905616648,3314541372,17,2026-08-28 19:30:00,3.0,0,Normal,"1-20, idle<=90",2026-09
756464818028802,3314635420,10,2026-08-28 21:00:00,3.0,0,Normal,"1-20, idle<=90",2026-09
758601106526472,3314647632,19,2026-08-22 21:30:00,9.0,0,Normal,"1-20, idle<=90",2026-09
757228568787208,3314665403,12,2026-08-31 20:30:00,0.0,0,Normal,"1-20, idle<=90",2026-09
758450789425416,3314700873,20,2026-08-19 21:00:00,12.0,0,Normal,"1-20, idle<=90",2026-09
760055689894152,3314712196,16,2026-08-27 16:00:00,4.0,0,Normal,"1-20, idle<=90",2026-09
757387521958146,3314756493,17,2026-08-29 15:00:00,2.0,0,Normal,"1-20, idle<=90",2026-09
757715684430086,3314830769,14,2026-08-30 12:00:00,1.0,0,Normal,"1-20, idle<=90",2026-09
757409858568450,3314836971,15,2026-08-31 19:30:00,0.0,0,Normal,"1-20, idle<=90",2026-09
757356290605320,3314871120,14,2026-08-29 10:30:00,2.0,0,Normal,"1-20, idle<=90",2026-09
757237938266374,3314877604,13,2026-08-27 20:00:00,4.0,0,Normal,"1-20, idle<=90",2026-09
757358298636550,3314894228,16,2026-08-28 20:30:00,3.0,0,Normal,"1-20, idle<=90",2026-09
757897851822342,3314940374,10,2026-08-31 20:30:00,0.0,0,Normal,"1-20, idle<=90",2026-09
757594176178434,3315003324,17,2026-08-28 18:00:00,3.0,0,Normal,"1-20, idle<=90",2026-09
758772418048264,3315007660,16,2026-08-27 20:30:00,4.0,0,Normal,"1-20, idle<=90",2026-09
757716395284744,3315018009,15,2026-08-31 22:00:00,0.0,0,Normal,"1-20, idle<=90",2026-09
757723093641480,3315034196,12,2026-08-31 21:00:00,0.0,0,Normal,"1-20, idle<=90",2026-09
758451253868808,3315066432,19,2026-08-24 21:30:00,7.0,0,Normal,"1-20, idle<=90",2026-09
758481769638146,3315075834,15,2026-08-29 10:00:00,2.0,0,Normal,"1-20, idle<=90",2026-09
757925340983558,3315096434,17,2026-08-31 14:00:00,0.0,0,Normal,"1-20, idle<=90",2026-09
757920238704898,3315102955,16,2026-08-22 20:30:00,9.0,0,Normal,"1-20, idle<=90",2026-09
757917108625670,3315146311,15,2026-08-31 18:30:00,0.0,0,Normal,"1-20, idle<=90",2026-09
759164933138690,3315205049,18,2026-08-28 19:00:00,3.0,0,Normal,"1-20, idle<=90",2026-09
761301714082054,3315218158,20,2026-08-28 21:00:00,3.0,0,Normal,"1-20, idle<=90",2026-09
758476327901448,3315263044,16,2026-08-31 21:00:00,0.0,0,Normal,"1-20, idle<=90",2026-09
761079292289288,3315276559,16,2026-08-31 10:00:00,0.0,0,Normal,"1-20, idle<=90",2026-09
759177039036678,3315327705,16,2026-08-28 21:30:00,3.0,0,Normal,"1-20, idle<=90",2026-09
758827089625346,3315332211,18,2026-08-28 19:30:00,3.0,0,Normal,"1-20, idle<=90",2026-09
759160767234312,3315346219,14,2026-08-31 18:30:00,0.0,0,Normal,"1-20, idle<=90",2026-09
759021629225224,3315357905,17,2026-08-31 21:30:00,0.0,0,Normal,"1-20, idle<=90",2026-09
759688385614082,3315360499,17,2026-08-27 19:00:00,4.0,0,Normal,"1-20, idle<=90",2026-09
759741059520774,3315403649,18,2026-08-28 21:00:00,3.0,0,Normal,"1-20, idle<=90",2026-09
758963837135106,3315403697,17,2026-08-27 21:00:00,4.0,0,Normal,"1-20, idle<=90",2026-09
759211699880194,3315411614,18,2026-08-30 17:30:00,1.0,0,Normal,"1-20, idle<=90",2026-09
759347326836998,3315431447,17,2026-08-29 21:30:00,2.0,0,Normal,"1-20, idle<=90",2026-09
759181374531846,3315440292,18,2026-08-30 10:30:00,1.0,0,Normal,"1-20, idle<=90",2026-09
759181943179526,3315492350,18,2026-08-27 16:00:00,4.0,0,Normal,"1-20, idle<=90",2026-09
759353428504834,3315513210,18,2026-08-29 21:30:00,2.0,0,Normal,"1-20, idle<=90",2026-09
760936850585862,3315565190,20,2026-08-27 20:30:00,4.0,0,Normal,"1-20, idle<=90",2026-09
761464263461122,3315619976,17,2026-08-30 15:30:00,1.0,0,Normal,"1-20, idle<=90",2026-09
759839939651842,3315691683,17,2026-08-31 17:30:00,0.0,0,Normal,"1-20, idle<=90",2026-09
760048703463688,3315755354,14,2026-08-31 23:00:00,0.0,0,Normal,"1-20, idle<=90",2026-09
760402629966082,3315815699,19,2026-08-28 21:00:00,3.0,0,Normal,"1-20, idle<=90",2026-09
761105473409286,3315819283,19,2026-08-31 17:30:00,0.0,0,Normal,"1-20, idle<=90",2026-09
761118200252680,3315880936,20,2026-08-31 11:00:00,0.0,0,Normal,"1-20, idle<=90",2026-09
760931428813058,3315903837,19,2026-08-31 22:00:00,0.0,0,Normal,"1-20, idle<=90",2026-09
762720496482566,3316326776,20,2026-08-30 17:00:00,1.0,0,Normal,"1-20, idle<=90",2026-09
762187676127490,3316343205,20,2026-08-31 19:00:00,0.0,0,Normal,"1-20, idle<=90",2026-09
762702642075910,3316501657,19,2026-08-24 14:00:00,7.0,0,Normal,"1-20, idle<=90",2026-09
