order_id,uid,remaining,last_study,idle,is_frozen,tag,reason,month
723926615034114,3020113356,2,2026-07-28 22:00:00,3.0,0,Normal,"1-20, idle<=90",2026-08
714559373267202,3034830727,8,2026-07-29 22:00:00,2.0,0,Normal,"1-20, idle<=90",2026-08
720256282650880,3035203085,3,2026-07-29 16:00:00,2.0,0,Normal,"1-20, idle<=90",2026-08
699675308882178,3084270326,14,2026-08-01 15:30:00,-1.0,0,Normal,"1-20, idle<=90",2026-08
678879236608258,3126038171,3,2026-07-29 21:30:00,2.0,0,Normal,"1-20, idle<=90",2026-08
728378580148486,3126550426,5,2026-07-31 15:00:00,0.0,0,Normal,"1-20, idle<=90",2026-08
744793428365570,3133891180,3,2026-07-30 18:30:00,1.0,0,Normal,"1-20, idle<=90",2026-08
732933261226242,3134456866,12,2026-07-31 21:30:00,0.0,0,Normal,"1-20, idle<=90",2026-08
689266527942916,3138020834,16,2026-08-01 10:30:00,-1.0,0,Normal,"1-20, idle<=90",2026-08
743193018585346,3148074862,2,2026-07-30 21:00:00,1.0,0,Normal,"1-20, idle<=90",2026-08
737396132784390,3155060965,14,2026-07-28 21:00:00,3.0,0,Normal,"1-20, idle<=90",2026-08
722531196037376,3167535661,4,2026-08-01 19:00:00,-1.0,0,Normal,"1-20, idle<=90",2026-08
732461215312134,3173010348,7,2026-06-02 20:30:00,59.0,1,Frozen,"1-20, idle<=90",2026-08
719484358662404,3173942361,3,2026-08-01 11:30:00,-1.0,0,Normal,"1-20, idle<=90",2026-08
732102824431880,3175970640,17,2026-07-30 15:00:00,1.0,0,Normal,"1-20, idle<=90",2026-08
735928660242696,3176315119,20,2026-07-31 21:30:00,0.0,0,Normal,"1-20, idle<=90",2026-08
725676898232584,3176500479,3,2026-07-30 18:00:00,1.0,0,Normal,"1-20, idle<=90",2026-08
715059745122560,3177158855,6,2026-07-29 21:00:00,2.0,0,Normal,"1-20, idle<=90",2026-08
682893184741634,3178245726,2,2026-07-26 22:00:00,5.0,0,Normal,"1-20, idle<=90",2026-08
753477359307016,3178494774,19,2026-07-30 22:00:00,1.0,0,Normal,"1-20, idle<=90",2026-08
727002263904520,3178761578,3,2026-07-31 22:30:00,0.0,0,Normal,"1-20, idle<=90",2026-08
746230643273992,3179205818,9,2026-07-17 16:30:00,14.0,0,Normal,"1-20, idle<=90",2026-08
726041681471746,3180100497,15,2026-06-10 20:30:00,51.0,1,Frozen,"1-20, idle<=90",2026-08
731747846353154,3185916638,16,2026-06-19 17:00:00,42.0,1,Frozen,"1-20, idle<=90",2026-08
710820819595524,3188370644,2,2026-07-25 21:00:00,6.0,0,Normal,"1-20, idle<=90",2026-08
745493187031304,3189815082,9,2026-07-29 11:30:00,2.0,0,Normal,"1-20, idle<=90",2026-08
734541744724232,3189926256,12,2026-07-31 19:30:00,0.0,0,Normal,"1-20, idle<=90",2026-08
695296557283584,3191187208,20,2026-07-30 11:00:00,1.0,0,Normal,"1-20, idle<=90",2026-08
727111798208776,3191574468,4,2026-07-31 21:30:00,0.0,0,Normal,"1-20, idle<=90",2026-08
475753327274252,3202379708,4,2026-07-30 21:00:00,1.0,0,Normal,"1-20, idle<=90",2026-08
747265033769218,3202602751,8,2026-08-01 21:30:00,-1.0,0,Normal,"1-20, idle<=90",2026-08
726206522226946,3202780421,4,2026-07-30 21:30:00,1.0,0,Normal,"1-20, idle<=90",2026-08
727108205091074,3205094811,5,2026-07-26 18:30:00,5.0,0,Normal,"1-20, idle<=90",2026-08
732654683359494,3212813586,9,2026-07-31 21:30:00,0.0,0,Normal,"1-20, idle<=90",2026-08
726959278035202,3213626409,4,2026-07-28 21:00:00,3.0,0,Normal,"1-20, idle<=90",2026-08
725542328160514,3222919120,5,2026-07-29 22:00:00,2.0,0,Normal,"1-20, idle<=90",2026-08
728740502886664,3223106686,16,2026-07-31 16:00:00,0.0,0,Normal,"1-20, idle<=90",2026-08
731043908034822,3223612240,8,2026-07-31 22:00:00,0.0,0,Normal,"1-20, idle<=90",2026-08
724315503696128,3223878592,4,2026-08-01 10:30:00,-1.0,0,Normal,"1-20, idle<=90",2026-08
718465906837764,3223979503,4,2026-07-31 15:30:00,0.0,0,Normal,"1-20, idle<=90",2026-08
690727842609408,3224445788,5,2026-08-01 16:00:00,-1.0,0,Normal,"1-20, idle<=90",2026-08
583250976975120,3224525550,12,2026-07-28 21:30:00,3.0,0,Normal,"1-20, idle<=90",2026-08
726795404906760,3224853419,6,2026-07-29 17:30:00,2.0,0,Normal,"1-20, idle<=90",2026-08
684101888717056,3224902126,10,2026-07-30 20:30:00,1.0,0,Normal,"1-20, idle<=90",2026-08
684101739270404,3224939632,10,2026-07-30 20:30:00,1.0,0,Normal,"1-20, idle<=90",2026-08
742697011847432,3227085997,2,2026-08-01 20:00:00,-1.0,0,Normal,"1-20, idle<=90",2026-08
731929659236614,3228391207,13,2026-07-31 20:30:00,0.0,0,Normal,"1-20, idle<=90",2026-08
735103811944712,3228863501,19,2026-08-01 19:30:00,-1.0,0,Normal,"1-20, idle<=90",2026-08
675261360677120,3229702302,20,2026-06-19 21:00:00,42.0,1,Frozen,"1-20, idle<=90",2026-08
735583395629320,3229785299,19,2026-07-29 21:30:00,2.0,0,Normal,"1-20, idle<=90",2026-08
694179437175040,3229959313,6,2026-07-29 17:30:00,2.0,0,Normal,"1-20, idle<=90",2026-08
697732151181568,3230777997,18,2026-07-29 11:00:00,2.0,0,Normal,"1-20, idle<=90",2026-08
727132735322376,3233589097,6,2026-07-31 18:00:00,0.0,0,Normal,"1-20, idle<=90",2026-08
740771933122824,3234173701,3,2026-07-28 10:00:00,3.0,0,Normal,"1-20, idle<=90",2026-08
708204856615168,3234408578,7,2026-07-31 19:00:00,0.0,0,Normal,"1-20, idle<=90",2026-08
684155352721668,3235561862,3,2026-07-31 22:30:00,0.0,0,Normal,"1-20, idle<=90",2026-08
735423247251714,3238176939,17,2026-07-29 18:00:00,2.0,0,Normal,"1-20, idle<=90",2026-08
585765465307406,3238606168,8,2026-07-30 01:30:00,1.0,0,Normal,"1-20, idle<=90",2026-08
725498788985096,3238831617,7,2026-07-31 20:00:00,0.0,0,Normal,"1-20, idle<=90",2026-08
721269098508546,3239363837,1,2026-07-31 12:00:00,0.0,0,Normal,"1-20, idle<=90",2026-08
731727740702982,3239825171,10,2026-07-31 19:00:00,0.0,0,Normal,"1-20, idle<=90",2026-08
636329686120716,3240060437,13,2026-07-31 19:00:00,0.0,0,Normal,"1-20, idle<=90",2026-08
718992096073986,3240749673,2,2026-07-22 20:30:00,9.0,0,Normal,"1-20, idle<=90",2026-08
731757633143048,3241097818,9,2026-07-31 10:30:00,0.0,0,Normal,"1-20, idle<=90",2026-08
728333170424066,3242875467,10,2026-07-30 22:00:00,1.0,0,Normal,"1-20, idle<=90",2026-08
746043700173064,3243779799,7,2026-08-01 10:30:00,-1.0,0,Normal,"1-20, idle<=90",2026-08
729408007913730,3243962420,13,2026-07-31 17:00:00,0.0,0,Normal,"1-20, idle<=90",2026-08
736133150212354,3245165642,17,2026-07-31 22:00:00,0.0,0,Normal,"1-20, idle<=90",2026-08
688934983829764,3248699053,1,2026-07-31 21:30:00,0.0,0,Normal,"1-20, idle<=90",2026-08
726427722883330,3248757238,13,2026-07-30 20:30:00,1.0,0,Normal,"1-20, idle<=90",2026-08
746750975928582,3248854560,1,2026-07-31 21:30:00,0.0,0,Normal,"1-20, idle<=90",2026-08
726789765228802,3250166219,20,2026-07-28 17:00:00,3.0,0,Normal,"1-20, idle<=90",2026-08
707131708299520,3251035085,5,2026-07-29 21:30:00,2.0,0,Normal,"1-20, idle<=90",2026-08
567699403368720,3251239708,1,2026-05-16 20:30:00,76.0,0,Normal,"1-20, idle<=90",2026-08
747283007273222,3251507630,15,2026-07-18 20:00:00,13.0,1,Frozen,"1-20, idle<=90",2026-08
732932567994626,3251658324,14,2026-07-30 18:30:00,1.0,0,Normal,"1-20, idle<=90",2026-08
736124095920390,3252208107,14,2026-07-30 10:00:00,1.0,0,Normal,"1-20, idle<=90",2026-08
574974480197904,3254495092,1,2026-07-24 21:30:00,7.0,0,Normal,"1-20, idle<=90",2026-08
714922960431362,3255706095,3,2026-08-01 22:30:00,-1.0,0,Normal,"1-20, idle<=90",2026-08
722879308245252,3257167586,2,2026-08-01 09:00:00,-1.0,0,Normal,"1-20, idle<=90",2026-08
688248382552320,3257546227,1,2026-08-01 21:00:00,-1.0,0,Normal,"1-20, idle<=90",2026-08
748006340403464,3258980367,15,2026-07-31 19:00:00,0.0,0,Normal,"1-20, idle<=90",2026-08
735273063334150,3259063208,4,2026-07-31 21:00:00,0.0,0,Normal,"1-20, idle<=90",2026-08
699673742463232,3259080581,12,2026-07-29 15:30:00,2.0,0,Normal,"1-20, idle<=90",2026-08
731162442977542,3259387472,15,2026-07-30 21:00:00,1.0,0,Normal,"1-20, idle<=90",2026-08
684314283479298,3260545746,20,2026-07-31 10:00:00,0.0,0,Normal,"1-20, idle<=90",2026-08
731572297060616,3261186700,16,2026-08-01 21:30:00,-1.0,0,Normal,"1-20, idle<=90",2026-08
703050677551360,3261260978,4,2026-05-12 21:00:00,80.0,1,Frozen,"1-20, idle<=90",2026-08
732988303677704,3261583823,18,2026-08-01 13:30:00,-1.0,0,Normal,"1-20, idle<=90",2026-08
737885817731330,3262157367,13,2026-08-01 11:00:00,-1.0,0,Normal,"1-20, idle<=90",2026-08
694568458836228,3263021053,10,2026-07-31 21:30:00,0.0,0,Normal,"1-20, idle<=90",2026-08
751055138220294,3263629262,10,2026-07-30 11:30:00,1.0,0,Normal,"1-20, idle<=90",2026-08
715951900580096,3264159990,3,2026-07-28 11:30:00,3.0,0,Normal,"1-20, idle<=90",2026-08
710811849748738,3264682491,3,2026-07-26 11:00:00,5.0,0,Normal,"1-20, idle<=90",2026-08
695457643245824,3265070913,18,2026-08-01 16:30:00,-1.0,0,Normal,"1-20, idle<=90",2026-08
684461653735680,3265298485,9,2026-07-29 17:30:00,2.0,0,Normal,"1-20, idle<=90",2026-08
746947581645058,3265766705,14,2026-08-01 21:30:00,-1.0,0,Normal,"1-20, idle<=90",2026-08
726754402027782,3265899862,6,2026-07-31 13:30:00,0.0,0,Normal,"1-20, idle<=90",2026-08
732439814865160,3267274471,9,2026-07-30 20:00:00,1.0,0,Normal,"1-20, idle<=90",2026-08
739829723246850,3267308236,17,2026-07-30 15:00:00,1.0,0,Normal,"1-20, idle<=90",2026-08
732108144402694,3267487869,11,2026-08-01 19:00:00,-1.0,0,Normal,"1-20, idle<=90",2026-08
693152560212228,3267488176,2,2026-07-30 09:00:00,1.0,0,Normal,"1-20, idle<=90",2026-08
706748272990466,3267616754,2,2026-07-13 19:00:00,18.0,1,Frozen,"1-20, idle<=90",2026-08
726771110639878,3267648143,4,2026-07-31 21:30:00,0.0,0,Normal,"1-20, idle<=90",2026-08
749744520530184,3267648337,4,2026-07-31 15:30:00,0.0,0,Normal,"1-20, idle<=90",2026-08
723781035696388,3267834471,5,2026-07-30 10:00:00,1.0,0,Normal,"1-20, idle<=90",2026-08
732062260824322,3268025042,14,2026-07-29 18:30:00,2.0,0,Normal,"1-20, idle<=90",2026-08
693532876671232,3268129413,9,2026-07-31 18:30:00,0.0,0,Normal,"1-20, idle<=90",2026-08
655618569662720,3268960605,1,2026-07-29 19:00:00,2.0,0,Normal,"1-20, idle<=90",2026-08
691034242093312,3269092356,10,2026-07-30 13:00:00,1.0,0,Normal,"1-20, idle<=90",2026-08
680442214217986,3269274900,10,2026-07-30 21:30:00,1.0,0,Normal,"1-20, idle<=90",2026-08
711402215270658,3269368447,1,2026-05-23 21:00:00,69.0,0,Normal,"1-20, idle<=90",2026-08
681357851828480,3269492677,12,2026-07-29 18:30:00,2.0,0,Normal,"1-20, idle<=90",2026-08
732409248059654,3269516052,15,2026-08-01 16:30:00,-1.0,0,Normal,"1-20, idle<=90",2026-08
669278210947332,3269578127,8,2026-08-01 13:30:00,-1.0,0,Normal,"1-20, idle<=90",2026-08
619399771201792,3269623909,1,2026-08-01 22:30:00,-1.0,0,Normal,"1-20, idle<=90",2026-08
683788363137282,3269762840,2,2026-07-28 20:30:00,3.0,0,Normal,"1-20, idle<=90",2026-08
747988010684674,3270105568,6,2026-07-30 21:00:00,1.0,0,Normal,"1-20, idle<=90",2026-08
695154503209216,3270130290,6,2026-07-31 13:30:00,0.0,0,Normal,"1-20, idle<=90",2026-08
749223381170440,3270238462,9,2026-08-01 12:00:00,-1.0,0,Normal,"1-20, idle<=90",2026-08
724130631446784,3270365858,9,2026-07-30 19:30:00,1.0,0,Normal,"1-20, idle<=90",2026-08
732642080678146,3270948207,13,2026-07-29 16:00:00,2.0,0,Normal,"1-20, idle<=90",2026-08
698430306885888,3270992796,13,2026-07-29 16:00:00,2.0,0,Normal,"1-20, idle<=90",2026-08
693166154397952,3271032818,2,2026-07-30 17:00:00,1.0,0,Normal,"1-20, idle<=90",2026-08
674951120949506,3271497915,12,2026-07-31 20:00:00,0.0,0,Normal,"1-20, idle<=90",2026-08
663430851447042,3271654214,5,2026-07-30 18:30:00,1.0,0,Normal,"1-20, idle<=90",2026-08
731599992883464,3271654287,11,2026-07-31 21:30:00,0.0,0,Normal,"1-20, idle<=90",2026-08
731173634476294,3271790705,12,2026-07-29 21:00:00,2.0,0,Normal,"1-20, idle<=90",2026-08
738078679085314,3272432880,20,2026-07-31 18:30:00,0.0,0,Normal,"1-20, idle<=90",2026-08
704630320077056,3272486650,1,2026-07-12 08:00:00,19.0,0,Normal,"1-20, idle<=90",2026-08
702706670960896,3272543666,14,2026-08-01 10:30:00,-1.0,0,Normal,"1-20, idle<=90",2026-08
689052670492930,3272543732,9,2026-07-29 19:30:00,2.0,0,Normal,"1-20, idle<=90",2026-08
671272076140804,3272622755,12,2026-07-26 13:00:00,5.0,0,Normal,"1-20, idle<=90",2026-08
723198305902848,3272635217,13,2026-08-01 22:00:00,-1.0,0,Normal,"1-20, idle<=90",2026-08
732438869256456,3272674173,15,2026-07-31 11:30:00,0.0,0,Normal,"1-20, idle<=90",2026-08
726619812034818,3272771303,9,2026-08-01 16:00:00,-1.0,0,Normal,"1-20, idle<=90",2026-08
673032989210884,3272992337,11,2026-07-30 21:00:00,1.0,0,Normal,"1-20, idle<=90",2026-08
685739898192130,3273028220,18,2026-07-30 19:30:00,1.0,0,Normal,"1-20, idle<=90",2026-08
741080522600712,3273115680,2,2026-08-01 22:00:00,-1.0,0,Normal,"1-20, idle<=90",2026-08
733318040135938,3273122025,16,2026-06-10 22:00:00,51.0,1,Frozen,"1-20, idle<=90",2026-08
726389734461702,3273151710,9,2026-07-30 17:30:00,1.0,0,Normal,"1-20, idle<=90",2026-08
688008340668672,3273165607,5,2026-07-31 18:00:00,0.0,0,Normal,"1-20, idle<=90",2026-08
725858384378120,3273385202,4,2026-07-31 21:00:00,0.0,0,Normal,"1-20, idle<=90",2026-08
752759223087368,3273430880,17,2026-07-29 21:00:00,2.0,0,Normal,"1-20, idle<=90",2026-08
719172290562306,3273505230,2,2026-08-01 14:30:00,-1.0,0,Normal,"1-20, idle<=90",2026-08
725896189450498,3273627060,13,2026-07-30 10:30:00,1.0,0,Normal,"1-20, idle<=90",2026-08
687109351284996,3273643995,8,2026-07-31 21:30:00,0.0,0,Normal,"1-20, idle<=90",2026-08
755112759484674,3273664626,19,2026-08-01 21:00:00,-1.0,0,Normal,"1-20, idle<=90",2026-08
733317557084418,3273702580,19,2026-08-01 22:30:00,-1.0,0,Normal,"1-20, idle<=90",2026-08
732124429209864,3273909497,9,2026-07-31 21:00:00,0.0,0,Normal,"1-20, idle<=90",2026-08
650870645258496,3274137472,10,2026-06-14 17:00:00,47.0,1,Frozen,"1-20, idle<=90",2026-08
695459494750464,3274369812,15,2026-07-30 14:00:00,1.0,0,Normal,"1-20, idle<=90",2026-08
731694408931590,3274381695,14,2026-07-29 18:00:00,2.0,0,Normal,"1-20, idle<=90",2026-08
697239124713728,3274415250,16,2026-08-01 19:30:00,-1.0,0,Normal,"1-20, idle<=90",2026-08
712453858681088,3274483645,10,2026-07-26 17:00:00,5.0,0,Normal,"1-20, idle<=90",2026-08
710295858968832,3275243815,5,2026-07-29 19:00:00,2.0,0,Normal,"1-20, idle<=90",2026-08
676168167252228,3275302166,16,2026-07-31 17:30:00,0.0,0,Normal,"1-20, idle<=90",2026-08
702152616638720,3275331502,7,2026-05-26 21:30:00,66.0,1,Frozen,"1-20, idle<=90",2026-08
724134915287298,3275408826,15,2026-05-29 16:30:00,63.0,1,Frozen,"1-20, idle<=90",2026-08
744834026492166,3275481147,2,2026-07-30 18:00:00,1.0,0,Normal,"1-20, idle<=90",2026-08
679714250232066,3275582134,12,2026-08-01 21:00:00,-1.0,0,Normal,"1-20, idle<=90",2026-08
653724939362568,3275800870,19,2026-05-28 21:30:00,64.0,1,Frozen,"1-20, idle<=90",2026-08
691525187877120,3275925096,8,2026-08-01 17:00:00,-1.0,0,Normal,"1-20, idle<=90",2026-08
684144982194434,3276042623,16,2026-07-30 12:30:00,1.0,0,Normal,"1-20, idle<=90",2026-08
733681359560968,3276193157,1,2026-07-26 22:30:00,5.0,0,Normal,"1-20, idle<=90",2026-08
701999638898948,3276230906,9,2026-07-24 21:00:00,7.0,0,Normal,"1-20, idle<=90",2026-08
655790684408068,3276303810,16,2026-08-01 17:30:00,-1.0,0,Normal,"1-20, idle<=90",2026-08
721468984721668,3276369038,17,2026-06-25 13:00:00,36.0,1,Frozen,"1-20, idle<=90",2026-08
651546732007682,3276370094,20,2026-08-01 17:00:00,-1.0,0,Normal,"1-20, idle<=90",2026-08
737011977699592,3276459634,17,2026-07-31 21:30:00,0.0,0,Normal,"1-20, idle<=90",2026-08
669427113535748,3276555475,7,2026-08-01 08:30:00,-1.0,0,Normal,"1-20, idle<=90",2026-08
697897418213636,3276643405,12,2026-07-29 21:30:00,2.0,0,Normal,"1-20, idle<=90",2026-08
720544253716738,3276647231,3,2026-07-28 21:30:00,3.0,0,Normal,"1-20, idle<=90",2026-08
701828171700482,3276659215,14,2026-07-30 17:30:00,1.0,0,Normal,"1-20, idle<=90",2026-08
731342515118342,3276875381,12,2026-07-31 18:30:00,0.0,0,Normal,"1-20, idle<=90",2026-08
720247982082304,3277087805,19,2026-07-31 19:30:00,0.0,0,Normal,"1-20, idle<=90",2026-08
735928243822854,3277087885,15,2026-07-30 21:00:00,1.0,0,Normal,"1-20, idle<=90",2026-08
720781225724162,3277145580,17,2026-07-22 18:00:00,9.0,0,Normal,"1-20, idle<=90",2026-08
637389273411852,3277547888,20,2026-07-31 22:00:00,0.0,0,Normal,"1-20, idle<=90",2026-08
732052206979334,3277587109,10,2026-07-30 16:00:00,1.0,0,Normal,"1-20, idle<=90",2026-08
698955875199236,3277902883,13,2026-07-31 17:30:00,0.0,0,Normal,"1-20, idle<=90",2026-08
702194033502464,3277972623,12,2026-07-30 15:00:00,1.0,0,Normal,"1-20, idle<=90",2026-08
638840762284288,3277994545,1,2026-05-15 21:30:00,77.0,1,Frozen,"1-20, idle<=90",2026-08
698254591039748,3278170295,17,2026-07-31 18:00:00,0.0,0,Normal,"1-20, idle<=90",2026-08
738810803749128,3278412192,15,2026-07-30 18:30:00,1.0,0,Normal,"1-20, idle<=90",2026-08
727108546459910,3278446051,9,2026-07-30 20:30:00,1.0,0,Normal,"1-20, idle<=90",2026-08
724100454682882,3278764457,9,2026-07-28 22:00:00,3.0,0,Normal,"1-20, idle<=90",2026-08
692117512376580,3278909809,2,2026-07-17 18:00:00,14.0,0,Normal,"1-20, idle<=90",2026-08
705370939537664,3278960830,8,2026-07-30 11:30:00,1.0,0,Normal,"1-20, idle<=90",2026-08
740768343980296,3279026157,2,2026-07-31 19:00:00,0.0,0,Normal,"1-20, idle<=90",2026-08
726438437460232,3279198909,14,2026-07-29 12:00:00,2.0,0,Normal,"1-20, idle<=90",2026-08
673674668529924,3279267814,2,2026-07-31 16:00:00,0.0,0,Normal,"1-20, idle<=90",2026-08
711564116672770,3279455189,8,2026-08-01 21:00:00,-1.0,0,Normal,"1-20, idle<=90",2026-08
709753212059908,3279554839,1,2026-07-20 21:30:00,11.0,0,Normal,"1-20, idle<=90",2026-08
697901752396032,3279591653,19,2026-07-31 22:00:00,0.0,0,Normal,"1-20, idle<=90",2026-08
716360018295040,3279591904,5,2026-07-31 22:00:00,0.0,0,Normal,"1-20, idle<=90",2026-08
731519584016648,3279594594,13,2026-07-31 22:00:00,0.0,0,Normal,"1-20, idle<=90",2026-08
703438240721152,3279743658,19,2026-07-29 22:00:00,2.0,0,Normal,"1-20, idle<=90",2026-08
643414259544336,3279752068,11,2026-06-01 21:30:00,60.0,1,Frozen,"1-20, idle<=90",2026-08
677797425647872,3279784036,11,2026-06-26 19:00:00,35.0,1,Frozen,"1-20, idle<=90",2026-08
684798757513474,3279835574,6,2026-06-07 15:00:00,54.0,1,Frozen,"1-20, idle<=90",2026-08
742838531545352,3279974455,15,2026-08-01 16:00:00,-1.0,0,Normal,"1-20, idle<=90",2026-08
705689111144708,3279988197,12,2026-07-30 16:00:00,1.0,0,Normal,"1-20, idle<=90",2026-08
732440378538248,3280016136,17,2026-06-30 22:00:00,31.0,0,Normal,"1-20, idle<=90",2026-08
705365663533312,3280277153,10,2026-07-31 17:00:00,0.0,0,Normal,"1-20, idle<=90",2026-08
698087964338432,3280327216,9,2026-07-30 19:30:00,1.0,0,Normal,"1-20, idle<=90",2026-08
729263607097608,3280385382,16,2026-07-30 22:00:00,1.0,0,Normal,"1-20, idle<=90",2026-08
704479891177728,3280424655,4,2026-07-30 19:30:00,1.0,0,Normal,"1-20, idle<=90",2026-08
668000435671296,3280477569,18,2026-06-28 15:00:00,33.0,1,Frozen,"1-20, idle<=90",2026-08
699194061906180,3280505138,8,2026-06-25 23:00:00,36.0,0,Normal,"1-20, idle<=90",2026-08
726976496212230,3280556541,1,2026-07-11 21:30:00,20.0,0,Normal,"1-20, idle<=90",2026-08
739841028729094,3280596642,20,2026-07-30 18:00:00,1.0,0,Normal,"1-20, idle<=90",2026-08
714705207570688,3280818772,8,2026-07-31 20:30:00,0.0,0,Normal,"1-20, idle<=90",2026-08
726434222729474,3280894798,15,2026-07-29 11:00:00,2.0,0,Normal,"1-20, idle<=90",2026-08
674766180206848,3280955690,13,2026-07-03 01:30:00,28.0,1,Frozen,"1-20, idle<=90",2026-08
670995786909954,3281024916,12,2026-07-30 21:00:00,1.0,0,Normal,"1-20, idle<=90",2026-08
685580677492994,3281112638,14,2026-07-23 21:30:00,8.0,0,Normal,"1-20, idle<=90",2026-08
727974088345858,3281125282,19,2026-07-31 22:00:00,0.0,0,Normal,"1-20, idle<=90",2026-08
684149405907202,3281211848,1,2026-07-30 18:00:00,1.0,0,Normal,"1-20, idle<=90",2026-08
720237021118722,3281246915,19,2026-07-15 20:30:00,16.0,0,Normal,"1-20, idle<=90",2026-08
727499131965702,3281265325,9,2026-07-31 21:30:00,0.0,0,Normal,"1-20, idle<=90",2026-08
740401051224328,3281344137,17,2026-07-30 21:30:00,1.0,0,Normal,"1-20, idle<=90",2026-08
725547378249992,3281470716,5,2026-07-31 12:00:00,0.0,0,Normal,"1-20, idle<=90",2026-08
718834354538756,3281528884,4,2026-07-29 16:00:00,2.0,0,Normal,"1-20, idle<=90",2026-08
727527910945032,3281568279,8,2026-07-31 21:30:00,0.0,0,Normal,"1-20, idle<=90",2026-08
674770634313988,3281623732,1,2026-07-31 18:00:00,0.0,0,Normal,"1-20, idle<=90",2026-08
688393523466500,3281838460,1,2026-07-31 01:00:00,0.0,0,Normal,"1-20, idle<=90",2026-08
729037630664962,3281974075,6,2026-07-31 21:30:00,0.0,0,Normal,"1-20, idle<=90",2026-08
673336395880708,3282019652,3,2026-06-19 22:00:00,42.0,1,Frozen,"1-20, idle<=90",2026-08
708496734324994,3282071803,4,2026-07-29 21:00:00,2.0,0,Normal,"1-20, idle<=90",2026-08
691714775656706,3282215250,16,2026-08-01 11:00:00,-1.0,0,Normal,"1-20, idle<=90",2026-08
686226466091264,3282221715,2,2026-07-29 19:30:00,2.0,0,Normal,"1-20, idle<=90",2026-08
753341434876166,3282222736,16,2026-07-31 21:00:00,0.0,0,Normal,"1-20, idle<=90",2026-08
731725634251016,3282354478,11,2026-08-01 21:30:00,-1.0,0,Normal,"1-20, idle<=90",2026-08
732407741503746,3282377035,15,2026-07-31 10:30:00,0.0,0,Normal,"1-20, idle<=90",2026-08
750270360295688,3282399353,12,2026-07-30 17:30:00,1.0,0,Normal,"1-20, idle<=90",2026-08
722878659995906,3282495462,2,2026-07-28 21:30:00,3.0,0,Normal,"1-20, idle<=90",2026-08
752639866065158,3282521736,18,2026-07-29 21:30:00,2.0,0,Normal,"1-20, idle<=90",2026-08
714371863771392,3282662746,1,2026-07-30 18:30:00,1.0,0,Normal,"1-20, idle<=90",2026-08
725872890550536,3282703976,1,2026-07-31 19:30:00,0.0,0,Normal,"1-20, idle<=90",2026-08
731338578047234,3282712369,8,2026-07-30 21:30:00,1.0,0,Normal,"1-20, idle<=90",2026-08
727142458106114,3282785494,8,2026-07-31 17:00:00,0.0,0,Normal,"1-20, idle<=90",2026-08
690908627921154,3282788784,4,2026-07-30 18:00:00,1.0,0,Normal,"1-20, idle<=90",2026-08
715803740219652,3282858304,10,2026-07-31 22:00:00,0.0,0,Normal,"1-20, idle<=90",2026-08
687476158548224,3282935712,8,2026-07-31 20:00:00,0.0,0,Normal,"1-20, idle<=90",2026-08
724618790101248,3283052914,20,2026-06-04 20:00:00,57.0,1,Frozen,"1-20, idle<=90",2026-08
736310356863240,3283061302,20,2026-07-29 20:30:00,2.0,0,Normal,"1-20, idle<=90",2026-08
686573271654660,3283069243,9,2026-07-22 21:00:00,9.0,0,Normal,"1-20, idle<=90",2026-08
689054076483842,3283117650,4,2026-07-31 21:30:00,0.0,0,Normal,"1-20, idle<=90",2026-08
654963164381440,3283157517,9,2026-08-01 16:00:00,-1.0,0,Normal,"1-20, idle<=90",2026-08
716530402887940,3283312274,8,2026-07-31 22:30:00,0.0,0,Normal,"1-20, idle<=90",2026-08
720055549118720,3283376533,18,2026-07-21 23:30:00,10.0,0,Normal,"1-20, idle<=90",2026-08
685531341826304,3283447351,11,2026-07-29 19:00:00,2.0,0,Normal,"1-20, idle<=90",2026-08
673163422908672,3283492041,18,2026-07-29 19:30:00,2.0,0,Normal,"1-20, idle<=90",2026-08
673163234001154,3283492707,15,2026-07-31 19:30:00,0.0,0,Normal,"1-20, idle<=90",2026-08
703469221417216,3283496092,18,2026-07-30 16:00:00,1.0,0,Normal,"1-20, idle<=90",2026-08
663751903658242,3283546999,1,2026-07-31 21:00:00,0.0,0,Normal,"1-20, idle<=90",2026-08
720722780047620,3283680403,3,2026-08-01 17:00:00,-1.0,0,Normal,"1-20, idle<=90",2026-08
691920344744194,3283729946,10,2026-07-31 21:30:00,0.0,0,Normal,"1-20, idle<=90",2026-08
689496715065602,3283940861,13,2026-07-28 10:00:00,3.0,0,Normal,"1-20, idle<=90",2026-08
718953069250820,3284085117,6,2026-06-11 21:30:00,50.0,1,Frozen,"1-20, idle<=90",2026-08
732442118775048,3284143911,20,2026-07-02 22:30:00,29.0,0,Normal,"1-20, idle<=90",2026-08
736645583388934,3284365074,19,2026-07-31 22:00:00,0.0,0,Normal,"1-20, idle<=90",2026-08
686980749998336,3284486747,11,2026-07-31 21:00:00,0.0,0,Normal,"1-20, idle<=90",2026-08
692969772630276,3284633338,12,2026-08-01 09:00:00,-1.0,0,Normal,"1-20, idle<=90",2026-08
731774591822086,3284753942,12,2026-07-30 19:00:00,1.0,0,Normal,"1-20, idle<=90",2026-08
711342459795712,3284867326,3,2026-07-26 15:00:00,5.0,0,Normal,"1-20, idle<=90",2026-08
669947069733122,3284937170,3,2026-07-31 18:00:00,0.0,0,Normal,"1-20, idle<=90",2026-08
677382313908482,3284945061,16,2026-07-29 19:00:00,2.0,0,Normal,"1-20, idle<=90",2026-08
694243837135108,3284946182,18,2026-07-31 17:00:00,0.0,0,Normal,"1-20, idle<=90",2026-08
714396800299264,3285108124,1,2026-08-01 18:00:00,-1.0,0,Normal,"1-20, idle<=90",2026-08
685749195661570,3285169735,1,2026-07-29 17:30:00,2.0,0,Normal,"1-20, idle<=90",2026-08
732946016033032,3285212104,12,2026-07-30 20:30:00,1.0,0,Normal,"1-20, idle<=90",2026-08
732433201385736,3285578314,13,2026-07-31 18:30:00,0.0,0,Normal,"1-20, idle<=90",2026-08
725533401039106,3285578501,12,2026-07-31 21:00:00,0.0,0,Normal,"1-20, idle<=90",2026-08
674724553543940,3285625755,2,2026-07-27 21:30:00,4.0,0,Normal,"1-20, idle<=90",2026-08
733162620152066,3285664103,5,2026-07-31 18:30:00,0.0,0,Normal,"1-20, idle<=90",2026-08
715101879380226,3285665490,6,2026-07-23 12:00:00,8.0,0,Normal,"1-20, idle<=90",2026-08
735928751237382,3285721633,19,2026-07-31 21:00:00,0.0,0,Normal,"1-20, idle<=90",2026-08
731693900665090,3285765824,11,2026-07-31 18:30:00,0.0,0,Normal,"1-20, idle<=90",2026-08
698956005370116,3285765838,12,2026-07-30 19:30:00,1.0,0,Normal,"1-20, idle<=90",2026-08
720724026806528,3285935956,19,2026-07-10 21:00:00,21.0,1,Frozen,"1-20, idle<=90",2026-08
732459139535112,3285966869,10,2026-08-01 19:00:00,-1.0,0,Normal,"1-20, idle<=90",2026-08
717027674349828,3286097640,5,2026-05-07 21:30:00,85.0,1,Frozen,"1-20, idle<=90",2026-08
711435543181568,3286152525,7,2026-07-27 21:00:00,4.0,0,Normal,"1-20, idle<=90",2026-08
712778675970308,3286155036,7,2026-08-01 00:30:00,-1.0,0,Normal,"1-20, idle<=90",2026-08
734205099245832,3286367689,5,2026-07-30 11:30:00,1.0,0,Normal,"1-20, idle<=90",2026-08
753850015060232,3286533749,18,2026-07-29 21:00:00,2.0,0,Normal,"1-20, idle<=90",2026-08
748333163704578,3286646047,18,2026-07-31 21:30:00,0.0,0,Normal,"1-20, idle<=90",2026-08
733149419974914,3286779787,16,2026-07-31 19:00:00,0.0,0,Normal,"1-20, idle<=90",2026-08
701485521115392,3286847698,11,2026-07-31 23:00:00,0.0,0,Normal,"1-20, idle<=90",2026-08
747459445283080,3286859857,13,2026-07-31 21:00:00,0.0,0,Normal,"1-20, idle<=90",2026-08
742176162963718,3286860854,1,2026-07-31 21:30:00,0.0,0,Normal,"1-20, idle<=90",2026-08
740600741761286,3286888156,13,2026-08-01 19:00:00,-1.0,0,Normal,"1-20, idle<=90",2026-08
693708503404804,3286898775,19,2026-08-01 14:00:00,-1.0,0,Normal,"1-20, idle<=90",2026-08
736893001775366,3286954932,20,2026-07-31 12:00:00,0.0,0,Normal,"1-20, idle<=90",2026-08
681262394005760,3287012072,7,2026-08-01 19:00:00,-1.0,0,Normal,"1-20, idle<=90",2026-08
697241778690304,3287024361,14,2026-07-13 16:30:00,18.0,1,Frozen,"1-20, idle<=90",2026-08
754906827997442,3287032666,18,2026-07-30 15:00:00,1.0,1,Frozen,"1-20, idle<=90",2026-08
742597796454658,3287065302,12,2026-07-30 21:00:00,1.0,0,Normal,"1-20, idle<=90",2026-08
693158756468996,3287210576,7,2026-07-27 21:30:00,4.0,0,Normal,"1-20, idle<=90",2026-08
673180674056452,3287234372,7,2026-07-31 20:00:00,0.0,0,Normal,"1-20, idle<=90",2026-08
668746038098178,3287330351,13,2026-07-12 10:30:00,19.0,1,Frozen,"1-20, idle<=90",2026-08
738632187906306,3287406590,16,2026-07-30 20:30:00,1.0,0,Normal,"1-20, idle<=90",2026-08
694243437390080,3287419095,16,2026-07-30 20:30:00,1.0,0,Normal,"1-20, idle<=90",2026-08
732622648375554,3287525553,19,2026-08-01 17:00:00,-1.0,0,Normal,"1-20, idle<=90",2026-08
697407697912066,3287780681,17,2026-07-29 22:00:00,2.0,0,Normal,"1-20, idle<=90",2026-08
742853253988610,3287898191,2,2026-07-30 19:00:00,1.0,0,Normal,"1-20, idle<=90",2026-08
672060181500162,3287911169,3,2026-06-03 18:30:00,58.0,1,Frozen,"1-20, idle<=90",2026-08
727131521446150,3287994880,19,2026-07-28 13:30:00,3.0,0,Normal,"1-20, idle<=90",2026-08
677988118262016,3288041308,4,2026-07-30 21:30:00,1.0,0,Normal,"1-20, idle<=90",2026-08
697021979384068,3288170575,20,2026-07-26 14:30:00,5.0,0,Normal,"1-20, idle<=90",2026-08
673182886547716,3288174847,13,2026-07-31 20:00:00,0.0,0,Normal,"1-20, idle<=90",2026-08
681978593581316,3288408028,9,2026-07-22 19:00:00,9.0,1,Frozen,"1-20, idle<=90",2026-08
721657621369088,3288479291,17,2026-08-01 09:30:00,-1.0,0,Normal,"1-20, idle<=90",2026-08
733693930326280,3288530498,13,2026-07-30 19:30:00,1.0,0,Normal,"1-20, idle<=90",2026-08
712983061942528,3288855755,5,2026-05-14 21:00:00,78.0,1,Frozen,"1-20, idle<=90",2026-08
747341901644038,3288971612,6,2026-07-31 19:30:00,0.0,0,Normal,"1-20, idle<=90",2026-08
733641633339656,3288973910,18,2026-07-31 20:30:00,0.0,0,Normal,"1-20, idle<=90",2026-08
717548161130752,3289269770,4,2026-07-30 20:30:00,1.0,0,Normal,"1-20, idle<=90",2026-08
674396058614020,3289334084,4,2026-07-29 21:30:00,2.0,0,Normal,"1-20, idle<=90",2026-08
722883105364226,3289386027,2,2026-08-01 10:30:00,-1.0,0,Normal,"1-20, idle<=90",2026-08
709220200145152,3289462523,2,2026-07-19 17:00:00,12.0,0,Normal,"1-20, idle<=90",2026-08
733694346832130,3289464685,16,2026-05-05 19:30:00,87.0,1,Frozen,"1-20, idle<=90",2026-08
697187077136642,3289589434,11,2026-08-01 18:00:00,-1.0,0,Normal,"1-20, idle<=90",2026-08
688904576549124,3289620065,12,2026-07-28 19:30:00,3.0,0,Normal,"1-20, idle<=90",2026-08
731195316939014,3289639502,19,2026-07-31 21:00:00,0.0,0,Normal,"1-20, idle<=90",2026-08
713869181237504,3289639632,4,2026-06-04 16:30:00,57.0,1,Frozen,"1-20, idle<=90",2026-08
689090039234816,3289774681,4,2026-07-30 21:00:00,1.0,0,Normal,"1-20, idle<=90",2026-08
715122851356930,3289882257,6,2026-07-30 21:00:00,1.0,0,Normal,"1-20, idle<=90",2026-08
693517042071810,3289949504,14,2026-07-31 20:30:00,0.0,0,Normal,"1-20, idle<=90",2026-08
723250453285122,3289966460,20,2026-07-30 18:00:00,1.0,0,Normal,"1-20, idle<=90",2026-08
705340455018752,3289967486,18,2026-06-29 17:30:00,32.0,0,Normal,"1-20, idle<=90",2026-08
710867401425156,3289997188,2,2026-07-30 10:30:00,1.0,0,Normal,"1-20, idle<=90",2026-08
741821998313734,3290064491,11,2026-07-30 11:30:00,1.0,0,Normal,"1-20, idle<=90",2026-08
693127476388098,3290191799,20,2026-07-31 21:00:00,0.0,0,Normal,"1-20, idle<=90",2026-08
731402718456072,3290200143,10,2026-07-31 18:30:00,0.0,0,Normal,"1-20, idle<=90",2026-08
749781732311298,3290329652,10,2026-07-31 19:30:00,0.0,0,Normal,"1-20, idle<=90",2026-08
705339813624068,3290444057,18,2026-07-26 17:00:00,5.0,0,Normal,"1-20, idle<=90",2026-08
750495757828360,3290451213,15,2026-07-30 21:30:00,1.0,0,Normal,"1-20, idle<=90",2026-08
740011252418824,3290578759,16,2026-08-01 01:30:00,-1.0,0,Normal,"1-20, idle<=90",2026-08
733643311681798,3290614805,14,2026-08-01 17:00:00,-1.0,0,Normal,"1-20, idle<=90",2026-08
722566592235776,3290699935,13,2026-05-29 21:00:00,63.0,1,Frozen,"1-20, idle<=90",2026-08
740046989013256,3290760697,1,2026-07-31 21:00:00,0.0,0,Normal,"1-20, idle<=90",2026-08
742879270674690,3290872985,19,2026-07-26 16:00:00,5.0,0,Normal,"1-20, idle<=90",2026-08
680034545891584,3290888993,5,2026-05-06 21:00:00,86.0,1,Frozen,"1-20, idle<=90",2026-08
679377977663744,3290933342,3,2026-07-30 16:30:00,1.0,0,Normal,"1-20, idle<=90",2026-08
686791195504900,3290998844,6,2026-07-31 21:30:00,0.0,0,Normal,"1-20, idle<=90",2026-08
712816077519106,3291040797,5,2026-08-01 20:30:00,-1.0,0,Normal,"1-20, idle<=90",2026-08
698428997509380,3291149247,6,2026-07-30 18:30:00,1.0,0,Normal,"1-20, idle<=90",2026-08
692297967730946,3291166330,4,2026-07-22 19:00:00,9.0,0,Normal,"1-20, idle<=90",2026-08
732066351315206,3291166477,8,2026-07-29 14:00:00,2.0,0,Normal,"1-20, idle<=90",2026-08
749207363166472,3291352398,16,2026-07-31 10:30:00,0.0,0,Normal,"1-20, idle<=90",2026-08
729085502304518,3291427567,20,2026-07-28 19:00:00,3.0,0,Normal,"1-20, idle<=90",2026-08
716347066564868,3291502148,11,2026-07-31 21:00:00,0.0,0,Normal,"1-20, idle<=90",2026-08
681318243387648,3291552346,3,2026-05-21 17:30:00,71.0,1,Frozen,"1-20, idle<=90",2026-08
734004651858182,3291564974,19,2026-08-01 17:00:00,-1.0,0,Normal,"1-20, idle<=90",2026-08
720544555704580,3291609572,6,2026-07-31 19:30:00,0.0,0,Normal,"1-20, idle<=90",2026-08
735803358540038,3291610861,18,2026-07-29 16:00:00,2.0,0,Normal,"1-20, idle<=90",2026-08
737352640119048,3291661616,7,2026-07-30 21:30:00,1.0,0,Normal,"1-20, idle<=90",2026-08
681094747810050,3291712185,9,2026-07-24 21:30:00,7.0,0,Normal,"1-20, idle<=90",2026-08
694567943526660,3291792247,5,2026-07-29 17:30:00,2.0,0,Normal,"1-20, idle<=90",2026-08
705425699301632,3291885172,5,2026-07-29 19:30:00,2.0,0,Normal,"1-20, idle<=90",2026-08
704140154423554,3291901566,4,2026-08-01 08:30:00,-1.0,0,Normal,"1-20, idle<=90",2026-08
750449195458818,3291912365,10,2026-07-28 18:30:00,3.0,0,Normal,"1-20, idle<=90",2026-08
751604112029958,3291967251,13,2026-08-01 18:00:00,-1.0,0,Normal,"1-20, idle<=90",2026-08
712948762163460,3292005330,4,2026-07-28 22:00:00,3.0,0,Normal,"1-20, idle<=90",2026-08
732789013213448,3292053563,15,2026-07-28 14:00:00,3.0,0,Normal,"1-20, idle<=90",2026-08
702675291123972,3292061386,5,2026-07-31 17:30:00,0.0,0,Normal,"1-20, idle<=90",2026-08
739012013740296,3292081285,20,2026-08-01 00:00:00,0.0,0,Normal,"1-20, idle<=90",2026-08
712066244092164,3292088750,1,2026-07-30 19:30:00,1.0,0,Normal,"1-20, idle<=90",2026-08
748687088943368,3292105246,12,2026-08-01 13:30:00,-1.0,0,Normal,"1-20, idle<=90",2026-08
753699649112328,3292166877,20,2026-07-28 15:30:00,3.0,0,Normal,"1-20, idle<=90",2026-08
709627018064128,3292167514,12,2026-07-28 15:00:00,3.0,0,Normal,"1-20, idle<=90",2026-08
720403354571010,3292193153,2,2026-07-31 20:30:00,0.0,0,Normal,"1-20, idle<=90",2026-08
725677283973384,3292259138,4,2026-07-19 17:30:00,12.0,0,Normal,"1-20, idle<=90",2026-08
713822100506880,3292277957,10,2026-07-30 17:00:00,1.0,0,Normal,"1-20, idle<=90",2026-08
728040990349570,3292309007,5,2026-07-31 10:30:00,0.0,0,Normal,"1-20, idle<=90",2026-08
733150396102920,3292319069,17,2026-08-01 21:30:00,-1.0,0,Normal,"1-20, idle<=90",2026-08
688522298134786,3292323632,9,2026-07-31 16:00:00,0.0,0,Normal,"1-20, idle<=90",2026-08
699007989725444,3292346056,9,2026-08-01 20:00:00,-1.0,0,Normal,"1-20, idle<=90",2026-08
755069164169480,3292370137,18,2026-07-29 21:30:00,2.0,0,Normal,"1-20, idle<=90",2026-08
746220022475010,3292395902,6,2026-07-31 19:00:00,0.0,0,Normal,"1-20, idle<=90",2026-08
683243875166464,3292437494,10,2026-07-30 19:00:00,1.0,0,Normal,"1-20, idle<=90",2026-08
729036722432264,3292447093,16,2026-07-31 20:00:00,0.0,0,Normal,"1-20, idle<=90",2026-08
718153957939458,3292455355,12,2026-07-30 21:00:00,1.0,0,Normal,"1-20, idle<=90",2026-08
682930089484544,3292484782,14,2026-08-01 16:00:00,-1.0,0,Normal,"1-20, idle<=90",2026-08
736202194450696,3292492988,8,2026-06-09 20:00:00,52.0,1,Frozen,"1-20, idle<=90",2026-08
746087895267590,3292493174,20,2026-07-30 18:30:00,1.0,0,Normal,"1-20, idle<=90",2026-08
724298325446916,3292496203,5,2026-07-29 21:00:00,2.0,0,Normal,"1-20, idle<=90",2026-08
683072873787652,3292504157,2,2026-07-31 21:30:00,0.0,0,Normal,"1-20, idle<=90",2026-08
695623321430274,3292533121,20,2026-08-01 16:00:00,-1.0,0,Normal,"1-20, idle<=90",2026-08
722675389964544,3292598639,8,2026-06-19 21:00:00,42.0,1,Frozen,"1-20, idle<=90",2026-08
728167415679240,3292609451,16,2026-08-01 19:00:00,-1.0,0,Normal,"1-20, idle<=90",2026-08
722707744993536,3292644108,3,2026-07-31 21:30:00,0.0,0,Normal,"1-20, idle<=90",2026-08
702720307529988,3292682196,4,2026-07-28 16:30:00,3.0,0,Normal,"1-20, idle<=90",2026-08
710640740802818,3292682491,1,2026-07-30 18:00:00,1.0,0,Normal,"1-20, idle<=90",2026-08
724488375603458,3292692183,1,2026-07-29 20:30:00,2.0,0,Normal,"1-20, idle<=90",2026-08
739123603699976,3292693325,5,2026-07-29 21:30:00,2.0,0,Normal,"1-20, idle<=90",2026-08
746565888635138,3292747634,3,2026-08-01 20:30:00,-1.0,0,Normal,"1-20, idle<=90",2026-08
684669604268288,3292787673,7,2026-05-23 17:00:00,69.0,1,Frozen,"1-20, idle<=90",2026-08
689085080213764,3292809228,7,2026-07-31 13:00:00,0.0,0,Normal,"1-20, idle<=90",2026-08
684622822709506,3292809809,5,2026-07-31 22:00:00,0.0,0,Normal,"1-20, idle<=90",2026-08
727991849328898,3292965385,14,2026-07-27 21:30:00,4.0,0,Normal,"1-20, idle<=90",2026-08
685200860829956,3292975981,18,2026-08-01 21:30:00,-1.0,0,Normal,"1-20, idle<=90",2026-08
688216213915908,3293145886,8,2026-08-01 18:30:00,-1.0,0,Normal,"1-20, idle<=90",2026-08
697376392323330,3293186058,17,2026-08-01 10:30:00,-1.0,0,Normal,"1-20, idle<=90",2026-08
694718560743680,3293190201,7,2026-07-31 17:00:00,0.0,0,Normal,"1-20, idle<=90",2026-08
686039608353024,3293226669,10,2026-07-30 21:00:00,1.0,0,Normal,"1-20, idle<=90",2026-08
720724101753088,3293264993,17,2026-08-01 20:00:00,-1.0,0,Normal,"1-20, idle<=90",2026-08
739019650578690,3293317157,1,2026-07-31 21:00:00,0.0,0,Normal,"1-20, idle<=90",2026-08
747847573948674,3293365116,15,2026-07-31 20:00:00,0.0,0,Normal,"1-20, idle<=90",2026-08
717906150398210,3293384390,20,2026-05-21 21:00:00,71.0,1,Frozen,"1-20, idle<=90",2026-08
713818980241664,3293386952,2,2026-08-01 13:00:00,-1.0,0,Normal,"1-20, idle<=90",2026-08
707626542958848,3293404700,8,2026-07-27 17:00:00,4.0,0,Normal,"1-20, idle<=90",2026-08
721486819723522,3293426968,1,2026-08-01 15:00:00,-1.0,0,Normal,"1-20, idle<=90",2026-08
735103501672712,3293428054,6,2026-07-24 11:30:00,7.0,0,Normal,"1-20, idle<=90",2026-08
689093937043714,3293436969,5,2026-07-26 22:30:00,5.0,0,Normal,"1-20, idle<=90",2026-08
703603705878788,3293487660,6,2026-07-31 19:30:00,0.0,0,Normal,"1-20, idle<=90",2026-08
696133593745664,3293508898,7,2026-07-30 19:00:00,1.0,0,Normal,"1-20, idle<=90",2026-08
686960273826052,3293523885,4,2026-07-24 18:00:00,7.0,1,Frozen,"1-20, idle<=90",2026-08
696133722165508,3293529486,12,2026-07-29 19:30:00,2.0,0,Normal,"1-20, idle<=90",2026-08
709590483558660,3293539054,14,2026-07-31 19:00:00,0.0,0,Normal,"1-20, idle<=90",2026-08
688198652356866,3293570327,11,2026-07-17 21:30:00,14.0,1,Frozen,"1-20, idle<=90",2026-08
699333881657600,3293571281,18,2026-07-29 20:30:00,2.0,0,Normal,"1-20, idle<=90",2026-08
692801777645824,3293651939,13,2026-07-31 21:30:00,0.0,0,Normal,"1-20, idle<=90",2026-08
723785305186562,3293669117,4,2026-07-31 17:30:00,0.0,0,Normal,"1-20, idle<=90",2026-08
723247544131844,3293673189,4,2026-07-30 22:00:00,1.0,0,Normal,"1-20, idle<=90",2026-08
687456555565316,3293673683,4,2026-07-30 18:30:00,1.0,0,Normal,"1-20, idle<=90",2026-08
727203434744072,3293700096,3,2026-08-01 10:00:00,-1.0,0,Normal,"1-20, idle<=90",2026-08
724136366461188,3293700843,7,2026-07-31 21:00:00,0.0,0,Normal,"1-20, idle<=90",2026-08
722676631001346,3293757013,10,2026-07-30 20:00:00,1.0,0,Normal,"1-20, idle<=90",2026-08
698251853588738,3293824014,16,2026-07-28 16:00:00,3.0,0,Normal,"1-20, idle<=90",2026-08
712673765349634,3293843504,2,2026-08-01 10:30:00,-1.0,0,Normal,"1-20, idle<=90",2026-08
716517584767234,3293855463,8,2026-07-29 19:30:00,2.0,0,Normal,"1-20, idle<=90",2026-08
712973168460032,3293931597,18,2026-08-01 15:00:00,-1.0,0,Normal,"1-20, idle<=90",2026-08
692943844354308,3293980786,6,2026-07-29 21:00:00,2.0,0,Normal,"1-20, idle<=90",2026-08
729047506284808,3293983881,6,2026-07-31 22:00:00,0.0,0,Normal,"1-20, idle<=90",2026-08
715062622744834,3294002664,12,2026-05-24 18:30:00,68.0,1,Frozen,"1-20, idle<=90",2026-08
740007764234498,3294030668,10,2026-07-30 17:00:00,1.0,0,Normal,"1-20, idle<=90",2026-08
727091654891778,3294035978,19,2026-08-01 21:30:00,-1.0,0,Normal,"1-20, idle<=90",2026-08
696706672638212,3294058913,17,2026-07-30 20:00:00,1.0,0,Normal,"1-20, idle<=90",2026-08
732598660286722,3294105299,11,2026-07-30 22:00:00,1.0,0,Normal,"1-20, idle<=90",2026-08
698996409483522,3294107646,9,2026-07-30 19:30:00,1.0,0,Normal,"1-20, idle<=90",2026-08
689763238330626,3294146056,12,2026-07-31 21:00:00,0.0,0,Normal,"1-20, idle<=90",2026-08
708907468185860,3294202481,7,2026-07-31 22:30:00,0.0,0,Normal,"1-20, idle<=90",2026-08
690816567175428,3294244282,6,2026-07-30 22:00:00,1.0,0,Normal,"1-20, idle<=90",2026-08
689105393604866,3294322330,2,2026-07-24 19:00:00,7.0,0,Normal,"1-20, idle<=90",2026-08
722878854809858,3294327271,3,2026-07-29 21:30:00,2.0,0,Normal,"1-20, idle<=90",2026-08
689054234378496,3294336416,4,2026-07-27 21:00:00,4.0,0,Normal,"1-20, idle<=90",2026-08
692089391563010,3294381596,10,2026-07-31 21:30:00,0.0,0,Normal,"1-20, idle<=90",2026-08
705689439043842,3294437895,3,2026-07-31 21:00:00,0.0,0,Normal,"1-20, idle<=90",2026-08
689283035494656,3294452420,14,2026-07-30 22:30:00,1.0,0,Normal,"1-20, idle<=90",2026-08
711731359418628,3294453270,8,2026-08-01 21:30:00,-1.0,0,Normal,"1-20, idle<=90",2026-08
691704142170370,3294460265,4,2026-08-01 11:00:00,-1.0,0,Normal,"1-20, idle<=90",2026-08
689801287567618,3294515520,20,2026-06-17 09:30:00,44.0,1,Frozen,"1-20, idle<=90",2026-08
716472403996930,3294640312,20,2026-07-31 21:00:00,0.0,0,Normal,"1-20, idle<=90",2026-08
731520142168326,3294644281,10,2026-07-31 18:30:00,0.0,0,Normal,"1-20, idle<=90",2026-08
745907658488066,3294662593,9,2026-07-29 21:30:00,2.0,0,Normal,"1-20, idle<=90",2026-08
690020354380034,3294662896,7,2026-08-01 19:30:00,-1.0,0,Normal,"1-20, idle<=90",2026-08
689797478664448,3294666980,3,2026-07-31 21:30:00,0.0,0,Normal,"1-20, idle<=90",2026-08
751900664367366,3294725757,13,2026-07-31 21:00:00,0.0,0,Normal,"1-20, idle<=90",2026-08
710107921672448,3294817896,19,2026-05-25 22:30:00,67.0,1,Frozen,"1-20, idle<=90",2026-08
712951521937666,3294828552,17,2026-06-24 19:30:00,37.0,1,Frozen,"1-20, idle<=90",2026-08
705426717495554,3294841446,6,2026-07-29 18:00:00,2.0,0,Normal,"1-20, idle<=90",2026-08
726938776058118,3294875094,7,2026-07-31 16:00:00,0.0,0,Normal,"1-20, idle<=90",2026-08
738249071200520,3294875605,12,2026-08-01 21:00:00,-1.0,0,Normal,"1-20, idle<=90",2026-08
727878735864072,3294876659,6,2026-07-30 19:30:00,1.0,0,Normal,"1-20, idle<=90",2026-08
719304737280260,3294892687,5,2026-07-19 21:00:00,12.0,0,Normal,"1-20, idle<=90",2026-08
723456850753796,3294903692,5,2026-07-30 21:30:00,1.0,0,Normal,"1-20, idle<=90",2026-08
725711494107398,3294922452,4,2026-08-01 18:30:00,-1.0,0,Normal,"1-20, idle<=90",2026-08
737012742721794,3294939178,6,2026-08-01 17:30:00,-1.0,0,Normal,"1-20, idle<=90",2026-08
691028351226114,3294958614,17,2026-07-29 18:00:00,2.0,0,Normal,"1-20, idle<=90",2026-08
738981351143688,3294959030,18,2026-07-26 15:30:00,5.0,0,Normal,"1-20, idle<=90",2026-08
737011412001026,3294998136,19,2026-07-30 22:00:00,1.0,0,Normal,"1-20, idle<=90",2026-08
692128473286916,3294999547,8,2026-07-24 17:00:00,7.0,0,Normal,"1-20, idle<=90",2026-08
725192936540418,3294999726,1,2026-07-30 15:00:00,1.0,0,Normal,"1-20, idle<=90",2026-08
692089754874112,3295000206,8,2026-07-22 16:00:00,9.0,0,Normal,"1-20, idle<=90",2026-08
721269636454660,3295002543,4,2026-07-19 09:30:00,12.0,0,Normal,"1-20, idle<=90",2026-08
691056458359040,3295025923,10,2026-08-01 17:30:00,-1.0,0,Normal,"1-20, idle<=90",2026-08
734215296876802,3295059482,17,2026-08-01 21:30:00,-1.0,0,Normal,"1-20, idle<=90",2026-08
705149164019968,3295060178,17,2026-07-29 18:30:00,2.0,0,Normal,"1-20, idle<=90",2026-08
691741089698052,3295060629,17,2026-08-01 13:00:00,-1.0,0,Normal,"1-20, idle<=90",2026-08
724847618525440,3295173467,20,2026-07-30 21:00:00,1.0,0,Normal,"1-20, idle<=90",2026-08
692075425659140,3295185782,11,2026-07-31 21:30:00,0.0,0,Normal,"1-20, idle<=90",2026-08
712947206701314,3295241961,2,2026-07-30 21:00:00,1.0,0,Normal,"1-20, idle<=90",2026-08
691700918878464,3295249139,13,2026-07-26 08:00:00,5.0,0,Normal,"1-20, idle<=90",2026-08
723423126173954,3295331359,1,2026-07-26 20:00:00,5.0,0,Normal,"1-20, idle<=90",2026-08
729408551164168,3295331438,8,2026-07-31 19:00:00,0.0,0,Normal,"1-20, idle<=90",2026-08
723939914043648,3295339578,11,2026-07-25 20:30:00,6.0,0,Normal,"1-20, idle<=90",2026-08
695786357924100,3295390732,17,2026-07-29 21:30:00,2.0,0,Normal,"1-20, idle<=90",2026-08
691753606060288,3295391951,1,2026-07-29 20:00:00,2.0,0,Normal,"1-20, idle<=90",2026-08
718105421267202,3295395220,5,2026-07-31 22:30:00,0.0,0,Normal,"1-20, idle<=90",2026-08
726793061116162,3295430097,9,2026-07-30 21:00:00,1.0,0,Normal,"1-20, idle<=90",2026-08
692128672088324,3295431501,16,2026-07-31 20:30:00,0.0,0,Normal,"1-20, idle<=90",2026-08
693128476217604,3295493317,4,2026-07-30 21:00:00,1.0,0,Normal,"1-20, idle<=90",2026-08
692852421554432,3295505098,10,2026-08-01 16:30:00,-1.0,0,Normal,"1-20, idle<=90",2026-08
693128691501312,3295514247,12,2026-07-31 21:00:00,0.0,0,Normal,"1-20, idle<=90",2026-08
715300560392448,3295622580,5,2026-07-30 21:00:00,1.0,0,Normal,"1-20, idle<=90",2026-08
694012235622656,3295626955,15,2026-08-01 11:00:00,-1.0,0,Normal,"1-20, idle<=90",2026-08
715238705303810,3295641166,6,2026-08-01 21:30:00,-1.0,0,Normal,"1-20, idle<=90",2026-08
693647219114240,3295666346,12,2026-07-30 17:00:00,1.0,0,Normal,"1-20, idle<=90",2026-08
693505328904448,3295716682,4,2026-08-01 20:30:00,-1.0,0,Normal,"1-20, idle<=90",2026-08
693335493675266,3295720097,13,2026-07-31 18:00:00,0.0,0,Normal,"1-20, idle<=90",2026-08
700725217329410,3295720178,12,2026-08-01 20:00:00,-1.0,0,Normal,"1-20, idle<=90",2026-08
724261049692418,3295720201,2,2026-07-29 09:00:00,2.0,0,Normal,"1-20, idle<=90",2026-08
721707101763840,3295732481,7,2026-07-29 20:30:00,2.0,0,Normal,"1-20, idle<=90",2026-08
693302125269250,3295795041,12,2026-07-30 16:30:00,1.0,0,Normal,"1-20, idle<=90",2026-08
694405121675524,3295818728,1,2026-08-01 21:30:00,-1.0,0,Normal,"1-20, idle<=90",2026-08
701801611944194,3295818942,19,2026-07-30 19:00:00,1.0,0,Normal,"1-20, idle<=90",2026-08
693705659070720,3295889766,9,2026-07-28 17:30:00,3.0,0,Normal,"1-20, idle<=90",2026-08
724854160761090,3295900399,13,2026-07-27 22:30:00,4.0,0,Normal,"1-20, idle<=90",2026-08
693647454099716,3295915982,5,2026-07-29 21:00:00,2.0,0,Normal,"1-20, idle<=90",2026-08
720202005768450,3295925880,5,2026-07-30 20:00:00,1.0,0,Normal,"1-20, idle<=90",2026-08
734054592479494,3295929238,19,2026-07-29 20:30:00,2.0,0,Normal,"1-20, idle<=90",2026-08
735605664198914,3295935109,18,2026-07-31 21:30:00,0.0,0,Normal,"1-20, idle<=90",2026-08
720388146114818,3295975415,5,2026-08-01 14:00:00,-1.0,0,Normal,"1-20, idle<=90",2026-08
716168814459140,3296041392,14,2026-07-17 21:00:00,14.0,0,Normal,"1-20, idle<=90",2026-08
694413607270658,3296064115,11,2026-08-01 21:30:00,-1.0,0,Normal,"1-20, idle<=90",2026-08
693866462134530,3296088928,10,2026-07-23 13:00:00,8.0,0,Normal,"1-20, idle<=90",2026-08
694730519746816,3296089580,3,2026-07-31 21:30:00,0.0,0,Normal,"1-20, idle<=90",2026-08
732581172699394,3296097371,16,2026-07-29 20:30:00,2.0,0,Normal,"1-20, idle<=90",2026-08
715983571681538,3296102739,1,2026-08-01 08:00:00,-1.0,0,Normal,"1-20, idle<=90",2026-08
722373918871808,3296113446,2,2026-07-23 12:30:00,8.0,0,Normal,"1-20, idle<=90",2026-08
694588946788612,3296115635,5,2026-08-01 14:00:00,-1.0,0,Normal,"1-20, idle<=90",2026-08
694714712664320,3296115853,8,2026-08-01 21:30:00,-1.0,0,Normal,"1-20, idle<=90",2026-08
695514260365572,3296146799,19,2026-07-30 18:30:00,1.0,0,Normal,"1-20, idle<=90",2026-08
732125177358594,3296156065,10,2026-07-30 09:30:00,1.0,0,Normal,"1-20, idle<=90",2026-08
732633440215304,3296170835,19,2026-07-14 12:00:00,17.0,0,Normal,"1-20, idle<=90",2026-08
733694990684424,3296196100,15,2026-07-31 18:30:00,0.0,0,Normal,"1-20, idle<=90",2026-08
694744125778176,3296249542,15,2026-07-30 18:00:00,1.0,0,Normal,"1-20, idle<=90",2026-08
722901526749440,3296253635,16,2026-06-09 10:30:00,52.0,1,Frozen,"1-20, idle<=90",2026-08
694717677123844,3296262065,4,2026-06-16 18:00:00,45.0,0,Normal,"1-20, idle<=90",2026-08
694576282075392,3296272198,8,2026-07-31 21:00:00,0.0,0,Normal,"1-20, idle<=90",2026-08
748528541128962,3296300077,11,2026-07-30 21:30:00,1.0,0,Normal,"1-20, idle<=90",2026-08
695663303272708,3296300610,6,2026-07-30 19:30:00,1.0,0,Normal,"1-20, idle<=90",2026-08
695101129427204,3296345667,16,2026-07-30 10:00:00,1.0,0,Normal,"1-20, idle<=90",2026-08
695286574686466,3296356426,8,2026-07-30 16:30:00,1.0,0,Normal,"1-20, idle<=90",2026-08
721265302003968,3296377323,10,2026-07-30 17:00:00,1.0,0,Normal,"1-20, idle<=90",2026-08
700567373594884,3296473131,13,2026-07-31 16:00:00,0.0,0,Normal,"1-20, idle<=90",2026-08
722494679480580,3296477279,4,2026-07-30 22:00:00,1.0,0,Normal,"1-20, idle<=90",2026-08
731965382691078,3296510673,9,2026-07-31 20:30:00,0.0,0,Normal,"1-20, idle<=90",2026-08
695818019205376,3296513506,20,2026-07-30 19:00:00,1.0,0,Normal,"1-20, idle<=90",2026-08
725915385979144,3296521225,6,2026-08-01 13:00:00,-1.0,0,Normal,"1-20, idle<=90",2026-08
697736311783684,3296552974,18,2026-07-29 21:00:00,2.0,0,Normal,"1-20, idle<=90",2026-08
720241552263424,3296558969,11,2026-07-30 20:30:00,1.0,0,Normal,"1-20, idle<=90",2026-08
695669945053444,3296599949,13,2026-08-01 20:00:00,-1.0,0,Normal,"1-20, idle<=90",2026-08
740540698499334,3296632731,14,2026-08-01 14:00:00,-1.0,0,Normal,"1-20, idle<=90",2026-08
710105058683138,3296689334,15,2026-07-31 21:00:00,0.0,0,Normal,"1-20, idle<=90",2026-08
696477114736896,3296689658,6,2026-08-01 18:00:00,-1.0,0,Normal,"1-20, idle<=90",2026-08
696706335228160,3296696253,11,2026-07-26 11:00:00,5.0,0,Normal,"1-20, idle<=90",2026-08
696175371835648,3296703179,11,2026-07-30 21:30:00,1.0,0,Normal,"1-20, idle<=90",2026-08
696133986521348,3296723967,1,2026-07-29 18:00:00,2.0,0,Normal,"1-20, idle<=90",2026-08
697064132110596,3296753868,3,2026-07-30 20:30:00,1.0,0,Normal,"1-20, idle<=90",2026-08
723264921702660,3296768626,7,2026-07-04 15:00:00,27.0,1,Frozen,"1-20, idle<=90",2026-08
745021982449928,3296768641,18,2026-07-31 21:00:00,0.0,0,Normal,"1-20, idle<=90",2026-08
716655596658946,3296890246,10,2026-08-01 21:30:00,-1.0,0,Normal,"1-20, idle<=90",2026-08
697056364931330,3296890570,8,2026-05-23 19:00:00,69.0,1,Frozen,"1-20, idle<=90",2026-08
711555354587392,3296899272,11,2026-07-29 16:00:00,2.0,0,Normal,"1-20, idle<=90",2026-08
696844787290372,3296913801,18,2026-07-31 19:00:00,0.0,0,Normal,"1-20, idle<=90",2026-08
699208698708224,3296926374,8,2026-07-31 21:00:00,0.0,0,Normal,"1-20, idle<=90",2026-08
697458138816768,3296926494,19,2026-07-29 22:00:00,2.0,0,Normal,"1-20, idle<=90",2026-08
702158613942528,3296928052,19,2026-07-30 17:00:00,1.0,0,Normal,"1-20, idle<=90",2026-08
697409599795460,3296976544,10,2026-08-01 20:30:00,-1.0,0,Normal,"1-20, idle<=90",2026-08
726433640265992,3296977669,20,2026-08-01 15:00:00,-1.0,0,Normal,"1-20, idle<=90",2026-08
698163269519620,3296980710,19,2026-08-01 18:00:00,-1.0,0,Normal,"1-20, idle<=90",2026-08
736506542057736,3297052227,20,2026-07-30 21:30:00,1.0,0,Normal,"1-20, idle<=90",2026-08
727837745389826,3297052678,11,2026-07-30 16:00:00,1.0,0,Normal,"1-20, idle<=90",2026-08
729126721947910,3297061967,9,2026-07-31 21:30:00,0.0,0,Normal,"1-20, idle<=90",2026-08
697935296254212,3297066021,12,2026-07-30 20:30:00,1.0,0,Normal,"1-20, idle<=90",2026-08
724121449394432,3297088185,10,2026-07-23 21:30:00,8.0,1,Frozen,"1-20, idle<=90",2026-08
697458296590592,3297117886,12,2026-08-01 18:00:00,-1.0,0,Normal,"1-20, idle<=90",2026-08
697944462354688,3297146717,10,2026-07-30 20:00:00,1.0,0,Normal,"1-20, idle<=90",2026-08
698511263131908,3297147262,15,2026-07-30 23:00:00,1.0,0,Normal,"1-20, idle<=90",2026-08
697725752334594,3297189512,7,2026-07-31 21:00:00,0.0,0,Normal,"1-20, idle<=90",2026-08
699728937625856,3297212322,11,2026-06-28 15:30:00,33.0,1,Frozen,"1-20, idle<=90",2026-08
732121876324610,3297308561,20,2026-07-28 17:30:00,3.0,0,Normal,"1-20, idle<=90",2026-08
698477921542404,3297379075,16,2026-07-29 19:00:00,2.0,0,Normal,"1-20, idle<=90",2026-08
698640907925764,3297417223,10,2026-08-01 18:00:00,-1.0,0,Normal,"1-20, idle<=90",2026-08
698297622905088,3297433865,10,2026-08-01 17:00:00,-1.0,0,Normal,"1-20, idle<=90",2026-08
698956194261248,3297455037,17,2026-08-01 20:30:00,-1.0,0,Normal,"1-20, idle<=90",2026-08
722533155887360,3297482947,5,2026-07-29 16:30:00,2.0,0,Normal,"1-20, idle<=90",2026-08
715610470668544,3297491677,10,2026-07-30 20:00:00,1.0,0,Normal,"1-20, idle<=90",2026-08
698288496050432,3297497209,5,2026-07-28 23:00:00,3.0,0,Normal,"1-20, idle<=90",2026-08
700115598293250,3297529483,4,2026-07-28 18:00:00,3.0,0,Normal,"1-20, idle<=90",2026-08
734041739940098,3297532297,16,2026-07-31 20:00:00,0.0,0,Normal,"1-20, idle<=90",2026-08
700593054748932,3297532349,13,2026-07-31 16:30:00,0.0,0,Normal,"1-20, idle<=90",2026-08
708917727097092,3297536790,14,2026-07-30 21:30:00,1.0,0,Normal,"1-20, idle<=90",2026-08
699133694034180,3297564454,3,2026-07-29 22:30:00,2.0,0,Normal,"1-20, idle<=90",2026-08
699175695436036,3297578128,15,2026-08-01 10:00:00,-1.0,0,Normal,"1-20, idle<=90",2026-08
702217716525314,3297594529,17,2026-07-30 16:00:00,1.0,0,Normal,"1-20, idle<=90",2026-08
728895431911686,3297594754,16,2026-08-01 21:30:00,-1.0,0,Normal,"1-20, idle<=90",2026-08
731341178945794,3297633793,12,2026-07-30 19:30:00,1.0,0,Normal,"1-20, idle<=90",2026-08
737883442657542,3297712396,1,2026-08-01 21:30:00,-1.0,0,Normal,"1-20, idle<=90",2026-08
725684802251014,3297738722,14,2026-07-29 19:30:00,2.0,0,Normal,"1-20, idle<=90",2026-08
738460761975042,3297741288,17,2026-07-27 15:00:00,4.0,0,Normal,"1-20, idle<=90",2026-08
699352290734338,3297753578,12,2026-06-05 20:00:00,56.0,1,Frozen,"1-20, idle<=90",2026-08
728167201147144,3297776700,3,2026-07-31 09:00:00,0.0,0,Normal,"1-20, idle<=90",2026-08
737719499729160,3297777438,17,2026-07-30 18:30:00,1.0,0,Normal,"1-20, idle<=90",2026-08
699401638527234,3297777439,18,2026-07-30 21:00:00,1.0,0,Normal,"1-20, idle<=90",2026-08
699720305955072,3297838188,6,2026-07-30 22:30:00,1.0,0,Normal,"1-20, idle<=90",2026-08
700587894769924,3297849271,8,2026-07-31 11:00:00,0.0,0,Normal,"1-20, idle<=90",2026-08
736506001584392,3297859327,14,2026-08-01 15:30:00,-1.0,0,Normal,"1-20, idle<=90",2026-08
736506149794054,3297859493,18,2026-08-01 15:30:00,-1.0,0,Normal,"1-20, idle<=90",2026-08
700761763766528,3297882656,10,2026-07-29 18:00:00,2.0,0,Normal,"1-20, idle<=90",2026-08
727091942748422,3297898719,7,2026-07-31 17:00:00,0.0,0,Normal,"1-20, idle<=90",2026-08
700075036569858,3297907143,13,2026-07-31 18:30:00,0.0,0,Normal,"1-20, idle<=90",2026-08
700255825989890,3297963101,17,2026-07-30 18:30:00,1.0,0,Normal,"1-20, idle<=90",2026-08
700255998519556,3297963222,17,2026-07-30 17:30:00,1.0,0,Normal,"1-20, idle<=90",2026-08
738797083197698,3297978026,15,2026-07-31 10:30:00,0.0,0,Normal,"1-20, idle<=90",2026-08
703921079023872,3297989182,8,2026-07-31 21:30:00,0.0,0,Normal,"1-20, idle<=90",2026-08
734227494955266,3297989209,13,2026-07-31 21:30:00,0.0,0,Normal,"1-20, idle<=90",2026-08
733643578808582,3298019136,16,2026-08-01 12:00:00,-1.0,0,Normal,"1-20, idle<=90",2026-08
703429903878400,3298020673,17,2026-07-28 21:00:00,3.0,0,Normal,"1-20, idle<=90",2026-08
700948275011842,3298145034,10,2026-07-29 13:00:00,2.0,0,Normal,"1-20, idle<=90",2026-08
700786625386754,3298145048,12,2026-07-30 19:30:00,1.0,0,Normal,"1-20, idle<=90",2026-08
701484961962242,3298145260,4,2026-07-30 17:00:00,1.0,0,Normal,"1-20, idle<=90",2026-08
732084802664710,3298145464,10,2026-07-31 19:00:00,0.0,0,Normal,"1-20, idle<=90",2026-08
701492060498180,3298146560,9,2026-07-30 17:00:00,1.0,0,Normal,"1-20, idle<=90",2026-08
744091727886594,3298148437,4,2026-08-01 10:00:00,-1.0,0,Normal,"1-20, idle<=90",2026-08
701437955068160,3298158410,17,2026-08-01 18:00:00,-1.0,0,Normal,"1-20, idle<=90",2026-08
724088850442498,3298189818,19,2026-07-28 18:30:00,3.0,0,Normal,"1-20, idle<=90",2026-08
734356885293314,3298202088,2,2026-07-22 21:00:00,9.0,0,Normal,"1-20, idle<=90",2026-08
701478582948098,3298214333,17,2026-07-31 18:30:00,0.0,0,Normal,"1-20, idle<=90",2026-08
752973087873282,3298220875,10,2026-08-01 21:00:00,-1.0,0,Normal,"1-20, idle<=90",2026-08
725209133633798,3298232357,5,2026-07-28 20:30:00,3.0,0,Normal,"1-20, idle<=90",2026-08
701654631053568,3298281284,13,2026-07-31 19:30:00,0.0,0,Normal,"1-20, idle<=90",2026-08
701331360495872,3298330508,5,2026-08-01 17:30:00,-1.0,0,Normal,"1-20, idle<=90",2026-08
750306040844546,3298334333,17,2026-08-01 15:30:00,-1.0,0,Normal,"1-20, idle<=90",2026-08
701608708968704,3298349387,2,2026-07-31 02:00:00,0.0,0,Normal,"1-20, idle<=90",2026-08
747853662294278,3298366047,11,2026-08-01 22:30:00,-1.0,0,Normal,"1-20, idle<=90",2026-08
734581755683080,3298395351,15,2026-08-01 08:30:00,-1.0,0,Normal,"1-20, idle<=90",2026-08
733831206482182,3298401791,16,2026-08-01 19:00:00,-1.0,0,Normal,"1-20, idle<=90",2026-08
720631692343552,3298478504,2,2026-07-16 20:30:00,15.0,0,Normal,"1-20, idle<=90",2026-08
701807071623424,3298503323,6,2026-06-25 21:00:00,36.0,1,Frozen,"1-20, idle<=90",2026-08
702336046758144,3298503851,11,2026-08-01 21:00:00,-1.0,0,Normal,"1-20, idle<=90",2026-08
705338129240324,3298506619,20,2026-07-30 17:30:00,1.0,0,Normal,"1-20, idle<=90",2026-08
723796326166788,3298507769,3,2026-07-30 17:30:00,1.0,0,Normal,"1-20, idle<=90",2026-08
702179057715458,3298516658,18,2026-08-01 11:00:00,-1.0,0,Normal,"1-20, idle<=90",2026-08
714204678488320,3298517354,2,2026-08-01 20:30:00,-1.0,0,Normal,"1-20, idle<=90",2026-08
701663510098180,3298524342,17,2026-07-19 22:00:00,12.0,0,Normal,"1-20, idle<=90",2026-08
701608843018500,3298554111,8,2026-07-31 02:30:00,0.0,0,Normal,"1-20, idle<=90",2026-08
753988338501894,3298568194,18,2026-08-01 21:00:00,-1.0,0,Normal,"1-20, idle<=90",2026-08
750494073184520,3298595773,12,2026-07-27 20:00:00,4.0,0,Normal,"1-20, idle<=90",2026-08
732122333014278,3298633697,18,2026-08-01 11:30:00,-1.0,0,Normal,"1-20, idle<=90",2026-08
706440111124740,3298634042,4,2026-07-28 19:00:00,3.0,0,Normal,"1-20, idle<=90",2026-08
733646880833800,3298635750,18,2026-07-30 16:30:00,1.0,0,Normal,"1-20, idle<=90",2026-08
702855095822592,3298696188,18,2026-08-01 16:00:00,-1.0,0,Normal,"1-20, idle<=90",2026-08
734393463030018,3298723741,14,2026-07-30 13:00:00,1.0,0,Normal,"1-20, idle<=90",2026-08
702524181549312,3298763760,12,2026-07-30 16:00:00,1.0,0,Normal,"1-20, idle<=90",2026-08
720416350667008,3298826206,3,2026-08-01 15:30:00,-1.0,0,Normal,"1-20, idle<=90",2026-08
750150688516360,3298826584,10,2026-07-31 21:00:00,0.0,0,Normal,"1-20, idle<=90",2026-08
702411092289794,3298847985,13,2026-07-30 21:00:00,1.0,0,Normal,"1-20, idle<=90",2026-08
703081145446660,3298878351,16,2026-07-30 19:00:00,1.0,0,Normal,"1-20, idle<=90",2026-08
753697146507522,3298901956,19,2026-07-30 10:00:00,1.0,0,Normal,"1-20, idle<=90",2026-08
706788014225664,3298925102,8,2026-07-31 18:00:00,0.0,0,Normal,"1-20, idle<=90",2026-08
703080919011584,3298925770,15,2026-08-01 19:00:00,-1.0,0,Normal,"1-20, idle<=90",2026-08
703253580507392,3298926008,14,2026-07-29 17:30:00,2.0,0,Normal,"1-20, idle<=90",2026-08
723046372083968,3298927389,11,2026-08-01 12:00:00,-1.0,0,Normal,"1-20, idle<=90",2026-08
724094246652164,3298945604,2,2026-07-30 19:00:00,1.0,0,Normal,"1-20, idle<=90",2026-08
703580878262530,3298987273,13,2026-08-01 14:30:00,-1.0,0,Normal,"1-20, idle<=90",2026-08
718787244632324,3298991735,2,2026-07-28 17:30:00,3.0,0,Normal,"1-20, idle<=90",2026-08
702953793515776,3299015588,18,2026-08-01 17:00:00,-1.0,0,Normal,"1-20, idle<=90",2026-08
736296856652034,3299030398,18,2026-08-01 18:30:00,-1.0,0,Normal,"1-20, idle<=90",2026-08
704140386087170,3299031700,16,2026-07-30 10:00:00,1.0,0,Normal,"1-20, idle<=90",2026-08
722385245415684,3299047723,3,2026-07-29 16:30:00,2.0,0,Normal,"1-20, idle<=90",2026-08
723748795287810,3299189351,10,2026-07-29 18:30:00,2.0,0,Normal,"1-20, idle<=90",2026-08
715779654891776,3299195205,2,2026-07-29 20:00:00,2.0,0,Normal,"1-20, idle<=90",2026-08
715271685353728,3299219018,5,2026-07-31 21:30:00,0.0,0,Normal,"1-20, idle<=90",2026-08
703922500804864,3299257042,6,2026-07-31 18:00:00,0.0,0,Normal,"1-20, idle<=90",2026-08
732106923858178,3299262618,15,2026-07-31 10:00:00,0.0,0,Normal,"1-20, idle<=90",2026-08
704535043715330,3299290063,16,2026-08-01 17:30:00,-1.0,0,Normal,"1-20, idle<=90",2026-08
706119689959684,3299299488,10,2026-06-19 21:30:00,42.0,1,Frozen,"1-20, idle<=90",2026-08
706118321797380,3299306277,20,2026-07-29 19:00:00,2.0,0,Normal,"1-20, idle<=90",2026-08
705569829785858,3299340330,16,2026-07-31 02:00:00,0.0,1,Frozen,"1-20, idle<=90",2026-08
746563348877576,3299417406,8,2026-07-30 21:00:00,1.0,0,Normal,"1-20, idle<=90",2026-08
706406263097602,3299483489,10,2026-07-28 21:30:00,3.0,0,Normal,"1-20, idle<=90",2026-08
705147943667972,3299493111,20,2026-07-31 21:00:00,0.0,0,Normal,"1-20, idle<=90",2026-08
726607418528006,3299511346,1,2026-08-01 21:30:00,-1.0,0,Normal,"1-20, idle<=90",2026-08
753653249773826,3299516440,19,2026-07-29 20:30:00,2.0,0,Normal,"1-20, idle<=90",2026-08
722546571071744,3299524479,20,2026-08-01 19:30:00,-1.0,0,Normal,"1-20, idle<=90",2026-08
754788310739208,3299555953,20,2026-07-28 13:30:00,3.0,0,Normal,"1-20, idle<=90",2026-08
737001298374918,3299559646,16,2026-07-29 21:00:00,2.0,0,Normal,"1-20, idle<=90",2026-08
706623366758656,3299561151,1,2026-05-17 23:30:00,75.0,0,Normal,"1-20, idle<=90",2026-08
714559639869700,3299717265,7,2026-07-29 22:30:00,2.0,0,Normal,"1-20, idle<=90",2026-08
705725709744386,3299736887,16,2026-07-29 18:30:00,2.0,0,Normal,"1-20, idle<=90",2026-08
739537930434824,3299767750,3,2026-07-26 17:00:00,5.0,0,Normal,"1-20, idle<=90",2026-08
720933854681344,3299808968,5,2026-07-30 17:00:00,1.0,0,Normal,"1-20, idle<=90",2026-08
737886104447238,3299827357,13,2026-07-30 18:00:00,1.0,0,Normal,"1-20, idle<=90",2026-08
732994719193346,3299855355,17,2026-08-01 17:00:00,-1.0,0,Normal,"1-20, idle<=90",2026-08
746568641726728,3299900813,10,2026-07-28 18:30:00,3.0,0,Normal,"1-20, idle<=90",2026-08
743964412733702,3299901671,2,2026-07-30 21:00:00,1.0,0,Normal,"1-20, idle<=90",2026-08
707343601572096,3299906772,18,2026-07-31 17:30:00,0.0,0,Normal,"1-20, idle<=90",2026-08
725500133396742,3299908436,3,2026-07-31 21:00:00,0.0,0,Normal,"1-20, idle<=90",2026-08
707852812882180,3299909480,15,2026-07-30 21:00:00,1.0,0,Normal,"1-20, idle<=90",2026-08
708707067365632,3299910184,6,2026-07-09 20:30:00,22.0,1,Frozen,"1-20, idle<=90",2026-08
747267756605702,3299917868,8,2026-08-01 20:30:00,-1.0,0,Normal,"1-20, idle<=90",2026-08
716893062574340,3299935506,2,2026-08-01 18:00:00,-1.0,0,Normal,"1-20, idle<=90",2026-08
728011185160450,3299938189,13,2026-07-30 14:00:00,1.0,0,Normal,"1-20, idle<=90",2026-08
743771218524424,3299940771,1,2026-07-30 20:00:00,1.0,0,Normal,"1-20, idle<=90",2026-08
712055680454914,3299955015,20,2026-07-25 22:30:00,6.0,1,Frozen,"1-20, idle<=90",2026-08
726986240628998,3300008093,9,2026-07-31 21:30:00,0.0,0,Normal,"1-20, idle<=90",2026-08
744834521569544,3300085694,13,2026-07-26 21:00:00,5.0,0,Normal,"1-20, idle<=90",2026-08
748681149788422,3300092694,12,2026-07-30 22:00:00,1.0,0,Normal,"1-20, idle<=90",2026-08
709749740572930,3300099769,3,2026-08-01 11:00:00,-1.0,0,Normal,"1-20, idle<=90",2026-08
710634934694148,3300158877,6,2026-08-01 12:00:00,-1.0,0,Normal,"1-20, idle<=90",2026-08
750279496737026,3300205659,17,2026-07-31 19:00:00,0.0,0,Normal,"1-20, idle<=90",2026-08
739334316534018,3300211609,20,2026-07-31 20:00:00,0.0,0,Normal,"1-20, idle<=90",2026-08
728422216091910,3300226955,5,2026-08-01 19:00:00,-1.0,0,Normal,"1-20, idle<=90",2026-08
724470530355460,3300273724,3,2026-07-30 21:00:00,1.0,0,Normal,"1-20, idle<=90",2026-08
748540902367496,3300296806,7,2026-07-27 17:00:00,4.0,0,Normal,"1-20, idle<=90",2026-08
723748292645120,3300320410,3,2026-07-30 20:30:00,1.0,0,Normal,"1-20, idle<=90",2026-08
727493089523970,3300360507,7,2026-07-31 21:30:00,0.0,0,Normal,"1-20, idle<=90",2026-08
720933775024386,3300378158,3,2026-07-30 17:30:00,1.0,0,Normal,"1-20, idle<=90",2026-08
737553224984834,3300378202,13,2026-07-31 17:00:00,0.0,0,Normal,"1-20, idle<=90",2026-08
720933546033410,3300404038,7,2026-07-29 21:00:00,2.0,0,Normal,"1-20, idle<=90",2026-08
747793292609794,3300404096,18,2026-07-30 21:30:00,1.0,0,Normal,"1-20, idle<=90",2026-08
726902083315976,3300427127,10,2026-07-30 22:00:00,1.0,0,Normal,"1-20, idle<=90",2026-08
726418402842882,3300431364,11,2026-07-30 22:00:00,1.0,0,Normal,"1-20, idle<=90",2026-08
714402833211648,3300492869,14,2026-07-30 22:00:00,1.0,0,Normal,"1-20, idle<=90",2026-08
732052787101954,3300545070,17,2026-07-31 10:00:00,0.0,0,Normal,"1-20, idle<=90",2026-08
716216522737920,3300545623,9,2026-06-05 17:00:00,56.0,1,Frozen,"1-20, idle<=90",2026-08
711047636564226,3300554983,17,2026-07-29 19:00:00,2.0,0,Normal,"1-20, idle<=90",2026-08
726616013054216,3300605814,5,2026-05-29 20:30:00,63.0,1,Frozen,"1-20, idle<=90",2026-08
725189538605320,3300633376,6,2026-07-31 18:30:00,0.0,0,Normal,"1-20, idle<=90",2026-08
712591141767428,3300633804,7,2026-07-29 20:30:00,2.0,0,Normal,"1-20, idle<=90",2026-08
712591233843458,3300640201,5,2026-08-01 22:00:00,-1.0,0,Normal,"1-20, idle<=90",2026-08
734911334902022,3300682996,14,2026-08-01 16:00:00,-1.0,0,Normal,"1-20, idle<=90",2026-08
709290359224578,3300683797,9,2026-07-06 21:30:00,25.0,0,Normal,"1-20, idle<=90",2026-08
710686358784256,3300738458,3,2026-08-01 18:30:00,-1.0,0,Normal,"1-20, idle<=90",2026-08
753856289704194,3300743323,16,2026-08-01 20:30:00,-1.0,0,Normal,"1-20, idle<=90",2026-08
721470275227904,3300788249,1,2026-07-31 15:00:00,0.0,0,Normal,"1-20, idle<=90",2026-08
726794450829576,3300800559,7,2026-07-29 21:30:00,2.0,0,Normal,"1-20, idle<=90",2026-08
710280967297284,3300844534,14,2026-08-01 18:30:00,-1.0,0,Normal,"1-20, idle<=90",2026-08
725002129344770,3300889786,7,2026-08-01 20:30:00,-1.0,0,Normal,"1-20, idle<=90",2026-08
716348561561856,3300890213,18,2026-05-18 20:30:00,74.0,1,Frozen,"1-20, idle<=90",2026-08
744267300626696,3300934162,2,2026-07-30 02:30:00,1.0,0,Normal,"1-20, idle<=90",2026-08
710156498077954,3300934301,6,2026-07-29 22:00:00,2.0,0,Normal,"1-20, idle<=90",2026-08
710156601794820,3300950467,9,2026-07-22 16:00:00,9.0,0,Normal,"1-20, idle<=90",2026-08
724436460310784,3300971564,6,2026-07-30 21:30:00,1.0,0,Normal,"1-20, idle<=90",2026-08
726206051350792,3300978285,6,2026-07-25 17:00:00,6.0,0,Normal,"1-20, idle<=90",2026-08
710300115853568,3300995135,1,2026-08-01 17:30:00,-1.0,0,Normal,"1-20, idle<=90",2026-08
710464297974018,3300999000,12,2026-07-11 20:30:00,20.0,1,Frozen,"1-20, idle<=90",2026-08
742671557943560,3301052235,10,2026-07-31 22:30:00,0.0,0,Normal,"1-20, idle<=90",2026-08
727638297659650,3301082698,6,2026-07-30 19:00:00,1.0,0,Normal,"1-20, idle<=90",2026-08
712256936411394,3301086366,16,2026-08-01 21:00:00,-1.0,0,Normal,"1-20, idle<=90",2026-08
740370929209602,3301100331,3,2026-08-01 21:00:00,-1.0,0,Normal,"1-20, idle<=90",2026-08
711714669207810,3301132819,14,2026-08-01 18:00:00,-1.0,0,Normal,"1-20, idle<=90",2026-08
732146134352136,3301178956,7,2026-06-23 21:00:00,38.0,1,Frozen,"1-20, idle<=90",2026-08
715857219197186,3301309986,1,2026-07-26 22:00:00,5.0,0,Normal,"1-20, idle<=90",2026-08
720403733494020,3301327386,1,2026-07-30 21:00:00,1.0,0,Normal,"1-20, idle<=90",2026-08
753463353016582,3301419363,14,2026-07-27 21:30:00,4.0,0,Normal,"1-20, idle<=90",2026-08
732095279675656,3301476250,13,2026-07-25 12:00:00,6.0,0,Normal,"1-20, idle<=90",2026-08
732834950887686,3301484627,17,2026-07-29 21:30:00,2.0,0,Normal,"1-20, idle<=90",2026-08
731220676002056,3301502092,19,2026-07-31 22:00:00,0.0,0,Normal,"1-20, idle<=90",2026-08
735593478803714,3301518107,6,2026-07-29 21:00:00,2.0,0,Normal,"1-20, idle<=90",2026-08
728717866176770,3301533457,20,2026-07-28 20:00:00,3.0,0,Normal,"1-20, idle<=90",2026-08
712428011143424,3301541582,5,2026-06-11 18:30:00,50.0,0,Normal,"1-20, idle<=90",2026-08
713333597036804,3301558932,11,2026-05-04 17:30:00,88.0,1,Frozen,"1-20, idle<=90",2026-08
716304106051844,3301587057,15,2026-07-24 22:00:00,7.0,0,Normal,"1-20, idle<=90",2026-08
713868962367748,3301601128,15,2026-06-27 16:30:00,34.0,1,Frozen,"1-20, idle<=90",2026-08
712792800538880,3301642036,4,2026-07-31 19:30:00,0.0,0,Normal,"1-20, idle<=90",2026-08
734928833810690,3301645504,19,2026-07-31 17:00:00,0.0,0,Normal,"1-20, idle<=90",2026-08
712827006357760,3301656666,3,2026-07-31 16:30:00,0.0,0,Normal,"1-20, idle<=90",2026-08
713828866560260,3301658562,2,2026-07-31 20:30:00,0.0,0,Normal,"1-20, idle<=90",2026-08
736712238399752,3301688352,3,2026-06-14 19:30:00,47.0,1,Frozen,"1-20, idle<=90",2026-08
734230313212168,3301697472,17,2026-07-30 21:30:00,1.0,0,Normal,"1-20, idle<=90",2026-08
719553154068738,3301715785,5,2026-07-31 10:00:00,0.0,0,Normal,"1-20, idle<=90",2026-08
722498528915716,3301787870,10,2026-07-30 22:30:00,1.0,0,Normal,"1-20, idle<=90",2026-08
713819574171904,3301788983,18,2026-07-31 20:00:00,0.0,0,Normal,"1-20, idle<=90",2026-08
749075175248130,3301789092,11,2026-07-30 15:00:00,1.0,0,Normal,"1-20, idle<=90",2026-08
733637724111106,3301789716,20,2026-08-01 19:30:00,-1.0,0,Normal,"1-20, idle<=90",2026-08
713292093475074,3301791931,1,2026-06-26 10:00:00,35.0,0,Normal,"1-20, idle<=90",2026-08
729408723921160,3301796747,17,2026-07-30 22:30:00,1.0,0,Normal,"1-20, idle<=90",2026-08
714351789748482,3301802778,10,2026-08-01 15:00:00,-1.0,0,Normal,"1-20, idle<=90",2026-08
727128771672322,3301847092,13,2026-07-31 21:00:00,0.0,0,Normal,"1-20, idle<=90",2026-08
713843369711876,3301849291,9,2026-06-07 20:30:00,54.0,1,Frozen,"1-20, idle<=90",2026-08
735285768155400,3301887417,18,2026-08-01 08:00:00,-1.0,0,Normal,"1-20, idle<=90",2026-08
716829968304384,3301976076,11,2026-07-31 16:30:00,0.0,0,Normal,"1-20, idle<=90",2026-08
714393478029568,3301977673,9,2026-07-31 23:30:00,0.0,0,Normal,"1-20, idle<=90",2026-08
716887924324610,3302123357,9,2026-08-01 21:00:00,-1.0,0,Normal,"1-20, idle<=90",2026-08
718084585642242,3302184296,1,2026-08-01 20:30:00,-1.0,0,Normal,"1-20, idle<=90",2026-08
714716550426880,3302230637,5,2026-07-30 20:00:00,1.0,0,Normal,"1-20, idle<=90",2026-08
718262597257472,3302249923,4,2026-07-31 11:30:00,0.0,0,Normal,"1-20, idle<=90",2026-08
718780270170368,3302283110,9,2026-06-09 17:00:00,52.0,1,Frozen,"1-20, idle<=90",2026-08
717049916229890,3302333576,7,2026-07-30 20:30:00,1.0,0,Normal,"1-20, idle<=90",2026-08
747663095349510,3302383080,7,2026-07-30 21:30:00,1.0,0,Normal,"1-20, idle<=90",2026-08
736362554216706,3302420026,14,2026-07-31 20:30:00,0.0,0,Normal,"1-20, idle<=90",2026-08
715857304961282,3302423069,5,2026-07-31 18:00:00,0.0,0,Normal,"1-20, idle<=90",2026-08
715983822268676,3302459052,7,2026-07-31 19:00:00,0.0,0,Normal,"1-20, idle<=90",2026-08
725360401436936,3302524916,17,2026-08-01 22:00:00,-1.0,0,Normal,"1-20, idle<=90",2026-08
725677149346050,3302571056,4,2026-07-30 20:00:00,1.0,0,Normal,"1-20, idle<=90",2026-08
742711687053576,3302571442,18,2026-08-01 21:30:00,-1.0,0,Normal,"1-20, idle<=90",2026-08
752394273038594,3302575244,18,2026-07-29 20:30:00,2.0,0,Normal,"1-20, idle<=90",2026-08
717552053645568,3302575548,7,2026-08-01 20:30:00,-1.0,0,Normal,"1-20, idle<=90",2026-08
716656307751168,3302610679,5,2026-07-31 20:30:00,0.0,0,Normal,"1-20, idle<=90",2026-08
716319222102276,3302613636,2,2026-07-30 20:30:00,1.0,0,Normal,"1-20, idle<=90",2026-08
717050211330304,3302615737,15,2026-08-01 10:00:00,-1.0,0,Normal,"1-20, idle<=90",2026-08
737015606372610,3302624662,2,2026-07-28 20:30:00,3.0,0,Normal,"1-20, idle<=90",2026-08
716155389245700,3302641709,5,2026-07-27 21:30:00,4.0,0,Normal,"1-20, idle<=90",2026-08
740050267773190,3302652600,6,2026-07-30 21:30:00,1.0,0,Normal,"1-20, idle<=90",2026-08
717058538391808,3302656583,3,2026-07-29 21:00:00,2.0,0,Normal,"1-20, idle<=90",2026-08
732261825921288,3302672027,16,2026-07-31 21:30:00,0.0,0,Normal,"1-20, idle<=90",2026-08
719671321774340,3302691566,1,2026-07-25 21:00:00,6.0,0,Normal,"1-20, idle<=90",2026-08
751388689623298,3302691840,10,2026-07-29 11:00:00,2.0,0,Normal,"1-20, idle<=90",2026-08
741283034841352,3302692573,4,2026-08-01 19:00:00,-1.0,0,Normal,"1-20, idle<=90",2026-08
733025808283912,3302692867,14,2026-08-01 10:00:00,-1.0,0,Normal,"1-20, idle<=90",2026-08
724652447236354,3302693177,6,2026-07-30 20:00:00,1.0,0,Normal,"1-20, idle<=90",2026-08
716893223444736,3302702345,20,2026-07-31 21:00:00,0.0,0,Normal,"1-20, idle<=90",2026-08
717097392505092,3302706046,10,2026-07-21 21:00:00,10.0,0,Normal,"1-20, idle<=90",2026-08
743742793093378,3302716458,19,2026-07-27 19:30:00,4.0,0,Normal,"1-20, idle<=90",2026-08
716478036609282,3302734376,16,2026-07-30 21:00:00,1.0,0,Normal,"1-20, idle<=90",2026-08
736999072665858,3302742657,19,2026-07-31 22:00:00,0.0,0,Normal,"1-20, idle<=90",2026-08
732580952123654,3302754826,1,2026-07-30 21:30:00,1.0,0,Normal,"1-20, idle<=90",2026-08
716655866839300,3302754927,1,2026-07-31 10:00:00,0.0,0,Normal,"1-20, idle<=90",2026-08
756121183811848,3302764183,20,2026-07-30 21:00:00,1.0,0,Normal,"1-20, idle<=90",2026-08
731926157807880,3302806567,14,2026-07-30 20:00:00,1.0,0,Normal,"1-20, idle<=90",2026-08
741667437435142,3302807341,11,2026-07-31 21:30:00,0.0,0,Normal,"1-20, idle<=90",2026-08
733644507592968,3302834970,16,2026-07-30 21:30:00,1.0,0,Normal,"1-20, idle<=90",2026-08
733132442384642,3302856226,14,2026-07-29 17:00:00,2.0,0,Normal,"1-20, idle<=90",2026-08
723939718816002,3302863491,12,2026-07-29 18:30:00,2.0,0,Normal,"1-20, idle<=90",2026-08
724090880104704,3302863696,8,2026-07-30 21:30:00,1.0,0,Normal,"1-20, idle<=90",2026-08
717009474736384,3302863764,6,2026-06-08 21:00:00,53.0,1,Frozen,"1-20, idle<=90",2026-08
732460515320072,3302899072,17,2026-07-31 22:00:00,0.0,0,Normal,"1-20, idle<=90",2026-08
722495532642562,3302912965,8,2026-07-29 20:30:00,2.0,0,Normal,"1-20, idle<=90",2026-08
740552404971778,3302949005,11,2026-07-30 20:30:00,1.0,0,Normal,"1-20, idle<=90",2026-08
737054861996294,3302955406,19,2026-07-27 17:00:00,4.0,0,Normal,"1-20, idle<=90",2026-08
717776351736064,3302975548,9,2026-07-30 20:00:00,1.0,0,Normal,"1-20, idle<=90",2026-08
718101498392836,3302993590,11,2026-05-28 22:00:00,64.0,1,Frozen,"1-20, idle<=90",2026-08
732804769896712,3302993625,2,2026-07-19 21:00:00,12.0,0,Normal,"1-20, idle<=90",2026-08
746052092358920,3303002468,7,2026-07-30 10:00:00,1.0,0,Normal,"1-20, idle<=90",2026-08
736310216055048,3303027355,16,2026-07-30 20:30:00,1.0,0,Normal,"1-20, idle<=90",2026-08
740539792302342,3303044341,8,2026-07-15 22:00:00,16.0,1,Frozen,"1-20, idle<=90",2026-08
718121900302596,3303045387,2,2026-07-07 21:30:00,24.0,0,Normal,"1-20, idle<=90",2026-08
723405151133956,3303049876,3,2026-07-31 22:30:00,0.0,0,Normal,"1-20, idle<=90",2026-08
752966519300358,3303074930,16,2026-07-31 20:30:00,0.0,0,Normal,"1-20, idle<=90",2026-08
720757270862080,3303080998,4,2026-08-01 21:00:00,-1.0,0,Normal,"1-20, idle<=90",2026-08
718950169489668,3303081025,2,2026-07-06 19:00:00,25.0,1,Frozen,"1-20, idle<=90",2026-08
722546931063040,3303081289,3,2026-07-31 18:00:00,0.0,0,Normal,"1-20, idle<=90",2026-08
717906952083716,3303089185,1,2026-07-31 20:00:00,0.0,0,Normal,"1-20, idle<=90",2026-08
724286826170628,3303139195,11,2026-07-31 19:00:00,0.0,0,Normal,"1-20, idle<=90",2026-08
724617858035972,3303142527,3,2026-07-31 17:00:00,0.0,0,Normal,"1-20, idle<=90",2026-08
740891739425032,3303142657,3,2026-07-27 17:00:00,4.0,0,Normal,"1-20, idle<=90",2026-08
738950657440002,3303142694,19,2026-07-30 20:00:00,1.0,0,Normal,"1-20, idle<=90",2026-08
737525229879560,3303158162,2,2026-07-14 18:30:00,17.0,0,Normal,"1-20, idle<=90",2026-08
719323366525184,3303164407,2,2026-07-14 11:30:00,17.0,0,Normal,"1-20, idle<=90",2026-08
728720938643714,3303164453,17,2026-07-31 19:30:00,0.0,0,Normal,"1-20, idle<=90",2026-08
732943401425158,3303166107,2,2026-07-28 08:30:00,3.0,0,Normal,"1-20, idle<=90",2026-08
718779228635392,3303168118,3,2026-07-31 21:00:00,0.0,0,Normal,"1-20, idle<=90",2026-08
719304170160388,3303217707,20,2026-08-01 22:00:00,-1.0,0,Normal,"1-20, idle<=90",2026-08
731340094789894,3303237530,7,2026-07-29 20:00:00,2.0,0,Normal,"1-20, idle<=90",2026-08
737931677915398,3303239695,4,2026-07-31 21:30:00,0.0,0,Normal,"1-20, idle<=90",2026-08
724318595436802,3303243381,8,2026-08-01 20:00:00,-1.0,0,Normal,"1-20, idle<=90",2026-08
728011693125896,3303250407,12,2026-07-29 21:00:00,2.0,0,Normal,"1-20, idle<=90",2026-08
720372881215746,3303253168,2,2026-07-30 21:00:00,1.0,0,Normal,"1-20, idle<=90",2026-08
719304565375236,3303287439,1,2026-07-30 21:00:00,1.0,0,Normal,"1-20, idle<=90",2026-08
721269366950146,3303293496,2,2026-07-31 18:00:00,0.0,0,Normal,"1-20, idle<=90",2026-08
720192915144960,3303298566,1,2026-07-30 19:30:00,1.0,0,Normal,"1-20, idle<=90",2026-08
718950374742274,3303300478,10,2026-08-01 19:30:00,-1.0,0,Normal,"1-20, idle<=90",2026-08
719304374155524,3303339756,17,2026-07-29 17:00:00,2.0,0,Normal,"1-20, idle<=90",2026-08
720749685319940,3303342903,5,2026-06-12 15:00:00,49.0,1,Frozen,"1-20, idle<=90",2026-08
749272846975234,3303366087,13,2026-07-30 20:30:00,1.0,0,Normal,"1-20, idle<=90",2026-08
744266784610568,3303409499,2,2026-07-27 10:00:00,4.0,0,Normal,"1-20, idle<=90",2026-08
719591573766402,3303420987,9,2026-07-30 21:00:00,1.0,0,Normal,"1-20, idle<=90",2026-08
718999870062848,3303426004,2,2026-08-01 21:00:00,-1.0,0,Normal,"1-20, idle<=90",2026-08
731565565677830,3303426371,20,2026-07-31 20:30:00,0.0,0,Normal,"1-20, idle<=90",2026-08
753499827669256,3303426555,16,2026-07-31 18:30:00,0.0,0,Normal,"1-20, idle<=90",2026-08
719183614605572,3303426750,2,2026-08-01 21:00:00,-1.0,0,Normal,"1-20, idle<=90",2026-08
722880771688704,3303431499,7,2026-08-01 09:30:00,-1.0,0,Normal,"1-20, idle<=90",2026-08
719670836103428,3303431966,17,2026-07-31 22:00:00,0.0,0,Normal,"1-20, idle<=90",2026-08
719660803107072,3303441307,6,2026-07-10 19:00:00,21.0,0,Normal,"1-20, idle<=90",2026-08
720402090033412,3303469219,8,2026-07-30 21:30:00,1.0,0,Normal,"1-20, idle<=90",2026-08
720050192652544,3303471071,1,2026-07-31 19:30:00,0.0,0,Normal,"1-20, idle<=90",2026-08
720201795350784,3303472230,12,2026-07-30 11:30:00,1.0,0,Normal,"1-20, idle<=90",2026-08
749033277090056,3303488588,12,2026-07-28 17:30:00,3.0,0,Normal,"1-20, idle<=90",2026-08
725944706480390,3303528467,4,2026-08-01 22:00:00,-1.0,0,Normal,"1-20, idle<=90",2026-08
723085680947460,3303535908,4,2026-07-31 21:00:00,0.0,0,Normal,"1-20, idle<=90",2026-08
720411729058050,3303561107,9,2026-06-05 20:30:00,56.0,1,Frozen,"1-20, idle<=90",2026-08
719712486473984,3303567449,15,2026-07-09 19:00:00,22.0,1,Frozen,"1-20, idle<=90",2026-08
723728336472324,3303588220,4,2026-08-01 20:00:00,-1.0,0,Normal,"1-20, idle<=90",2026-08
719482072994048,3303608928,1,2026-07-29 22:00:00,2.0,0,Normal,"1-20, idle<=90",2026-08
724082019674372,3303615507,8,2026-07-30 22:00:00,1.0,0,Normal,"1-20, idle<=90",2026-08
746065692365064,3303625189,8,2026-07-28 21:30:00,3.0,0,Normal,"1-20, idle<=90",2026-08
725945992589570,3303628781,3,2026-08-01 22:30:00,-1.0,0,Normal,"1-20, idle<=90",2026-08
720373923813634,3303660916,12,2026-07-31 21:30:00,0.0,0,Normal,"1-20, idle<=90",2026-08
720747606464772,3303664316,6,2026-07-25 17:00:00,6.0,0,Normal,"1-20, idle<=90",2026-08
720023707855108,3303680494,14,2026-08-01 21:00:00,-1.0,0,Normal,"1-20, idle<=90",2026-08
735053779644680,3303747828,20,2026-07-24 16:00:00,7.0,0,Normal,"1-20, idle<=90",2026-08
722675307946244,3303755654,12,2026-06-28 21:00:00,33.0,1,Frozen,"1-20, idle<=90",2026-08
732147874040072,3303756138,20,2026-05-26 22:00:00,66.0,1,Frozen,"1-20, idle<=90",2026-08
720730217066756,3303766471,5,2026-07-31 15:30:00,0.0,0,Normal,"1-20, idle<=90",2026-08
720723433734400,3303775240,3,2026-07-20 21:30:00,11.0,0,Normal,"1-20, idle<=90",2026-08
736290504567042,3303789366,19,2026-07-29 20:30:00,2.0,0,Normal,"1-20, idle<=90",2026-08
745000942622982,3303835667,4,2026-07-30 21:00:00,1.0,0,Normal,"1-20, idle<=90",2026-08
720723173968130,3303850844,5,2026-07-30 18:30:00,1.0,0,Normal,"1-20, idle<=90",2026-08
721436025827588,3303850896,7,2026-07-06 21:30:00,25.0,1,Frozen,"1-20, idle<=90",2026-08
721300859265282,3303872847,19,2026-07-31 21:00:00,0.0,0,Normal,"1-20, idle<=90",2026-08
732238455726342,3303874292,6,2026-07-31 19:30:00,0.0,0,Normal,"1-20, idle<=90",2026-08
720458801281280,3303879844,3,2026-08-01 12:30:00,-1.0,0,Normal,"1-20, idle<=90",2026-08
721304095127810,3303887985,3,2026-07-30 19:00:00,1.0,0,Normal,"1-20, idle<=90",2026-08
720932660949252,3303888776,8,2026-07-30 22:30:00,1.0,0,Normal,"1-20, idle<=90",2026-08
723947070128386,3303889345,12,2026-07-30 18:30:00,1.0,0,Normal,"1-20, idle<=90",2026-08
727132564564226,3303889479,13,2026-07-29 18:30:00,2.0,0,Normal,"1-20, idle<=90",2026-08
723232155273476,3303916348,3,2026-07-31 21:30:00,0.0,0,Normal,"1-20, idle<=90",2026-08
722497493848324,3303916761,6,2026-07-31 21:00:00,0.0,0,Normal,"1-20, idle<=90",2026-08
738127618701576,3303924182,8,2026-07-26 19:30:00,5.0,0,Normal,"1-20, idle<=90",2026-08
720987297511680,3303925994,19,2026-05-31 12:00:00,61.0,1,Frozen,"1-20, idle<=90",2026-08
750982242984198,3303926001,13,2026-07-29 20:00:00,2.0,0,Normal,"1-20, idle<=90",2026-08
725371389063430,3303926521,19,2026-08-01 21:30:00,-1.0,0,Normal,"1-20, idle<=90",2026-08
724528737589504,3303954829,12,2026-06-12 11:30:00,49.0,1,Frozen,"1-20, idle<=90",2026-08
738061652367618,3303964524,13,2026-07-29 12:00:00,2.0,0,Normal,"1-20, idle<=90",2026-08
723406236844288,3303964903,19,2026-06-13 10:30:00,48.0,1,Frozen,"1-20, idle<=90",2026-08
721476078328066,3303965417,5,2026-06-29 22:30:00,32.0,1,Frozen,"1-20, idle<=90",2026-08
720980952869120,3303977261,4,2026-07-30 21:30:00,1.0,0,Normal,"1-20, idle<=90",2026-08
722675854055680,3303992733,9,2026-07-06 22:00:00,25.0,1,Frozen,"1-20, idle<=90",2026-08
724475968141572,3304024156,10,2026-08-01 21:30:00,-1.0,0,Normal,"1-20, idle<=90",2026-08
722675006062848,3304025653,3,2026-08-01 18:30:00,-1.0,0,Normal,"1-20, idle<=90",2026-08
756163169507592,3304034205,19,2026-08-01 10:30:00,-1.0,0,Normal,"1-20, idle<=90",2026-08
721831472513282,3304051693,6,2026-07-31 17:30:00,0.0,0,Normal,"1-20, idle<=90",2026-08
722543905513730,3304055367,5,2026-07-29 21:00:00,2.0,0,Normal,"1-20, idle<=90",2026-08
736687656018184,3304065957,17,2026-07-29 18:00:00,2.0,0,Normal,"1-20, idle<=90",2026-08
721646033862914,3304066239,8,2026-06-05 21:00:00,56.0,1,Frozen,"1-20, idle<=90",2026-08
724346844926210,3304066767,10,2026-07-31 21:00:00,0.0,0,Normal,"1-20, idle<=90",2026-08
743593220786440,3304075088,17,2026-07-29 21:30:00,2.0,0,Normal,"1-20, idle<=90",2026-08
752255106691336,3304096325,18,2026-07-31 15:30:00,0.0,0,Normal,"1-20, idle<=90",2026-08
722673470167298,3304099144,13,2026-07-31 21:00:00,0.0,0,Normal,"1-20, idle<=90",2026-08
739547038062850,3304099176,1,2026-07-30 20:30:00,1.0,0,Normal,"1-20, idle<=90",2026-08
722553523902722,3304117442,5,2026-08-01 17:30:00,-1.0,0,Normal,"1-20, idle<=90",2026-08
752444116252936,3304124131,13,2026-07-31 18:30:00,0.0,0,Normal,"1-20, idle<=90",2026-08
722848175315204,3304125724,3,2026-07-29 21:30:00,2.0,0,Normal,"1-20, idle<=90",2026-08
725371680162050,3304129221,9,2026-07-28 22:30:00,3.0,0,Normal,"1-20, idle<=90",2026-08
731564417745160,3304138994,9,2026-07-29 21:30:00,2.0,0,Normal,"1-20, idle<=90",2026-08
739831076382984,3304150920,15,2026-08-01 11:00:00,-1.0,0,Normal,"1-20, idle<=90",2026-08
723048277879042,3304170207,9,2026-07-31 10:30:00,0.0,0,Normal,"1-20, idle<=90",2026-08
724847886063874,3304170699,1,2026-05-30 19:30:00,62.0,0,Normal,"1-20, idle<=90",2026-08
723199913918724,3304178214,1,2026-07-29 19:00:00,2.0,0,Normal,"1-20, idle<=90",2026-08
722553725980930,3304201712,5,2026-07-29 21:30:00,2.0,0,Normal,"1-20, idle<=90",2026-08
723464642584832,3304208164,1,2026-07-30 21:30:00,1.0,0,Normal,"1-20, idle<=90",2026-08
725181717080326,3304208185,2,2026-08-01 21:00:00,-1.0,0,Normal,"1-20, idle<=90",2026-08
724853476942082,3304210159,1,2026-07-22 16:00:00,9.0,0,Normal,"1-20, idle<=90",2026-08
728689278580994,3304220299,8,2026-07-31 18:30:00,0.0,0,Normal,"1-20, idle<=90",2026-08
750139951905032,3304225303,16,2026-07-18 12:00:00,13.0,0,Normal,"1-20, idle<=90",2026-08
724621064470784,3304225376,6,2026-07-31 20:30:00,0.0,0,Normal,"1-20, idle<=90",2026-08
745193668768006,3304226321,18,2026-06-08 21:00:00,53.0,1,Frozen,"1-20, idle<=90",2026-08
725166693269768,3304237269,7,2026-08-01 21:30:00,-1.0,0,Normal,"1-20, idle<=90",2026-08
741301367322882,3304251400,9,2026-08-01 16:30:00,-1.0,0,Normal,"1-20, idle<=90",2026-08
724089080969472,3304301658,3,2026-07-26 19:00:00,5.0,0,Normal,"1-20, idle<=90",2026-08
724128703275268,3304311740,1,2026-07-31 20:00:00,0.0,0,Normal,"1-20, idle<=90",2026-08
723783591516418,3304325314,3,2026-07-31 01:30:00,0.0,0,Normal,"1-20, idle<=90",2026-08
727514039939330,3304326203,3,2026-08-01 22:00:00,-1.0,0,Normal,"1-20, idle<=90",2026-08
724624808859906,3304330992,15,2026-07-30 20:30:00,1.0,0,Normal,"1-20, idle<=90",2026-08
723774321099012,3304337378,7,2026-08-01 20:30:00,-1.0,0,Normal,"1-20, idle<=90",2026-08
727093066733826,3304367061,18,2026-05-31 21:00:00,61.0,1,Frozen,"1-20, idle<=90",2026-08
723747632591104,3304385757,1,2026-07-31 20:00:00,0.0,0,Normal,"1-20, idle<=90",2026-08
722909699787008,3304386405,15,2026-07-31 20:30:00,0.0,0,Normal,"1-20, idle<=90",2026-08
746915666008326,3304390612,8,2026-07-31 22:00:00,0.0,0,Normal,"1-20, idle<=90",2026-08
737357461979400,3304409316,17,2026-07-30 20:00:00,1.0,0,Normal,"1-20, idle<=90",2026-08
724085262887172,3304425379,4,2026-07-28 21:00:00,3.0,0,Normal,"1-20, idle<=90",2026-08
724488197189890,3304443879,9,2026-07-31 19:30:00,0.0,0,Normal,"1-20, idle<=90",2026-08
749789371465990,3304461737,14,2026-07-31 19:30:00,0.0,0,Normal,"1-20, idle<=90",2026-08
731089397596418,3304469319,8,2026-07-30 21:30:00,1.0,0,Normal,"1-20, idle<=90",2026-08
748868313063686,3304484669,11,2026-07-30 20:30:00,1.0,0,Normal,"1-20, idle<=90",2026-08
724707117945092,3304500405,9,2026-07-30 21:30:00,1.0,0,Normal,"1-20, idle<=90",2026-08
725332562096392,3304508595,6,2026-08-01 17:00:00,-1.0,0,Normal,"1-20, idle<=90",2026-08
725153516882180,3304508621,13,2026-07-31 18:00:00,0.0,0,Normal,"1-20, idle<=90",2026-08
723768721301764,3304531657,2,2026-07-31 20:30:00,0.0,0,Normal,"1-20, idle<=90",2026-08
733637361213698,3304619407,13,2026-07-31 21:30:00,0.0,0,Normal,"1-20, idle<=90",2026-08
725380748568840,3304636670,6,2026-08-01 22:00:00,-1.0,0,Normal,"1-20, idle<=90",2026-08
746944503030018,3304639130,7,2026-07-31 16:30:00,0.0,0,Normal,"1-20, idle<=90",2026-08
733306411895048,3304670101,12,2026-07-30 21:00:00,1.0,0,Normal,"1-20, idle<=90",2026-08
726789510820102,3304689298,15,2026-08-01 22:00:00,-1.0,0,Normal,"1-20, idle<=90",2026-08
746597300662534,3304689881,12,2026-07-30 22:00:00,1.0,0,Normal,"1-20, idle<=90",2026-08
724281164509444,3304693972,17,2026-08-01 21:00:00,-1.0,0,Normal,"1-20, idle<=90",2026-08
724444031693060,3304701534,6,2026-07-30 19:30:00,1.0,0,Normal,"1-20, idle<=90",2026-08
724969591806208,3304701550,9,2026-08-01 20:00:00,-1.0,0,Normal,"1-20, idle<=90",2026-08
725011894601988,3304735744,1,2026-07-29 17:30:00,2.0,0,Normal,"1-20, idle<=90",2026-08
724629072486656,3304744392,3,2026-07-31 12:00:00,0.0,0,Normal,"1-20, idle<=90",2026-08
726975436693762,3304767623,6,2026-07-30 10:30:00,1.0,0,Normal,"1-20, idle<=90",2026-08
724630098981120,3304767727,3,2026-07-31 21:30:00,0.0,0,Normal,"1-20, idle<=90",2026-08
748209556879618,3304787460,11,2026-07-29 11:30:00,2.0,0,Normal,"1-20, idle<=90",2026-08
741779573244168,3304790417,2,2026-07-29 11:30:00,2.0,0,Normal,"1-20, idle<=90",2026-08
726580754983170,3304798054,6,2026-07-31 21:30:00,0.0,0,Normal,"1-20, idle<=90",2026-08
725001437372672,3304803636,2,2026-07-28 21:00:00,3.0,0,Normal,"1-20, idle<=90",2026-08
725153653541124,3304813432,16,2026-08-01 10:00:00,-1.0,0,Normal,"1-20, idle<=90",2026-08
736892283998470,3304819226,3,2026-07-31 19:30:00,0.0,0,Normal,"1-20, idle<=90",2026-08
724982160163076,3304837990,15,2026-08-01 21:00:00,-1.0,0,Normal,"1-20, idle<=90",2026-08
725012788613380,3304838060,12,2026-08-01 18:00:00,-1.0,0,Normal,"1-20, idle<=90",2026-08
725514335346946,3304857317,4,2026-07-30 19:30:00,1.0,0,Normal,"1-20, idle<=90",2026-08
725341865609478,3304857484,7,2026-07-31 21:30:00,0.0,0,Normal,"1-20, idle<=90",2026-08
725853500078338,3304869229,2,2026-07-31 18:30:00,0.0,0,Normal,"1-20, idle<=90",2026-08
726256621844744,3304873015,5,2026-07-30 20:30:00,1.0,0,Normal,"1-20, idle<=90",2026-08
724969808613632,3304892581,1,2026-08-01 11:30:00,-1.0,0,Normal,"1-20, idle<=90",2026-08
731181090863362,3304894571,12,2026-08-01 10:30:00,-1.0,0,Normal,"1-20, idle<=90",2026-08
728377709089026,3304947743,10,2026-07-29 21:00:00,2.0,0,Normal,"1-20, idle<=90",2026-08
746594200045830,3304951795,6,2026-07-30 10:00:00,1.0,0,Normal,"1-20, idle<=90",2026-08
724625745033472,3304971336,5,2026-07-28 20:30:00,3.0,0,Normal,"1-20, idle<=90",2026-08
743602900404486,3305008975,2,2026-08-01 22:00:00,-1.0,0,Normal,"1-20, idle<=90",2026-08
725853770682632,3305015821,6,2026-06-18 21:30:00,43.0,1,Frozen,"1-20, idle<=90",2026-08
724987017310464,3305022340,19,2026-05-25 21:00:00,67.0,1,Frozen,"1-20, idle<=90",2026-08
725499693478150,3305086956,2,2026-07-25 10:00:00,6.0,0,Normal,"1-20, idle<=90",2026-08
732758838280454,3305088868,18,2026-08-01 21:30:00,-1.0,0,Normal,"1-20, idle<=90",2026-08
748164703553800,3305095020,12,2026-07-26 22:00:00,5.0,0,Normal,"1-20, idle<=90",2026-08
726390842550534,3305096518,7,2026-07-31 21:30:00,0.0,0,Normal,"1-20, idle<=90",2026-08
725199971574024,3305100044,11,2026-07-29 20:30:00,2.0,0,Normal,"1-20, idle<=90",2026-08
726389512950022,3305105319,16,2026-07-31 22:00:00,0.0,0,Normal,"1-20, idle<=90",2026-08
725680928526600,3305106440,14,2026-07-28 22:00:00,3.0,0,Normal,"1-20, idle<=90",2026-08
733993325945094,3305116711,12,2026-07-29 21:00:00,2.0,0,Normal,"1-20, idle<=90",2026-08
731731971877126,3305126120,13,2026-07-31 20:30:00,0.0,0,Normal,"1-20, idle<=90",2026-08
725324996573448,3305165609,1,2026-08-01 18:00:00,-1.0,0,Normal,"1-20, idle<=90",2026-08
725677539424520,3305185554,7,2026-07-30 21:00:00,1.0,0,Normal,"1-20, idle<=90",2026-08
725153070125316,3305186427,7,2026-07-28 22:30:00,3.0,0,Normal,"1-20, idle<=90",2026-08
725710218320134,3305196392,10,2026-07-30 22:00:00,1.0,0,Normal,"1-20, idle<=90",2026-08
725514979916038,3305201206,4,2026-07-30 19:00:00,1.0,0,Normal,"1-20, idle<=90",2026-08
725711627671810,3305224218,11,2026-07-29 19:30:00,2.0,0,Normal,"1-20, idle<=90",2026-08
726568902957314,3305225513,5,2026-07-26 10:00:00,5.0,0,Normal,"1-20, idle<=90",2026-08
726901649758466,3305250650,9,2026-07-31 21:00:00,0.0,0,Normal,"1-20, idle<=90",2026-08
725908720136450,3305265646,1,2026-07-31 18:00:00,0.0,0,Normal,"1-20, idle<=90",2026-08
725676664043784,3305271351,2,2026-08-01 20:00:00,-1.0,0,Normal,"1-20, idle<=90",2026-08
725896440752392,3305302977,1,2026-07-31 21:30:00,0.0,0,Normal,"1-20, idle<=90",2026-08
726258354768136,3305325441,19,2026-07-29 20:30:00,2.0,0,Normal,"1-20, idle<=90",2026-08
726755473514760,3305340885,6,2026-08-01 20:30:00,-1.0,0,Normal,"1-20, idle<=90",2026-08
726965499193608,3305342350,18,2026-08-01 21:30:00,-1.0,0,Normal,"1-20, idle<=90",2026-08
726257643415810,3305370533,2,2026-07-31 18:00:00,0.0,0,Normal,"1-20, idle<=90",2026-08
751955942875398,3305375228,12,2026-07-26 20:30:00,5.0,0,Normal,"1-20, idle<=90",2026-08
740185862398216,3305375253,4,2026-07-31 22:00:00,0.0,0,Normal,"1-20, idle<=90",2026-08
727857559386376,3305381967,10,2026-07-30 19:30:00,1.0,0,Normal,"1-20, idle<=90",2026-08
732123631751426,3305383557,7,2026-07-30 21:00:00,1.0,0,Normal,"1-20, idle<=90",2026-08
726446732058886,3305385719,10,2026-07-31 19:00:00,0.0,0,Normal,"1-20, idle<=90",2026-08
727490250027272,3305386961,3,2026-07-29 17:00:00,2.0,0,Normal,"1-20, idle<=90",2026-08
732781097095432,3305422700,13,2026-07-31 21:00:00,0.0,0,Normal,"1-20, idle<=90",2026-08
727638071423240,3305449507,6,2026-06-29 23:30:00,32.0,1,Frozen,"1-20, idle<=90",2026-08
727671106611462,3305452079,11,2026-07-29 22:30:00,2.0,0,Normal,"1-20, idle<=90",2026-08
726257194402056,3305457881,9,2026-07-25 11:30:00,6.0,0,Normal,"1-20, idle<=90",2026-08
727002362618120,3305464856,12,2026-07-31 20:00:00,0.0,0,Normal,"1-20, idle<=90",2026-08
729446275983622,3305503426,16,2026-08-01 17:30:00,-1.0,0,Normal,"1-20, idle<=90",2026-08
734183955556616,3305518565,16,2026-08-01 12:00:00,-1.0,0,Normal,"1-20, idle<=90",2026-08
726479056228614,3305520045,17,2026-07-30 21:30:00,1.0,0,Normal,"1-20, idle<=90",2026-08
731867350376710,3305566997,17,2026-07-30 22:30:00,1.0,0,Normal,"1-20, idle<=90",2026-08
726562423644418,3305578022,12,2026-07-30 16:30:00,1.0,0,Normal,"1-20, idle<=90",2026-08
731385431957762,3305583600,5,2026-07-30 21:30:00,1.0,0,Normal,"1-20, idle<=90",2026-08
748855004115202,3305583637,14,2026-08-01 21:30:00,-1.0,0,Normal,"1-20, idle<=90",2026-08
728732315404552,3305595475,9,2026-08-01 11:00:00,-1.0,0,Normal,"1-20, idle<=90",2026-08
726258139691272,3305595871,16,2026-07-15 19:30:00,16.0,1,Frozen,"1-20, idle<=90",2026-08
727111524253954,3305646811,4,2026-07-29 21:30:00,2.0,0,Normal,"1-20, idle<=90",2026-08
726437061294338,3305666574,2,2026-08-01 18:30:00,-1.0,0,Normal,"1-20, idle<=90",2026-08
726937842370824,3305667970,1,2026-07-31 18:30:00,0.0,0,Normal,"1-20, idle<=90",2026-08
731565052489986,3305711632,11,2026-07-31 21:30:00,0.0,0,Normal,"1-20, idle<=90",2026-08
727142287646982,3305716489,1,2026-07-31 18:30:00,0.0,0,Normal,"1-20, idle<=90",2026-08
733848756199686,3305716570,6,2026-05-27 20:30:00,65.0,1,Frozen,"1-20, idle<=90",2026-08
727298608443654,3305720935,4,2026-07-30 21:30:00,1.0,0,Normal,"1-20, idle<=90",2026-08
731171209421062,3305720957,7,2026-07-30 11:30:00,1.0,0,Normal,"1-20, idle<=90",2026-08
748692569954568,3305728008,9,2026-07-31 23:00:00,0.0,0,Normal,"1-20, idle<=90",2026-08
734711793080578,3305728855,11,2026-08-01 19:30:00,-1.0,0,Normal,"1-20, idle<=90",2026-08
727452273400066,3305731396,5,2026-07-31 19:30:00,0.0,0,Normal,"1-20, idle<=90",2026-08
731514481549576,3305737319,10,2026-07-30 20:30:00,1.0,0,Normal,"1-20, idle<=90",2026-08
728721186394374,3305765237,19,2026-07-31 21:30:00,0.0,0,Normal,"1-20, idle<=90",2026-08
727677963667720,3305776560,9,2026-07-31 00:00:00,1.0,0,Normal,"1-20, idle<=90",2026-08
727492738988294,3305778285,8,2026-07-28 21:30:00,3.0,0,Normal,"1-20, idle<=90",2026-08
731694226432264,3305781205,16,2026-07-31 22:30:00,0.0,0,Normal,"1-20, idle<=90",2026-08
731868478310664,3305785772,19,2026-07-30 21:30:00,1.0,0,Normal,"1-20, idle<=90",2026-08
727484553089288,3305789019,2,2026-07-31 21:00:00,0.0,0,Normal,"1-20, idle<=90",2026-08
728172084041992,3305836941,16,2026-07-31 22:00:00,0.0,0,Normal,"1-20, idle<=90",2026-08
742483661293830,3305838971,7,2026-07-20 21:00:00,11.0,0,Normal,"1-20, idle<=90",2026-08
732262989238536,3305842072,11,2026-07-30 20:00:00,1.0,0,Normal,"1-20, idle<=90",2026-08
727666437249288,3305852021,10,2026-07-31 18:00:00,0.0,0,Normal,"1-20, idle<=90",2026-08
750305432289542,3305852120,12,2026-07-29 11:30:00,2.0,0,Normal,"1-20, idle<=90",2026-08
727464142944514,3305855661,17,2026-07-29 22:00:00,2.0,0,Normal,"1-20, idle<=90",2026-08
750143872606472,3305863666,11,2026-08-01 21:30:00,-1.0,0,Normal,"1-20, idle<=90",2026-08
740715968233736,3305872090,7,2026-08-01 21:30:00,-1.0,0,Normal,"1-20, idle<=90",2026-08
739142535946502,3305888947,19,2026-07-23 11:00:00,8.0,0,Normal,"1-20, idle<=90",2026-08
744084973406470,3305889035,9,2026-08-01 16:00:00,-1.0,0,Normal,"1-20, idle<=90",2026-08
727857709515016,3305922846,4,2026-07-29 16:00:00,2.0,0,Normal,"1-20, idle<=90",2026-08
727483428798722,3305925965,6,2026-07-29 19:00:00,2.0,0,Normal,"1-20, idle<=90",2026-08
727492086616328,3305932007,8,2026-07-29 19:00:00,2.0,0,Normal,"1-20, idle<=90",2026-08
728736103450886,3305938452,9,2026-07-31 11:30:00,0.0,0,Normal,"1-20, idle<=90",2026-08
727182108809480,3305942287,7,2026-08-01 10:00:00,-1.0,0,Normal,"1-20, idle<=90",2026-08
731382516029704,3305987470,12,2026-07-30 21:30:00,1.0,0,Normal,"1-20, idle<=90",2026-08
728546244213000,3306005047,7,2026-07-31 23:00:00,0.0,0,Normal,"1-20, idle<=90",2026-08
741647250698498,3306006685,12,2026-07-12 15:00:00,19.0,1,Frozen,"1-20, idle<=90",2026-08
728390447986950,3306033417,8,2026-07-31 15:30:00,0.0,0,Normal,"1-20, idle<=90",2026-08
731520682875138,3306044233,16,2026-07-31 21:30:00,0.0,0,Normal,"1-20, idle<=90",2026-08
728421807538438,3306057296,8,2026-07-31 15:00:00,0.0,0,Normal,"1-20, idle<=90",2026-08
747830804896002,3306059801,19,2026-07-23 22:00:00,8.0,0,Normal,"1-20, idle<=90",2026-08
748693225752834,3306074301,10,2026-07-23 21:30:00,8.0,0,Normal,"1-20, idle<=90",2026-08
728025831354630,3306105182,14,2026-07-30 11:30:00,1.0,0,Normal,"1-20, idle<=90",2026-08
729079906265346,3306105577,3,2026-07-31 21:00:00,0.0,0,Normal,"1-20, idle<=90",2026-08
745141911243016,3306113644,17,2026-07-29 17:00:00,2.0,0,Normal,"1-20, idle<=90",2026-08
728164774037766,3306142822,7,2026-07-28 20:30:00,3.0,0,Normal,"1-20, idle<=90",2026-08
728686739104008,3306170514,2,2026-08-01 10:00:00,-1.0,0,Normal,"1-20, idle<=90",2026-08
732120858202374,3306188212,19,2026-07-30 21:30:00,1.0,0,Normal,"1-20, idle<=90",2026-08
728332748017926,3306235836,6,2026-07-30 18:00:00,1.0,0,Normal,"1-20, idle<=90",2026-08
728860146610434,3306236391,4,2026-07-30 19:30:00,1.0,0,Normal,"1-20, idle<=90",2026-08
729072981979400,3306238607,8,2026-07-31 09:00:00,0.0,0,Normal,"1-20, idle<=90",2026-08
732128417947910,3306256805,15,2026-07-30 22:30:00,1.0,0,Normal,"1-20, idle<=90",2026-08
728695636769026,3306287438,10,2026-08-01 20:00:00,-1.0,0,Normal,"1-20, idle<=90",2026-08
735311478294786,3306287567,19,2026-07-30 21:00:00,1.0,0,Normal,"1-20, idle<=90",2026-08
732152896946440,3306356017,10,2026-07-31 18:30:00,0.0,0,Normal,"1-20, idle<=90",2026-08
731921264654594,3306362792,10,2026-07-30 19:00:00,1.0,0,Normal,"1-20, idle<=90",2026-08
731518587115778,3306397589,10,2026-07-30 21:30:00,1.0,0,Normal,"1-20, idle<=90",2026-08
728861141231880,3306469569,14,2026-07-04 02:30:00,27.0,1,Frozen,"1-20, idle<=90",2026-08
731353391728898,3306470801,8,2026-07-30 21:00:00,1.0,0,Normal,"1-20, idle<=90",2026-08
731356631963906,3306472706,11,2026-07-30 21:30:00,1.0,0,Normal,"1-20, idle<=90",2026-08
730190384140550,3306478561,14,2026-07-26 16:30:00,5.0,0,Normal,"1-20, idle<=90",2026-08
733694063360262,3306479652,16,2026-07-30 21:00:00,1.0,0,Normal,"1-20, idle<=90",2026-08
729222571395334,3306497900,10,2026-07-29 18:00:00,2.0,0,Normal,"1-20, idle<=90",2026-08
752271233702146,3306540272,15,2026-08-01 19:30:00,-1.0,0,Normal,"1-20, idle<=90",2026-08
729077728502022,3306544065,6,2026-07-31 18:30:00,0.0,0,Normal,"1-20, idle<=90",2026-08
732580368232712,3306552845,13,2026-07-31 18:00:00,0.0,0,Normal,"1-20, idle<=90",2026-08
731340874234118,3306562000,12,2026-08-01 16:30:00,-1.0,0,Normal,"1-20, idle<=90",2026-08
729619034710280,3306593943,6,2026-08-01 16:00:00,-1.0,0,Normal,"1-20, idle<=90",2026-08
731213089982726,3306593985,4,2026-08-01 21:30:00,-1.0,0,Normal,"1-20, idle<=90",2026-08
754930339672322,3306645460,18,2026-08-01 20:00:00,-1.0,0,Normal,"1-20, idle<=90",2026-08
731693663193346,3306654358,11,2026-07-31 18:00:00,0.0,0,Normal,"1-20, idle<=90",2026-08
731590921910534,3306677366,9,2026-07-30 21:00:00,1.0,0,Normal,"1-20, idle<=90",2026-08
731249091629320,3306706537,14,2026-07-31 21:00:00,0.0,0,Normal,"1-20, idle<=90",2026-08
731726543763718,3306716036,10,2026-07-30 17:30:00,1.0,0,Normal,"1-20, idle<=90",2026-08
731516263596296,3306740494,14,2026-07-30 18:00:00,1.0,0,Normal,"1-20, idle<=90",2026-08
731377964839176,3306743327,16,2026-07-31 21:00:00,0.0,0,Normal,"1-20, idle<=90",2026-08
732049913907464,3306757053,6,2026-08-01 18:30:00,-1.0,0,Normal,"1-20, idle<=90",2026-08
737730618962184,3306762636,2,2026-06-28 16:30:00,33.0,1,Frozen,"1-20, idle<=90",2026-08
731519139676422,3306774443,14,2026-07-31 18:30:00,0.0,0,Normal,"1-20, idle<=90",2026-08
730112344697090,3306790434,15,2026-07-30 00:00:00,2.0,0,Normal,"1-20, idle<=90",2026-08
732147511613702,3306800083,7,2026-08-01 18:00:00,-1.0,0,Normal,"1-20, idle<=90",2026-08
731701013049606,3306840141,13,2026-07-31 21:00:00,0.0,0,Normal,"1-20, idle<=90",2026-08
731341393199366,3306842323,9,2026-07-29 20:30:00,2.0,0,Normal,"1-20, idle<=90",2026-08
731922618564870,3306851703,8,2026-07-30 19:30:00,1.0,0,Normal,"1-20, idle<=90",2026-08
731393127932168,3306873334,6,2026-08-01 17:00:00,-1.0,0,Normal,"1-20, idle<=90",2026-08
744266287970568,3306873378,4,2026-07-28 21:30:00,3.0,0,Normal,"1-20, idle<=90",2026-08
732966596563202,3306906464,13,2026-07-31 20:30:00,0.0,0,Normal,"1-20, idle<=90",2026-08
731516017381634,3306940923,11,2026-07-29 18:30:00,2.0,0,Normal,"1-20, idle<=90",2026-08
731774405101826,3306940933,8,2026-07-30 19:00:00,1.0,0,Normal,"1-20, idle<=90",2026-08
731347060787462,3306972386,13,2026-08-01 21:30:00,-1.0,0,Normal,"1-20, idle<=90",2026-08
732048307319042,3306979953,3,2026-07-31 19:30:00,0.0,0,Normal,"1-20, idle<=90",2026-08
735289372588296,3306985579,2,2026-06-10 21:30:00,51.0,1,Frozen,"1-20, idle<=90",2026-08
731922921091334,3307006817,14,2026-07-13 18:00:00,18.0,0,Normal,"1-20, idle<=90",2026-08
733128808081666,3307016414,11,2026-07-29 21:30:00,2.0,0,Normal,"1-20, idle<=90",2026-08
731534661331202,3307017475,15,2026-07-30 21:00:00,1.0,0,Normal,"1-20, idle<=90",2026-08
743739842922754,3307038209,13,2026-07-30 21:00:00,1.0,0,Normal,"1-20, idle<=90",2026-08
731353584830728,3307039223,5,2026-08-01 11:00:00,-1.0,0,Normal,"1-20, idle<=90",2026-08
732412082503942,3307039718,17,2026-07-28 21:00:00,3.0,0,Normal,"1-20, idle<=90",2026-08
746910137235714,3307050216,14,2026-07-29 16:00:00,2.0,0,Normal,"1-20, idle<=90",2026-08
731390313668870,3307069828,13,2026-08-01 18:30:00,-1.0,0,Normal,"1-20, idle<=90",2026-08
731701283068168,3307089701,11,2026-07-31 20:00:00,0.0,0,Normal,"1-20, idle<=90",2026-08
731552648134918,3307098020,16,2026-07-30 21:00:00,1.0,0,Normal,"1-20, idle<=90",2026-08
732102066338056,3307105617,1,2026-08-01 12:00:00,-1.0,0,Normal,"1-20, idle<=90",2026-08
733831603276034,3307109035,16,2026-07-31 11:00:00,0.0,0,Normal,"1-20, idle<=90",2026-08
732759734761736,3307113917,10,2026-07-31 22:00:00,0.0,0,Normal,"1-20, idle<=90",2026-08
731557902145800,3307113967,7,2026-07-29 10:00:00,2.0,0,Normal,"1-20, idle<=90",2026-08
732067595499778,3307115067,12,2026-08-01 14:30:00,-1.0,0,Normal,"1-20, idle<=90",2026-08
731904965624070,3307116824,16,2026-07-16 22:00:00,15.0,0,Normal,"1-20, idle<=90",2026-08
732580791642376,3307126008,9,2026-07-30 20:30:00,1.0,0,Normal,"1-20, idle<=90",2026-08
731934062817544,3307128547,17,2026-07-17 22:30:00,14.0,0,Normal,"1-20, idle<=90",2026-08
731906663966984,3307130023,14,2026-07-26 22:00:00,5.0,0,Normal,"1-20, idle<=90",2026-08
732790373693702,3307131022,18,2026-07-30 21:30:00,1.0,0,Normal,"1-20, idle<=90",2026-08
733169559482632,3307154801,18,2026-06-18 20:30:00,43.0,1,Frozen,"1-20, idle<=90",2026-08
731925908244744,3307163355,17,2026-07-29 22:00:00,2.0,0,Normal,"1-20, idle<=90",2026-08
731904685650182,3307166466,9,2026-07-30 22:00:00,1.0,0,Normal,"1-20, idle<=90",2026-08
731868644157702,3307168445,12,2026-08-01 20:30:00,-1.0,0,Normal,"1-20, idle<=90",2026-08
733832027007240,3307169303,16,2026-07-30 21:00:00,1.0,0,Normal,"1-20, idle<=90",2026-08
732765549052162,3307174602,10,2026-07-29 22:00:00,2.0,0,Normal,"1-20, idle<=90",2026-08
732099293995270,3307181182,12,2026-08-01 09:00:00,-1.0,0,Normal,"1-20, idle<=90",2026-08
732804988600582,3307212516,10,2026-07-30 20:30:00,1.0,0,Normal,"1-20, idle<=90",2026-08
735272089594114,3307214807,20,2026-07-30 21:00:00,1.0,0,Normal,"1-20, idle<=90",2026-08
733161331755270,3307215319,9,2026-07-31 19:00:00,0.0,0,Normal,"1-20, idle<=90",2026-08
753008752308482,3307215322,19,2026-07-31 18:00:00,0.0,0,Normal,"1-20, idle<=90",2026-08
733890789277960,3307216785,11,2026-07-31 22:30:00,0.0,0,Normal,"1-20, idle<=90",2026-08
732460246354182,3307218686,11,2026-07-30 21:00:00,1.0,0,Normal,"1-20, idle<=90",2026-08
733653588752646,3307230940,14,2026-08-01 18:00:00,-1.0,0,Normal,"1-20, idle<=90",2026-08
737422282725638,3307232031,13,2026-08-01 17:00:00,-1.0,0,Normal,"1-20, idle<=90",2026-08
732048097736966,3307232140,1,2026-07-30 21:30:00,1.0,0,Normal,"1-20, idle<=90",2026-08
735962459146498,3307237949,20,2026-07-30 17:30:00,1.0,0,Normal,"1-20, idle<=90",2026-08
732804151539976,3307260592,12,2026-07-27 20:30:00,4.0,0,Normal,"1-20, idle<=90",2026-08
746918887774472,3307280243,6,2026-07-30 21:30:00,1.0,0,Normal,"1-20, idle<=90",2026-08
732106795217160,3307283461,8,2026-07-30 19:30:00,1.0,0,Normal,"1-20, idle<=90",2026-08
732483719061762,3307287823,15,2026-07-31 20:00:00,0.0,0,Normal,"1-20, idle<=90",2026-08
733647407870210,3307305760,11,2026-07-31 18:00:00,0.0,0,Normal,"1-20, idle<=90",2026-08
732120638017798,3307305951,14,2026-07-31 20:30:00,0.0,0,Normal,"1-20, idle<=90",2026-08
734882846218502,3307314378,18,2026-07-31 22:00:00,0.0,0,Normal,"1-20, idle<=90",2026-08
750662896998662,3307318200,15,2026-07-30 11:00:00,1.0,0,Normal,"1-20, idle<=90",2026-08
732081587456258,3307322455,17,2026-07-30 20:00:00,1.0,0,Normal,"1-20, idle<=90",2026-08
732764944779522,3307341507,15,2026-07-30 17:30:00,1.0,0,Normal,"1-20, idle<=90",2026-08
732933037306114,3307345268,13,2026-07-30 22:00:00,1.0,0,Normal,"1-20, idle<=90",2026-08
748730134124802,3307376955,10,2026-08-01 20:30:00,-1.0,0,Normal,"1-20, idle<=90",2026-08
743609622128904,3307379738,3,2026-07-30 18:30:00,1.0,0,Normal,"1-20, idle<=90",2026-08
732587459555592,3307382773,16,2026-07-29 19:30:00,2.0,0,Normal,"1-20, idle<=90",2026-08
746797502048518,3307389514,8,2026-07-31 21:30:00,0.0,0,Normal,"1-20, idle<=90",2026-08
732950881810694,3307395439,15,2026-07-30 22:00:00,1.0,0,Normal,"1-20, idle<=90",2026-08
734178685481222,3307403644,19,2026-07-30 21:30:00,1.0,0,Normal,"1-20, idle<=90",2026-08
742698618757378,3307422443,17,2026-07-29 20:30:00,2.0,0,Normal,"1-20, idle<=90",2026-08
733997621694726,3307430132,13,2026-07-30 21:00:00,1.0,0,Normal,"1-20, idle<=90",2026-08
732946180608264,3307434567,8,2026-07-29 16:00:00,2.0,0,Normal,"1-20, idle<=90",2026-08
732817582027010,3307443002,6,2026-07-31 21:30:00,0.0,0,Normal,"1-20, idle<=90",2026-08
733643853367558,3307446251,13,2026-07-30 19:30:00,1.0,0,Normal,"1-20, idle<=90",2026-08
733316632553730,3307456070,3,2026-08-01 21:00:00,-1.0,0,Normal,"1-20, idle<=90",2026-08
733997453695234,3307463114,14,2026-07-31 22:00:00,0.0,0,Normal,"1-20, idle<=90",2026-08
733644317552902,3307464577,17,2026-08-01 21:00:00,-1.0,0,Normal,"1-20, idle<=90",2026-08
758446172979458,3307472680,9,2026-08-01 16:00:00,-1.0,0,Normal,"1-20, idle<=90",2026-08
733168840984834,3307479761,17,2026-07-30 09:00:00,1.0,0,Normal,"1-20, idle<=90",2026-08
734233685238018,3307480761,13,2026-07-31 10:30:00,0.0,0,Normal,"1-20, idle<=90",2026-08
733830627121416,3307482734,13,2026-07-30 22:00:00,1.0,0,Normal,"1-20, idle<=90",2026-08
733025962021126,3307486283,20,2026-07-29 19:00:00,2.0,0,Normal,"1-20, idle<=90",2026-08
732616318576904,3307494782,3,2026-08-01 19:30:00,-1.0,0,Normal,"1-20, idle<=90",2026-08
733996475533574,3307496676,17,2026-07-31 21:00:00,0.0,0,Normal,"1-20, idle<=90",2026-08
733872856310018,3307534016,19,2026-08-01 22:00:00,-1.0,0,Normal,"1-20, idle<=90",2026-08
733814131384578,3307534877,14,2026-07-31 21:30:00,0.0,0,Normal,"1-20, idle<=90",2026-08
733316840368386,3307545894,11,2026-07-28 21:00:00,3.0,0,Normal,"1-20, idle<=90",2026-08
733643105431810,3307546674,16,2026-08-01 09:30:00,-1.0,0,Normal,"1-20, idle<=90",2026-08
732966035296520,3307547836,7,2026-07-28 10:00:00,3.0,0,Normal,"1-20, idle<=90",2026-08
733152293697800,3307551406,18,2026-08-01 21:00:00,-1.0,0,Normal,"1-20, idle<=90",2026-08
736708729559298,3307573082,17,2026-07-30 21:00:00,1.0,0,Normal,"1-20, idle<=90",2026-08
733656383258886,3307573307,11,2026-07-31 21:00:00,0.0,0,Normal,"1-20, idle<=90",2026-08
733646644994310,3307585895,2,2026-07-29 21:00:00,2.0,0,Normal,"1-20, idle<=90",2026-08
750663117375752,3307589940,14,2026-07-29 15:00:00,2.0,0,Normal,"1-20, idle<=90",2026-08
733108155386114,3307592593,2,2026-07-30 21:30:00,1.0,0,Normal,"1-20, idle<=90",2026-08
733996805984518,3307600687,13,2026-07-29 20:00:00,2.0,0,Normal,"1-20, idle<=90",2026-08
735409204371718,3307610742,15,2026-07-31 19:00:00,0.0,0,Normal,"1-20, idle<=90",2026-08
733642239056136,3307614840,18,2026-07-30 19:00:00,1.0,0,Normal,"1-20, idle<=90",2026-08
733995480029446,3307628769,19,2026-07-30 20:30:00,1.0,0,Normal,"1-20, idle<=90",2026-08
733637542052098,3307640270,9,2026-07-30 12:00:00,1.0,0,Normal,"1-20, idle<=90",2026-08
734353218859266,3307640866,5,2026-07-31 18:30:00,0.0,0,Normal,"1-20, idle<=90",2026-08
733997834150152,3307642181,13,2026-07-26 10:00:00,5.0,0,Normal,"1-20, idle<=90",2026-08
733659200672002,3307683649,13,2026-08-01 19:00:00,-1.0,0,Normal,"1-20, idle<=90",2026-08
735052334393608,3307688820,16,2026-08-01 22:00:00,-1.0,0,Normal,"1-20, idle<=90",2026-08
734385871524098,3307693536,20,2026-07-30 21:30:00,1.0,0,Normal,"1-20, idle<=90",2026-08
733496482189576,3307695819,2,2026-07-31 20:00:00,0.0,0,Normal,"1-20, idle<=90",2026-08
754512215857410,3307703078,19,2026-07-29 20:00:00,2.0,0,Normal,"1-20, idle<=90",2026-08
734613503357192,3307705707,14,2026-07-31 21:00:00,0.0,0,Normal,"1-20, idle<=90",2026-08
735770080065798,3307729719,16,2026-07-30 21:30:00,1.0,0,Normal,"1-20, idle<=90",2026-08
733902508869896,3307749728,13,2026-07-29 21:30:00,2.0,0,Normal,"1-20, idle<=90",2026-08
750151309639942,3307764556,14,2026-07-31 14:30:00,0.0,0,Normal,"1-20, idle<=90",2026-08
735131765451014,3307772791,19,2026-07-31 12:30:00,0.0,0,Normal,"1-20, idle<=90",2026-08
748153096536326,3307778687,10,2026-07-29 21:00:00,2.0,0,Normal,"1-20, idle<=90",2026-08
734362832949510,3307812127,14,2026-07-31 19:00:00,0.0,0,Normal,"1-20, idle<=90",2026-08
734208557263112,3307820525,17,2026-07-28 20:00:00,3.0,0,Normal,"1-20, idle<=90",2026-08
734895235977474,3307831234,16,2026-07-31 21:30:00,0.0,0,Normal,"1-20, idle<=90",2026-08
734347388506374,3307834921,12,2026-08-01 21:00:00,-1.0,0,Normal,"1-20, idle<=90",2026-08
733882352052482,3307835373,10,2026-07-31 21:30:00,0.0,0,Normal,"1-20, idle<=90",2026-08
734071062939910,3307835988,18,2026-07-30 18:30:00,1.0,0,Normal,"1-20, idle<=90",2026-08
734785982601480,3307837265,20,2026-07-28 18:00:00,3.0,0,Normal,"1-20, idle<=90",2026-08
743594375979266,3308436856,2,2026-07-29 21:30:00,2.0,0,Normal,"1-20, idle<=90",2026-08
733833575807234,3308442479,16,2026-07-30 20:00:00,1.0,0,Normal,"1-20, idle<=90",2026-08
750994365974786,3308444081,14,2026-07-31 21:30:00,0.0,0,Normal,"1-20, idle<=90",2026-08
734170881702152,3308459102,15,2026-07-31 11:30:00,0.0,0,Normal,"1-20, idle<=90",2026-08
734232580393218,3308461093,13,2026-07-31 20:00:00,0.0,0,Normal,"1-20, idle<=90",2026-08
734927235682566,3308496868,13,2026-07-31 20:30:00,0.0,0,Normal,"1-20, idle<=90",2026-08
734940659761416,3308497919,15,2026-07-29 22:00:00,2.0,0,Normal,"1-20, idle<=90",2026-08
734442387976450,3308502093,13,2026-07-29 12:00:00,2.0,0,Normal,"1-20, idle<=90",2026-08
734541300953346,3308512107,9,2026-07-31 19:30:00,0.0,0,Normal,"1-20, idle<=90",2026-08
747663282770182,3308517227,5,2026-07-31 20:30:00,0.0,0,Normal,"1-20, idle<=90",2026-08
736360691597570,3308521547,19,2026-07-30 21:30:00,1.0,0,Normal,"1-20, idle<=90",2026-08
734405112434952,3308577476,15,2026-08-01 20:00:00,-1.0,0,Normal,"1-20, idle<=90",2026-08
734941220038918,3308577629,17,2026-07-31 20:00:00,0.0,0,Normal,"1-20, idle<=90",2026-08
749989628956934,3308578104,11,2026-07-31 21:00:00,0.0,0,Normal,"1-20, idle<=90",2026-08
739354980272390,3308587065,19,2026-07-29 17:00:00,2.0,0,Normal,"1-20, idle<=90",2026-08
734906500380936,3308594662,20,2026-07-30 22:00:00,1.0,0,Normal,"1-20, idle<=90",2026-08
734878992920838,3308614312,18,2026-07-29 21:00:00,2.0,0,Normal,"1-20, idle<=90",2026-08
735591917605126,3308641822,19,2026-07-30 20:30:00,1.0,0,Normal,"1-20, idle<=90",2026-08
734354516424968,3308643794,6,2026-07-31 19:00:00,0.0,0,Normal,"1-20, idle<=90",2026-08
735102172285190,3308643997,1,2026-08-01 18:00:00,-1.0,0,Normal,"1-20, idle<=90",2026-08
734613336897800,3308644532,20,2026-08-01 10:30:00,-1.0,0,Normal,"1-20, idle<=90",2026-08
735106927442184,3308644666,2,2026-06-12 20:30:00,49.0,1,Frozen,"1-20, idle<=90",2026-08
735414922230022,3308645332,16,2026-08-01 22:30:00,-1.0,0,Normal,"1-20, idle<=90",2026-08
752443751377154,3308658986,17,2026-07-31 21:00:00,0.0,0,Normal,"1-20, idle<=90",2026-08
736657327556872,3308700085,18,2026-07-30 18:00:00,1.0,0,Normal,"1-20, idle<=90",2026-08
736642547206406,3308700243,17,2026-08-01 15:30:00,-1.0,0,Normal,"1-20, idle<=90",2026-08
735286382213382,3308702204,17,2026-07-28 20:30:00,3.0,0,Normal,"1-20, idle<=90",2026-08
735647774257416,3308707419,18,2026-07-30 21:00:00,1.0,0,Normal,"1-20, idle<=90",2026-08
734939993979138,3308713066,19,2026-08-01 21:00:00,-1.0,0,Normal,"1-20, idle<=90",2026-08
735306174298370,3308713271,13,2026-08-01 17:30:00,-1.0,0,Normal,"1-20, idle<=90",2026-08
752790967476482,3308728072,15,2026-07-30 20:30:00,1.0,0,Normal,"1-20, idle<=90",2026-08
741457517848834,3308728135,19,2026-05-12 21:00:00,80.0,1,Frozen,"1-20, idle<=90",2026-08
735453776685314,3308759846,16,2026-08-01 16:00:00,-1.0,0,Normal,"1-20, idle<=90",2026-08
735818790283522,3308805751,17,2026-08-01 10:30:00,-1.0,0,Normal,"1-20, idle<=90",2026-08
736345399185670,3308805776,14,2026-08-01 20:00:00,-1.0,0,Normal,"1-20, idle<=90",2026-08
736120433473800,3308811476,18,2026-07-29 17:00:00,2.0,0,Normal,"1-20, idle<=90",2026-08
736031041104134,3308815783,20,2026-07-30 21:00:00,1.0,0,Normal,"1-20, idle<=90",2026-08
735423983599878,3308871072,19,2026-07-31 21:30:00,0.0,0,Normal,"1-20, idle<=90",2026-08
736359718457608,3308873921,10,2026-07-30 14:30:00,1.0,0,Normal,"1-20, idle<=90",2026-08
736705186629890,3308875037,17,2026-07-31 20:00:00,0.0,0,Normal,"1-20, idle<=90",2026-08
735424244769032,3308876070,19,2026-07-31 21:00:00,0.0,0,Normal,"1-20, idle<=90",2026-08
736643692701958,3308916729,14,2026-07-31 16:30:00,0.0,0,Normal,"1-20, idle<=90",2026-08
740255650992392,3308922451,20,2026-08-01 12:00:00,-1.0,0,Normal,"1-20, idle<=90",2026-08
743605186760962,3308924920,1,2026-07-28 21:30:00,3.0,0,Normal,"1-20, idle<=90",2026-08
746567591008520,3308927957,17,2026-08-01 20:30:00,-1.0,0,Normal,"1-20, idle<=90",2026-08
736182098198792,3308935173,20,2026-07-30 21:00:00,1.0,0,Normal,"1-20, idle<=90",2026-08
753521741957382,3308941021,18,2026-07-30 12:00:00,1.0,0,Normal,"1-20, idle<=90",2026-08
736819327713542,3308944888,3,2026-07-29 22:30:00,2.0,0,Normal,"1-20, idle<=90",2026-08
735293798039814,3308945007,7,2026-06-05 21:00:00,56.0,1,Frozen,"1-20, idle<=90",2026-08
735649391857928,3308950038,20,2026-07-18 21:30:00,13.0,0,Normal,"1-20, idle<=90",2026-08
753822458044674,3308983157,17,2026-07-30 12:00:00,1.0,0,Normal,"1-20, idle<=90",2026-08
735622548435202,3308987403,10,2026-08-01 20:30:00,-1.0,0,Normal,"1-20, idle<=90",2026-08
738103548651778,3309001182,7,2026-07-31 18:00:00,0.0,0,Normal,"1-20, idle<=90",2026-08
735824652144904,3309008819,20,2026-07-30 19:30:00,1.0,0,Normal,"1-20, idle<=90",2026-08
751561073154310,3309025116,20,2026-07-30 21:00:00,1.0,0,Normal,"1-20, idle<=90",2026-08
736336323819778,3309047442,19,2026-07-30 18:00:00,1.0,0,Normal,"1-20, idle<=90",2026-08
736162902266114,3309048583,1,2026-08-01 00:00:00,0.0,0,Normal,"1-20, idle<=90",2026-08
736181725282568,3309064549,15,2026-08-01 19:30:00,-1.0,0,Normal,"1-20, idle<=90",2026-08
736285029445896,3309083892,17,2026-07-31 10:00:00,0.0,0,Normal,"1-20, idle<=90",2026-08
736472555858184,3309089011,19,2026-05-23 21:00:00,69.0,1,Frozen,"1-20, idle<=90",2026-08
746435003769094,3309104035,7,2026-08-01 20:00:00,-1.0,0,Normal,"1-20, idle<=90",2026-08
737076706949378,3309112230,19,2026-08-01 21:00:00,-1.0,0,Normal,"1-20, idle<=90",2026-08
737395916497158,3309120790,13,2026-07-30 21:00:00,1.0,0,Normal,"1-20, idle<=90",2026-08
736883563575560,3309143391,20,2026-07-29 21:30:00,2.0,0,Normal,"1-20, idle<=90",2026-08
737886825117960,3309146195,19,2026-07-31 20:30:00,0.0,0,Normal,"1-20, idle<=90",2026-08
737363600978178,3309150475,15,2026-07-30 11:00:00,1.0,0,Normal,"1-20, idle<=90",2026-08
736866020729094,3309170932,17,2026-07-29 21:00:00,2.0,0,Normal,"1-20, idle<=90",2026-08
753989099692296,3309173656,16,2026-07-31 21:30:00,0.0,0,Normal,"1-20, idle<=90",2026-08
746776921155848,3309177759,5,2026-08-01 11:30:00,-1.0,0,Normal,"1-20, idle<=90",2026-08
737255352604934,3309182505,18,2026-07-31 10:30:00,0.0,0,Normal,"1-20, idle<=90",2026-08
753184076335362,3309193204,17,2026-08-01 21:00:00,-1.0,0,Normal,"1-20, idle<=90",2026-08
748732351707398,3309200619,5,2026-07-27 20:00:00,4.0,0,Normal,"1-20, idle<=90",2026-08
736480203305222,3309200904,18,2026-07-30 19:00:00,1.0,0,Normal,"1-20, idle<=90",2026-08
736710786588936,3309226516,18,2026-07-31 22:00:00,0.0,0,Normal,"1-20, idle<=90",2026-08
736665445163270,3309245737,16,2026-08-01 22:00:00,-1.0,0,Normal,"1-20, idle<=90",2026-08
736339150795010,3309246126,20,2026-07-31 10:30:00,0.0,0,Normal,"1-20, idle<=90",2026-08
752582435672328,3309246844,13,2026-08-01 21:00:00,-1.0,0,Normal,"1-20, idle<=90",2026-08
736525145895170,3309265215,18,2026-07-30 21:00:00,1.0,0,Normal,"1-20, idle<=90",2026-08
745386216667398,3309271098,5,2026-07-28 21:30:00,3.0,0,Normal,"1-20, idle<=90",2026-08
737000821750022,3309281200,20,2026-07-30 20:00:00,1.0,0,Normal,"1-20, idle<=90",2026-08
737567345176834,3309285127,18,2026-07-29 20:30:00,2.0,0,Normal,"1-20, idle<=90",2026-08
737395624444162,3309295065,8,2026-07-29 21:00:00,2.0,0,Normal,"1-20, idle<=90",2026-08
754384801097990,3309325583,20,2026-07-29 19:30:00,2.0,0,Normal,"1-20, idle<=90",2026-08
736826772424962,3309336140,19,2026-07-30 20:00:00,1.0,0,Normal,"1-20, idle<=90",2026-08
738833083586822,3309339948,20,2026-07-30 21:00:00,1.0,0,Normal,"1-20, idle<=90",2026-08
737748404842754,3309362350,20,2026-07-31 21:30:00,0.0,0,Normal,"1-20, idle<=90",2026-08
748537195127042,3309366478,10,2026-07-30 10:30:00,1.0,0,Normal,"1-20, idle<=90",2026-08
754219056767240,3309379214,18,2026-07-30 20:30:00,1.0,0,Normal,"1-20, idle<=90",2026-08
737929053606150,3309397312,19,2026-07-31 11:30:00,0.0,0,Normal,"1-20, idle<=90",2026-08
738631594303746,3309398908,1,2026-07-31 20:30:00,0.0,0,Normal,"1-20, idle<=90",2026-08
739533189726466,3309433588,13,2026-07-30 21:00:00,1.0,0,Normal,"1-20, idle<=90",2026-08
738075832082694,3309452282,3,2026-06-23 18:00:00,38.0,0,Normal,"1-20, idle<=90",2026-08
737719951005958,3309474291,19,2026-07-29 20:30:00,2.0,0,Normal,"1-20, idle<=90",2026-08
737955062147334,3309484497,14,2026-08-01 09:00:00,-1.0,0,Normal,"1-20, idle<=90",2026-08
738598052911368,3309500628,13,2026-07-31 20:00:00,0.0,0,Normal,"1-20, idle<=90",2026-08
737892872364296,3309518193,19,2026-08-01 10:30:00,-1.0,0,Normal,"1-20, idle<=90",2026-08
746062358941958,3309572163,4,2026-07-29 21:30:00,2.0,0,Normal,"1-20, idle<=90",2026-08
737721702379778,3309593345,16,2026-07-30 16:00:00,1.0,0,Normal,"1-20, idle<=90",2026-08
737928998095106,3309604130,8,2026-07-27 20:00:00,4.0,0,Normal,"1-20, idle<=90",2026-08
739012517628166,3309605455,1,2026-07-31 21:00:00,0.0,0,Normal,"1-20, idle<=90",2026-08
739309905172744,3309606738,20,2026-07-31 17:30:00,0.0,0,Normal,"1-20, idle<=90",2026-08
743915007881480,3309622799,2,2026-07-30 22:00:00,1.0,0,Normal,"1-20, idle<=90",2026-08
746785211232514,3309625545,8,2026-07-30 16:30:00,1.0,0,Normal,"1-20, idle<=90",2026-08
751334513910018,3309651738,12,2026-08-01 20:30:00,-1.0,0,Normal,"1-20, idle<=90",2026-08
738610763116806,3309706317,20,2026-08-01 20:00:00,-1.0,0,Normal,"1-20, idle<=90",2026-08
742707460430082,3309725172,2,2026-07-30 17:30:00,1.0,0,Normal,"1-20, idle<=90",2026-08
739363148710146,3309760326,15,2026-07-31 22:00:00,0.0,0,Normal,"1-20, idle<=90",2026-08
739144428130562,3309777960,18,2026-08-01 17:00:00,-1.0,0,Normal,"1-20, idle<=90",2026-08
739885236195592,3309779201,16,2026-07-31 21:00:00,0.0,0,Normal,"1-20, idle<=90",2026-08
739006056139016,3309821250,2,2026-07-30 19:30:00,1.0,0,Normal,"1-20, idle<=90",2026-08
739167193925896,3309832195,20,2026-07-31 22:30:00,0.0,0,Normal,"1-20, idle<=90",2026-08
745358968738054,3309832215,5,2026-07-30 12:30:00,1.0,0,Normal,"1-20, idle<=90",2026-08
743734692753672,3309865733,2,2026-07-31 12:30:00,0.0,0,Normal,"1-20, idle<=90",2026-08
743572689674498,3309877523,17,2026-06-04 11:00:00,57.0,1,Frozen,"1-20, idle<=90",2026-08
738843827130632,3309883749,14,2026-07-29 21:00:00,2.0,0,Normal,"1-20, idle<=90",2026-08
746038243512582,3309886077,7,2026-08-01 15:00:00,-1.0,0,Normal,"1-20, idle<=90",2026-08
754036814639366,3309886826,14,2026-07-30 18:00:00,1.0,0,Normal,"1-20, idle<=90",2026-08
753323716935944,3309898320,17,2026-07-31 22:30:00,0.0,0,Normal,"1-20, idle<=90",2026-08
739538071990536,3309963787,16,2026-07-29 16:30:00,2.0,0,Normal,"1-20, idle<=90",2026-08
741127573455110,3309965922,1,2026-08-01 22:00:00,-1.0,0,Normal,"1-20, idle<=90",2026-08
740363730360582,3309980117,2,2026-07-30 20:30:00,1.0,0,Normal,"1-20, idle<=90",2026-08
739303921432840,3309998986,19,2026-07-31 11:30:00,0.0,0,Normal,"1-20, idle<=90",2026-08
740413539692802,3310053845,19,2026-08-01 21:00:00,-1.0,0,Normal,"1-20, idle<=90",2026-08
743193650266376,3310073388,15,2026-07-31 19:00:00,0.0,0,Normal,"1-20, idle<=90",2026-08
740938522353928,3310122402,19,2026-05-21 21:30:00,71.0,1,Frozen,"1-20, idle<=90",2026-08
749268729678082,3310127653,9,2026-08-01 20:00:00,-1.0,0,Normal,"1-20, idle<=90",2026-08
753853285650694,3310148157,16,2026-07-30 10:30:00,1.0,0,Normal,"1-20, idle<=90",2026-08
741285297504514,3310191634,12,2026-07-29 20:00:00,2.0,0,Normal,"1-20, idle<=90",2026-08
749036906676482,3310292319,7,2026-07-22 20:30:00,9.0,0,Normal,"1-20, idle<=90",2026-08
743585659353350,3310387792,20,2026-07-31 20:30:00,0.0,0,Normal,"1-20, idle<=90",2026-08
741838671702278,3310471906,10,2026-08-01 16:30:00,-1.0,0,Normal,"1-20, idle<=90",2026-08
742020865456386,3310472143,3,2026-07-29 19:00:00,2.0,0,Normal,"1-20, idle<=90",2026-08
743907437433096,3310493741,1,2026-07-30 21:00:00,1.0,0,Normal,"1-20, idle<=90",2026-08
741638681340168,3310515386,19,2026-07-31 20:30:00,0.0,0,Normal,"1-20, idle<=90",2026-08
749605853100290,3310584014,12,2026-07-31 14:00:00,0.0,0,Normal,"1-20, idle<=90",2026-08
742696444377350,3310597523,14,2026-05-10 18:00:00,82.0,1,Frozen,"1-20, idle<=90",2026-08
743018806929672,3310598246,17,2026-07-31 18:00:00,0.0,0,Normal,"1-20, idle<=90",2026-08
743919817101574,3310632191,4,2026-07-31 17:00:00,0.0,0,Normal,"1-20, idle<=90",2026-08
745721491910920,3310653692,4,2026-07-29 22:00:00,2.0,0,Normal,"1-20, idle<=90",2026-08
742544169834754,3310704180,1,2026-07-20 20:30:00,11.0,0,Normal,"1-20, idle<=90",2026-08
742700403511558,3310710260,17,2026-07-31 20:30:00,0.0,0,Normal,"1-20, idle<=90",2026-08
742773367877894,3310847221,1,2026-07-29 21:00:00,2.0,0,Normal,"1-20, idle<=90",2026-08
754699576287490,3310874670,18,2026-07-30 21:00:00,1.0,0,Normal,"1-20, idle<=90",2026-08
745864141070600,3310874718,2,2026-07-29 21:00:00,2.0,0,Normal,"1-20, idle<=90",2026-08
746024662323464,3310924924,8,2026-08-01 20:30:00,-1.0,0,Normal,"1-20, idle<=90",2026-08
744854958098690,3310952014,6,2026-08-01 10:00:00,-1.0,0,Normal,"1-20, idle<=90",2026-08
748694864998664,3311022904,12,2026-07-29 21:00:00,2.0,0,Normal,"1-20, idle<=90",2026-08
747277392705794,3311023905,10,2026-07-31 21:00:00,0.0,0,Normal,"1-20, idle<=90",2026-08
746375590617346,3311026002,7,2026-08-01 11:30:00,-1.0,0,Normal,"1-20, idle<=90",2026-08
743960979665154,3311032514,20,2026-08-01 21:30:00,-1.0,0,Normal,"1-20, idle<=90",2026-08
747269723025666,3311044261,7,2026-07-30 19:00:00,1.0,0,Normal,"1-20, idle<=90",2026-08
746562957639942,3311052568,7,2026-07-30 11:00:00,1.0,0,Normal,"1-20, idle<=90",2026-08
749744684050694,3311059412,3,2026-07-31 15:30:00,0.0,0,Normal,"1-20, idle<=90",2026-08
744119315439874,3311060247,8,2026-07-05 21:00:00,26.0,1,Frozen,"1-20, idle<=90",2026-08
746045276164354,3311095069,4,2026-07-30 21:00:00,1.0,0,Normal,"1-20, idle<=90",2026-08
748538738008322,3311107757,12,2026-07-31 11:00:00,0.0,0,Normal,"1-20, idle<=90",2026-08
744135276812546,3311109861,8,2026-07-31 20:30:00,0.0,0,Normal,"1-20, idle<=90",2026-08
746263617487112,3311137283,6,2026-08-01 12:30:00,-1.0,0,Normal,"1-20, idle<=90",2026-08
749567285043464,3311235114,5,2026-07-30 19:30:00,1.0,0,Normal,"1-20, idle<=90",2026-08
748162367643912,3311265086,9,2026-07-30 19:30:00,1.0,0,Normal,"1-20, idle<=90",2026-08
754696931483910,3311285921,18,2026-07-29 21:00:00,2.0,0,Normal,"1-20, idle<=90",2026-08
746028796795144,3311304271,6,2026-07-29 21:30:00,2.0,0,Normal,"1-20, idle<=90",2026-08
744979863163144,3311304274,4,2026-07-30 21:00:00,1.0,0,Normal,"1-20, idle<=90",2026-08
748864788685064,3311310971,9,2026-07-30 18:00:00,1.0,0,Normal,"1-20, idle<=90",2026-08
745859033721096,3311350264,4,2026-07-29 21:00:00,2.0,0,Normal,"1-20, idle<=90",2026-08
759653550838024,3311356153,14,2026-07-31 23:30:00,0.0,0,Normal,"1-20, idle<=90",2026-08
744996798845190,3311360177,8,2026-07-26 10:00:00,5.0,0,Normal,"1-20, idle<=90",2026-08
745204969875714,3311370497,3,2026-07-31 21:00:00,0.0,0,Normal,"1-20, idle<=90",2026-08
746643531860232,3311379165,3,2026-07-31 16:30:00,0.0,0,Normal,"1-20, idle<=90",2026-08
745186695921926,3311423632,5,2026-07-30 20:30:00,1.0,0,Normal,"1-20, idle<=90",2026-08
745364850761990,3311449575,19,2026-06-06 21:00:00,55.0,1,Frozen,"1-20, idle<=90",2026-08
746021731686658,3311498076,2,2026-07-31 19:30:00,0.0,0,Normal,"1-20, idle<=90",2026-08
746062806819080,3311509825,5,2026-07-31 21:30:00,0.0,0,Normal,"1-20, idle<=90",2026-08
746420577560834,3311534830,13,2026-07-30 21:00:00,1.0,0,Normal,"1-20, idle<=90",2026-08
746239273134342,3311543009,13,2026-07-31 21:00:00,0.0,0,Normal,"1-20, idle<=90",2026-08
746064006465798,3311544587,9,2026-07-31 22:00:00,0.0,0,Normal,"1-20, idle<=90",2026-08
746239527805190,3311555589,9,2026-07-31 21:00:00,0.0,0,Normal,"1-20, idle<=90",2026-08
747666343069960,3311572089,8,2026-07-30 21:00:00,1.0,0,Normal,"1-20, idle<=90",2026-08
746202687826182,3311600042,4,2026-07-31 21:30:00,0.0,0,Normal,"1-20, idle<=90",2026-08
747635732492552,3311605431,6,2026-07-31 10:00:00,0.0,0,Normal,"1-20, idle<=90",2026-08
746385021356294,3311671955,9,2026-07-09 21:00:00,22.0,0,Normal,"1-20, idle<=90",2026-08
746917928726786,3311683861,6,2026-07-29 21:00:00,2.0,0,Normal,"1-20, idle<=90",2026-08
747264574796038,3311696395,6,2026-08-01 15:00:00,-1.0,0,Normal,"1-20, idle<=90",2026-08
746741112305922,3311711014,4,2026-08-01 14:30:00,-1.0,0,Normal,"1-20, idle<=90",2026-08
749779376460040,3311721769,1,2026-08-01 15:00:00,-1.0,0,Normal,"1-20, idle<=90",2026-08
746577007595782,3311728074,13,2026-07-31 12:30:00,0.0,0,Normal,"1-20, idle<=90",2026-08
754181707407618,3311731020,11,2026-07-31 15:00:00,0.0,0,Normal,"1-20, idle<=90",2026-08
747320587802882,3311785056,6,2026-07-29 21:30:00,2.0,0,Normal,"1-20, idle<=90",2026-08
746795021283590,3311803674,5,2026-07-30 12:00:00,1.0,0,Normal,"1-20, idle<=90",2026-08
748857563668738,3311806669,14,2026-07-30 21:00:00,1.0,0,Normal,"1-20, idle<=90",2026-08
746948564488456,3311812212,17,2026-08-01 11:00:00,-1.0,0,Normal,"1-20, idle<=90",2026-08
747176529998082,3311850607,5,2026-07-30 21:00:00,1.0,0,Normal,"1-20, idle<=90",2026-08
746920023040258,3311874241,9,2026-07-31 23:00:00,0.0,0,Normal,"1-20, idle<=90",2026-08
747495353919750,3311902795,5,2026-08-01 15:30:00,-1.0,0,Normal,"1-20, idle<=90",2026-08
747266333276424,3311922591,14,2026-06-08 11:00:00,53.0,1,Frozen,"1-20, idle<=90",2026-08
748034924814594,3311939437,8,2026-07-31 16:30:00,0.0,0,Normal,"1-20, idle<=90",2026-08
753018542768392,3311939457,14,2026-07-31 21:00:00,0.0,0,Normal,"1-20, idle<=90",2026-08
750452984434952,3311952051,7,2026-07-30 21:00:00,1.0,0,Normal,"1-20, idle<=90",2026-08
749792946397442,3312006640,9,2026-07-31 19:00:00,0.0,0,Normal,"1-20, idle<=90",2026-08
747989576626434,3312006651,8,2026-07-29 14:00:00,2.0,0,Normal,"1-20, idle<=90",2026-08
747989687218440,3312014154,8,2026-07-29 15:00:00,2.0,0,Normal,"1-20, idle<=90",2026-08
749990857937160,3312050543,13,2026-08-01 20:30:00,-1.0,0,Normal,"1-20, idle<=90",2026-08
748028884009224,3312055947,2,2026-08-01 20:30:00,-1.0,0,Normal,"1-20, idle<=90",2026-08
749654941614338,3312067350,12,2026-07-30 15:30:00,1.0,0,Normal,"1-20, idle<=90",2026-08
748214425272578,3312078965,6,2026-07-27 20:30:00,4.0,0,Normal,"1-20, idle<=90",2026-08
748871285897478,3312125512,17,2026-07-28 19:30:00,3.0,0,Normal,"1-20, idle<=90",2026-08
748687408070920,3312132356,8,2026-07-31 20:30:00,0.0,0,Normal,"1-20, idle<=90",2026-08
753861383975174,3312144818,14,2026-07-31 20:00:00,0.0,0,Normal,"1-20, idle<=90",2026-08
749070808314114,3312145593,9,2026-07-31 11:00:00,0.0,0,Normal,"1-20, idle<=90",2026-08
748510277902600,3312156296,8,2026-07-30 20:00:00,1.0,0,Normal,"1-20, idle<=90",2026-08
748725211881734,3312168441,10,2026-08-01 14:30:00,-1.0,0,Normal,"1-20, idle<=90",2026-08
753164976912646,3312172253,20,2026-07-29 22:30:00,2.0,0,Normal,"1-20, idle<=90",2026-08
751040194382082,3312175167,15,2026-07-29 21:00:00,2.0,0,Normal,"1-20, idle<=90",2026-08
748904429941000,3312196312,9,2026-08-01 21:30:00,-1.0,0,Normal,"1-20, idle<=90",2026-08
749207498096902,3312208954,10,2026-07-30 18:30:00,1.0,0,Normal,"1-20, idle<=90",2026-08
750493897433352,3312241659,10,2026-08-01 15:30:00,-1.0,0,Normal,"1-20, idle<=90",2026-08
748912170340610,3312255608,12,2026-07-29 16:00:00,2.0,0,Normal,"1-20, idle<=90",2026-08
749051127535878,3312263034,13,2026-07-29 21:00:00,2.0,0,Normal,"1-20, idle<=90",2026-08
749267746222344,3312263073,9,2026-07-31 17:00:00,0.0,0,Normal,"1-20, idle<=90",2026-08
749269099643138,3312266413,7,2026-07-22 21:00:00,9.0,0,Normal,"1-20, idle<=90",2026-08
751693189515522,3312267913,15,2026-07-29 21:00:00,2.0,0,Normal,"1-20, idle<=90",2026-08
748912811276546,3312283642,5,2026-07-29 11:30:00,2.0,0,Normal,"1-20, idle<=90",2026-08
749205784877314,3312283734,8,2026-08-01 21:00:00,-1.0,0,Normal,"1-20, idle<=90",2026-08
748507142613250,3312285639,17,2026-07-30 21:30:00,1.0,0,Normal,"1-20, idle<=90",2026-08
749206700527880,3312291075,12,2026-07-29 10:30:00,2.0,0,Normal,"1-20, idle<=90",2026-08
749748764096776,3312316096,2,2026-07-31 16:00:00,0.0,0,Normal,"1-20, idle<=90",2026-08
755112366125320,3312338189,19,2026-07-31 21:00:00,0.0,0,Normal,"1-20, idle<=90",2026-08
749805547284744,3312365255,2,2026-07-31 09:30:00,0.0,0,Normal,"1-20, idle<=90",2026-08
749206993926402,3312389269,10,2026-07-29 17:00:00,2.0,0,Normal,"1-20, idle<=90",2026-08
748948727765250,3312389327,11,2026-07-28 21:00:00,3.0,0,Normal,"1-20, idle<=90",2026-08
750637043972358,3312409904,13,2026-07-29 18:30:00,2.0,0,Normal,"1-20, idle<=90",2026-08
750128681378056,3312444708,1,2026-07-30 17:00:00,1.0,0,Normal,"1-20, idle<=90",2026-08
752271416078600,3312447576,14,2026-08-01 17:00:00,-1.0,0,Normal,"1-20, idle<=90",2026-08
749970735362312,3312453543,11,2026-07-30 10:00:00,1.0,0,Normal,"1-20, idle<=90",2026-08
750785617363206,3312503422,6,2026-07-31 15:00:00,0.0,0,Normal,"1-20, idle<=90",2026-08
750140121149704,3312504089,9,2026-07-31 11:00:00,0.0,0,Normal,"1-20, idle<=90",2026-08
751397337639170,3312621265,12,2026-07-30 20:30:00,1.0,0,Normal,"1-20, idle<=90",2026-08
750493389949186,3312634300,10,2026-08-01 19:30:00,-1.0,0,Normal,"1-20, idle<=90",2026-08
750153112811778,3312643983,10,2026-07-29 22:00:00,2.0,0,Normal,"1-20, idle<=90",2026-08
750451714339078,3312674209,13,2026-07-20 17:00:00,11.0,0,Normal,"1-20, idle<=90",2026-08
749991354624258,3312685064,6,2026-07-31 14:30:00,0.0,0,Normal,"1-20, idle<=90",2026-08
750494610538760,3312688717,14,2026-08-01 16:00:00,-1.0,0,Normal,"1-20, idle<=90",2026-08
751727579195650,3312697034,11,2026-08-01 18:00:00,-1.0,0,Normal,"1-20, idle<=90",2026-08
750661785041160,3312697073,6,2026-07-30 16:30:00,1.0,0,Normal,"1-20, idle<=90",2026-08
750278829658376,3312713579,11,2026-07-30 16:00:00,1.0,0,Normal,"1-20, idle<=90",2026-08
752306204610818,3312739716,16,2026-07-29 19:30:00,2.0,0,Normal,"1-20, idle<=90",2026-08
751689242669314,3312784188,16,2026-07-29 21:30:00,2.0,0,Normal,"1-20, idle<=90",2026-08
756192097274120,3312787831,20,2026-07-30 21:00:00,1.0,0,Normal,"1-20, idle<=90",2026-08
750280146565378,3312787912,6,2026-07-31 10:30:00,0.0,0,Normal,"1-20, idle<=90",2026-08
751016282751240,3312838115,12,2026-07-31 01:00:00,0.0,0,Normal,"1-20, idle<=90",2026-08
751605120045320,3312845037,10,2026-08-01 21:00:00,-1.0,0,Normal,"1-20, idle<=90",2026-08
751212311546120,3312885064,14,2026-07-31 21:00:00,0.0,0,Normal,"1-20, idle<=90",2026-08
751705322268936,3312885974,14,2026-08-01 12:00:00,-1.0,0,Normal,"1-20, idle<=90",2026-08
752613773928706,3312914648,18,2026-07-29 21:30:00,2.0,0,Normal,"1-20, idle<=90",2026-08
751380676522246,3312939461,12,2026-07-28 16:00:00,3.0,0,Normal,"1-20, idle<=90",2026-08
751726757994754,3312954300,14,2026-07-30 21:00:00,1.0,0,Normal,"1-20, idle<=90",2026-08
751937847687426,3312990142,15,2026-07-31 20:30:00,0.0,0,Normal,"1-20, idle<=90",2026-08
751155421845762,3313025944,16,2026-07-30 21:00:00,1.0,0,Normal,"1-20, idle<=90",2026-08
753512002205960,3313092424,18,2026-07-30 21:30:00,1.0,0,Normal,"1-20, idle<=90",2026-08
751737669028098,3313094027,17,2026-07-29 21:00:00,2.0,0,Normal,"1-20, idle<=90",2026-08
752222010132742,3313096420,14,2026-08-01 20:00:00,-1.0,0,Normal,"1-20, idle<=90",2026-08
752119623848194,3313148254,10,2026-07-30 18:00:00,1.0,0,Normal,"1-20, idle<=90",2026-08
751748280398082,3313172460,12,2026-07-30 21:00:00,1.0,0,Normal,"1-20, idle<=90",2026-08
752820050659590,3313184212,11,2026-07-29 21:00:00,2.0,0,Normal,"1-20, idle<=90",2026-08
753513254654210,3313219211,17,2026-08-01 21:30:00,-1.0,0,Normal,"1-20, idle<=90",2026-08
753476138809602,3313236267,16,2026-07-30 21:30:00,1.0,0,Normal,"1-20, idle<=90",2026-08
752580455037192,3313242508,14,2026-07-29 21:00:00,2.0,0,Normal,"1-20, idle<=90",2026-08
752444451010824,3313248061,4,2026-07-31 11:00:00,0.0,0,Normal,"1-20, idle<=90",2026-08
752461977155846,3313282723,13,2026-08-01 10:00:00,-1.0,0,Normal,"1-20, idle<=90",2026-08
752752147638530,3313299502,15,2026-08-01 18:00:00,-1.0,0,Normal,"1-20, idle<=90",2026-08
753990838634754,3313329823,18,2026-07-30 20:30:00,1.0,0,Normal,"1-20, idle<=90",2026-08
752625204611330,3313372051,20,2026-07-28 20:30:00,3.0,0,Normal,"1-20, idle<=90",2026-08
752964931666184,3313385437,18,2026-07-29 21:00:00,2.0,0,Normal,"1-20, idle<=90",2026-08
753654203545864,3313386640,18,2026-07-29 17:00:00,2.0,0,Normal,"1-20, idle<=90",2026-08
752945415948546,3313403644,18,2026-07-31 22:00:00,0.0,0,Normal,"1-20, idle<=90",2026-08
752966082949384,3313409714,11,2026-08-01 20:00:00,-1.0,0,Normal,"1-20, idle<=90",2026-08
753141062510850,3313431388,16,2026-07-31 18:30:00,0.0,0,Normal,"1-20, idle<=90",2026-08
753825777789190,3313468366,16,2026-07-31 16:00:00,0.0,0,Normal,"1-20, idle<=90",2026-08
753475984775426,3313478950,17,2026-07-30 11:00:00,1.0,0,Normal,"1-20, idle<=90",2026-08
753123213707522,3313530529,14,2026-08-01 12:00:00,-1.0,0,Normal,"1-20, idle<=90",2026-08
754177136136456,3313536300,19,2026-08-01 18:30:00,-1.0,0,Normal,"1-20, idle<=90",2026-08
753491245541640,3313539622,15,2026-07-31 21:00:00,0.0,0,Normal,"1-20, idle<=90",2026-08
753522324394242,3313585716,15,2026-07-30 20:30:00,1.0,0,Normal,"1-20, idle<=90",2026-08
753685128063234,3313652526,3,2026-08-01 11:30:00,-1.0,0,Normal,"1-20, idle<=90",2026-08
753688574531842,3313700785,12,2026-07-31 20:30:00,0.0,0,Normal,"1-20, idle<=90",2026-08
756355645077762,3313707203,20,2026-07-29 21:00:00,2.0,0,Normal,"1-20, idle<=90",2026-08
754929542215938,3313709078,18,2026-07-31 21:30:00,0.0,0,Normal,"1-20, idle<=90",2026-08
756202290950406,3313735666,5,2026-07-31 19:00:00,0.0,0,Normal,"1-20, idle<=90",2026-08
754169999851784,3313749285,18,2026-07-31 20:00:00,0.0,0,Normal,"1-20, idle<=90",2026-08
755934241792262,3313831125,20,2026-07-30 20:30:00,1.0,0,Normal,"1-20, idle<=90",2026-08
755934117327110,3313857364,20,2026-07-29 21:00:00,2.0,0,Normal,"1-20, idle<=90",2026-08
754589134969096,3313900131,18,2026-07-29 21:00:00,2.0,0,Normal,"1-20, idle<=90",2026-08
755046691131656,3313908614,19,2026-07-29 11:30:00,2.0,0,Normal,"1-20, idle<=90",2026-08
756299782848770,3313947845,20,2026-07-30 22:00:00,1.0,0,Normal,"1-20, idle<=90",2026-08
755227181265154,3314004450,19,2026-07-30 21:30:00,1.0,0,Normal,"1-20, idle<=90",2026-08
754759633318150,3314063625,8,2026-07-31 10:00:00,0.0,0,Normal,"1-20, idle<=90",2026-08
754907139811586,3314077138,19,2026-07-31 18:00:00,0.0,0,Normal,"1-20, idle<=90",2026-08
755585225990406,3314107505,18,2026-07-29 20:30:00,2.0,0,Normal,"1-20, idle<=90",2026-08
755438165614850,3314111326,20,2026-07-31 21:00:00,0.0,0,Normal,"1-20, idle<=90",2026-08
755466838173960,3314188532,20,2026-08-01 15:00:00,-1.0,0,Normal,"1-20, idle<=90",2026-08
755070213433606,3314217325,19,2026-07-31 11:00:00,0.0,0,Normal,"1-20, idle<=90",2026-08
754930940651778,3314233773,18,2026-08-01 20:30:00,-1.0,0,Normal,"1-20, idle<=90",2026-08
755457654753542,3314255440,20,2026-08-01 22:00:00,-1.0,0,Normal,"1-20, idle<=90",2026-08
755595349649672,3314286326,20,2026-07-31 21:30:00,0.0,0,Normal,"1-20, idle<=90",2026-08
755301814921480,3314289291,19,2026-07-29 15:30:00,2.0,0,Normal,"1-20, idle<=90",2026-08
756169239628040,3314383099,20,2026-07-29 21:30:00,2.0,0,Normal,"1-20, idle<=90",2026-08
755631875727618,3314426256,20,2026-07-28 08:30:00,3.0,0,Normal,"1-20, idle<=90",2026-08
756464818028802,3314635420,20,2026-07-31 21:00:00,0.0,0,Normal,"1-20, idle<=90",2026-08
