month,order_id,order_no_uid,uid,nhom,tag,ly_do_vao_list,ngay_mua,ngay_kich_hoat,remaining,so_buoi_hien_tai,last_study,idle_ngay,sale_ban_don,team_sale_ban,sale_quan_ly,team_sale_quan_ly,teacher,gia_tri_don_cu,da_gia_han_M90,da_gia_han_vo_han,order_id_moi,ngay_gia_han,gia_tri_don_gia_han,nguon_gia_han,so_ngay_den_gia_han,run_date
2026-10,699675308882178,1,3084270326,Đến hạn,Normal,"1-20, idle<=90",2025-08-29,2025-08-29 11:43:43,8,8,2026-09-26 15:30:00,4.0,Nguyen Thi Thao Ngoc,Inhouse 1,Nguyen Thi Thao Ngoc,Inhouse 1,Thao Chi Advisor,18820000.0,False,False,,,,,,2026-10-01
2026-10,761458271594760,2,3133891180,Đến hạn,Normal,"1-20, idle<=90",2026-07-31,2026-08-13 18:31:51,13,13,2026-09-24 18:30:00,6.0,Bui Thi Thai Duong,Inhouse 1,Bui Thi Thai Duong,Inhouse 1,Bui Thi Thai Duong,4290000.0,False,False,,,,,,2026-10-01
2026-10,689266527942916,5,3138020834,Đến hạn,Normal,"1-20, idle<=90",2025-06-30,2025-07-01 16:00:13,1,1,2026-09-27 22:00:00,3.0,Ho Thi Thanh,Inhouse 1,Ho Thi Thanh,Inhouse 1,Ms Laura,15400000.0,False,False,,,,,,2026-10-01
2026-10,743743791710466,1,3152750042,Đến hạn,Normal,"1-20, idle<=90",2026-04-29,2026-05-06 15:57:12,18,18,2026-09-28 21:30:00,2.0,Nguyen Cam Tu,Inhouse 1,Nguyen Cam Tu,Inhouse 1,Diem Quynh Advisor,9580000.0,False,False,,,,,,2026-10-01
2026-10,748163925858566,1,3164060855,Đến hạn,Normal,"1-20, idle<=90",2026-05-29,2026-05-30 15:42:42,15,15,2026-09-27 20:30:00,3.0,Le Thi Thu Yen,Inhouse 1,Le Thi Thu Yen,Inhouse 1,Diem Quynh Advisor,8745000.0,False,False,,,,,,2026-10-01
2026-10,749223078224136,1,3173464244,Đến hạn,Normal,"1-20, idle<=90",2026-06-05,2026-06-05 21:33:09,19,19,2026-09-28 19:30:00,2.0,Kieu Thi Thu Quynh,Inhouse 1,Kieu Thi Thu Quynh,Inhouse 1,Ms Jenny Advisor,9580000.0,True,True,TMP_3173464244_20260930,2026-09-30 00:00:00,8800000.0,GMV,116.0,2026-10-01
2026-10,732112235501830,1,3175497748,Đến hạn,Normal,"1-20, idle<=90",2026-02-28,2026-03-02 21:58:28,6,6,2026-09-28 18:30:00,2.0,Le Minh Thanh,Ho Chi Minh,Le Kim Chi,Inhouse 1,Dao Thi Hoang Yen,8500000.0,False,False,,,,,,2026-10-01
2026-10,748752880128258,2,3175938767,Đến hạn,Normal,"1-20, idle<=90",2026-05-31,2026-06-02 21:12:17,17,17,2026-09-27 19:00:00,3.0,Dang Kim Thuong,Inhouse 1,Dang Kim Thuong,Inhouse 1,Ellie Advisor,9880000.0,False,False,,,,,,2026-10-01
2026-10,732102824431880,3,3175970640,Đến hạn,Normal,"1-20, idle<=90",2026-02-28,2026-02-28 21:07:54,3,3,2026-09-29 19:30:00,1.0,Le Kim Chi,Inhouse 1,Le Kim Chi,Inhouse 1,Ruby Advisor,23250000.0,False,False,,,,,,2026-10-01
2026-10,752572942303490,1,3176063446,Đến hạn,Normal,"1-20, idle<=90",2026-06-23,2026-06-24 10:24:02,5,5,2026-09-29 17:30:00,1.0,Tran Thi Son,Inhouse 1,Tran Thi Son,Inhouse 1,Diem Quynh Advisor,9080000.0,False,False,,,,,,2026-10-01
2026-10,735928660242696,6,3176315119,Đến hạn,Normal,"1-20, idle<=90",2026-03-21,2026-03-24 21:14:23,3,56,2026-09-28 21:30:00,2.0,Kieu Thi Thu Quynh,Inhouse 1,Kieu Thi Thu Quynh,Inhouse 1,Ellie Advisor,8200000.0,True,True,768533275713794,2026-09-22 00:00:00,8000000.0,GMV+REM,181.0,2026-10-01
2026-10,757236281348360,1,3177825374,Đến hạn,Normal,"1-20, idle<=90",2026-07-20,2026-07-21 16:15:48,4,4,2026-09-29 21:00:00,1.0,Nguyen Thi Thu Huyen,Inhouse 2,Mai Thi Lien,Inhouse 2,Ms Jenny Advisor,4550000.0,False,False,,,,,,2026-10-01
2026-10,753477359307016,1,3178494774,Đến hạn,Normal,"1-20, idle<=90",2026-06-29,2026-07-01 12:41:07,6,6,2026-09-28 22:00:00,2.0,Pham Thi Thao,Inhouse 1,Pham Thi Thao,Inhouse 1,Thao Chi Advisor,4530000.0,False,False,,,,,,2026-10-01
2026-10,746230643273992,1,3179205818,Đến hạn,Frozen,"1-20, idle<=90",2026-05-11,2026-05-23 11:33:26,3,3,2026-07-17 16:30:00,75.0,Lai Ngoc Thuy Linh,Ho Chi Minh,Lai Ngoc Thuy Linh,Ho Chi Minh,Dao Thi Hoang Yen,4680000.0,False,False,,,,,,2026-10-01
2026-10,726041681471746,1,3180100497,Đến hạn,Normal,"1-20, idle<=90",2026-01-25,2026-01-26 11:10:22,10,10,2026-09-29 20:30:00,1.0,Nguyen Le Thanh Huyen,Ho Chi Minh,Nina,Inhouse 1,Dao Thi Hoang Yen,8908000.0,False,False,,,,,,2026-10-01
2026-10,677079043600642,3,3180229292,Đến hạn,Normal,"1-20, idle<=90",2025-04-03,2025-04-23 18:47:39,10,10,2026-09-26 15:30:00,4.0,Nguyen Lan Anh,Other,Ho Thi Thanh,Inhouse 1,Ellie Advisor,15900000.0,False,False,,,,,,2026-10-01
2026-10,741839126262024,3,3180904266,Đến hạn,Normal,"1-20, idle<=90",2026-04-24,2026-04-25 10:31:16,3,3,2026-09-26 21:00:00,4.0,Vu Ho Thanh Huong,Inhouse 2,Vu Ho Thanh Huong,Inhouse 2,Tran Thu Ha,8250000.0,True,True,TMP_3180904266_20260930,2026-09-30 00:00:00,4290000.0,GMV,157.0,2026-10-01
2026-10,744135602116870,1,3181182439,Đến hạn,Normal,"1-20, idle<=90",2026-05-06,2026-05-08 12:13:07,10,10,2026-09-26 18:00:00,4.0,Vu Cam Ly,Inhouse 2,Vu Ho Thanh Huong,Inhouse 2,Ms Jenny Advisor,9583200.0,False,False,,,,,,2026-10-01
2026-10,727665891657990,2,3181658325,Đến hạn,Normal,"1-20, idle<=90",2026-02-02,2026-02-03 16:02:36,19,19,2026-09-29 22:00:00,1.0,Bui Thi Nga,Inhouse 2,Le Thi Thuy Van,Inhouse 2,Tran Thu Ha,8215000.0,False,False,,,,,,2026-10-01
2026-10,733832495550722,1,3183576079,Đến hạn,Normal,"1-20, idle<=90",2026-03-09,2026-03-10 12:30:16,8,8,2026-09-28 20:00:00,2.0,Tran Thi Thaoo,Inhouse 1,Kieu Thi Thu Quynh,Inhouse 1,Diem Quynh Advisor,10080000.0,False,False,,,,,,2026-10-01
2026-10,734541744724232,2,3189926256,Đến hạn,Normal,"1-20, idle<=90",2026-03-13,2026-03-17 09:02:57,1,1,2026-09-12 15:30:00,18.0,Nguyen Thi Trang,Inhouse 2,Nguyen Thi Trang,Inhouse 2,Tran Thu Ha,4210000.0,False,False,,,,,,2026-10-01
2026-10,695296557283584,4,3191187208,Đến hạn,Normal,"1-20, idle<=90",2025-07-31,2025-08-08 15:04:54,4,4,2026-09-27 21:00:00,3.0,Le Thi Lan Anh,Inhouse 1,Le Thi Lan Anh,Inhouse 1,Ellie Advisor,7757500.0,False,False,,,,,,2026-10-01
2026-10,747321357685000,5,3195414967,Đến hạn,Normal,"1-20, idle<=90",2026-05-25,2026-05-27 08:47:28,19,19,2026-09-29 21:30:00,1.0,Le Kim Chi,Inhouse 1,Le Kim Chi,Inhouse 1,Ruby Advisor,7950000.0,False,False,,,,,,2026-10-01
2026-10,741990326878470,9,3202584608,Đến hạn,Normal,"1-20, idle<=90",2026-04-10,2026-04-25 20:52:15,10,10,2026-09-29 21:30:00,1.0,Le Thi Lan Anh,Inhouse 1,Le Thi Lan Anh,Inhouse 1,Ellie Advisor,7950000.0,True,True,TMP_3202584608_20260930,2026-09-30 00:00:00,7959900.0,GMV,157.0,2026-10-01
2026-10,763933249327362,14,3202602751,Đến hạn,Normal,"1-20, idle<=90",2026-08-27,2026-08-29 16:00:27,19,19,2026-09-29 21:30:00,1.0,Tran Thi Son,Inhouse 1,Tran Thi Son,Inhouse 1,Ellie Advisor,4500000.0,False,False,,,,,,2026-10-01
2026-10,726206522226946,5,3202780421,Đến hạn,Normal,"1-20, idle<=90",2026-01-25,2026-01-26 11:06:22,3,3,2026-09-25 22:00:00,5.0,Le Thi Lan Anh,Inhouse 1,Le Thi Lan Anh,Inhouse 1,Ellie Advisor,8050000.0,False,False,,,,,,2026-10-01
2026-10,741425342040322,1,3209352775,Đến hạn,Normal,"1-20, idle<=90",2026-04-21,2026-04-22 12:08:43,19,19,2026-09-29 21:30:00,1.0,Le Thi Thuy Trang,Inhouse 1,Le Thi Thuy Trang,Inhouse 1,Ms Jenny Advisor,9580000.0,False,False,,,,,,2026-10-01
2026-10,760942193928456,8,3214076575,Đến hạn,Normal,"1-20, idle<=90",2026-08-10,2026-08-11 10:52:40,11,11,2026-09-27 16:30:00,3.0,Le Kim Chi,Inhouse 1,Le Kim Chi,Inhouse 1,Dao Thi Trang,4290000.0,False,False,,,,,,2026-10-01
2026-10,737019462138118,2,3216428633,Đến hạn,Normal,"1-20, idle<=90",2026-03-28,2026-03-29 11:01:20,14,14,2026-09-29 21:00:00,1.0,Le Thi Lan Anh,Inhouse 1,Le Thi Lan Anh,Inhouse 1,Diem Quynh Advisor,8880000.0,False,False,,,,,,2026-10-01
2026-10,698973773469952,1,3216662973,Đến hạn,Normal,"1-20, idle<=90",2025-07-31,2025-08-25 12:27:16,14,14,2026-09-28 21:30:00,2.0,Tran Thi Thaoo,Inhouse 1,Dao Thi Trang,Inhouse 1,Ellie Advisor,11501000.0,False,False,,,,,,2026-10-01
2026-10,722494300205312,1,3226498883,Đến hạn,Normal,"1-20, idle<=90",2025-12-25,2026-01-05 14:23:49,14,14,2026-09-22 18:00:00,8.0,Tran Thi Thaoo,Inhouse 1,Bui Thi Thai Duong,Inhouse 1,Diem Quynh Advisor,21160000.0,False,False,,,,,,2026-10-01
2026-10,740716626950402,6,3227204012,Đến hạn,Normal,"1-20, idle<=90",2026-01-31,2026-04-19 16:16:14,7,7,2026-09-26 21:30:00,4.0,Le Thuy Nhung,Inhouse 1,Le Thuy Nhung,Inhouse 1,Thao Chi Advisor,7685000.0,False,False,,,,,,2026-10-01
2026-10,746823691202818,6,3228008712,Đến hạn,Normal,"1-20, idle<=90",,2026-05-23 10:25:12,19,19,2026-09-25 22:00:00,5.0,Le Thuy Nhung,Inhouse 1,Le Thuy Nhung,Inhouse 1,Thao Chi Advisor,7685000.0,False,False,,,,,,2026-10-01
2026-10,735103811944712,1,3228863501,Đến hạn,Frozen,"1-20, idle<=90",2026-03-17,2026-03-17 17:20:11,8,8,2026-09-19 19:30:00,11.0,Le Kim Chi,Inhouse 1,Le Kim Chi,Inhouse 1,Diem Quynh Advisor,9580000.0,False,False,,,,,,2026-10-01
2026-10,675261360677120,1,3229702302,Đến hạn,Normal,"1-20, idle<=90",2025-04-12,2025-04-13 13:53:27,11,11,2026-09-23 20:00:00,7.0,Ta Thuy Van,Inhouse 1,Ta Thuy Van,Inhouse 1,Ellie Advisor,18820000.0,False,False,,,,,,2026-10-01
2026-10,735583395629320,6,3229785299,Đến hạn,Normal,"1-20, idle<=90",2026-02-28,2026-03-20 15:16:15,3,3,2026-09-29 22:00:00,1.0,Nguyen Thuy Trang,Inhouse 1,Nguyen Thuy Trang,Inhouse 1,Thao Chi Advisor,7685000.0,False,False,,,,,,2026-10-01
2026-10,684524975024384,4,3231465643,Đến hạn,Normal,"1-20, idle<=90",2025-05-31,2025-06-05 11:45:20,8,8,2026-09-27 18:00:00,3.0,Le Thi Lan Anh,Inhouse 1,Le Thi Lan Anh,Inhouse 1,Ellie Advisor,7950000.0,False,False,,,,,,2026-10-01
2026-10,705160669184256,3,3232299228,Đến hạn,Normal,"1-20, idle<=90",2025-09-29,2025-09-29 12:38:57,10,10,2026-09-29 19:30:00,1.0,Nguyen Kieu Trang,Inhouse 1,Nguyen Kieu Trang,Inhouse 1,Ruby Advisor,15900000.0,False,False,,,,,,2026-10-01
2026-10,737933082628358,2,3233863862,Đến hạn,Normal,"1-20, idle<=90",2026-03-31,2026-04-03 11:39:13,14,14,2026-09-27 10:30:00,3.0,Vu Ho Thanh Huong,Inhouse 2,Vu Ho Thanh Huong,Inhouse 2,Tran Thu Ha,8480000.0,False,False,,,,,,2026-10-01
2026-10,745314643628294,3,3234750244,Đến hạn,Normal,"1-20, idle<=90",2026-05-14,2026-05-14 19:46:05,18,18,2026-09-29 21:30:00,1.0,Le Thi Lan Anh,Inhouse 1,Le Thi Lan Anh,Inhouse 1,Ellie Advisor,7950000.0,False,False,,,,,,2026-10-01
2026-10,743777638983942,5,3238814707,Đến hạn,Normal,"1-20, idle<=90",2026-05-05,2026-05-05 22:36:43,17,17,2026-09-27 16:00:00,3.0,Nguyen Thuy Trang,Inhouse 1,Nguyen Thuy Trang,Inhouse 1,Thao Chi Advisor,7950000.0,False,False,,,,,,2026-10-01
2026-10,758786506162434,1,3239022434,Đến hạn,Normal,"1-20, idle<=90",2026-07-29,2026-07-29 15:48:21,10,10,2026-09-29 21:30:00,1.0,Kieu Thi Thu Quynh,Inhouse 1,Kieu Thi Thu Quynh,Inhouse 1,Dao Thi Hoang Yen,4740000.0,False,False,,,,,,2026-10-01
2026-10,758072761383170,1,3239214760,Đến hạn,Normal,"1-20, idle<=90",2026-07-25,2026-07-26 08:06:58,10,10,2026-09-29 21:00:00,1.0,Kieu Thi Thu Quynh,Inhouse 1,Kieu Thi Thu Quynh,Inhouse 1,Ruby Advisor,4680000.0,False,False,,,,,,2026-10-01
2026-10,758650997649672,2,3239363837,Đến hạn,Normal,"1-20, idle<=90",2026-07-28,2026-07-29 17:49:27,3,3,2026-09-28 21:30:00,2.0,Le Thi Lan Anh,Inhouse 1,Le Thi Lan Anh,Inhouse 1,Thao Chi Advisor,4290000.0,False,False,,,,,,2026-10-01
2026-10,636329686120716,4,3240060437,Đến hạn,Normal,"1-20, idle<=90",2024-08-31,2024-09-06 18:45:49,6,6,2026-09-25 19:00:00,5.0,Le Kim Chi,Inhouse 1,Le Kim Chi,Inhouse 1,Ruby Advisor,14340000.0,False,False,,,,,,2026-10-01
2026-10,739124055302408,3,3240239870,Đến hạn,Normal,"1-20, idle<=90",2026-03-31,2026-04-09 22:02:47,5,5,2026-09-27 22:00:00,3.0,Ta Thuy Van,Inhouse 1,Ta Thuy Van,Inhouse 1,Ms Laura,8250000.0,False,False,,,,,,2026-10-01
2026-10,736714065402114,7,3242631013,Đến hạn,Normal,"1-20, idle<=90",2026-03-26,2026-03-28 20:01:10,13,13,2026-09-25 20:30:00,5.0,Nguyen Thuy Trang,Inhouse 1,Nguyen Thuy Trang,Inhouse 1,Thao Chi Advisor,7950000.0,False,False,,,,,,2026-10-01
2026-10,723081999780100,4,3247206116,Đến hạn,Normal,"1-20, idle<=90",2025-12-29,2026-01-13 17:55:11,14,14,2026-09-29 00:00:00,2.0,Le Thuy Nhung,Inhouse 1,Le Thuy Nhung,Inhouse 1,Thao Chi Advisor,15900000.0,False,False,,,,,,2026-10-01
2026-10,695771630358786,2,3247473910,Đến hạn,Normal,"1-20, idle<=90",2025-07-31,2025-08-10 20:06:17,10,10,2026-09-28 18:30:00,2.0,Le To Hai My,Inhouse 1,Ho Thi Thanh,Inhouse 1,Ms Laura,15370000.0,False,False,,,,,,2026-10-01
2026-10,748184167170310,13,3248211491,Đến hạn,Normal,"1-20, idle<=90",2026-05-29,2026-06-01 19:22:22,14,14,2026-09-29 22:30:00,1.0,Ta Thuy Van,Inhouse 1,Ta Thuy Van,Inhouse 1,Ellie Advisor,7964000.0,False,False,,,,,,2026-10-01
2026-10,693482890461442,3,3249529715,Đến hạn,Normal,"1-20, idle<=90",2025-06-28,2025-07-26 22:24:30,14,14,2026-09-26 11:00:00,4.0,Dang Huyen Trang,Inhouse 1,Kieu Thi Thu Quynh,Inhouse 1,Ms Laura,15370000.0,False,False,,,,,,2026-10-01
2026-10,726789765228802,3,3250166219,Đến hạn,Normal,"1-20, idle<=90",2026-01-20,2026-02-05 12:48:17,2,2,2026-09-29 17:00:00,1.0,Nguyen Thuy Trang,Inhouse 1,Nguyen Thuy Trang,Inhouse 1,Thao Chi Advisor,9080000.0,False,False,,,,,,2026-10-01
2026-10,737442552287490,3,3251018864,Đến hạn,Normal,"1-20, idle<=90",2026-03-30,2026-04-06 16:28:05,20,73,2026-09-28 20:00:00,2.0,Le Thi Thuy Van,Inhouse 2,Le Thi Thuy Van,Inhouse 2,Tran Thu Ha,8215000.0,True,True,738789125095688,2026-04-07 12:47:19,8215000.0,REM,0.0,2026-10-01
2026-10,747283007273222,2,3251507630,Đến hạn,Normal,"1-20, idle<=90",2026-05-24,2026-05-25 16:03:27,2,28,2026-09-29 20:00:00,1.0,Nguyen Thi Thu Huyen,Inhouse 2,Nguyen Thi Thu Huyen,Inhouse 2,Ms Jenny Advisor,4300000.0,True,True,764129680810246,2026-08-28 00:00:00,4300000.0,GMV+REM,94.0,2026-10-01
2026-10,736124095920390,4,3252208107,Đến hạn,Normal,"1-20, idle<=90",2025-07-22,2026-03-23 21:24:45,1,1,2026-09-17 22:00:00,13.0,Bui Thi Hong Van,Inhouse 1,Bui Thi Hong Van,Inhouse 1,Ruby Advisor,8301500.0,False,False,,,,,,2026-10-01
2026-10,744830243731714,2,3252554438,Đến hạn,Normal,"1-20, idle<=90",2026-04-23,2026-05-13 20:39:04,17,17,2026-09-25 21:00:00,5.0,Vu Ho Thanh Huong,Inhouse 2,Vu Ho Thanh Huong,Inhouse 2,Tran Thu Ha,8450000.0,False,False,,,,,,2026-10-01
2026-10,693658134888706,3,3253683996,Đến hạn,Frozen,"1-20, idle<=90",2024-11-29,2025-07-31 09:52:13,9,115,2026-09-14 19:00:00,16.0,Le To Hai My,Inhouse 1,Le To Hai My,Inhouse 1,Ms Laura,14840000.0,True,True,694532022413570,2025-07-31 10:05:37,14840000.0,REM,0.0,2026-10-01
2026-10,739181293213954,1,3254475298,Đến hạn,Normal,"1-20, idle<=90",2026-04-03,2026-04-10 00:09:42,7,7,2026-09-25 20:30:00,5.0,Le Thi Lan Anh,Inhouse 1,Le Thi Lan Anh,Inhouse 1,Ellie Advisor,9050000.0,False,False,,,,,,2026-10-01
2026-10,738072680997126,8,3254488265,Đến hạn,Normal,"1-20, idle<=90",2026-04-03,2026-04-03 23:53:28,16,16,2026-09-27 20:00:00,3.0,Le Thi Lan Anh,Inhouse 1,Le Thi Lan Anh,Inhouse 1,Ellie Advisor,7950000.0,False,False,,,,,,2026-10-01
2026-10,741988972908802,6,3256436392,Đến hạn,Normal,"1-20, idle<=90",2026-04-25,2026-04-25 15:47:20,18,18,2026-09-27 18:30:00,3.0,Ho Thi Thanh,Inhouse 1,Ho Thi Thanh,Inhouse 1,Ms Laura,8350000.0,False,False,,,,,,2026-10-01
2026-10,754026358311176,2,3256747161,Đến hạn,Normal,"1-20, idle<=90",2026-07-02,2026-07-02 16:08:53,12,12,2026-09-25 12:00:00,5.0,Dao My Nhat Huyen,Inhouse 1,Dao My Nhat Huyen,Inhouse 1,Dao Thi Hoang Yen,8480000.0,False,False,,,,,,2026-10-01
2026-10,706920512715012,3,3256759468,Đến hạn,Normal,"1-20, idle<=90",2025-10-09,2025-10-09 11:38:46,19,19,2026-09-28 17:00:00,2.0,Le Thi Lan Anh,Inhouse 1,Le Thi Lan Anh,Inhouse 1,Ellie Advisor,16160000.0,False,False,,,,,,2026-10-01
2026-10,684320338872580,3,3256836073,Đến hạn,Normal,"1-20, idle<=90",2025-05-31,2025-06-03 18:24:26,10,10,2026-09-27 09:00:00,3.0,Nguyen Kieu Trang,Inhouse 1,Nguyen Kieu Trang,Inhouse 1,Ruby Advisor,15370000.0,False,False,,,,,,2026-10-01
2026-10,572977495161104,1,3257275919,Đến hạn,Frozen,"1-20, idle<=90",2023-09-13,2023-09-13 13:37:17,10,116,2026-09-28 18:30:00,2.0,Le Thi Lan Anh,Inhouse 1,Le Thi Lan Anh,Inhouse 1,Ellie Advisor,17820000.0,True,True,752965311222018,2026-06-26 00:00:00,15900000.0,GMV+REM,1016.0,2026-10-01
2026-10,746440199676166,6,3257331991,Đến hạn,Normal,"1-20, idle<=90",2026-05-20,2026-05-21 16:34:09,19,19,2026-09-28 18:00:00,2.0,Le Kim Chi,Inhouse 1,Le Kim Chi,Inhouse 1,Ruby Advisor,7950000.0,False,False,,,,,,2026-10-01
2026-10,749256073023746,2,3257839335,Đến hạn,Normal,"1-20, idle<=90",2026-06-04,2026-06-05 17:14:10,16,16,2026-09-29 22:00:00,1.0,Kieu Thi Thu Quynh,Inhouse 1,Kieu Thi Thu Quynh,Inhouse 1,Ms Laura,8745700.0,False,False,,,,,,2026-10-01
2026-10,733701731100936,3,3257919778,Đến hạn,Normal,"1-20, idle<=90",2026-03-09,2026-03-10 07:48:29,9,9,2026-09-28 17:00:00,2.0,Le Kim Chi,Inhouse 1,Le Kim Chi,Inhouse 1,Ellie Advisor,8250000.0,False,False,,,,,,2026-10-01
2026-10,688556314534146,3,3257954163,Đến hạn,Normal,"1-20, idle<=90",2025-06-27,2025-06-27 15:42:08,4,4,2026-09-29 17:30:00,1.0,Laura - Team 2 Admin,Other,Bui Thi Thai Duong,Inhouse 1,Ms Laura,15370000.0,False,False,,,,,,2026-10-01
2026-10,744113164585218,1,3258161418,Đến hạn,Normal,"1-20, idle<=90",2026-05-07,2026-05-07 17:12:18,19,19,2026-09-29 22:00:00,1.0,Nguyen Thi Thao Ngoc,Inhouse 1,Nguyen Thi Thao Ngoc,Inhouse 1,Thao Chi Advisor,9010000.0,False,False,,,,,,2026-10-01
2026-10,748006340403464,8,3258980367,Đến hạn,Normal,"1-20, idle<=90",2026-05-29,2026-05-29 15:31:03,4,4,2026-09-28 19:00:00,2.0,Le Thi Lan Anh,Inhouse 1,Le Thi Lan Anh,Inhouse 1,Ellie Advisor,12375000.0,False,False,,,,,,2026-10-01
2026-10,699677332091136,5,3259022296,Đến hạn,Normal,"1-20, idle<=90",2025-08-28,2025-09-01 23:10:56,12,12,2026-09-24 20:00:00,6.0,Le Kim Chi,Inhouse 1,Le Kim Chi,Inhouse 1,Ruby Advisor,16430000.0,False,False,,,,,,2026-10-01
2026-10,684314283479298,2,3260545746,Đến hạn,Frozen,"1-20, idle<=90",2025-05-31,2025-06-03 16:10:36,15,15,2026-08-17 10:00:00,44.0,Le Kim Chi,Inhouse 1,Le Kim Chi,Inhouse 1,Ruby Advisor,15900000.0,False,False,,,,,,2026-10-01
2026-10,657422036252928,6,3261925876,Đến hạn,Normal,"1-20, idle<=90",2024-12-31,2025-01-02 16:44:53,19,19,2026-09-29 18:00:00,1.0,Le Kim Chi,Inhouse 1,Le Kim Chi,Inhouse 1,Ellie Advisor,14840000.0,False,False,,,,,,2026-10-01
2026-10,741781074399490,6,3262245978,Đến hạn,Normal,"1-20, idle<=90",2026-04-24,2026-04-24 10:36:07,18,18,2026-09-26 21:30:00,4.0,Ho Thi Thanh,Inhouse 1,Ho Thi Thanh,Inhouse 1,Ms Laura,7950000.0,False,False,,,,,,2026-10-01
2026-10,640208438591756,2,3263539374,Đến hạn,Normal,"1-20, idle<=90",2024-09-18,2024-09-27 20:21:40,6,6,2026-09-27 22:30:00,3.0,Cu Thi Thu Hien,Offline Team HaNoi,Kieu Thi Thu Quynh,Inhouse 1,Ms Laura,15820000.0,False,False,,,,,,2026-10-01
2026-10,762184804948230,2,3263629262,Đến hạn,Normal,"1-20, idle<=90",2026-08-17,2026-08-17 18:45:21,10,10,2026-09-29 15:30:00,1.0,Le Thi Lan Anh,Inhouse 1,Le Thi Lan Anh,Inhouse 1,Diem Quynh Advisor,4690000.0,False,False,,,,,,2026-10-01
2026-10,743733444045064,4,3263676696,Đến hạn,Normal,"1-20, idle<=90",2026-04-30,2026-05-05 17:14:28,16,16,2026-09-27 11:30:00,3.0,Kieu Thi Thu Quynh,Inhouse 1,Kieu Thi Thu Quynh,Inhouse 1,Diem Quynh Advisor,7685000.0,False,False,,,,,,2026-10-01
2026-10,739534304157958,6,3263759991,Đến hạn,Normal,"1-20, idle<=90",2026-04-11,2026-04-14 17:05:27,11,11,2026-09-29 22:30:00,1.0,Ta Thuy Van,Inhouse 1,Ta Thuy Van,Inhouse 1,Ellie Advisor,8050000.0,False,False,,,,,,2026-10-01
2026-10,744821174898952,1,3264886860,Đến hạn,Normal,"1-20, idle<=90",2026-05-10,2026-05-11 21:31:16,16,16,2026-09-23 21:00:00,7.0,Vu Ho Thanh Huong,Inhouse 2,Vu Ho Thanh Huong,Inhouse 2,Tran Thu Ha,9200000.0,False,False,,,,,,2026-10-01
2026-10,695457643245824,2,3265070913,Đến hạn,Normal,"1-20, idle<=90",2025-06-10,2025-08-09 08:45:16,3,3,2026-09-26 16:30:00,4.0,Tran Thi Thu Hang,Inhouse 1,Bui Thi Thai Duong,Inhouse 1,Ellie Advisor,16087500.0,False,False,,,,,,2026-10-01
2026-10,700210980505856,1,3265195485,Đến hạn,Normal,"1-20, idle<=90",2025-08-31,2025-09-01 12:30:05,11,11,2026-09-25 20:30:00,5.0,Le Thi Tuyet,Inhouse 1,Le Thi Tuyet,Inhouse 1,Ruby Advisor,17820000.0,False,False,,,,,,2026-10-01
2026-10,723218288734468,6,3265622236,Đến hạn,Normal,"1-20, idle<=90",2025-12-31,2026-01-10 16:51:36,4,57,2026-09-29 19:00:00,1.0,Ho Thi Thanh,Inhouse 1,Ho Thi Thanh,Inhouse 1,Ellie Advisor,7950000.0,True,True,766779977545992,2026-09-11 00:00:00,7950000.0,GMV+REM,243.0,2026-10-01
2026-10,722533068077316,4,3267561555,Đến hạn,Normal,"1-20, idle<=90",2025-12-24,2026-01-06 21:11:42,5,58,2026-09-25 11:30:00,5.0,Nguyen Linh Chi,Inhouse 1,Ho Thi Thanh,Inhouse 1,Ms Laura,8480000.0,True,True,766779783655682,2026-09-11 00:00:00,8250000.0,GMV+REM,247.0,2026-10-01
2026-10,735069448528134,1,3267603714,Đến hạn,Normal,"1-20, idle<=90",2026-03-17,2026-03-19 20:05:46,9,9,2026-09-19 21:30:00,11.0,Lai Ngoc Thuy Linh,Ho Chi Minh,Lai Ngoc Thuy Linh,Ho Chi Minh,Dao Thi Hoang Yen,8853000.0,False,False,,,,,,2026-10-01
2026-10,737395047975170,4,3267658432,Đến hạn,Frozen,"1-20, idle<=90",2026-03-18,2026-03-30 15:37:15,17,17,2026-09-20 14:00:00,10.0,Ho Thi Thanh,Inhouse 1,Ho Thi Thanh,Inhouse 1,Ellie Advisor,7950000.0,False,False,,,,,,2026-10-01
2026-10,742594804640008,5,3268127630,Đến hạn,Normal,"1-20, idle<=90",2026-04-28,2026-04-29 09:44:18,9,9,2026-09-25 19:00:00,5.0,Le Kim Chi,Inhouse 1,Le Kim Chi,Inhouse 1,Ruby Advisor,7685000.0,False,False,,,,,,2026-10-01
2026-10,751915746205960,1,3268662926,Đến hạn,Normal,"1-20, idle<=90",2026-06-20,2026-06-20 21:50:21,12,12,2026-09-29 21:30:00,1.0,Vu Ho Thanh Huong,Inhouse 2,Vu Ho Thanh Huong,Inhouse 2,Ms Jenny Advisor,9850000.0,False,False,,,,,,2026-10-01
2026-10,741425633120520,2,3268680077,Đến hạn,Normal,"1-20, idle<=90",2026-04-22,2026-04-22 20:58:40,13,13,2026-09-27 21:30:00,3.0,Ho Thi Thanh,Inhouse 1,Ho Thi Thanh,Inhouse 1,Ms Laura,7950000.0,False,False,,,,,,2026-10-01
2026-10,734439991943430,1,3268762902,Đến hạn,Normal,"1-20, idle<=90",2026-03-13,2026-03-18 18:45:38,14,14,2026-09-26 10:00:00,4.0,Lai Ngoc Thuy Linh,Ho Chi Minh,Lai Ngoc Thuy Linh,Ho Chi Minh,Dao Thi Hoang Yen,9275000.0,False,False,,,,,,2026-10-01
2026-10,743789929998598,2,3269639535,Đến hạn,Normal,"1-20, idle<=90",2026-04-26,2026-05-05 18:59:33,15,15,2026-09-29 20:30:00,1.0,Le Thuy Nhung,Inhouse 1,Le Thuy Nhung,Inhouse 1,Thao Chi Advisor,8480000.0,False,False,,,,,,2026-10-01
2026-10,721307309125892,2,3269712460,Đến hạn,Normal,"1-20, idle<=90",2025-12-29,2026-01-02 10:04:36,18,18,2026-09-27 19:30:00,3.0,Ta Thuy Van,Inhouse 1,Ta Thuy Van,Inhouse 1,Ellie Advisor,15950000.0,False,False,,,,,,2026-10-01
2026-10,710108066167042,1,3269983387,Đến hạn,Normal,"1-20, idle<=90",2025-10-26,2025-10-27 17:23:08,11,11,2026-09-29 22:00:00,1.0,Nguyen Kieu Trang,Inhouse 1,Nguyen Kieu Trang,Inhouse 1,Ruby Advisor,17420000.0,False,False,,,,,,2026-10-01
2026-10,743604449132802,5,3270124578,Đến hạn,Normal,"1-20, idle<=90",2026-04-29,2026-05-05 11:43:31,15,15,2026-09-24 17:30:00,6.0,Tran Thi Son,Inhouse 1,Tran Thi Son,Inhouse 1,Ellie Advisor,7950000.0,False,False,,,,,,2026-10-01
2026-10,765681897011464,3,3270238462,Đến hạn,Normal,"1-20, idle<=90",2026-09-03,2026-09-06 15:43:46,20,20,2026-09-26 12:00:00,4.0,Kieu Thi Thu Quynh,Inhouse 1,Kieu Thi Thu Quynh,Inhouse 1,Kieu Thi Thu Quynh,4550000.0,False,False,,,,,,2026-10-01
2026-10,738774320802050,6,3270775598,Đến hạn,Normal,"1-20, idle<=90",2026-04-06,2026-04-07 13:25:17,12,12,2026-09-28 22:00:00,2.0,Kieu Thi Thu Quynh,Inhouse 1,Kieu Thi Thu Quynh,Inhouse 1,Ms Laura,8200000.0,False,False,,,,,,2026-10-01
2026-10,703384860961028,3,3270878040,Đến hạn,Normal,"1-20, idle<=90",2025-04-18,2025-09-19 10:42:16,14,14,2026-09-29 21:30:00,1.0,Le To Hai My,Inhouse 1,Bui Thi Thai Duong,Inhouse 1,Ms Laura,15900000.0,True,True,TMP_3270878040_20260715,2026-07-15 00:00:00,15900000.0,GMV,298.0,2026-10-01
2026-10,694775507673344,2,3270947720,Đến hạn,Normal,"1-20, idle<=90",2025-07-31,2025-08-04 09:46:19,11,11,2026-09-29 11:00:00,1.0,Nguyen Thuy Trang,Inhouse 1,Nguyen Thuy Trang,Inhouse 1,Thao Chi Advisor,15500000.0,False,False,,,,,,2026-10-01
2026-10,732642080678146,1,3270948207,Đến hạn,Normal,"1-20, idle<=90",2026-03-01,2026-03-03 19:52:30,16,16,2026-09-25 15:00:00,5.0,Kieu Thi Thu Quynh,Inhouse 1,Kieu Thi Thu Quynh,Inhouse 1,Thao Chi Advisor,8480000.0,True,True,TMP_3270948207_20260630,2026-06-30 00:00:00,15900000.0,GMV,118.0,2026-10-01
2026-10,748006662115592,8,3271017363,Đến hạn,Normal,"1-20, idle<=90",2026-05-29,2026-05-29 15:42:09,14,14,2026-09-04 20:00:00,26.0,Le Thi Lan Anh,Inhouse 1,Le Thi Lan Anh,Inhouse 1,Ellie Advisor,12375000.0,False,False,,,,,,2026-10-01
2026-10,752797719714054,9,3271214747,Đến hạn,Normal,"1-20, idle<=90",2026-02-07,2026-06-25 20:13:39,4,4,2026-09-29 21:00:00,1.0,Le Kim Chi,Inhouse 1,Le Kim Chi,Inhouse 1,Diem Quynh Advisor,6000000.0,False,False,,,,,,2026-10-01
2026-10,732758130170118,3,3271917756,Đến hạn,Normal,"1-20, idle<=90",2026-01-28,2026-03-04 12:06:46,10,10,2026-09-27 18:00:00,3.0,Nguyen Thuy Trang,Inhouse 1,Nguyen Thuy Trang,Inhouse 1,Ms Laura,7685000.0,False,False,,,,,,2026-10-01
2026-10,746909582549256,1,3272037530,Đến hạn,Normal,"1-20, idle<=90",2026-05-22,2026-05-23 11:22:59,15,15,2026-09-29 22:00:00,1.0,Nguyen Thao Anh,Inhouse 1,Nguyen Thao Anh,Inhouse 1,Diem Quynh Advisor,10080000.0,False,False,,,,,,2026-10-01
2026-10,746271737065736,5,3272076643,Đến hạn,Normal,"1-20, idle<=90",2026-04-23,2026-05-20 11:50:49,16,16,2026-09-29 17:00:00,1.0,Le Thi Lan Anh,Inhouse 1,Le Thi Lan Anh,Inhouse 1,Ellie Advisor,8164000.0,False,False,,,,,,2026-10-01
2026-10,694730168252674,3,3272410374,Đến hạn,Normal,"1-20, idle<=90",2025-07-31,2025-08-01 16:20:22,5,58,2026-09-29 19:30:00,1.0,Bui Thi Hong Van,Inhouse 1,Bui Thi Hong Van,Inhouse 1,Bui Thi Hong Van,15900000.0,True,True,694757674877184,2025-08-01 17:10:29,8750000.0,REM,0.0,2026-10-01
2026-10,738078679085314,2,3272432880,Đến hạn,Normal,"1-20, idle<=90",2026-03-31,2026-04-06 18:20:34,3,3,2026-09-29 18:30:00,1.0,Kieu Thi Thu Quynh,Inhouse 1,Kieu Thi Thu Quynh,Inhouse 1,Ms Jenny Advisor,7950000.0,False,False,,,,,,2026-10-01
2026-10,704630320077056,5,3272486650,Đến hạn,Normal,"1-20, idle<=90",2025-09-28,2025-09-29 19:20:38,1,1,2026-07-12 08:00:00,80.0,Nguyen Thi Suong Mai,Other,Nguyen Thi Suong Mai,Other,Dao Thi Hoang Yen,8215000.0,False,False,,,,,,2026-10-01
2026-10,685508741918976,3,3272634244,Đến hạn,Normal,"1-20, idle<=90",2025-05-26,2025-06-10 15:09:53,10,10,2026-09-20 13:30:00,10.0,Ho Thi Thanh,Inhouse 1,Ho Thi Thanh,Inhouse 1,Ms Laura,15500000.0,False,False,,,,,,2026-10-01
2026-10,703950749937922,3,3272839322,Đến hạn,Normal,"1-20, idle<=90",2025-08-31,2025-09-25 12:14:11,11,11,2026-09-25 14:00:00,5.0,Ta Thuy Van,Inhouse 1,Ta Thuy Van,Inhouse 1,Ellie Advisor,15900000.0,False,False,,,,,,2026-10-01
2026-10,705369991026946,3,3272920307,Đến hạn,Normal,"1-20, idle<=90",2025-09-30,2025-10-04 09:33:53,13,172,2026-09-27 17:30:00,3.0,Tran Thi Son,Inhouse 1,Tran Thi Son,Inhouse 1,Ellie Advisor,16820000.0,True,True,762187435536642,2026-07-31 00:00:00,24059000.0,GMV+REM,299.0,2026-10-01
2026-10,733373944422662,4,3272994467,Đến hạn,Normal,"1-20, idle<=90",2026-03-07,2026-03-07 22:28:43,12,12,2026-09-27 22:00:00,3.0,Ho Thi Thanh,Inhouse 1,Ho Thi Thanh,Inhouse 1,Ms Laura,7950000.0,False,False,,,,,,2026-10-01
2026-10,755086814611718,6,3273112762,Đến hạn,Normal,"1-20, idle<=90",,2026-07-08 15:26:13,17,17,2026-09-23 21:30:00,7.0,Pham Thi Thao,Inhouse 1,Pham Thi Thao,Inhouse 1,Ellie Advisor,4290000.0,False,False,,,,,,2026-10-01
2026-10,733142879197446,4,3273114829,Đến hạn,Normal,"1-20, idle<=90",2025-07-28,2026-03-06 16:34:32,4,4,2026-09-26 22:30:00,4.0,Ta Thuy Van,Inhouse 1,Ta Thuy Van,Inhouse 1,Ellie Advisor,8150000.0,True,True,TMP_3273114829_20260911,2026-09-11 00:00:00,8680000.0,GMV,188.0,2026-10-01
2026-10,617636364593408,1,3273186169,Đến hạn,Normal,"1-20, idle<=90",2024-05-22,2024-05-23 10:01:35,20,20,2026-09-27 11:00:00,3.0,Le To Hai My,Inhouse 1,Bui Thi Thai Duong,Inhouse 1,Ms Laura,10800000.0,False,False,,,,,,2026-10-01
2026-10,702692368826626,2,3273229097,Đến hạn,Normal,"1-20, idle<=90",2025-09-15,2025-09-15 12:51:20,10,10,2026-09-29 21:30:00,1.0,Laura - Team 2 Admin,Other,Le Thi Lan Anh,Inhouse 1,Ellie Advisor,15900000.0,False,False,,,,,,2026-10-01
2026-10,752759223087368,1,3273430880,Đến hạn,Normal,"1-20, idle<=90",2026-05-29,2026-06-27 19:31:44,8,8,2026-09-29 21:00:00,1.0,Le Thi Lan Anh,Inhouse 1,Le Thi Lan Anh,Inhouse 1,Dao Thi Hoang Yen,4740000.0,False,False,,,,,,2026-10-01
2026-10,755112759484674,1,3273664626,Đến hạn,Normal,"1-20, idle<=90",2026-07-08,2026-07-10 12:55:00,3,3,2026-09-26 21:00:00,4.0,Vu Thuy Huong,Offline Team HaNoi,Vu Thuy Huong,Offline Team HaNoi,Tran Thu Ha,4900000.0,False,False,,,,,,2026-10-01
2026-10,733317557084418,3,3273702580,Đến hạn,Normal,"1-20, idle<=90",2026-03-06,2026-03-12 00:17:57,2,2,2026-09-26 22:30:00,4.0,Bui Thi Hong Van,Inhouse 1,Bui Thi Hong Van,Inhouse 1,Ruby Advisor,7725000.0,False,False,,,,,,2026-10-01
2026-10,723748590121218,3,3273908564,Đến hạn,Normal,"1-20, idle<=90",2025-11-28,2026-01-13 12:37:56,11,11,2026-09-28 18:30:00,2.0,Bui Thi Hong Van,Inhouse 1,Bui Thi Hong Van,Inhouse 1,Ruby Advisor,15900000.0,False,False,,,,,,2026-10-01
2026-10,743615018963206,5,3273973295,Đến hạn,Normal,"1-20, idle<=90",2026-04-30,2026-05-05 10:10:41,10,10,2026-09-27 21:00:00,3.0,Tran Thi Son,Inhouse 1,Tran Thi Son,Inhouse 1,Ellie Advisor,7950000.0,False,False,,,,,,2026-10-01
2026-10,650870645258496,2,3274137472,Đến hạn,Frozen,"1-20, idle<=90",2024-11-26,2024-11-26 21:39:07,6,6,2026-08-23 18:00:00,38.0,Le Thi Lan Anh,Inhouse 1,Le Thi Lan Anh,Inhouse 1,Ellie Advisor,36750000.0,False,False,,,,,,2026-10-01
2026-10,724317418338564,3,3274280333,Đến hạn,Normal,"1-20, idle<=90",2026-01-15,2026-01-15 18:37:54,10,63,2026-09-28 18:30:00,2.0,Ho Thi Thanh,Inhouse 1,Ho Thi Thanh,Inhouse 1,Ms Laura,8250000.0,True,True,755466573848838,2026-07-10 00:00:00,8250000.0,GMV+REM,175.0,2026-10-01
2026-10,623123331184912,1,3274369504,Đến hạn,Normal,"1-20, idle<=90",2024-06-22,2024-06-22 23:55:58,12,12,2026-09-27 19:00:00,3.0,Vu Khanh Linh,Other,Cao Thi Lua,Inhouse 1,Ellie Advisor,16200000.0,False,False,,,,,,2026-10-01
2026-10,695459494750464,2,3274369812,Đến hạn,Normal,"1-20, idle<=90",2024-10-30,2025-08-05 16:15:54,1,1,2026-09-28 14:00:00,2.0,Le Thi Lan Anh,Inhouse 1,Le Thi Lan Anh,Inhouse 1,Ellie Advisor,15160000.0,False,False,,,,,,2026-10-01
2026-10,742494581872902,2,3274728347,Đến hạn,Normal,"1-20, idle<=90",2026-04-28,2026-04-28 11:28:08,9,9,2026-09-24 16:00:00,6.0,Le Minh Thanh,Ho Chi Minh,Tran Quoc Dung,Other,Dao Thi Hoang Yen,7685000.0,False,False,,,,,,2026-10-01
2026-10,747624376287496,5,3275178757,Đến hạn,Normal,"1-20, idle<=90",2026-05-27,2026-05-28 23:55:37,17,17,2026-09-29 20:00:00,1.0,Ho Thi Thanh,Inhouse 1,Ho Thi Thanh,Inhouse 1,Ms Laura,7685000.0,False,False,,,,,,2026-10-01
2026-10,684144982194434,2,3276042623,Đến hạn,Normal,"1-20, idle<=90",2025-05-31,2025-06-02 17:13:10,5,5,2026-09-24 12:30:00,6.0,Le Thuy Nhung,Inhouse 1,Le Thuy Nhung,Inhouse 1,Thao Chi Advisor,15840000.0,False,False,,,,,,2026-10-01
2026-10,699321754972418,2,3276059922,Đến hạn,Normal,"1-20, idle<=90",2025-06-27,2025-08-28 16:42:44,9,9,2026-09-28 22:00:00,2.0,Bui Thi Hong Van,Inhouse 1,Bui Thi Hong Van,Inhouse 1,Ruby Advisor,15650000.0,False,False,,,,,,2026-10-01
2026-10,706653076863236,2,3276060073,Đến hạn,Normal,"1-20, idle<=90",,2025-10-07 22:36:29,14,14,2026-09-29 22:00:00,1.0,Ta Thuy Van,Inhouse 1,Ta Thuy Van,Inhouse 1,Ellie Advisor,15650000.0,False,False,,,,,,2026-10-01
2026-10,694775377099010,2,3276194295,Đến hạn,Normal,"1-20, idle<=90",2025-07-31,2025-08-04 09:45:25,9,9,2026-09-29 10:30:00,1.0,Nguyen Thuy Trang,Inhouse 1,Nguyen Thuy Trang,Inhouse 1,Thao Chi Advisor,15500000.0,False,False,,,,,,2026-10-01
2026-10,738651569821958,5,3276230906,Đến hạn,Normal,"1-20, idle<=90",2025-08-16,2026-04-08 21:29:27,18,71,2026-09-25 21:00:00,5.0,Nguyen Thuy Trang,Inhouse 1,Nguyen Thuy Trang,Inhouse 1,Thao Chi Advisor,4160000.0,True,True,760068025327874,2026-08-05 18:53:37,7840000.0,REM,118.0,2026-10-01
2026-10,737075325169922,4,3276338718,Đến hạn,Normal,"1-20, idle<=90",2026-03-28,2026-03-28 20:20:25,17,17,2026-09-27 10:00:00,3.0,Nguyen Thuy Trang,Inhouse 1,Nguyen Thuy Trang,Inhouse 1,Thao Chi Advisor,7950000.0,False,False,,,,,,2026-10-01
2026-10,651546732007682,2,3276370094,Đến hạn,Normal,"1-20, idle<=90",2024-11-29,2024-11-30 16:13:40,10,116,2026-09-26 17:00:00,4.0,Nguyen Thi Nhung,Other,Bui Thi Thai Duong,Inhouse 1,Ms Laura,15400000.0,True,True,763725790750978,2026-08-24 00:00:00,15900000.0,GMV+REM,631.0,2026-10-01
2026-10,737075721179400,4,3276395684,Đến hạn,Normal,"1-20, idle<=90",2026-03-28,2026-03-28 20:29:09,12,12,2026-09-27 14:30:00,3.0,Nguyen Thuy Trang,Inhouse 1,Nguyen Thuy Trang,Inhouse 1,Thao Chi Advisor,7950000.0,False,False,,,,,,2026-10-01
2026-10,737011977699592,1,3276459634,Đến hạn,Normal,"1-20, idle<=90",2026-03-26,2026-03-29 18:56:11,1,1,2026-09-29 21:30:00,1.0,Nguyen Thi Thao Ngoc,Inhouse 1,Nguyen Thi Thao Ngoc,Inhouse 1,Diem Quynh Advisor,9045700.0,False,False,,,,,,2026-10-01
2026-10,737360699572488,5,3276636572,Đến hạn,Normal,"1-20, idle<=90",2026-03-17,2026-03-31 11:20:51,8,8,2026-09-27 14:30:00,3.0,Bui Thi Thai Duong,Inhouse 1,Bui Thi Thai Duong,Inhouse 1,Ellie Advisor,7950000.0,False,False,,,,,,2026-10-01
2026-10,737360803596550,5,3276718498,Đến hạn,Normal,"1-20, idle<=90",2026-03-17,2026-03-31 11:20:30,12,12,2026-09-27 15:00:00,3.0,Bui Thi Thai Duong,Inhouse 1,Bui Thi Thai Duong,Inhouse 1,Ellie Advisor,7950000.0,False,False,,,,,,2026-10-01
2026-10,700548615815428,2,3276875190,Đến hạn,Normal,"1-20, idle<=90",2025-04-20,2025-09-03 10:04:29,13,13,2026-09-27 11:30:00,3.0,Le Thuy Nhung,Inhouse 1,Le Thuy Nhung,Inhouse 1,Thao Chi Advisor,18600000.0,False,False,,,,,,2026-10-01
2026-10,714192839618816,3,3276875743,Đến hạn,Normal,"1-20, idle<=90",2025-08-22,2025-11-19 20:23:07,5,58,2026-09-28 21:00:00,2.0,Le Thuy Nhung,Inhouse 1,Le Thuy Nhung,Inhouse 1,Thao Chi Advisor,16430000.0,True,True,763447880360194,2026-08-24 00:00:00,8215000.0,GMV+REM,277.0,2026-10-01
2026-10,689289724967168,2,3276876026,Đến hạn,Normal,"1-20, idle<=90",2025-06-30,2025-07-01 18:58:54,10,116,2026-09-27 16:30:00,3.0,Le Kim Chi,Inhouse 1,Le Kim Chi,Inhouse 1,Ruby Advisor,15400000.0,True,True,764659357026568,2026-08-31 00:00:00,15900000.0,GMV+REM,425.0,2026-10-01
2026-10,714192994046212,3,3276881143,Đến hạn,Normal,"1-20, idle<=90",2025-10-31,2025-11-19 20:21:20,5,58,2026-09-28 21:00:00,2.0,Le Thuy Nhung,Inhouse 1,Le Thuy Nhung,Inhouse 1,Thao Chi Advisor,16430000.0,True,True,763448055939330,2026-08-24 00:00:00,8215000.0,GMV+REM,277.0,2026-10-01
2026-10,728394026586374,4,3277044579,Đến hạn,Normal,"1-20, idle<=90",2026-01-31,2026-02-07 18:49:38,18,18,2026-09-28 22:30:00,2.0,Le Thuy Nhung,Inhouse 1,Le Thuy Nhung,Inhouse 1,Thao Chi Advisor,7750000.0,False,False,,,,,,2026-10-01
2026-10,762197590997250,1,3277161197,Đến hạn,Normal,"1-20, idle<=90",2026-08-15,2026-08-20 13:37:43,13,13,2026-09-29 22:00:00,1.0,Dao Phuong Thao,Inhouse 1,Nguyen Phuong Thuy,Inhouse 1,Ms Jenny Advisor,4615400.0,False,False,,,,,,2026-10-01
2026-10,657384232816896,2,3277328561,Đến hạn,Normal,"1-20, idle<=90",2024-12-30,2025-01-05 09:01:59,11,11,2026-09-27 09:30:00,3.0,Dang Thu Trang,Other,Ho Thi Thanh,Inhouse 1,Ms Laura,15900000.0,False,False,,,,,,2026-10-01
2026-10,637389273411852,2,3277547888,Đến hạn,Normal,"1-20, idle<=90",2024-08-27,2024-09-11 19:31:01,1,1,2026-09-20 22:30:00,10.0,Nguyen Kieu Trang,Inhouse 1,Nguyen Kieu Trang,Inhouse 1,Ruby Advisor,8000000.0,False,False,,,,,,2026-10-01
2026-10,635121226856704,2,3277815871,Đến hạn,Normal,"1-20, idle<=90",2024-08-29,2024-08-29 15:52:41,16,16,2026-09-26 11:00:00,4.0,Le Thuy Nhung,Inhouse 1,Le Thuy Nhung,Inhouse 1,Thao Chi Advisor,16056000.0,False,False,,,,,,2026-10-01
2026-10,736166886093062,3,3278070709,Đến hạn,Normal,"1-20, idle<=90",2026-03-06,2026-03-24 19:26:09,3,3,2026-09-26 23:00:00,4.0,Bui Thi Hong Van,Inhouse 1,Bui Thi Hong Van,Inhouse 1,Ruby Advisor,7725000.0,False,False,,,,,,2026-10-01
2026-10,740237330936070,1,3278086711,Đến hạn,Normal,"1-20, idle<=90",2026-04-15,2026-04-15 17:11:11,6,6,2026-09-26 20:30:00,4.0,Ho Thi Thanh,Inhouse 1,Ho Thi Thanh,Inhouse 1,Ms Jenny Advisor,9080000.0,False,False,,,,,,2026-10-01
2026-10,764646655127816,1,3278119462,Đến hạn,Normal,"1-20, idle<=90",2026-08-31,2026-08-31 16:46:25,17,17,2026-09-27 21:30:00,3.0,Le Kim Chi,Inhouse 1,Le Kim Chi,Inhouse 1,Ms Laura,4550000.0,False,False,,,,,,2026-10-01
2026-10,670651292193026,2,3278122719,Đến hạn,Normal,"1-20, idle<=90",2025-03-17,2025-03-18 12:08:23,11,117,2026-09-25 17:30:00,5.0,Nguyen Linh Chi,Inhouse 1,Kieu Thi Thu Quynh,Inhouse 1,Nguyen Linh Chi,15900000.0,True,True,761687224893702,2026-08-14 00:00:00,15900000.0,GMV+REM,513.0,2026-10-01
2026-10,739869708849416,4,3278133760,Đến hạn,Normal,"1-20, idle<=90",2025-12-31,2026-04-13 18:19:38,18,18,2026-09-29 20:30:00,1.0,Bui Thi Hong Van,Inhouse 1,Bui Thi Hong Van,Inhouse 1,Ruby Advisor,8050000.0,False,False,,,,,,2026-10-01
2026-10,698972095742208,2,3278167077,Đến hạn,Normal,"1-20, idle<=90",2025-08-13,2025-08-25 12:57:42,17,17,2026-09-29 21:00:00,1.0,Tran Thi Son,Inhouse 1,Tran Thi Son,Inhouse 1,Ellie Advisor,16820000.0,False,False,,,,,,2026-10-01
2026-10,698254591039748,2,3278170295,Đến hạn,Normal,"1-20, idle<=90",2025-08-20,2025-08-26 16:47:58,2,2,2026-09-28 18:00:00,2.0,Ta Thuy Van,Inhouse 1,Ta Thuy Van,Inhouse 1,Ellie Advisor,16820000.0,False,False,,,,,,2026-10-01
2026-10,749744965626118,2,3278605963,Đến hạn,Normal,"1-20, idle<=90",2024-09-09,2026-06-08 11:13:18,15,15,2026-09-26 20:30:00,4.0,Nguyen Kieu Trang,Inhouse 1,Nguyen Kieu Trang,Inhouse 1,Ruby Advisor,8013000.0,False,False,,,,,,2026-10-01
2026-10,707117555681538,3,3278782122,Đến hạn,Normal,"1-20, idle<=90",2025-10-09,2025-10-10 20:50:58,20,20,2026-09-28 21:00:00,2.0,Le To Hai My,Inhouse 1,Nguyen Cam Tu,Inhouse 1,Ellie Advisor,16019200.0,False,False,,,,,,2026-10-01
2026-10,732154860488962,4,3278897748,Đến hạn,Normal,"1-20, idle<=90",2026-02-28,2026-03-02 20:16:14,16,16,2026-09-29 18:30:00,1.0,Nguyen Thi Hang Nga,Inhouse 1,Ta Thuy Van,Inhouse 1,Ellie Advisor,9330000.0,False,False,,,,,,2026-10-01
2026-10,757964554961160,8,3279026157,Đến hạn,Normal,"1-20, idle<=90",2026-07-24,2026-07-25 14:26:23,10,10,2026-09-25 19:00:00,5.0,Ta Thuy Van,Inhouse 1,Ta Thuy Van,Inhouse 1,Ellie Advisor,4420000.0,False,False,,,,,,2026-10-01
2026-10,747342351307014,4,3279157577,Đến hạn,Normal,"1-20, idle<=90",2026-05-25,2026-05-26 10:45:51,16,16,2026-09-29 16:30:00,1.0,Tran Thi Son,Inhouse 1,Tran Thi Son,Inhouse 1,Ellie Advisor,7685000.0,False,False,,,,,,2026-10-01
2026-10,726438437460232,3,3279198909,Đến hạn,Normal,"1-20, idle<=90",2026-01-27,2026-01-27 17:33:23,10,10,2026-09-27 19:30:00,3.0,Ho Thi Thanh,Inhouse 1,Ho Thi Thanh,Inhouse 1,Ms Laura,7685000.0,False,False,,,,,,2026-10-01
2026-10,707095989113088,2,3279267887,Đến hạn,Normal,"1-20, idle<=90",2025-10-09,2025-10-10 10:50:15,16,16,2026-09-29 21:00:00,1.0,Nguyen Linh Chi,Inhouse 1,Kieu Thi Thu Quynh,Inhouse 1,Ellie Advisor,15900000.0,False,False,,,,,,2026-10-01
2026-10,740185236093192,4,3279472922,Đến hạn,Normal,"1-20, idle<=90",2026-04-14,2026-04-15 11:23:58,7,60,2026-09-27 22:00:00,3.0,Le Thi Tuyet,Inhouse 1,Le Thi Tuyet,Inhouse 1,Ms Laura,7950000.0,True,True,769578810953986,2026-09-28 00:00:00,7950000.0,GMV+REM,165.0,2026-10-01
2026-10,697901752396032,2,3279591653,Đến hạn,Normal,"1-20, idle<=90",2025-08-16,2025-08-22 14:52:54,3,3,2026-09-29 22:00:00,1.0,Nguyen Lan Anh,Other,Kieu Thi Thu Quynh,Inhouse 1,Ellie Advisor,15911700.0,False,False,,,,,,2026-10-01
2026-10,731519584016648,3,3279594594,Đến hạn,Normal,"1-20, idle<=90",2026-02-25,2026-02-25 11:00:09,2,2,2026-09-19 08:30:00,11.0,Bui Thi Hong Van,Inhouse 1,Bui Thi Hong Van,Inhouse 1,Thao Chi Advisor,7950000.0,False,False,,,,,,2026-10-01
2026-10,703438240721152,1,3279743658,Đến hạn,Normal,"1-20, idle<=90",2025-08-26,2025-09-20 12:46:47,2,2,2026-09-27 22:00:00,3.0,Nguyen Kieu Trang,Inhouse 1,Nguyen Kieu Trang,Inhouse 1,Ruby Advisor,17400000.0,False,False,,,,,,2026-10-01
2026-10,742838531545352,5,3279974455,Đến hạn,Normal,"1-20, idle<=90",2026-04-29,2026-05-05 15:23:25,2,55,2026-09-27 16:00:00,3.0,Ho Thi Thanh,Inhouse 1,Ho Thi Thanh,Inhouse 1,Ms Laura,4160000.0,True,True,743764785873154,2026-05-05 15:36:32,7950000.0,REM,0.0,2026-10-01
2026-10,705689111144708,2,3279988197,Đến hạn,Normal,"1-20, idle<=90",2025-10-01,2025-10-02 20:40:47,1,1,2026-09-19 12:30:00,11.0,Nguyen Linh Chi,Inhouse 1,Kieu Thi Thu Quynh,Inhouse 1,Nguyen Linh Chi,7950000.0,False,False,,,,,,2026-10-01
2026-10,708156465416452,2,3279997496,Đến hạn,Normal,"1-20, idle<=90",2025-06-30,2025-10-16 11:21:41,11,11,2026-09-29 18:00:00,1.0,Nguyen Kieu Trang,Inhouse 1,Nguyen Kieu Trang,Inhouse 1,Thao Chi Advisor,16430000.0,False,False,,,,,,2026-10-01
2026-10,732440378538248,3,3280016136,Đến hạn,Normal,"1-20, idle<=90",2026-02-22,2026-03-02 15:49:17,1,1,2026-09-29 22:00:00,1.0,Le To Hai My,Inhouse 1,Ho Thi Thanh,Inhouse 1,Ms Laura,8450000.0,False,False,,,,,,2026-10-01
2026-10,724442848960772,3,3280178184,Đến hạn,Normal,"1-20, idle<=90",2025-08-18,2026-01-16 11:00:23,15,15,2026-09-28 21:30:00,2.0,Le Kim Chi,Inhouse 1,Le Kim Chi,Inhouse 1,Thao Chi Advisor,16430000.0,False,False,,,,,,2026-10-01
2026-10,698087964338432,2,3280327216,Đến hạn,Normal,"1-20, idle<=90",2025-08-20,2025-08-20 19:26:50,2,108,2026-09-25 20:00:00,5.0,Tran Thi Son,Inhouse 1,Tran Thi Son,Inhouse 1,Ellie Advisor,16820000.0,True,True,747265435961602,2026-05-23 00:00:00,16430000.0,GMV+REM,275.0,2026-10-01
2026-10,706439624777984,2,3280456784,Đến hạn,Normal,"1-20, idle<=90",2025-10-03,2025-10-09 06:22:34,13,13,2026-09-27 21:30:00,3.0,Laura - Team 2 Admin,Other,Bui Thi Thai Duong,Inhouse 1,Ms Laura,16019200.0,False,False,,,,,,2026-10-01
2026-10,668000435671296,1,3280477569,Đến hạn,Normal,"1-20, idle<=90",2025-02-28,2025-03-03 21:31:03,16,16,2026-09-27 15:30:00,3.0,Tran Thi Son,Inhouse 1,Tran Thi Son,Inhouse 1,Ms Laura,18120000.0,False,False,,,,,,2026-10-01
2026-10,643577438472460,1,3280503235,Đến hạn,Normal,"1-20, idle<=90",2024-10-15,2024-10-19 16:29:08,10,10,2026-09-27 17:00:00,3.0,Tran Thi Son,Inhouse 1,Tran Thi Son,Inhouse 1,Tran Thi Son,18820000.0,False,False,,,,,,2026-10-01
2026-10,726976496212230,5,3280556541,Đến hạn,Normal,"1-20, idle<=90",2026-01-30,2026-02-01 15:13:13,1,1,2026-07-11 21:30:00,81.0,Nguyen Thuy Trang,Inhouse 1,Nguyen Thuy Trang,Inhouse 1,Thao Chi Advisor,12375000.0,False,False,,,,,,2026-10-01
2026-10,739841028729094,4,3280596642,Đến hạn,Normal,"1-20, idle<=90",2026-01-30,2026-04-13 11:24:32,4,54,2026-09-28 17:00:00,2.0,Le To Hai My,Inhouse 1,Bui Thi Thai Duong,Inhouse 1,Ruby Advisor,23250000.0,True,True,769567640506632,2026-06-19 00:00:00,23250000.0,GMV+REM,66.0,2026-10-01
2026-10,739517378183432,4,3280598445,Đến hạn,Normal,"1-20, idle<=90",2025-12-29,2026-04-14 13:55:51,9,9,2026-09-27 15:30:00,3.0,Bui Thi Hong Van,Inhouse 1,Bui Thi Hong Van,Inhouse 1,Ruby Advisor,8250000.0,False,False,,,,,,2026-10-01
2026-10,739841217792258,4,3280598760,Đến hạn,Normal,"1-20, idle<=90",2026-01-30,2026-04-13 11:52:28,9,59,2026-09-28 17:30:00,2.0,Le To Hai My,Inhouse 1,Bui Thi Thai Duong,Inhouse 1,Ruby Advisor,23250000.0,True,True,769567766259970,2026-06-19 00:00:00,23250000.0,GMV+REM,66.0,2026-10-01
2026-10,753650471244034,7,3280656292,Đến hạn,Normal,"1-20, idle<=90",2026-06-30,2026-06-30 20:07:31,16,16,2026-09-26 16:30:00,4.0,Nguyen Thuy Trang,Inhouse 1,Nguyen Thuy Trang,Inhouse 1,Thao Chi Advisor,12375000.0,False,False,,,,,,2026-10-01
2026-10,699219880454404,2,3280793068,Đến hạn,Normal,"1-20, idle<=90",2025-08-26,2025-08-27 05:50:32,18,18,2026-09-25 20:00:00,5.0,Tran Thi Thu Hang,Inhouse 1,Kieu Thi Thu Quynh,Inhouse 1,Ellie Advisor,16500000.0,False,False,,,,,,2026-10-01
2026-10,726434222729474,3,3280894798,Đến hạn,Normal,"1-20, idle<=90",2026-01-27,2026-01-27 17:05:57,6,6,2026-09-27 14:00:00,3.0,Ho Thi Thanh,Inhouse 1,Ho Thi Thanh,Inhouse 1,Ms Laura,7685000.0,False,False,,,,,,2026-10-01
2026-10,740447677565190,3,3280934301,Đến hạn,Normal,"1-20, idle<=90",2026-04-16,2026-04-20 18:45:22,9,9,2026-09-20 16:30:00,10.0,Nguyen Minh Phat,Ho Chi Minh,Nguyen Minh Phat,Ho Chi Minh,Dao Thi Hoang Yen,8215000.0,False,False,,,,,,2026-10-01
2026-10,710162224849156,2,3280951458,Đến hạn,Normal,"1-20, idle<=90",2025-08-01,2025-10-27 20:45:34,11,11,2026-09-27 15:30:00,3.0,Ho Thi Thanh,Inhouse 1,Ho Thi Thanh,Inhouse 1,Ellie Advisor,16500000.0,False,False,,,,,,2026-10-01
2026-10,674766180206848,3,3280955690,Đến hạn,Normal,"1-20, idle<=90",2025-01-31,2025-04-11 16:00:42,3,3,2026-09-27 17:00:00,3.0,Tran Thi Son,Inhouse 1,Tran Thi Son,Inhouse 1,Ellie Advisor,7839000.0,True,True,TMP_3280955690_20260309,2026-03-09 00:00:00,15900000.0,GMV,331.0,2026-10-01
2026-10,727974088345858,3,3281125282,Đến hạn,Normal,"1-20, idle<=90",2026-01-31,2026-02-06 16:58:01,3,3,2026-09-27 17:30:00,3.0,Nguyen Thuy Trang,Inhouse 1,Nguyen Thuy Trang,Inhouse 1,Thao Chi Advisor,8380000.0,False,False,,,,,,2026-10-01
2026-10,685926701003012,2,3281202313,Đến hạn,Normal,"1-20, idle<=90",2025-06-12,2025-06-12 18:50:17,13,13,2026-09-29 22:00:00,1.0,Laura - Team 2 Admin,Other,Nguyen Cam Tu,Inhouse 1,Le To Hai My,16820000.0,False,False,,,,,,2026-10-01
2026-10,739127342184710,4,3281246669,Đến hạn,Normal,"1-20, idle<=90",2026-03-31,2026-04-14 22:21:32,17,17,2026-09-29 23:00:00,1.0,Ho Thi Thanh,Inhouse 1,Ho Thi Thanh,Inhouse 1,Ms Laura,23250000.0,False,False,,,,,,2026-10-01
2026-10,747987283253510,5,3281536501,Đến hạn,Normal,"1-20, idle<=90",2026-05-29,2026-05-29 12:27:41,17,17,2026-09-26 22:30:00,4.0,Tran Thi Son,Inhouse 1,Tran Thi Son,Inhouse 1,Ms Laura,15900000.0,False,False,,,,,,2026-10-01
2026-10,726563036014850,1,3281568508,Đến hạn,Normal,"1-20, idle<=90",2026-01-27,2026-01-28 22:25:15,13,225,2026-09-28 22:00:00,2.0,Tran Thi Son,Inhouse 1,Tran Thi Son,Inhouse 1,Diem Quynh Advisor,10080000.0,True,True,762535520121094,2026-08-19 00:00:00,31800000.0,GMV+REM,202.0,2026-10-01
2026-10,718454931564804,2,3281659773,Đến hạn,Normal,"1-20, idle<=90",2025-11-24,2025-12-13 15:09:43,15,15,2026-09-27 21:30:00,3.0,Ho Thi Thanh,Inhouse 1,Ho Thi Thanh,Inhouse 1,Ms Laura,45955000.0,False,False,,,,,,2026-10-01
2026-10,715059624405252,1,3281745781,Đến hạn,Normal,"1-20, idle<=90",2025-11-23,2025-11-24 15:06:52,16,16,2026-09-28 18:30:00,2.0,Nguyen Thi Thao Ngoc,Inhouse 1,Nguyen Thi Thao Ngoc,Inhouse 1,Ruby Advisor,17820000.0,False,False,,,,,,2026-10-01
2026-10,709348766402820,3,3281816586,Đến hạn,Normal,"1-20, idle<=90",2025-10-23,2025-10-23 13:10:51,8,8,2026-09-28 21:30:00,2.0,Tran Vo Minh Thu,Ho Chi Minh,Lai Ngoc Thuy Linh,Ho Chi Minh,Dao Thi Hoang Yen,16430000.0,False,False,,,,,,2026-10-01
2026-10,713727266351360,1,3281849147,Đến hạn,Normal,"1-20, idle<=90",2025-10-31,2025-11-16 21:48:29,1,107,2026-09-28 21:00:00,2.0,Kieu Thi Thu Quynh,Inhouse 1,Kieu Thi Thu Quynh,Inhouse 1,Ms Laura,8580000.0,True,True,732461612108038,2026-03-02 00:00:00,16430000.0,GMV+REM,105.0,2026-10-01
2026-10,737354001049858,1,3281974199,Đến hạn,Normal,"1-20, idle<=90",2026-03-29,2026-03-30 16:33:35,8,8,2026-09-29 17:30:00,1.0,Tran Thi Son,Inhouse 1,Tran Thi Son,Inhouse 1,Thao Chi Advisor,8480000.0,True,True,TMP_3281974199_20260919,2026-09-19 00:00:00,7950000.0,GMV,172.0,2026-10-01
2026-10,687877560516866,4,3282186668,Đến hạn,Normal,"1-20, idle<=90",2025-06-23,2025-06-24 14:25:50,12,12,2026-09-26 14:30:00,4.0,Tran Vo Minh Thu,Ho Chi Minh,Nguyen Minh Phat,Ho Chi Minh,Dao Thi Hoang Yen,8000000.0,False,False,,,,,,2026-10-01
2026-10,737065134377224,5,3282295154,Đến hạn,Normal,"1-20, idle<=90",2026-03-28,2026-04-01 22:17:42,9,9,2026-09-26 19:00:00,4.0,Le Kim Chi,Inhouse 1,Le Kim Chi,Inhouse 1,Ruby Advisor,8250000.0,False,False,,,,,,2026-10-01
2026-10,651616042217744,1,3282366903,Đến hạn,Normal,"1-20, idle<=90",2024-11-30,2024-12-01 02:20:28,7,7,2026-09-27 15:00:00,3.0,Bui Thi Hong Van,Inhouse 1,Bui Thi Hong Van,Inhouse 1,Ms Laura,16820000.0,False,False,,,,,,2026-10-01
2026-10,749927662352648,3,3282397122,Đến hạn,Normal,"1-20, idle<=90",2026-06-09,2026-06-09 11:31:46,16,16,2026-09-24 19:30:00,6.0,Nguyen Kieu Trang,Inhouse 1,Nguyen Kieu Trang,Inhouse 1,Ruby Advisor,7950000.0,False,False,,,,,,2026-10-01
2026-10,752639866065158,4,3282521736,Đến hạn,Normal,"1-20, idle<=90",2026-06-24,2026-06-25 09:40:52,2,2,2026-09-25 22:00:00,5.0,Ho Thi Thanh,Inhouse 1,Ho Thi Thanh,Inhouse 1,Ms Laura,4420000.0,False,False,,,,,,2026-10-01
2026-10,700773263405316,1,3282896292,Đến hạn,Normal,"1-20, idle<=90",2025-09-01,2025-09-04 16:47:16,16,122,2026-09-27 18:30:00,3.0,Nguyen Kieu Trang,Inhouse 1,Nguyen Kieu Trang,Inhouse 1,Ruby Advisor,17820000.0,True,True,768694869942534,2026-09-22 00:00:00,17320000.0,GMV+REM,382.0,2026-10-01
2026-10,756356282315010,4,3282937437,Đến hạn,Normal,"1-20, idle<=90",2026-07-15,2026-07-16 12:21:40,4,4,2026-09-25 17:00:00,5.0,Lai Ngoc Thuy Linh,Ho Chi Minh,Lai Ngoc Thuy Linh,Ho Chi Minh,Dao Thi Hoang Yen,4290000.0,False,False,,,,,,2026-10-01
2026-10,731911787637000,3,3282981743,Đến hạn,Normal,"1-20, idle<=90",2026-02-27,2026-02-28 19:07:17,6,6,2026-09-27 11:30:00,3.0,Nguyen Linh Chi,Inhouse 1,Ho Thi Thanh,Inhouse 1,Ellie Advisor,7950000.0,False,False,,,,,,2026-10-01
2026-10,724618790101248,2,3283052914,Đến hạn,Normal,"1-20, idle<=90",2026-01-16,2026-01-17 11:14:42,4,4,2026-09-28 21:30:00,2.0,Bui Thi Hong Van,Inhouse 1,Bui Thi Hong Van,Inhouse 1,Ruby Advisor,7950000.0,False,False,,,,,,2026-10-01
2026-10,736310356863240,1,3283061302,Đến hạn,Normal,"1-20, idle<=90",2026-03-23,2026-03-25 14:37:49,7,7,2026-09-28 20:30:00,2.0,Nguyen Thuy Trang,Inhouse 1,Nguyen Thuy Trang,Inhouse 1,Thao Chi Advisor,8853000.0,False,False,,,,,,2026-10-01
2026-10,758459257411848,1,3283234650,Đến hạn,Normal,"1-20, idle<=90",2026-07-25,2026-07-27 20:10:07,8,8,2026-09-25 21:30:00,5.0,Nguyen Thi Thuy Hang,Other,Nguyen Thi Thuy Hang,Other,Diem Quynh Advisor,4420000.0,False,False,,,,,,2026-10-01
2026-10,720900530422016,3,3283276408,Đến hạn,Normal,"1-20, idle<=90",2025-12-26,2025-12-27 11:25:21,12,12,2026-09-29 19:30:00,1.0,Tran Thi Thaoo,Inhouse 1,Nguyen Cam Tu,Inhouse 1,Ellie Advisor,8215000.0,True,True,TMP_3283276408_20260530,2026-05-30 00:00:00,15900000.0,GMV,153.0,2026-10-01
2026-10,716530402887940,3,3283312274,Đến hạn,Normal,"1-20, idle<=90",2025-12-01,2025-12-02 18:02:16,5,5,2026-08-27 21:30:00,34.0,Nguyen Thuy Trang,Inhouse 1,Nguyen Thuy Trang,Inhouse 1,Thao Chi Advisor,7950000.0,False,False,,,,,,2026-10-01
2026-10,720055549118720,3,3283376533,Đến hạn,Normal,"1-20, idle<=90",2025-12-22,2025-12-23 16:53:22,3,3,2026-09-29 23:30:00,1.0,Nguyen Linh Chi,Inhouse 1,Kieu Thi Thu Quynh,Inhouse 1,Ms Laura,8480000.0,True,True,TMP_3283376533_20260702,2026-07-02 00:00:00,8215000.0,GMV,190.0,2026-10-01
2026-10,685531341826304,2,3283447351,Đến hạn,Normal,"1-20, idle<=90",2025-04-18,2025-06-10 15:54:53,1,1,2026-09-27 19:00:00,3.0,Bui Thi Hong Van,Inhouse 1,Bui Thi Hong Van,Inhouse 1,Ruby Advisor,16450000.0,True,True,TMP_3283447351_20260524,2026-05-24 00:00:00,16650000.0,GMV,347.0,2026-10-01
2026-10,673163422908672,2,3283492041,Đến hạn,Normal,"1-20, idle<=90",2025-03-31,2025-04-01 15:41:16,1,107,2026-09-28 19:30:00,2.0,Le To Hai My,Inhouse 1,Kieu Thi Thu Quynh,Inhouse 1,Ms Laura,15500000.0,True,True,766074859186440,2026-05-19 00:00:00,15900000.0,GMV+REM,412.0,2026-10-01
2026-10,703469221417216,1,3283496092,Đến hạn,Normal,"1-20, idle<=90",2025-09-19,2025-09-20 18:47:36,2,108,2026-09-29 15:30:00,1.0,Le Thi Thuy Trang,Inhouse 1,Le Thi Thuy Trang,Inhouse 1,Ruby Advisor,18820000.0,True,True,729071270373638,2026-02-11 00:00:00,16630000.0,GMV+REM,143.0,2026-10-01
2026-10,731925754638600,3,3283503609,Đến hạn,Normal,"1-20, idle<=90",2026-02-27,2026-02-27 21:07:20,4,4,2026-09-29 21:30:00,1.0,Le Thi Lan Anh,Inhouse 1,Le Thi Lan Anh,Inhouse 1,Ellie Advisor,8400000.0,True,True,TMP_3283503609_20260929,2026-09-29 00:00:00,8250000.0,GMV,213.0,2026-10-01
2026-10,678122862012674,2,3283586822,Đến hạn,Normal,"1-20, idle<=90",2025-04-29,2025-04-29 19:16:23,16,16,2026-09-27 22:30:00,3.0,Tran Thi Son,Inhouse 1,Tran Thi Son,Inhouse 1,Ms Laura,16134200.0,False,False,,,,,,2026-10-01
2026-10,732806362321154,1,3283758348,Đến hạn,Normal,"1-20, idle<=90",,2026-03-09 16:06:18,5,5,2026-09-27 12:00:00,3.0,Bui Thi Thai Duong,Inhouse 1,Bui Thi Thai Duong,Inhouse 1,Ms Laura,4550000.0,False,False,,,,,,2026-10-01
2026-10,663094926465284,1,3283788304,Đến hạn,Normal,"1-20, idle<=90",2025-01-07,2025-02-03 18:11:08,10,10,2026-09-29 20:30:00,1.0,Truong My Hoa,Other,Tran Thi Son,Inhouse 1,Ms Laura,9580000.0,False,False,,,,,,2026-10-01
2026-10,685512409739520,3,3283796154,Đến hạn,Normal,"1-20, idle<=90",2025-04-29,2025-06-10 14:00:08,15,15,2026-09-29 20:30:00,1.0,Nguyen Linh Chi,Inhouse 1,Kieu Thi Thu Quynh,Inhouse 1,Ms Laura,15370000.0,False,False,,,,,,2026-10-01
2026-10,732442118775048,3,3284143911,Đến hạn,Normal,"1-20, idle<=90",2026-02-22,2026-03-02 15:50:39,7,7,2026-09-29 22:00:00,1.0,Le To Hai My,Inhouse 1,Bui Thi Thai Duong,Inhouse 1,Ms Laura,8450000.0,False,False,,,,,,2026-10-01
2026-10,736645583388934,3,3284365074,Đến hạn,Normal,"1-20, idle<=90",2026-01-31,2026-03-26 12:59:35,4,4,2026-09-26 14:00:00,4.0,Bui Thi Thai Duong,Inhouse 1,Bui Thi Thai Duong,Inhouse 1,Ellie Advisor,7950000.0,False,False,,,,,,2026-10-01
2026-10,692969772630276,2,3284633338,Đến hạn,Normal,"1-20, idle<=90",2025-07-22,2025-07-23 10:39:45,1,1,2026-09-29 20:30:00,1.0,Nguyen Thuy Trang,Inhouse 1,Nguyen Thuy Trang,Inhouse 1,Thao Chi Advisor,16430000.0,False,False,,,,,,2026-10-01
2026-10,742716454785282,4,3284637148,Đến hạn,Normal,"1-20, idle<=90",2026-04-29,2026-04-29 21:34:28,2,2,2026-09-28 21:00:00,2.0,Le Thi Lan Anh,Inhouse 1,Le Thi Lan Anh,Inhouse 1,Ellie Advisor,8250000.0,False,False,,,,,,2026-10-01
2026-10,685737316501764,2,3284689332,Đến hạn,Normal,"1-20, idle<=90",2025-06-11,2025-06-11 18:57:36,19,19,2026-09-27 15:00:00,3.0,Tran Thi Son,Inhouse 1,Tran Thi Son,Inhouse 1,Ms Laura,16320000.0,False,False,,,,,,2026-10-01
2026-10,718868075501826,2,3284815579,Đến hạn,Normal,"1-20, idle<=90",2025-08-23,2025-12-21 17:24:05,17,17,2026-09-29 23:00:00,1.0,Tran Thi Son,Inhouse 1,Tran Thi Son,Inhouse 1,Ms Laura,16820000.0,False,False,,,,,,2026-10-01
2026-10,758428021340424,1,3284867404,Đến hạn,Normal,"1-20, idle<=90",2026-07-26,2026-07-27 12:35:55,3,3,2026-09-29 21:30:00,1.0,Nguyen Kieu Trang,Inhouse 1,Nguyen Kieu Trang,Inhouse 1,Ms Laura,4680000.0,False,False,,,,,,2026-10-01
2026-10,738630593913090,3,3284922181,Đến hạn,Normal,"1-20, idle<=90",2026-04-06,2026-04-07 13:23:39,14,14,2026-09-27 15:00:00,3.0,Lai Ngoc Thuy Linh,Ho Chi Minh,Lai Ngoc Thuy Linh,Ho Chi Minh,Dao Thi Hoang Yen,8215000.0,False,False,,,,,,2026-10-01
2026-10,677382313908482,2,3284945061,Đến hạn,Normal,"1-20, idle<=90",2025-04-25,2025-04-25 16:28:31,6,112,2026-09-23 09:00:00,7.0,Bui Thi Hong Van,Inhouse 1,Bui Thi Hong Van,Inhouse 1,Ruby Advisor,15450000.0,True,True,765927392141574,2026-09-07 00:00:00,15950000.0,GMV+REM,499.0,2026-10-01
2026-10,694243837135108,2,3284946182,Đến hạn,Normal,"1-20, idle<=90",2025-07-29,2025-07-29 19:19:29,1,107,2026-09-28 17:30:00,2.0,Bui Thi Hong Van,Inhouse 1,Bui Thi Hong Van,Inhouse 1,Ruby Advisor,16450000.0,True,True,753668096952582,2026-06-29 00:00:00,16450000.0,GMV+REM,334.0,2026-10-01
2026-10,738679951988994,3,3285045631,Đến hạn,Normal,"1-20, idle<=90",2026-04-02,2026-04-07 10:11:49,5,58,2026-09-28 21:00:00,2.0,Bui Thi Hong Van,Inhouse 1,Bui Thi Hong Van,Inhouse 1,Ellie Advisor,8250000.0,True,True,763919263527170,2026-08-27 00:00:00,8250000.0,GMV+REM,141.0,2026-10-01
2026-10,689120843448578,2,3285281832,Đến hạn,Normal,"1-20, idle<=90",2025-06-30,2025-06-30 20:02:54,6,6,2026-09-26 16:30:00,4.0,Dao Thi Trang,Inhouse 1,Le Thi Lan Anh,Inhouse 1,Ellie Advisor,15370000.0,False,False,,,,,,2026-10-01
2026-10,693031697758464,2,3285574380,Đến hạn,Normal,"1-20, idle<=90",2025-07-22,2025-07-23 11:43:55,20,20,2026-09-28 17:00:00,2.0,Nguyen Thuy Trang,Inhouse 1,Nguyen Thuy Trang,Inhouse 1,Thao Chi Advisor,16820000.0,False,False,,,,,,2026-10-01
2026-10,764116208568584,1,3285588811,Đến hạn,Normal,"1-20, idle<=90",2026-08-27,2026-08-28 18:48:03,16,16,2026-09-27 21:00:00,3.0,Le Thi Thuy Trang,Inhouse 1,Le Thi Thuy Trang,Inhouse 1,Ms Jenny Advisor,4762800.0,False,False,,,,,,2026-10-01
2026-10,696530444491012,1,3285612750,Đến hạn,Normal,"1-20, idle<=90",2025-08-11,2025-08-11 21:09:46,9,9,2026-09-24 21:30:00,6.0,Nguyen Linh Chi,Inhouse 1,Bui Thi Thai Duong,Inhouse 1,Ms Laura,18820000.0,False,False,,,,,,2026-10-01
2026-10,753140575707400,2,3285699445,Đến hạn,Frozen,"1-20, idle<=90",2026-06-27,2026-06-29 02:16:32,11,11,2026-09-08 16:30:00,22.0,Bui Lam Linh,Inhouse 1,Tran Thi Son,Inhouse 1,Thao Chi Advisor,12375000.0,False,False,,,,,,2026-10-01
2026-10,752970641576194,4,3285699608,Đến hạn,Frozen,"1-20, idle<=90",2026-06-26,2026-06-28 02:00:35,10,10,2026-09-15 16:30:00,15.0,Tran Thi Son,Inhouse 1,Tran Thi Son,Inhouse 1,Thao Chi Advisor,12375000.0,False,False,,,,,,2026-10-01
2026-10,735928751237382,3,3285721633,Đến hạn,Normal,"1-20, idle<=90",2026-03-21,2026-03-24 21:15:45,2,55,2026-09-28 21:00:00,2.0,Kieu Thi Thu Quynh,Inhouse 1,Kieu Thi Thu Quynh,Inhouse 1,Ellie Advisor,8200000.0,True,True,768533696706824,2026-09-22 00:00:00,8000000.0,GMV+REM,181.0,2026-10-01
2026-10,698107909710080,2,3285784868,Đến hạn,Normal,"1-20, idle<=90",2025-08-20,2025-08-21 10:00:48,9,9,2026-09-26 15:00:00,4.0,Nguyen Thuy Trang,Inhouse 1,Nguyen Thuy Trang,Inhouse 1,Thao Chi Advisor,16500000.0,False,False,,,,,,2026-10-01
2026-10,691584380109058,2,3285930817,Đến hạn,Normal,"1-20, idle<=90",2025-06-30,2025-07-20 16:52:47,6,6,2026-09-27 17:00:00,3.0,Tran Thi Son,Inhouse 1,Tran Thi Son,Inhouse 1,Ellie Advisor,16820000.0,False,False,,,,,,2026-10-01
2026-10,740600515619078,3,3285934528,Đến hạn,Normal,"1-20, idle<=90",2026-02-25,2026-04-19 02:48:55,8,8,2026-09-26 18:00:00,4.0,Le To Hai My,Inhouse 1,Kieu Thi Thu Quynh,Inhouse 1,Ms Laura,8125000.0,False,False,,,,,,2026-10-01
2026-10,720724026806528,2,3285935956,Đến hạn,Frozen,"1-20, idle<=90",2025-11-30,2025-12-26 13:17:59,19,19,2026-07-10 21:00:00,82.0,Pham Thi Thao,Inhouse 1,Pham Thi Thao,Inhouse 1,Ellie Advisor,7950000.0,True,True,TMP_3285935956_20260630,2026-06-30 00:00:00,7950000.0,GMV,185.0,2026-10-01
2026-10,739525756725510,3,3285950745,Đến hạn,Normal,"1-20, idle<=90",2026-03-26,2026-04-11 16:39:51,9,9,2026-09-29 19:00:00,1.0,Tran Thi Son,Inhouse 1,Tran Thi Son,Inhouse 1,Ellie Advisor,8365500.0,False,False,,,,,,2026-10-01
2026-10,742879911948546,3,3286010725,Đến hạn,Normal,"1-20, idle<=90",2026-04-30,2026-04-30 21:58:42,12,12,2026-09-29 21:00:00,1.0,Bui Thi Thai Duong,Inhouse 1,Bui Thi Thai Duong,Inhouse 1,Ms Laura,7950000.0,False,False,,,,,,2026-10-01
2026-10,740422026588418,3,3286074041,Đến hạn,Normal,"1-20, idle<=90",2026-04-16,2026-04-19 20:37:12,13,13,2026-09-27 21:00:00,3.0,Le Kim Chi,Inhouse 1,Le Kim Chi,Inhouse 1,Ruby Advisor,8350000.0,False,False,,,,,,2026-10-01
2026-10,755449415528706,5,3286147483,Đến hạn,Normal,"1-20, idle<=90",2026-07-10,2026-07-13 16:21:03,9,9,2026-09-26 20:30:00,4.0,Ho Thi Thanh,Inhouse 1,Ho Thi Thanh,Inhouse 1,Ms Laura,4290000.0,False,False,,,,,,2026-10-01
2026-10,737933206384904,1,3286267813,Đến hạn,Normal,"1-20, idle<=90",2026-03-31,2026-04-02 17:39:34,5,5,2026-09-25 21:00:00,5.0,To Thi Ha,Inhouse 2,Vu Ho Thanh Huong,Inhouse 2,Ms Jenny Advisor,8592500.0,False,False,,,,,,2026-10-01
2026-10,694040775371008,2,3286364790,Đến hạn,Normal,"1-20, idle<=90",2025-07-28,2025-07-28 16:13:37,15,15,2026-09-28 15:30:00,2.0,Tran Thi Thu Hang,Inhouse 1,Bui Thi Thai Duong,Inhouse 1,Ellie Advisor,16120000.0,False,False,,,,,,2026-10-01
2026-10,734209085288706,4,3286367689,Đến hạn,Normal,"1-20, idle<=90",2026-03-11,2026-03-12 20:02:26,12,12,2026-09-29 22:30:00,1.0,Hoang Thi Hong Tham,Offline Team HaNoi,Hoang Thi Hong Tham,Offline Team HaNoi,Tran Thu Ha,4030700.0,False,False,,,,,,2026-10-01
2026-10,698513254770944,2,3286426764,Đến hạn,Normal,"1-20, idle<=90",2025-08-22,2025-08-23 11:12:29,13,119,2026-09-27 15:30:00,3.0,Le Thi Lan Anh,Inhouse 1,Le Thi Lan Anh,Inhouse 1,Ellie Advisor,16820000.0,True,True,754201035354374,2026-06-30 00:00:00,15900000.0,GMV+REM,310.0,2026-10-01
2026-10,745381712421126,1,3286531042,Đến hạn,Normal,"1-20, idle<=90",2026-04-21,2026-05-14 18:54:40,10,10,2026-09-29 20:00:00,1.0,Luu Thi Hoang Ngan,Inhouse 1,Luu Thi Hoang Ngan,Inhouse 1,Ms Jenny Advisor,8745000.0,False,False,,,,,,2026-10-01
2026-10,753850015060232,3,3286533749,Đến hạn,Normal,"1-20, idle<=90",2026-06-30,2026-07-01 16:01:55,5,5,2026-09-28 21:00:00,2.0,Le Thi Tuyet,Inhouse 1,Le Thi Tuyet,Inhouse 1,Ms Laura,4290000.0,False,False,,,,,,2026-10-01
2026-10,748333163704578,6,3286646047,Đến hạn,Normal,"1-20, idle<=90",2026-05-31,2026-06-03 22:23:10,3,3,2026-09-25 21:30:00,5.0,Nguyen Thi Thao Ngoc,Inhouse 1,Nguyen Thi Thao Ngoc,Inhouse 1,Thao Chi Advisor,4700000.0,True,True,TMP_3286646047_20260923,2026-09-23 00:00:00,4740000.0,GMV,111.0,2026-10-01
2026-10,742907526830344,1,3286748552,Đến hạn,Normal,"1-20, idle<=90",2026-04-28,2026-04-30 19:27:16,11,11,2026-09-27 16:00:00,3.0,Luu Thi Hoang Ngan,Inhouse 1,Luu Thi Hoang Ngan,Inhouse 1,Ms Laura,8887100.0,True,True,TMP_3286748552_20260930,2026-09-30 00:00:00,8000000.0,GMV,152.0,2026-10-01
2026-10,743764409270536,1,3286845175,Đến hạn,Normal,"1-20, idle<=90",2026-04-19,2026-05-05 15:34:18,14,14,2026-09-29 17:30:00,1.0,Nguyen Nhu Ngoc,Inhouse 1,Nguyen Nhu Ngoc,Inhouse 1,Ms Jenny Advisor,8745000.0,True,True,TMP_3286845175_20260927,2026-09-27 00:00:00,8250000.0,GMV,144.0,2026-10-01
2026-10,728009560922376,3,3286857818,Đến hạn,Normal,"1-20, idle<=90",2026-01-15,2026-02-05 15:57:36,15,68,2026-09-29 20:00:00,1.0,Le Thuy Nhung,Inhouse 1,Le Thuy Nhung,Inhouse 1,Thao Chi Advisor,8250000.0,True,True,755453532576002,2026-07-10 00:00:00,8250000.0,GMV+REM,154.0,2026-10-01
2026-10,747459445283080,4,3286859857,Đến hạn,Normal,"1-20, idle<=90",2026-05-26,2026-06-02 11:49:36,2,2,2026-09-27 21:30:00,3.0,Lai Ngoc Thuy Linh,Ho Chi Minh,Lai Ngoc Thuy Linh,Ho Chi Minh,Dao Thi Hoang Yen,4290000.0,True,True,TMP_3286859857_20260831,2026-08-31 00:00:00,7950000.0,GMV,89.0,2026-10-01
2026-10,693708503404804,2,3286898775,Đến hạn,Normal,"1-20, idle<=90",2025-07-26,2025-07-26 18:32:54,3,109,2026-09-26 11:30:00,4.0,Le Thi Lan Anh,Inhouse 1,Le Thi Lan Anh,Inhouse 1,Ms Laura,16320000.0,True,True,769572089913608,2026-09-28 00:00:00,16160000.0,GMV+REM,428.0,2026-10-01
2026-10,734927481506056,2,3286912076,Đến hạn,Normal,"1-20, idle<=90",2026-01-30,2026-03-16 17:02:59,5,5,2026-09-29 17:30:00,1.0,Nguyen Kieu Trang,Inhouse 1,Nguyen Kieu Trang,Inhouse 1,Ruby Advisor,8680000.0,False,False,,,,,,2026-10-01
2026-10,736893001775366,3,3286954932,Đến hạn,Normal,"1-20, idle<=90",2026-03-27,2026-03-31 20:07:35,6,6,2026-09-29 19:30:00,1.0,Tran Thi Son,Inhouse 1,Tran Thi Son,Inhouse 1,Ellie Advisor,7950000.0,False,False,,,,,,2026-10-01
2026-10,736893103173890,3,3287022014,Đến hạn,Normal,"1-20, idle<=90",2026-03-27,2026-03-31 20:08:57,9,62,2026-09-29 19:00:00,1.0,Tran Thi Son,Inhouse 1,Tran Thi Son,Inhouse 1,Ellie Advisor,7950000.0,True,True,769752123826440,2026-09-28 00:00:00,7950000.0,GMV+REM,180.0,2026-10-01
2026-10,697241778690304,2,3287024361,Đến hạn,Frozen,"1-20, idle<=90",2025-08-15,2025-08-16 17:40:08,14,14,2026-07-13 16:30:00,79.0,Le Kim Chi,Inhouse 1,Le Kim Chi,Inhouse 1,Ruby Advisor,15900000.0,False,False,,,,,,2026-10-01
2026-10,751872451707144,1,3287031149,Đến hạn,Normal,"1-20, idle<=90",2026-06-20,2026-06-20 11:37:51,12,12,2026-09-27 12:30:00,3.0,Kieu Lan Anh,Inhouse 2,Kieu Lan Anh,Inhouse 2,Ms Jenny Advisor,9010000.0,False,False,,,,,,2026-10-01
2026-10,754906827997442,1,3287032666,Đến hạn,Frozen,"1-20, idle<=90",2026-07-07,2026-07-07 14:58:06,18,18,2026-07-30 15:00:00,62.0,Le Thi Tuyet,Inhouse 1,Le Thi Tuyet,Inhouse 1,Thao Chi Advisor,4550000.0,False,False,,,,,,2026-10-01
2026-10,759834263486726,2,3287165773,Đến hạn,Normal,"1-20, idle<=90",2026-02-07,2026-08-05 05:36:30,14,14,2026-09-26 11:30:00,4.0,Nguyen Kieu Trang,Inhouse 1,Nguyen Kieu Trang,Inhouse 1,Thao Chi Advisor,4358400.0,False,False,,,,,,2026-10-01
2026-10,693158756468996,1,3287210576,Đến hạn,Frozen,"1-20, idle<=90",2025-03-05,2025-07-23 18:20:34,12,65,2026-09-07 21:30:00,23.0,Tran Thi Son,Inhouse 1,Tran Thi Son,Inhouse 1,Ellie Advisor,16000000.0,True,True,748876508330246,2026-06-03 12:54:21,8000000.0,REM,314.0,2026-10-01
2026-10,668746038098178,1,3287330351,Đến hạn,Frozen,"1-20, idle<=90",2025-03-06,2025-03-07 16:34:47,13,13,2026-07-12 10:30:00,80.0,Le Kim Chi,Inhouse 1,Le Kim Chi,Inhouse 1,Ruby Advisor,18820000.0,False,False,,,,,,2026-10-01
2026-10,740064266660102,3,3287330481,Đến hạn,Normal,"1-20, idle<=90",2026-04-14,2026-04-15 20:57:25,8,8,2026-09-29 21:00:00,1.0,Nguyen Thuy Trang,Inhouse 1,Nguyen Thuy Trang,Inhouse 1,Thao Chi Advisor,7950000.0,False,False,,,,,,2026-10-01
2026-10,704277459065088,2,3287333901,Đến hạn,Normal,"1-20, idle<=90",2025-09-24,2025-09-25 11:35:28,9,9,2026-09-27 19:00:00,3.0,Nguyen Thuy Trang,Inhouse 1,Nguyen Thuy Trang,Inhouse 1,Thao Chi Advisor,15900000.0,False,False,,,,,,2026-10-01
2026-10,732622648375554,2,3287525553,Đến hạn,Normal,"1-20, idle<=90",2026-03-03,2026-03-03 17:27:24,3,3,2026-09-29 21:00:00,1.0,Kieu Thi Thu Quynh,Inhouse 1,Kieu Thi Thu Quynh,Inhouse 1,Ellie Advisor,7685000.0,False,False,,,,,,2026-10-01
2026-10,726635655874818,3,3287640883,Đến hạn,Normal,"1-20, idle<=90",2026-01-28,2026-02-03 21:04:25,13,13,2026-09-23 20:00:00,7.0,Le Minh Thanh,Ho Chi Minh,Tran Quoc Dung,Other,Dao Thi Hoang Yen,8215000.0,False,False,,,,,,2026-10-01
2026-10,738858071271682,3,3287650784,Đến hạn,Normal,"1-20, idle<=90",2026-04-07,2026-04-08 11:29:44,10,10,2026-09-29 19:00:00,1.0,Lai Ngoc Thuy Linh,Ho Chi Minh,Lai Ngoc Thuy Linh,Ho Chi Minh,Dao Thi Hoang Yen,8215000.0,False,False,,,,,,2026-10-01
2026-10,735823452272898,1,3287778180,Đến hạn,Normal,"1-20, idle<=90",2026-03-21,2026-03-21 23:28:51,10,10,2026-09-27 21:30:00,3.0,Nguyen Thuy Trang,Inhouse 1,Nguyen Thuy Trang,Inhouse 1,Ellie Advisor,9080000.0,True,True,TMP_3287778180_20260930,2026-09-30 00:00:00,15900000.0,GMV,192.0,2026-10-01
2026-10,743777205182728,1,3287789579,Đến hạn,Normal,"1-20, idle<=90",2026-05-05,2026-05-06 17:30:30,18,18,2026-09-28 00:00:00,3.0,Nguyen Thi Hang Nga,Inhouse 1,Nguyen Thi Hang Nga,Inhouse 1,Ms Laura,10080000.0,False,False,,,,,,2026-10-01
2026-10,711935305089284,2,3287843031,Đến hạn,Normal,"1-20, idle<=90",2025-09-30,2025-11-10 22:03:07,17,17,2026-09-21 15:00:00,9.0,Bui Thi Hong Van,Inhouse 1,Bui Thi Hong Van,Inhouse 1,Ruby Advisor,16400000.0,False,False,,,,,,2026-10-01
2026-10,700560244320516,2,3287859742,Đến hạn,Normal,"1-20, idle<=90",2025-08-30,2025-09-08 19:47:45,19,19,2026-09-26 09:00:00,4.0,Tran Thi Thu Hang,Inhouse 1,Ho Thi Thanh,Inhouse 1,Diem Quynh Advisor,16430000.0,True,True,TMP_3287859742_20260731,2026-07-31 00:00:00,15900000.0,GMV,325.0,2026-10-01
2026-10,727131521446150,3,3287994880,Đến hạn,Normal,"1-20, idle<=90",2026-01-31,2026-02-01 09:17:29,3,104,2026-09-26 12:30:00,4.0,Lai Ngoc Thuy Linh,Ho Chi Minh,Lai Ngoc Thuy Linh,Ho Chi Minh,Dao Thi Hoang Yen,23500000.0,True,True,755423523748098,2026-07-10 00:00:00,45955000.0,GMV+REM,158.0,2026-10-01
2026-10,756874846918914,1,3288092255,Đến hạn,Normal,"1-20, idle<=90",2026-07-17,2026-07-18 17:48:05,5,5,2026-09-29 20:00:00,1.0,Nguyen Thi Ninh,Other,Nguyen Thi Ninh,Other,Dao Thi Hoang Yen,4420000.0,False,False,,,,,,2026-10-01
2026-10,740414577852678,3,3288170248,Đến hạn,Normal,"1-20, idle<=90",2026-04-07,2026-04-16 18:05:27,20,20,2026-09-29 18:30:00,1.0,Tran Thi Son,Inhouse 1,Tran Thi Son,Inhouse 1,Diem Quynh Advisor,7950000.0,False,False,,,,,,2026-10-01
2026-10,697021979384068,1,3288170575,Đến hạn,Normal,"1-20, idle<=90",2025-03-31,2025-08-18 16:57:43,12,12,2026-09-27 16:30:00,3.0,Bui Thi Hong Van,Inhouse 1,Bui Thi Hong Van,Inhouse 1,Ruby Advisor,15900000.0,False,False,,,,,,2026-10-01
2026-10,722547223060738,1,3288171461,Đến hạn,Normal,"1-20, idle<=90",2026-01-04,2026-01-06 10:56:08,18,18,2026-09-27 10:00:00,3.0,Dao Ngoc Lan Anh,Inhouse 1,Bui Thi Hong Van,Inhouse 1,Ellie Advisor,9580000.0,False,False,,,,,,2026-10-01
2026-10,735119197368582,1,3288244288,Đến hạn,Normal,"1-20, idle<=90",2026-03-17,2026-03-17 19:08:20,6,6,2026-09-27 14:00:00,3.0,Ho Thi Thanh,Inhouse 1,Ho Thi Thanh,Inhouse 1,Ms Jenny Advisor,18320000.0,False,False,,,,,,2026-10-01
2026-10,737418675900680,1,3288313117,Đến hạn,Normal,"1-20, idle<=90",2026-03-30,2026-03-31 16:18:40,10,10,2026-09-29 18:30:00,1.0,Luu Thi Hoang Ngan,Inhouse 1,Luu Thi Hoang Ngan,Inhouse 1,Diem Quynh Advisor,9580000.0,False,False,,,,,,2026-10-01
2026-10,702358129555716,2,3288369944,Đến hạn,Normal,"1-20, idle<=90",2025-09-13,2025-09-17 12:07:39,9,9,2026-09-27 20:00:00,3.0,Le Kim Chi,Inhouse 1,Le Kim Chi,Inhouse 1,Ruby Advisor,15900000.0,False,False,,,,,,2026-10-01
2026-10,700259661345024,2,3288430601,Đến hạn,Normal,"1-20, idle<=90",2025-08-31,2025-09-01 19:56:59,9,115,2026-09-29 18:00:00,1.0,Le Thi Lan Anh,Inhouse 1,Le Thi Lan Anh,Inhouse 1,Ellie Advisor,16430000.0,True,True,753727186292994,2026-06-29 00:00:00,15900000.0,GMV+REM,300.0,2026-10-01
2026-10,696477363097858,1,3288443268,Đến hạn,Normal,"1-20, idle<=90",2025-08-11,2025-08-11 22:20:38,7,7,2026-09-26 20:00:00,4.0,Nguyen Kieu Trang,Inhouse 1,Nguyen Kieu Trang,Inhouse 1,Ruby Advisor,17400000.0,False,False,,,,,,2026-10-01
2026-10,681658919151872,2,3288458073,Đến hạn,Normal,"1-20, idle<=90",2025-04-29,2025-05-20 15:22:47,10,10,2026-09-29 22:00:00,1.0,Nguyen Thi Thao Ngoc,Inhouse 1,Nguyen Thi Thao Ngoc,Inhouse 1,Thao Chi Advisor,8825000.0,False,False,,,,,,2026-10-01
2026-10,755437762795778,4,3288458773,Đến hạn,Normal,"1-20, idle<=90",2026-06-29,2026-07-10 18:28:17,6,6,2026-09-26 19:00:00,4.0,Bui Thi Hong Van,Inhouse 1,Bui Thi Hong Van,Inhouse 1,Ruby Advisor,4550000.0,False,False,,,,,,2026-10-01
2026-10,721657621369088,3,3288479291,Đến hạn,Normal,"1-20, idle<=90",2025-11-27,2025-12-31 17:14:22,12,12,2026-09-20 09:30:00,10.0,Le Thi Lan Anh,Inhouse 1,Le Thi Lan Anh,Inhouse 1,Ellie Advisor,8480000.0,False,False,,,,,,2026-10-01
2026-10,747270019447042,1,3288489392,Đến hạn,Normal,"1-20, idle<=90",2026-05-25,2026-05-26 15:00:41,20,20,2026-09-29 21:00:00,1.0,Le Kim Chi,Inhouse 1,Le Kim Chi,Inhouse 1,Ms Laura,9580000.0,False,False,,,,,,2026-10-01
2026-10,738611342067974,3,3288535160,Đến hạn,Normal,"1-20, idle<=90",2026-03-15,2026-04-08 00:26:40,14,14,2026-09-22 22:00:00,8.0,Nguyen Duy Thinh,Ho Chi Minh,Lai Ngoc Thuy Linh,Ho Chi Minh,Dao Thi Hoang Yen,8215000.0,False,False,,,,,,2026-10-01
2026-10,744272766480646,3,3288541817,Đến hạn,Normal,"1-20, idle<=90",2026-04-11,2026-05-08 17:24:41,17,17,2026-09-29 21:30:00,1.0,Hoang Thi Hong Tham,Offline Team HaNoi,Hoang Thi Hong Tham,Offline Team HaNoi,Tran Thu Ha,9300000.0,False,False,,,,,,2026-10-01
2026-10,750362092640520,4,3288564954,Đến hạn,Normal,"1-20, idle<=90",2026-06-11,2026-06-12 10:13:59,15,15,2026-09-28 19:00:00,2.0,Kieu Thi Thu Quynh,Inhouse 1,Kieu Thi Thu Quynh,Inhouse 1,Ms Laura,7950000.0,False,False,,,,,,2026-10-01
2026-10,735072170168578,3,3288710432,Đến hạn,Normal,"1-20, idle<=90",2026-02-27,2026-03-17 17:29:40,14,14,2026-09-27 17:30:00,3.0,Nguyen Linh Chi,Inhouse 1,Bui Thi Thai Duong,Inhouse 1,Ms Laura,8480000.0,False,False,,,,,,2026-10-01
2026-10,673314895223040,1,3288760104,Đến hạn,Normal,"1-20, idle<=90",2025-03-31,2025-04-02 21:01:26,9,9,2026-09-29 19:30:00,1.0,Vo Thi Thom,Offline Team HaNoi,Hoang Thi Hong Tham,Offline Team HaNoi,Tran Thu Ha,8580000.0,False,False,,,,,,2026-10-01
2026-10,744631525560578,2,3288816373,Đến hạn,Normal,"1-20, idle<=90",2026-05-10,2026-05-12 23:13:24,20,20,2026-09-28 20:00:00,2.0,Le Minh Thanh,Ho Chi Minh,Nguyen Thi Ninh,Other,Dao Thi Hoang Yen,8500000.0,False,False,,,,,,2026-10-01
2026-10,736150502263046,3,3288854035,Đến hạn,Normal,"1-20, idle<=90",2026-03-22,2026-03-23 20:46:01,5,5,2026-09-28 21:30:00,2.0,Pham Thuy Linh,Other,Hoang Thi Hong Tham,Offline Team HaNoi,Tran Thu Ha,8287500.0,False,False,,,,,,2026-10-01
2026-10,712983061942528,2,3288855755,Đến hạn,Normal,"1-20, idle<=90",2025-09-30,2025-11-12 16:31:50,4,4,2026-09-29 09:30:00,1.0,Bui Thi Hong Van,Inhouse 1,Bui Thi Hong Van,Inhouse 1,Ruby Advisor,8450000.0,False,False,,,,,,2026-10-01
2026-10,740788242379010,2,3288867538,Đến hạn,Normal,"1-20, idle<=90",2026-04-18,2026-04-18 19:59:16,10,10,2026-09-26 17:30:00,4.0,Hoang Thi Hong Tham,Offline Team HaNoi,Hoang Thi Hong Tham,Offline Team HaNoi,Tran Thu Ha,8800000.0,False,False,,,,,,2026-10-01
2026-10,716346937549058,2,3288924780,Đến hạn,Normal,"1-20, idle<=90",2025-11-30,2025-12-02 13:02:50,10,10,2026-09-27 19:30:00,3.0,Le Kim Chi,Inhouse 1,Le Kim Chi,Inhouse 1,Thao Chi Advisor,8450000.0,False,False,,,,,,2026-10-01
2026-10,733641633339656,1,3288973910,Đến hạn,Normal,"1-20, idle<=90",2026-03-03,2026-03-09 19:07:26,11,11,2026-09-23 22:00:00,7.0,Bui Thi Thai Duong,Inhouse 1,Bui Thi Thai Duong,Inhouse 1,Ellie Advisor,8480000.0,False,False,,,,,,2026-10-01
2026-10,704845032790276,2,3289462026,Đến hạn,Normal,"1-20, idle<=90",2025-08-19,2025-09-27 16:54:07,9,9,2026-09-28 22:00:00,2.0,Le Thi Tuyet,Inhouse 1,Le Thi Tuyet,Inhouse 1,Ruby Advisor,16900000.0,False,False,,,,,,2026-10-01
2026-10,740717380462850,4,3289462320,Đến hạn,Normal,"1-20, idle<=90",2026-04-17,2026-04-19 18:57:43,12,12,2026-09-27 21:00:00,3.0,Nguyen Thi Thao Ngoc,Inhouse 1,Nguyen Thi Thao Ngoc,Inhouse 1,Thao Chi Advisor,7950000.0,False,False,,,,,,2026-10-01
2026-10,699506575579392,2,3289579896,Đến hạn,Normal,"1-20, idle<=90",2025-08-28,2025-08-28 18:58:34,8,114,2026-09-24 17:00:00,6.0,Le Thi Tuyet,Inhouse 1,Le Thi Tuyet,Inhouse 1,Ruby Advisor,16450000.0,True,True,764493330333958,2026-08-30 00:00:00,16430000.0,GMV+REM,366.0,2026-10-01
2026-10,697187077136642,1,3289589434,Đến hạn,Normal,"1-20, idle<=90",2025-08-14,2025-08-16 16:56:46,2,2,2026-09-12 18:00:00,18.0,Ta Thuy Van,Inhouse 1,Ta Thuy Van,Inhouse 1,Ellie Advisor,16260000.0,False,False,,,,,,2026-10-01
2026-10,740203463383298,3,3289630205,Đến hạn,Normal,"1-20, idle<=90",2026-04-15,2026-04-17 16:16:45,12,12,2026-09-28 21:30:00,2.0,Le Thi Tuyet,Inhouse 1,Le Thi Tuyet,Inhouse 1,Ruby Advisor,8450000.0,False,False,,,,,,2026-10-01
2026-10,731195316939014,3,3289639502,Đến hạn,Normal,"1-20, idle<=90",2026-02-23,2026-02-23 18:39:16,4,4,2026-09-28 20:00:00,2.0,Tran Thi Son,Inhouse 1,Tran Thi Son,Inhouse 1,Ellie Advisor,7950000.0,False,False,,,,,,2026-10-01
2026-10,698087639277828,2,3289707040,Đến hạn,Normal,"1-20, idle<=90",2025-08-19,2025-08-20 15:54:52,11,11,2026-09-25 16:00:00,5.0,Nguyen Thi Thao Ngoc,Inhouse 1,Nguyen Thi Thao Ngoc,Inhouse 1,Thao Chi Advisor,16430000.0,False,False,,,,,,2026-10-01
2026-10,722847549184258,2,3289874772,Đến hạn,Normal,"1-20, idle<=90",2025-12-31,2026-01-07 11:33:47,15,121,2026-09-29 17:30:00,1.0,Ta Thuy Van,Inhouse 1,Ta Thuy Van,Inhouse 1,Diem Quynh Advisor,16430000.0,True,True,768537211152646,2026-09-22 00:00:00,16620000.0,GMV+REM,257.0,2026-10-01
2026-10,723250453285122,2,3289966460,Đến hạn,Normal,"1-20, idle<=90",2026-01-08,2026-01-09 17:08:15,3,3,2026-09-29 18:00:00,1.0,Ho Thi Thanh,Inhouse 1,Ho Thi Thanh,Inhouse 1,Ellie Advisor,4620000.0,False,False,,,,,,2026-10-01
2026-10,738107177115910,3,3289995019,Đến hạn,Normal,"1-20, idle<=90",2026-03-31,2026-04-03 22:50:19,18,18,2026-09-23 22:30:00,7.0,Hoang Thi Hong Tham,Offline Team HaNoi,Hoang Thi Hong Tham,Offline Team HaNoi,Tran Thu Ha,8215000.0,False,False,,,,,,2026-10-01
2026-10,745205393715462,5,3289997951,Đến hạn,Normal,"1-20, idle<=90",2026-05-13,2026-05-13 19:25:36,15,15,2026-09-28 22:00:00,2.0,Bui Thi Thai Duong,Inhouse 1,Bui Thi Thai Duong,Inhouse 1,Ellie Advisor,7950000.0,False,False,,,,,,2026-10-01
2026-10,739137869549832,1,3290078732,Đến hạn,Normal,"1-20, idle<=90",2026-04-08,2026-04-09 16:18:57,10,63,2026-09-25 17:00:00,5.0,Le Thi Thuy Trang,Inhouse 1,Le Thi Thuy Trang,Inhouse 1,Ms Jenny Advisor,9000000.0,True,True,769223170963718,2026-09-25 00:00:00,8580000.0,GMV+REM,168.0,2026-10-01
2026-10,693127476388098,1,3290191799,Đến hạn,Normal,"1-20, idle<=90",2025-07-21,2025-07-23 18:52:19,7,113,2026-09-28 21:00:00,2.0,Bui Thi Thai Duong,Inhouse 1,Bui Thi Thai Duong,Inhouse 1,Ellie Advisor,16740000.0,True,True,762141759650054,2026-06-30 00:00:00,16820000.0,GMV+REM,341.0,2026-10-01
2026-10,741600618227970,2,3290265121,Đến hạn,Normal,"1-20, idle<=90",2026-04-22,2026-04-27 21:33:55,13,13,2026-09-28 19:00:00,2.0,Dao Ngoc Lan Anh,Inhouse 1,Bui Thi Hong Van,Inhouse 1,Ruby Advisor,8480000.0,False,False,,,,,,2026-10-01
2026-10,735103071222018,2,3290273933,Đến hạn,Normal,"1-20, idle<=90",2026-03-17,2026-03-20 15:33:51,6,6,2026-09-29 21:30:00,1.0,To Thi Ha,Inhouse 2,Vu Ho Thanh Huong,Inhouse 2,Tran Thu Ha,9850000.0,False,False,,,,,,2026-10-01
2026-10,740043406016770,3,3290361926,Đến hạn,Normal,"1-20, idle<=90",2026-04-14,2026-04-14 18:49:25,15,15,2026-09-27 13:00:00,3.0,Ta Thuy Van,Inhouse 1,Ta Thuy Van,Inhouse 1,Ellie Advisor,8550000.0,False,False,,,,,,2026-10-01
2026-10,732969386189062,3,3290365045,Đến hạn,Normal,"1-20, idle<=90",2026-03-04,2026-03-05 17:46:23,9,9,2026-09-29 21:00:00,1.0,Pham Thuy Linh,Other,Hoang Thi Hong Tham,Offline Team HaNoi,Tran Thu Ha,8217000.0,False,False,,,,,,2026-10-01
2026-10,732620060909830,2,3290579093,Đến hạn,Normal,"1-20, idle<=90",2026-03-03,2026-03-03 17:49:25,13,13,2026-09-11 21:30:00,19.0,Nguyen Duy Thinh,Ho Chi Minh,Bui Thi Hong Van,Inhouse 1,Dao Thi Hoang Yen,8215000.0,False,False,,,,,,2026-10-01
2026-10,733643311681798,1,3290614805,Đến hạn,Normal,"1-20, idle<=90",2026-03-08,2026-03-10 17:18:45,2,2,2026-09-26 17:00:00,4.0,Tran Thi Son,Inhouse 1,Tran Thi Son,Inhouse 1,Ellie Advisor,10080000.0,True,True,TMP_3290614805_20260921,2026-09-21 00:00:00,9080000.0,GMV,194.0,2026-10-01
2026-10,705150788333826,2,3290666252,Đến hạn,Normal,"1-20, idle<=90",2025-09-29,2025-09-29 18:03:55,13,13,2026-09-27 17:30:00,3.0,Nguyen Linh Chi,Inhouse 1,Bui Thi Thai Duong,Inhouse 1,Ruby Advisor,16700000.0,False,False,,,,,,2026-10-01
2026-10,740807871826184,2,3290676045,Đến hạn,Normal,"1-20, idle<=90",2026-04-18,2026-04-21 10:43:49,14,14,2026-09-28 21:00:00,2.0,Nguyen Minh Phat,Ho Chi Minh,Nguyen Minh Phat,Ho Chi Minh,Dao Thi Hoang Yen,8215000.0,False,False,,,,,,2026-10-01
2026-10,704810430191872,2,3290859125,Đến hạn,Normal,"1-20, idle<=90",2025-09-27,2025-09-28 18:43:45,14,120,2026-09-28 17:00:00,2.0,Nguyen Thi Thao Ngoc,Inhouse 1,Nguyen Thi Thao Ngoc,Inhouse 1,Thao Chi Advisor,16430000.0,True,True,765891862780166,2026-09-04 00:00:00,15900000.0,GMV+REM,340.0,2026-10-01
2026-10,742879270674690,2,3290872985,Đến hạn,Normal,"1-20, idle<=90",2026-04-30,2026-04-30 17:28:40,4,4,2026-09-27 22:00:00,3.0,Le Thi Thuy Van,Inhouse 2,Le Thi Thuy Van,Inhouse 2,Tran Thu Ha,7900000.0,False,False,,,,,,2026-10-01
2026-10,732066351315206,2,3291166477,Đến hạn,Normal,"1-20, idle<=90",2026-02-28,2026-02-28 16:09:44,2,108,2026-09-26 08:00:00,4.0,Tran Thi Son,Inhouse 1,Tran Thi Son,Inhouse 1,Diem Quynh Advisor,7950000.0,True,True,759012349675784,2026-07-30 00:00:00,15900000.0,GMV+REM,151.0,2026-10-01
2026-10,738952854593794,3,3291353420,Đến hạn,Normal,"1-20, idle<=90",2026-04-08,2026-04-08 18:01:49,6,6,2026-09-25 21:00:00,5.0,Le To Hai My,Inhouse 1,Cao Thi Lua,Inhouse 1,Ms Jenny Advisor,7950000.0,False,False,,,,,,2026-10-01
2026-10,729085502304518,3,3291427567,Đến hạn,Normal,"1-20, idle<=90",2026-02-11,2026-02-12 09:07:19,3,3,2026-09-28 21:00:00,2.0,Bui Thi Thai Duong,Inhouse 1,Bui Thi Thai Duong,Inhouse 1,Ms Laura,8115000.0,True,True,TMP_3291427567_20260930,2026-09-30 00:00:00,8015000.0,GMV,229.0,2026-10-01
2026-10,706964070500608,2,3291435122,Đến hạn,Normal,"1-20, idle<=90",2025-08-25,2025-10-10 21:53:43,20,20,2026-09-28 22:30:00,2.0,Nguyen Kieu Trang,Inhouse 1,Nguyen Kieu Trang,Inhouse 1,Ruby Advisor,44440000.0,False,False,,,,,,2026-10-01
2026-10,740242373816582,2,3291453710,Đến hạn,Normal,"1-20, idle<=90",2026-04-07,2026-04-15 17:50:50,20,20,2026-09-27 16:00:00,3.0,Tran Thi Son,Inhouse 1,Tran Thi Son,Inhouse 1,Ms Laura,9080000.0,False,False,,,,,,2026-10-01
2026-10,747810789226754,3,3291469505,Đến hạn,Normal,"1-20, idle<=90",2026-05-27,2026-06-04 10:20:38,20,20,2026-09-25 21:00:00,5.0,Pham Thuy Linh,Other,Pham Thuy Linh,Other,Tran Thu Ha,7950000.0,False,False,,,,,,2026-10-01
2026-10,734004651858182,2,3291564974,Đến hạn,Normal,"1-20, idle<=90",2026-03-11,2026-03-11 16:33:14,3,3,2026-09-27 12:00:00,3.0,Ta Thuy Van,Inhouse 1,Ta Thuy Van,Inhouse 1,Ellie Advisor,8250000.0,False,False,,,,,,2026-10-01
2026-10,735803358540038,1,3291610861,Đến hạn,Normal,"1-20, idle<=90",2025-12-14,2026-03-24 22:22:00,1,1,2026-09-29 22:00:00,1.0,Vu Thuy Huong,Offline Team HaNoi,Vu Thuy Huong,Offline Team HaNoi,Tran Thu Ha,8215000.0,True,True,TMP_3291610861_20260930,2026-09-30 00:00:00,18460000.0,GMV,189.0,2026-10-01
2026-10,750895251513602,3,3291666675,Đến hạn,Normal,"1-20, idle<=90",2026-06-14,2026-06-18 08:14:41,14,14,2026-09-26 21:30:00,4.0,Hoang Thi Hong Tham,Offline Team HaNoi,Hoang Thi Hong Tham,Offline Team HaNoi,Tran Thu Ha,8700000.0,False,False,,,,,,2026-10-01
2026-10,683596725238020,1,3291870214,Đến hạn,Normal,"1-20, idle<=90",2025-05-18,2025-05-30 14:51:48,11,11,2026-09-26 10:30:00,4.0,Pham Thi Thao,Inhouse 1,Pham Thi Thao,Inhouse 1,Ellie Advisor,18820000.0,False,False,,,,,,2026-10-01
2026-10,759916439986440,4,3291975801,Đến hạn,Normal,"1-20, idle<=90",2026-08-04,2026-08-05 15:21:59,14,14,2026-09-29 21:00:00,1.0,Bui Thi Hong Van,Inhouse 1,Bui Thi Hong Van,Inhouse 1,Bui Thi Hong Van,4290000.0,False,False,,,,,,2026-10-01
2026-10,747988701178120,5,3292064271,Đến hạn,Normal,"1-20, idle<=90",2026-05-28,2026-05-29 12:38:40,3,3,2026-09-28 21:00:00,2.0,Ta Thuy Van,Inhouse 1,Ta Thuy Van,Inhouse 1,Ellie Advisor,4329000.0,False,False,,,,,,2026-10-01
2026-10,739012013740296,3,3292081285,Đến hạn,Normal,"1-20, idle<=90",2026-03-31,2026-04-10 18:07:23,4,4,2026-09-26 00:00:00,5.0,Nguyen Kieu Trang,Inhouse 1,Nguyen Kieu Trang,Inhouse 1,Ruby Advisor,23250000.0,False,False,,,,,,2026-10-01
2026-10,694009549185284,2,3292090456,Đến hạn,Normal,"1-20, idle<=90",2025-07-26,2025-07-28 15:47:57,17,17,2026-09-29 22:00:00,1.0,Nguyen Thi Thao Ngoc,Inhouse 1,Nguyen Thi Thao Ngoc,Inhouse 1,Thao Chi Advisor,15502500.0,False,False,,,,,,2026-10-01
2026-10,711048090462466,2,3292164779,Đến hạn,Normal,"1-20, idle<=90",2025-10-31,2025-11-03 16:30:04,13,13,2026-09-29 17:00:00,1.0,Nguyen Thuy Trang,Inhouse 1,Nguyen Thuy Trang,Inhouse 1,Thao Chi Advisor,16430000.0,True,True,TMP_3292164779_20260917,2026-09-17 00:00:00,23850000.0,GMV,317.0,2026-10-01
2026-10,731575490121992,2,3292165349,Đến hạn,Normal,"1-20, idle<=90",2026-02-25,2026-02-27 18:18:52,6,6,2026-09-28 19:00:00,2.0,Le Thuy Nhung,Inhouse 1,Le Thuy Nhung,Inhouse 1,Thao Chi Advisor,7950000.0,False,False,,,,,,2026-10-01
2026-10,753699649112328,5,3292166877,Đến hạn,Normal,"1-20, idle<=90",,2026-07-01 16:35:38,9,9,2026-09-27 15:30:00,3.0,Lai Ngoc Thuy Linh,Ho Chi Minh,Lai Ngoc Thuy Linh,Ho Chi Minh,Dao Thi Hoang Yen,4160000.0,False,False,,,,,,2026-10-01
2026-10,717047055530242,3,3292189434,Đến hạn,Normal,"1-20, idle<=90",2025-11-30,2025-12-05 15:47:57,5,31,2026-09-28 22:30:00,2.0,Nguyen Kieu Trang,Inhouse 1,Nguyen Kieu Trang,Inhouse 1,Ruby Advisor,4160000.0,True,True,717048000555268,2025-12-05 15:55:13,4160000.0,REM,0.0,2026-10-01
2026-10,733150396102920,3,3292319069,Đến hạn,Normal,"1-20, idle<=90",2026-02-27,2026-03-10 09:53:10,2,2,2026-09-29 21:30:00,1.0,Ta Thuy Van,Inhouse 1,Ta Thuy Van,Inhouse 1,Ellie Advisor,8580000.0,True,True,TMP_3292319069_20260920,2026-09-20 00:00:00,16620000.0,GMV,193.0,2026-10-01
2026-10,753373098250498,3,3292337782,Đến hạn,Normal,"1-20, idle<=90",2026-06-08,2026-06-28 22:46:50,18,18,2026-09-29 21:30:00,1.0,Hoang Thi Hong Tham,Offline Team HaNoi,Hoang Thi Hong Tham,Offline Team HaNoi,Tran Thu Ha,8400000.0,False,False,,,,,,2026-10-01
2026-10,755069164169480,1,3292370137,Đến hạn,Normal,"1-20, idle<=90",2026-07-08,2026-07-08 20:50:01,4,4,2026-09-28 21:30:00,2.0,Luu Thi Hoang Ngan,Inhouse 1,Luu Thi Hoang Ngan,Inhouse 1,Ms Laura,4490000.0,True,True,TMP_3292370137_20260918,2026-09-18 00:00:00,4290000.0,GMV,71.0,2026-10-01
2026-10,752814445553926,2,3292395902,Đến hạn,Normal,"1-20, idle<=90",2026-06-18,2026-06-26 18:37:11,15,15,2026-09-29 19:00:00,1.0,Nguyen Thuy Trang,Inhouse 1,Nguyen Thuy Trang,Inhouse 1,Diem Quynh Advisor,4940000.0,False,False,,,,,,2026-10-01
2026-10,706391996680450,1,3292466920,Đến hạn,Normal,"1-20, idle<=90",2025-10-05,2025-10-06 11:16:48,10,10,2026-09-27 14:00:00,3.0,Le Hung Cuong,Inhouse 2,Nguyen Thi Trang,Inhouse 2,Tran Thu Ha,15900000.0,False,False,,,,,,2026-10-01
2026-10,700614080483586,1,3292501925,Đến hạn,Normal,"1-20, idle<=90",2025-08-31,2025-09-04 06:46:19,1,1,2026-09-28 03:00:00,2.0,Do Tran Phuong Anh,Inhouse 1,Ta Thuy Van,Inhouse 1,Ellie Advisor,17374500.0,False,False,,,,,,2026-10-01
2026-10,695623321430274,2,3292533121,Đến hạn,Normal,"1-20, idle<=90",2025-07-31,2025-08-09 10:59:00,4,4,2026-09-29 19:30:00,1.0,Le Thuy Nhung,Inhouse 1,Le Thuy Nhung,Inhouse 1,Thao Chi Advisor,15550000.0,True,True,TMP_3292533121_20260728,2026-07-28 00:00:00,15900000.0,GMV,352.0,2026-10-01
2026-10,699854503151872,1,3292597447,Đến hạn,Normal,"1-20, idle<=90",2025-08-29,2025-08-30 15:33:06,7,7,2026-09-25 19:00:00,5.0,Le Thi Tuyet,Inhouse 1,Le Thi Tuyet,Inhouse 1,Ruby Advisor,18349500.0,False,False,,,,,,2026-10-01
2026-10,711696597891328,3,3292607451,Đến hạn,Normal,"1-20, idle<=90",2025-10-31,2025-11-05 10:24:04,16,16,2026-09-29 12:30:00,1.0,Nguyen Thi Thao Ngoc,Inhouse 1,Nguyen Thi Thao Ngoc,Inhouse 1,Thao Chi Advisor,16430000.0,False,False,,,,,,2026-10-01
2026-10,728167415679240,2,3292609451,Đến hạn,Normal,"1-20, idle<=90",2026-02-06,2026-02-09 12:48:39,2,2,2026-09-27 19:00:00,3.0,Pham Thi Thao,Inhouse 1,Pham Thi Thao,Inhouse 1,Ellie Advisor,8215000.0,False,False,,,,,,2026-10-01
2026-10,740363477881090,2,3292674871,Đến hạn,Normal,"1-20, idle<=90",2026-03-30,2026-04-17 00:41:59,19,19,2026-09-08 20:30:00,22.0,Nguyen Kieu Trang,Inhouse 1,Nguyen Kieu Trang,Inhouse 1,Ellie Advisor,8910000.0,False,False,,,,,,2026-10-01
2026-10,739160542472450,3,3292683851,Đến hạn,Normal,"1-20, idle<=90",2026-04-09,2026-04-09 17:32:06,15,15,2026-09-26 16:30:00,4.0,Le Thi Lan Anh,Inhouse 1,Le Thi Lan Anh,Inhouse 1,Ellie Advisor,8064000.0,False,False,,,,,,2026-10-01
2026-10,759191365736712,3,3292693325,Đến hạn,Normal,"1-20, idle<=90",2026-07-31,2026-07-31 20:17:32,16,16,2026-09-25 21:00:00,5.0,Nguyen Phuong Thuy,Inhouse 1,Nguyen Phuong Thuy,Inhouse 1,Diem Quynh Advisor,4300000.0,False,False,,,,,,2026-10-01
2026-10,714000366907648,1,3292744416,Đến hạn,Normal,"1-20, idle<=90",2025-11-15,2025-11-18 15:33:11,20,20,2026-09-29 21:00:00,1.0,Vu Thuy Huong,Offline Team HaNoi,Vu Thuy Huong,Offline Team HaNoi,Tran Thu Ha,16430000.0,False,False,,,,,,2026-10-01
2026-10,756876967033090,1,3292822531,Đến hạn,Normal,"1-20, idle<=90",2026-07-18,2026-07-20 17:59:03,4,4,2026-09-29 18:00:00,1.0,Tran Thi Son,Inhouse 1,Tran Thi Son,Inhouse 1,Dao Thi Hoang Yen,4550000.0,False,False,,,,,,2026-10-01
2026-10,734541573787912,3,3292856617,Đến hạn,Normal,"1-20, idle<=90",2026-03-13,2026-03-15 11:13:21,5,84,2026-09-29 21:30:00,1.0,Vu Thi Tuyet Trinh,Inhouse 1,Vu Thi Tuyet Trinh,Inhouse 1,Thao Chi Advisor,8300000.0,True,True,769751913611528,2026-09-28 00:00:00,11850000.0,GMV+REM,196.0,2026-10-01
2026-10,746089869631752,2,3292864990,Đến hạn,Normal,"1-20, idle<=90",2026-04-30,2026-05-18 19:02:33,14,14,2026-09-28 18:00:00,2.0,Bui Thi Thai Duong,Inhouse 1,Bui Thi Thai Duong,Inhouse 1,Ellie Advisor,7685000.0,False,False,,,,,,2026-10-01
2026-10,751016108890376,1,3292924462,Đến hạn,Normal,"1-20, idle<=90",2026-06-15,2026-06-15 20:33:10,19,19,2026-09-27 21:30:00,3.0,Luu Thi Hoang Ngan,Inhouse 1,Luu Thi Hoang Ngan,Inhouse 1,Ms Jenny Advisor,8745000.0,False,False,,,,,,2026-10-01
2026-10,702030477201668,2,3292954346,Đến hạn,Normal,"1-20, idle<=90",2025-07-31,2025-09-11 18:59:57,11,117,2026-09-28 18:30:00,2.0,Bui Thi Thai Duong,Inhouse 1,Bui Thi Thai Duong,Inhouse 1,Ellie Advisor,16820000.0,True,True,768012366999814,2026-08-31 00:00:00,16520000.0,GMV+REM,353.0,2026-10-01
2026-10,753825101273352,3,3292959540,Đến hạn,Normal,"1-20, idle<=90",2026-06-27,2026-07-01 12:49:55,16,16,2026-09-28 22:00:00,2.0,Le Thi Tuyet,Inhouse 1,Le Thi Tuyet,Inhouse 1,Ruby Advisor,8550000.0,False,False,,,,,,2026-10-01
2026-10,684987331514624,2,3292967228,Đến hạn,Normal,"1-20, idle<=90",2025-06-06,2025-06-07 11:53:04,5,5,2026-09-24 21:30:00,6.0,Do Thi Hong Nhung,Inhouse 1,Nguyen Thuy Trang,Inhouse 1,Thao Chi Advisor,8500000.0,False,False,,,,,,2026-10-01
2026-10,685200860829956,1,3292975981,Đến hạn,Normal,"1-20, idle<=90",2025-06-08,2025-06-08 16:19:37,6,6,2026-09-26 16:30:00,4.0,Ta Thuy Van,Inhouse 1,Ta Thuy Van,Inhouse 1,Ellie Advisor,9800000.0,False,False,,,,,,2026-10-01
2026-10,732092089243906,3,3293035067,Đến hạn,Normal,"1-20, idle<=90",2026-02-28,2026-03-02 11:40:00,14,14,2026-09-27 11:00:00,3.0,Nguyen Linh Chi,Inhouse 1,Ho Thi Thanh,Inhouse 1,Ms Laura,7950000.0,False,False,,,,,,2026-10-01
2026-10,741085618460936,2,3293133666,Đến hạn,Normal,"1-20, idle<=90",2026-04-19,2026-04-20 12:27:36,7,7,2026-09-27 21:30:00,3.0,Le Thi Thuy Van,Inhouse 2,Le Thi Thuy Van,Inhouse 2,Tran Thu Ha,8215000.0,False,False,,,,,,2026-10-01
2026-10,697376392323330,1,3293186058,Đến hạn,Normal,"1-20, idle<=90",2025-08-15,2025-08-16 13:16:16,3,3,2026-09-06 11:00:00,24.0,Vu Thi Tuyet Trinh,Inhouse 1,Vu Thi Tuyet Trinh,Inhouse 1,Thao Chi Advisor,17239100.0,False,False,,,,,,2026-10-01
2026-10,745364668426498,4,3293195543,Đến hạn,Normal,"1-20, idle<=90",2026-05-14,2026-05-15 23:58:54,19,19,2026-09-26 10:30:00,4.0,Ta Thuy Van,Inhouse 1,Ta Thuy Van,Inhouse 1,Ellie Advisor,8215000.0,False,False,,,,,,2026-10-01
2026-10,720724101753088,2,3293264993,Đến hạn,Normal,"1-20, idle<=90",2025-11-30,2025-12-30 16:30:31,1,1,2026-09-26 20:00:00,4.0,Pham Thi Thao,Inhouse 1,Pham Thi Thao,Inhouse 1,Ellie Advisor,7950000.0,True,True,TMP_3293264993_20260630,2026-06-30 00:00:00,7950000.0,GMV,181.0,2026-10-01
2026-10,747847573948674,2,3293365116,Đến hạn,Normal,"1-20, idle<=90",2026-05-28,2026-06-01 20:54:16,1,1,2026-09-26 20:00:00,4.0,Kieu Thi Thu Quynh,Inhouse 1,Kieu Thi Thu Quynh,Inhouse 1,Thao Chi Advisor,4350000.0,False,False,,,,,,2026-10-01
2026-10,717906150398210,2,3293384390,Đến hạn,Normal,"1-20, idle<=90",2025-12-04,2025-12-11 11:46:34,16,16,2026-09-26 22:30:00,4.0,Nguyen Linh Chi,Inhouse 1,Ho Thi Thanh,Inhouse 1,Ms Laura,7950000.0,False,False,,,,,,2026-10-01
2026-10,761441452855558,1,3293421555,Đến hạn,Normal,"1-20, idle<=90",2026-08-13,2026-08-14 16:14:24,10,10,2026-09-27 22:30:00,3.0,Nguyen Thi Thao Ngoc,Inhouse 1,Nguyen Thi Thao Ngoc,Inhouse 1,Ms Laura,4420000.0,False,False,,,,,,2026-10-01
2026-10,758668331006214,1,3293436464,Đến hạn,Normal,"1-20, idle<=90",2026-07-28,2026-07-29 15:21:55,11,11,2026-09-29 21:00:00,1.0,Hoang Thi Hong Tham,Offline Team HaNoi,Hoang Thi Hong Tham,Offline Team HaNoi,Tran Thu Ha,4420000.0,False,False,,,,,,2026-10-01
2026-10,739311798186246,1,3293504089,Đến hạn,Normal,"1-20, idle<=90",2026-04-08,2026-04-16 13:34:32,12,12,2026-09-29 20:30:00,1.0,Nguyen Thi Trang,Inhouse 2,Nguyen Thi Trang,Inhouse 2,Ms Jenny Advisor,8755500.0,False,False,,,,,,2026-10-01
2026-10,686960273826052,1,3293523885,Đến hạn,Frozen,"1-20, idle<=90",2025-06-18,2025-06-18 15:41:45,4,4,2026-07-24 18:00:00,68.0,Nguyen Kieu Trang,Inhouse 1,Nguyen Kieu Trang,Inhouse 1,Ruby Advisor,18740000.0,False,False,,,,,,2026-10-01
2026-10,699333881657600,1,3293571281,Đến hạn,Frozen,"1-20, idle<=90",2025-08-27,2025-08-27 16:59:43,18,18,2026-07-29 20:30:00,63.0,Tran Vo Minh Thu,Ho Chi Minh,Nguyen Kieu Trang,Inhouse 1,Dao Thi Hoang Yen,17157500.0,False,False,,,,,,2026-10-01
2026-10,756004160452872,2,3293631914,Đến hạn,Normal,"1-20, idle<=90",2026-07-13,2026-07-14 15:27:55,3,3,2026-09-24 22:00:00,6.0,Le Thi Thuy Van,Inhouse 2,Le Thi Thuy Van,Inhouse 2,Tran Thu Ha,4500000.0,False,False,,,,,,2026-10-01
2026-10,692801777645824,1,3293651939,Đến hạn,Normal,"1-20, idle<=90",2025-07-21,2025-07-21 18:10:34,7,7,2026-09-28 22:00:00,2.0,Bui Thi Hong Van,Inhouse 1,Bui Thi Hong Van,Inhouse 1,Ruby Advisor,16320000.0,False,False,,,,,,2026-10-01
2026-10,710106998116612,2,3293712846,Đến hạn,Normal,"1-20, idle<=90",2025-10-25,2025-10-29 21:02:52,20,20,2026-09-28 22:00:00,2.0,Pham Thuy Linh,Other,Pham Thuy Linh,Other,Tran Thu Ha,17820000.0,False,False,,,,,,2026-10-01
2026-10,738098683175174,2,3293715316,Đến hạn,Normal,"1-20, idle<=90",2026-03-30,2026-04-03 16:05:00,8,8,2026-09-28 21:00:00,2.0,Nguyen Thi Thao Ngoc,Inhouse 1,Nguyen Thi Thao Ngoc,Inhouse 1,Thao Chi Advisor,7950100.0,False,False,,,,,,2026-10-01
2026-10,713554161062144,1,3293721000,Đến hạn,Normal,"1-20, idle<=90",2025-11-15,2025-11-16 14:20:54,17,17,2026-09-27 23:00:00,3.0,Nguyen Thu Phuong,Offline Team HaNoi,Nguyen Thu Phuong,Offline Team HaNoi,Tran Thu Ha,16500000.0,False,False,,,,,,2026-10-01
2026-10,698251853588738,1,3293824014,Đến hạn,Normal,"1-20, idle<=90",2025-08-21,2025-08-22 20:08:20,9,9,2026-09-27 15:30:00,3.0,Nguyen Kieu Trang,Inhouse 1,Nguyen Kieu Trang,Inhouse 1,Ruby Advisor,18820000.0,False,False,,,,,,2026-10-01
2026-10,737012326828290,2,3293840590,Đến hạn,Normal,"1-20, idle<=90",2026-03-26,2026-03-28 12:01:03,5,5,2026-09-29 21:30:00,1.0,Tran Thi Thaoo,Inhouse 1,Ho Thi Thanh,Inhouse 1,Ms Laura,7950000.0,False,False,,,,,,2026-10-01
2026-10,716517584767234,2,3293855463,Đến hạn,Frozen,"1-20, idle<=90",2025-11-30,2025-12-04 12:25:38,4,4,2026-09-03 17:00:00,27.0,Do Thi Tuyet Nhung,Inhouse 1,Do Thi Tuyet Nhung,Inhouse 1,Thao Chi Advisor,8580000.0,False,False,,,,,,2026-10-01
2026-10,712973168460032,2,3293931597,Đến hạn,Normal,"1-20, idle<=90",,2025-11-16 19:06:17,7,7,2026-09-20 15:00:00,10.0,Le Thuy Nhung,Inhouse 1,Le Thuy Nhung,Inhouse 1,Diem Quynh Advisor,9410000.0,False,False,,,,,,2026-10-01
2026-10,742659391625478,1,3293978586,Đến hạn,Normal,"1-20, idle<=90",2026-04-27,2026-04-29 18:04:44,10,10,2026-09-29 18:30:00,1.0,Le Thi Tuyet,Inhouse 1,Le Thi Tuyet,Inhouse 1,Ruby Advisor,8500000.0,False,False,,,,,,2026-10-01
2026-10,715062622744834,2,3294002664,Đến hạn,Normal,"1-20, idle<=90",2025-11-22,2025-11-25 14:46:28,6,6,2026-09-27 16:30:00,3.0,Hoang Thi Hong Tham,Offline Team HaNoi,Hoang Thi Hong Tham,Offline Team HaNoi,Tran Thu Ha,9080000.0,False,False,,,,,,2026-10-01
2026-10,746029781324040,3,3294033751,Đến hạn,Normal,"1-20, idle<=90",2026-05-17,2026-05-18 13:22:27,16,16,2026-09-28 17:30:00,2.0,Le Kim Chi,Inhouse 1,Le Kim Chi,Inhouse 1,Ruby Advisor,8650000.0,False,False,,,,,,2026-10-01
2026-10,727091654891778,2,3294035978,Đến hạn,Normal,"1-20, idle<=90",2025-12-30,2026-01-31 11:24:49,6,6,2026-09-27 21:00:00,3.0,Le To Hai My,Inhouse 1,Bui Thi Thai Duong,Inhouse 1,Dao Thi Hoang Yen,8200000.0,False,False,,,,,,2026-10-01
2026-10,688908535527682,1,3294053308,Đến hạn,Normal,"1-20, idle<=90",2025-06-28,2025-06-29 15:24:12,4,4,2026-09-28 21:00:00,2.0,Ta Thuy Van,Inhouse 1,Ta Thuy Van,Inhouse 1,Ellie Advisor,9080000.0,False,False,,,,,,2026-10-01
2026-10,696706672638212,1,3294058913,Đến hạn,Normal,"1-20, idle<=90",2025-08-12,2025-08-12 17:17:49,1,1,2026-09-29 20:00:00,1.0,Le Quang Tung,Offline Team HaNoi,Vu Thuy Huong,Offline Team HaNoi,Tran Thu Ha,17820000.0,False,False,,,,,,2026-10-01
2026-10,739173680689416,3,3294186664,Đến hạn,Normal,"1-20, idle<=90",2026-04-09,2026-04-09 17:28:18,4,4,2026-09-29 21:30:00,1.0,Ho Thi Thanh,Inhouse 1,Ho Thi Thanh,Inhouse 1,Ms Laura,8215000.0,False,False,,,,,,2026-10-01
2026-10,756464104706310,1,3294273658,Đến hạn,Normal,"1-20, idle<=90",2026-07-16,2026-07-20 22:20:11,7,7,2026-09-29 17:30:00,1.0,Le Thi Thuy Trang,Inhouse 1,Le Thi Thuy Trang,Inhouse 1,Ms Jenny Advisor,4420000.0,True,True,TMP_3294273658_20260930,2026-09-30 00:00:00,8480000.0,GMV,71.0,2026-10-01
2026-10,706653482105092,1,3294305811,Đến hạn,Normal,"1-20, idle<=90",2025-06-28,2025-10-07 22:42:20,19,19,2026-09-29 22:30:00,1.0,Ta Thuy Van,Inhouse 1,Ta Thuy Van,Inhouse 1,Ellie Advisor,17820000.0,False,False,,,,,,2026-10-01
2026-10,741990069868808,2,3294319695,Đến hạn,Normal,"1-20, idle<=90",2026-03-31,2026-04-25 15:10:31,10,10,2026-09-29 20:00:00,1.0,Le Thi Lan Anh,Inhouse 1,Le Thi Lan Anh,Inhouse 1,Ellie Advisor,7950000.0,False,False,,,,,,2026-10-01
2026-10,738100846086402,2,3294337507,Đến hạn,Normal,"1-20, idle<=90",2026-04-02,2026-04-07 21:01:26,11,11,2026-09-28 21:00:00,2.0,Bui Thi Hong Van,Inhouse 1,Bui Thi Hong Van,Inhouse 1,Ruby Advisor,8000000.0,False,False,,,,,,2026-10-01
2026-10,761300471161096,1,3294385308,Đến hạn,Normal,"1-20, idle<=90",2026-08-12,2026-08-12 18:05:13,13,13,2026-09-28 19:00:00,2.0,Nguyen Thi Thu Huyen,Inhouse 2,Nguyen Thi Thu Huyen,Inhouse 2,Tran Thu Ha,4600000.0,False,False,,,,,,2026-10-01
2026-10,734940481886466,3,3294478047,Đến hạn,Normal,"1-20, idle<=90",2026-02-28,2026-03-18 11:49:02,20,20,2026-09-27 22:00:00,3.0,Le Thi Lan Anh,Inhouse 1,Le Thi Lan Anh,Inhouse 1,Ellie Advisor,8150000.0,False,False,,,,,,2026-10-01
2026-10,739126690898178,2,3294495071,Đến hạn,Normal,"1-20, idle<=90",2026-03-31,2026-04-13 11:19:37,7,7,2026-09-29 20:30:00,1.0,Nguyen Kieu Trang,Inhouse 1,Nguyen Kieu Trang,Inhouse 1,Ruby Advisor,8410000.0,False,False,,,,,,2026-10-01
2026-10,693907784061186,1,3294496828,Đến hạn,Normal,"1-20, idle<=90",2025-07-27,2025-07-28 10:18:14,15,15,2026-09-27 12:00:00,3.0,Pham Thi Thao,Inhouse 1,Pham Thi Thao,Inhouse 1,Ellie Advisor,17820000.0,True,True,TMP_3294496828_20260831,2026-08-31 00:00:00,31800000.0,GMV,398.0,2026-10-01
2026-10,740377079378182,1,3294498791,Đến hạn,Normal,"1-20, idle<=90",2026-04-16,2026-04-17 15:07:20,9,9,2026-09-22 09:30:00,8.0,Nguyen Minh Phat,Ho Chi Minh,Nguyen Minh Phat,Ho Chi Minh,Dao Thi Hoang Yen,8857600.0,False,False,,,,,,2026-10-01
2026-10,716472403996930,2,3294640312,Đến hạn,Normal,"1-20, idle<=90",2025-12-01,2025-12-08 19:52:51,3,3,2026-09-25 21:00:00,5.0,Do Thi Tuyet Nhung,Inhouse 1,Vu Thi Tuyet Trinh,Inhouse 1,Thao Chi Advisor,7950000.0,False,False,,,,,,2026-10-01
2026-10,756164166506758,1,3294642863,Đến hạn,Normal,"1-20, idle<=90",2026-05-26,2026-07-14 23:58:04,9,9,2026-09-26 21:30:00,4.0,Hoang Thi Hong Tham,Offline Team HaNoi,Hoang Thi Hong Tham,Offline Team HaNoi,Tran Thu Ha,4480000.0,False,False,,,,,,2026-10-01
2026-10,737794183182598,3,3294721965,Đến hạn,Normal,"1-20, idle<=90",2026-02-27,2026-04-02 20:23:13,14,14,2026-09-27 22:00:00,3.0,Vo Tran Anh Thuy,Ho Chi Minh,Tran Quoc Dung,Other,Dao Thi Hoang Yen,8215000.0,False,False,,,,,,2026-10-01
2026-10,760035778103554,1,3294795277,Đến hạn,Normal,"1-20, idle<=90",2026-08-04,2026-08-05 23:06:35,10,10,2026-09-27 17:00:00,3.0,Nguyen Minh Phat,Ho Chi Minh,Nguyen Minh Phat,Ho Chi Minh,Dao Thi Hoang Yen,4420000.0,False,False,,,,,,2026-10-01
2026-10,710107921672448,2,3294817896,Đến hạn,Normal,"1-20, idle<=90",2025-10-17,2025-10-27 10:39:03,17,17,2026-09-28 22:30:00,2.0,Nguyen Kieu Trang,Inhouse 1,Nguyen Kieu Trang,Inhouse 1,Ruby Advisor,9080000.0,False,False,,,,,,2026-10-01
2026-10,712951521937666,2,3294828552,Đến hạn,Normal,"1-20, idle<=90",2025-09-25,2025-11-12 19:54:51,11,11,2026-09-26 21:30:00,4.0,Vu Thi Tuyet Trinh,Inhouse 1,Vu Thi Tuyet Trinh,Inhouse 1,Thao Chi Advisor,8300000.0,True,True,TMP_3294828552_20260922,2026-09-22 00:00:00,15900000.0,GMV,313.0,2026-10-01
2026-10,741068264851714,1,3294904087,Đến hạn,Normal,"1-20, idle<=90",2026-04-19,2026-04-20 12:43:55,14,14,2026-09-29 22:30:00,1.0,Nguyen Thi Thao Ngoc,Inhouse 1,Nguyen Thi Thao Ngoc,Inhouse 1,Ms Jenny Advisor,9080000.0,False,False,,,,,,2026-10-01
2026-10,732065912408322,2,3294921315,Đến hạn,Normal,"1-20, idle<=90",2026-02-28,2026-02-28 19:12:12,5,5,2026-09-27 20:30:00,3.0,Le Minh Thanh,Ho Chi Minh,Cao Thi Lua,Inhouse 1,Dao Thi Hoang Yen,8215000.0,False,False,,,,,,2026-10-01
2026-10,743574774038792,2,3294946162,Đến hạn,Normal,"1-20, idle<=90",2026-01-24,2026-05-05 14:10:41,16,16,2026-09-29 19:30:00,1.0,Tran Thi Son,Inhouse 1,Tran Thi Son,Inhouse 1,Ms Laura,7950000.0,False,False,,,,,,2026-10-01
2026-10,691028351226114,1,3294958614,Đến hạn,Normal,"1-20, idle<=90",2025-07-11,2025-07-11 14:56:02,4,4,2026-09-28 15:00:00,2.0,Le Thi Tuyet,Inhouse 1,Le Thi Tuyet,Inhouse 1,Ruby Advisor,18820000.0,False,False,,,,,,2026-10-01
2026-10,738981351143688,3,3294959030,Đến hạn,Normal,"1-20, idle<=90",2026-04-08,2026-04-10 13:16:58,2,2,2026-09-27 13:30:00,3.0,Tran Thi Son,Inhouse 1,Tran Thi Son,Inhouse 1,Ms Laura,7950000.0,True,True,TMP_3294959030_20260921,2026-09-21 00:00:00,7950000.0,GMV,163.0,2026-10-01
2026-10,737011412001026,2,3294998136,Đến hạn,Normal,"1-20, idle<=90",2026-03-25,2026-03-28 14:59:34,7,7,2026-09-18 22:00:00,12.0,Bui Thi Thai Duong,Inhouse 1,Bui Thi Thai Duong,Inhouse 1,Ellie Advisor,8495500.0,False,False,,,,,,2026-10-01
2026-10,707981973602560,2,3295016601,Đến hạn,Normal,"1-20, idle<=90",2025-10-14,2025-10-15 12:33:52,13,92,2026-09-29 17:00:00,1.0,Nguyen Thuy Trang,Inhouse 1,Nguyen Thuy Trang,Inhouse 1,Ellie Advisor,16820000.0,True,True,767293648638216,2026-09-15 00:00:00,12500000.0,GMV+REM,334.0,2026-10-01
2026-10,729036976171272,2,3295029092,Đến hạn,Normal,"1-20, idle<=90",2026-02-01,2026-02-11 10:01:39,10,113,2026-09-29 19:00:00,1.0,Tran Thi Son,Inhouse 1,Tran Thi Son,Inhouse 1,Ellie Advisor,24000000.0,True,True,768855006339330,2026-09-23 00:00:00,8580000.0,GMV+REM,223.0,2026-10-01
2026-10,734215296876802,3,3295059482,Đến hạn,Normal,"1-20, idle<=90",2026-03-12,2026-03-16 12:31:06,2,2,2026-09-27 21:00:00,3.0,Ta Thuy Van,Inhouse 1,Ta Thuy Van,Inhouse 1,Ellie Advisor,23500000.0,False,False,,,,,,2026-10-01
2026-10,746288510103814,4,3295059948,Đến hạn,Normal,"1-20, idle<=90",2026-05-19,2026-05-21 12:00:45,15,15,2026-09-29 21:30:00,1.0,Le Minh Thanh,Ho Chi Minh,Nguyen Minh Phat,Ho Chi Minh,Dao Thi Hoang Yen,8215000.0,False,False,,,,,,2026-10-01
2026-10,705149164019968,2,3295060178,Đến hạn,Normal,"1-20, idle<=90",2025-09-28,2025-09-29 10:11:09,2,108,2026-09-27 13:00:00,3.0,Le Thi Tuyet,Inhouse 1,Le Thi Tuyet,Inhouse 1,Ruby Advisor,8750000.0,True,True,728722699180290,2026-02-09 00:00:00,16450000.0,GMV+REM,132.0,2026-10-01
2026-10,691741089698052,2,3295060629,Đến hạn,Normal,"1-20, idle<=90",2025-07-15,2025-07-15 20:33:53,4,4,2026-09-20 11:30:00,10.0,Do Thi Tuyet Nhung,Inhouse 1,Nguyen Thi Thao Ngoc,Inhouse 1,Thao Chi Advisor,9410000.0,True,True,TMP_3295060629_20260925,2026-09-25 00:00:00,17320000.0,GMV,436.0,2026-10-01
2026-10,724847618525440,2,3295173467,Đến hạn,Normal,"1-20, idle<=90",2026-01-18,2026-01-19 12:05:52,6,59,2026-09-21 21:00:00,9.0,Le Minh Thanh,Ho Chi Minh,Tran Quoc Dung,Other,Dao Thi Hoang Yen,8580000.0,True,True,763726310856966,2026-08-26 00:00:00,8215000.0,GMV+REM,218.0,2026-10-01
2026-10,701611648262400,1,3295212354,Đến hạn,Normal,"1-20, idle<=90",2025-09-09,2025-09-09 10:53:03,6,112,2026-09-28 19:00:00,2.0,Nguyen Nhat Vy,Inhouse 1,Nguyen Thi Thao Ngoc,Inhouse 1,Ruby Advisor,16960000.0,True,True,754910108457218,2026-06-30 00:00:00,15900000.0,GMV+REM,293.0,2026-10-01
2026-10,749742418401544,2,3295305948,Đến hạn,Normal,"1-20, idle<=90",2026-03-30,2026-06-08 10:45:37,20,20,2026-09-29 18:30:00,1.0,Nguyen Minh Phat,Ho Chi Minh,Nguyen Minh Phat,Ho Chi Minh,Dao Thi Hoang Yen,8219300.0,False,False,,,,,,2026-10-01
2026-10,692076864186626,1,3295330940,Đến hạn,Normal,"1-20, idle<=90",2025-07-16,2025-07-18 19:14:13,20,73,2026-09-26 10:00:00,4.0,Pham Thi Thao,Inhouse 1,Pham Thi Thao,Inhouse 1,Ellie Advisor,16960000.0,True,True,749936774541576,2026-06-09 13:04:47,8480000.0,REM,325.0,2026-10-01
2026-10,741430917525766,2,3295340550,Đến hạn,Normal,"1-20, idle<=90",2026-03-26,2026-04-27 14:41:31,20,20,2026-09-28 22:00:00,2.0,Vu Thuy Huong,Offline Team HaNoi,Vu Thuy Huong,Offline Team HaNoi,Tran Thu Ha,8580000.0,False,False,,,,,,2026-10-01
2026-10,748918170339586,1,3295398808,Đến hạn,Normal,"1-20, idle<=90",2026-06-03,2026-06-03 21:13:22,10,10,2026-09-27 21:30:00,3.0,Vu Cam Ly,Inhouse 2,Vu Cam Ly,Inhouse 2,Ms Jenny Advisor,9850000.0,False,False,,,,,,2026-10-01
2026-10,693662816796930,1,3295430158,Đến hạn,Normal,"1-20, idle<=90",2025-07-25,2025-07-27 20:56:06,6,112,2026-09-28 21:30:00,2.0,Nguyen Thuy Trang,Inhouse 1,Nguyen Thuy Trang,Inhouse 1,Thao Chi Advisor,17320000.0,True,True,759838682413320,2026-07-31 00:00:00,15900000.0,GMV+REM,368.0,2026-10-01
2026-10,753689583937800,4,3295515991,Đến hạn,Normal,"1-20, idle<=90",2026-06-30,2026-06-30 17:55:13,12,12,2026-09-28 20:30:00,2.0,Ho Thi Thanh,Inhouse 1,Ho Thi Thanh,Inhouse 1,Ellie Advisor,4290000.0,False,False,,,,,,2026-10-01
2026-10,700591446432000,1,3295568860,Đến hạn,Normal,"1-20, idle<=90",2025-08-30,2025-09-04 16:17:57,7,7,2026-09-29 21:00:00,1.0,Le Thi Thuy Trang,Inhouse 1,Le Thi Thuy Trang,Inhouse 1,Ruby Advisor,15900000.0,False,False,,,,,,2026-10-01
2026-10,750173269102856,3,3295716752,Đến hạn,Normal,"1-20, idle<=90",2026-06-10,2026-06-11 15:47:13,19,19,2026-09-27 20:30:00,3.0,Le Thi Lan Anh,Inhouse 1,Le Thi Lan Anh,Inhouse 1,Ellie Advisor,8480000.0,False,False,,,,,,2026-10-01
2026-10,693302125269250,1,3295795041,Đến hạn,Normal,"1-20, idle<=90",2025-07-24,2025-07-24 12:19:24,1,1,2026-09-29 16:30:00,1.0,Pham Thi Thao,Inhouse 1,Pham Thi Thao,Inhouse 1,Ellie Advisor,18820000.0,False,False,,,,,,2026-10-01
2026-10,694405121675524,1,3295818728,Đến hạn,Normal,"1-20, idle<=90",2025-07-30,2025-07-30 18:25:08,2,2,2026-08-04 20:00:00,57.0,Do Thi Hong Nhung,Inhouse 1,Phan Thi Huong,Inhouse 1,Thao Chi Advisor,17320000.0,False,False,,,,,,2026-10-01
2026-10,701801611944194,1,3295818942,Đến hạn,Normal,"1-20, idle<=90",2025-08-28,2025-09-10 12:26:23,2,108,2026-09-24 19:00:00,6.0,Le Kim Chi,Inhouse 1,Le Kim Chi,Inhouse 1,Ruby Advisor,18560000.0,True,True,752791907168518,2026-06-25 00:00:00,17280000.0,GMV+REM,287.0,2026-10-01
2026-10,693302293561604,1,3295925962,Đến hạn,Normal,"1-20, idle<=90",2025-07-24,2025-07-24 12:22:50,13,13,2026-09-29 16:00:00,1.0,Pham Thi Thao,Inhouse 1,Pham Thi Thao,Inhouse 1,Ellie Advisor,10860000.0,False,False,,,,,,2026-10-01
2026-10,693301221253378,1,3295926729,Đến hạn,Normal,"1-20, idle<=90",2025-04-29,2025-07-28 22:13:47,12,118,2026-09-23 22:00:00,7.0,Tran Thi Thu Hang,Inhouse 1,Le Thi Lan Anh,Inhouse 1,Ellie Advisor,15902200.0,True,True,768695213443330,2026-09-22 00:00:00,15912000.0,GMV+REM,420.0,2026-10-01
2026-10,734054592479494,2,3295929238,Đến hạn,Normal,"1-20, idle<=90",2026-03-11,2026-03-15 09:19:16,5,5,2026-09-28 21:30:00,2.0,Vu Thuy Huong,Offline Team HaNoi,Vu Thuy Huong,Offline Team HaNoi,Tran Thu Ha,8580000.0,False,False,,,,,,2026-10-01
2026-10,735605664198914,2,3295935109,Đến hạn,Normal,"1-20, idle<=90",2025-12-31,2026-03-24 21:34:03,3,3,2026-09-25 21:30:00,5.0,Bui Thi Hong Van,Inhouse 1,Le Thi Tuyet,Inhouse 1,Ruby Advisor,8350000.0,False,False,,,,,,2026-10-01
2026-10,761823125412102,1,3295944226,Đến hạn,Normal,"1-20, idle<=90",2026-08-14,2026-08-15 17:27:48,10,10,2026-09-26 17:00:00,4.0,Vu Cam Ly,Inhouse 2,Vu Cam Ly,Inhouse 2,Tran Thu Ha,4550000.0,False,False,,,,,,2026-10-01
2026-10,694180475369730,1,3295981157,Đến hạn,Normal,"1-20, idle<=90",2025-07-29,2025-07-29 16:24:32,16,16,2026-09-29 21:00:00,1.0,Tran Thi Son,Inhouse 1,Tran Thi Son,Inhouse 1,Ellie Advisor,17500000.0,False,False,,,,,,2026-10-01
2026-10,698445751486720,1,3296000996,Đến hạn,Normal,"1-20, idle<=90",2025-08-21,2025-08-22 12:54:32,11,117,2026-09-29 21:00:00,1.0,Nguyen Thuy Trang,Inhouse 1,Nguyen Thuy Trang,Inhouse 1,Thao Chi Advisor,17427300.0,True,True,764092241905926,2026-08-27 00:00:00,16536960.0,GMV+REM,369.0,2026-10-01
2026-10,721490919776512,2,3296013781,Đến hạn,Normal,"1-20, idle<=90",2025-12-27,2025-12-30 19:35:37,17,17,2026-09-29 20:30:00,1.0,Nguyen Kieu Trang,Inhouse 1,Nguyen Kieu Trang,Inhouse 1,Ruby Advisor,16010500.0,False,False,,,,,,2026-10-01
2026-10,726771359203592,2,3296037804,Đến hạn,Normal,"1-20, idle<=90",2026-01-29,2026-02-02 19:17:41,15,15,2026-09-27 11:30:00,3.0,Le Minh Thanh,Ho Chi Minh,Lai Ngoc Thuy Linh,Ho Chi Minh,Dao Thi Hoang Yen,23500000.0,False,False,,,,,,2026-10-01
2026-10,694903517063428,1,3296039145,Đến hạn,Normal,"1-20, idle<=90",2025-08-02,2025-08-04 20:50:26,11,11,2026-09-29 21:00:00,1.0,Tran Vo Minh Thu,Ho Chi Minh,Nguyen Thi Ninh,Other,Dao Thi Hoang Yen,15900000.0,False,False,,,,,,2026-10-01
2026-10,698476480039170,1,3296040098,Đến hạn,Normal,"1-20, idle<=90",2025-08-22,2025-08-28 15:45:06,9,9,2026-09-27 17:00:00,3.0,Le To Hai My,Inhouse 1,Kieu Thi Thu Quynh,Inhouse 1,Ellie Advisor,17000000.0,False,False,,,,,,2026-10-01
2026-10,716168814459140,1,3296041392,Đến hạn,Frozen,"1-20, idle<=90",2025-11-30,2025-11-30 22:20:57,8,8,2026-07-17 21:00:00,75.0,Vu Cam Ly,Inhouse 2,Vu Cam Ly,Inhouse 2,Tran Thu Ha,9580000.0,False,False,,,,,,2026-10-01
2026-10,695788268822788,1,3296055948,Đến hạn,Normal,"1-20, idle<=90",2025-07-29,2025-08-07 13:01:57,12,12,2026-09-27 21:00:00,3.0,Do Thi Hong Nhung,Inhouse 1,Hoang Thi Hong Tham,Offline Team HaNoi,Tran Thu Ha,17820000.0,False,False,,,,,,2026-10-01
2026-10,724123296637184,2,3296089513,Đến hạn,Normal,"1-20, idle<=90",2025-11-01,2026-01-15 18:27:56,5,5,2026-09-26 14:00:00,4.0,Tran Thi Thaoo,Inhouse 1,Nguyen Thi Ninh,Other,Ellie Advisor,8215000.0,False,False,,,,,,2026-10-01
2026-10,748528142500104,3,3296090655,Đến hạn,Normal,"1-20, idle<=90",2026-05-28,2026-06-01 16:43:30,20,20,2026-09-25 16:00:00,5.0,Lai Ngoc Thuy Linh,Ho Chi Minh,Lai Ngoc Thuy Linh,Ho Chi Minh,Dao Thi Hoang Yen,8215000.0,False,False,,,,,,2026-10-01
2026-10,732581172699394,2,3296097371,Đến hạn,Normal,"1-20, idle<=90",2026-02-06,2026-03-03 11:44:38,1,1,2026-09-28 20:30:00,2.0,Vu Thuy Huong,Offline Team HaNoi,Vu Thuy Huong,Offline Team HaNoi,Tran Thu Ha,8215000.0,True,True,TMP_3296097371_20260930,2026-09-30 00:00:00,16480000.0,GMV,210.0,2026-10-01
2026-10,694012338946306,1,3296116920,Đến hạn,Normal,"1-20, idle<=90",2025-07-28,2025-07-28 15:57:01,6,6,2026-09-19 10:00:00,11.0,Hoang Thi Hong Tham,Offline Team HaNoi,Hoang Thi Hong Tham,Offline Team HaNoi,Tran Thu Ha,17000000.0,False,False,,,,,,2026-10-01
2026-10,695514260365572,1,3296146799,Đến hạn,Normal,"1-20, idle<=90",2025-07-29,2025-08-06 13:09:49,2,2,2026-09-29 18:30:00,1.0,Vo Thi Thom,Offline Team HaNoi,Hoang Thi Hong Tham,Offline Team HaNoi,Tran Thu Ha,17820000.0,True,True,TMP_3296146799_20260925,2026-09-25 00:00:00,16820000.0,GMV,414.0,2026-10-01
2026-10,732633440215304,2,3296170835,Đến hạn,Normal,"1-20, idle<=90",2025-10-29,2026-03-04 18:14:31,6,6,2026-09-29 21:30:00,1.0,Vo Tran Anh Thuy,Ho Chi Minh,Tran Quoc Dung,Other,Dao Thi Hoang Yen,8215000.0,False,False,,,,,,2026-10-01
2026-10,733694990684424,1,3296196100,Đến hạn,Normal,"1-20, idle<=90",2026-03-09,2026-03-10 17:55:23,1,1,2026-09-25 17:30:00,5.0,Tran Thi Son,Inhouse 1,Tran Thi Son,Inhouse 1,Ruby Advisor,9080000.0,False,False,,,,,,2026-10-01
2026-10,707819481067780,1,3296224239,Đến hạn,Normal,"1-20, idle<=90",2025-10-13,2025-10-15 17:31:29,16,16,2026-09-29 22:00:00,1.0,Bui Thi Anh,IND,Pham Thuy Linh,Other,Tran Thu Ha,16431700.0,False,False,,,,,,2026-10-01
2026-10,757387843883272,1,3296247519,Đến hạn,Normal,"1-20, idle<=90",2026-07-21,2026-07-21 15:33:22,18,18,2026-09-28 21:30:00,2.0,Vu Thi Khanh Huyen,Inhouse 2,Le Thi Thuy Van,Inhouse 2,Tran Thu Ha,9350000.0,False,False,,,,,,2026-10-01
2026-10,694744125778176,1,3296249542,Đến hạn,Normal,"1-20, idle<=90",2025-07-31,2025-08-04 19:34:50,2,108,2026-09-27 19:30:00,3.0,Le Thi Tuyet,Inhouse 1,Le Thi Tuyet,Inhouse 1,Ruby Advisor,18820000.0,True,True,746247536480520,2026-02-28 00:00:00,16820000.0,GMV+REM,207.0,2026-10-01
2026-10,738773063917830,2,3296253081,Đến hạn,Normal,"1-20, idle<=90",2026-03-22,2026-04-07 10:55:48,14,14,2026-09-26 15:00:00,4.0,Pham Thuy Linh,Other,Pham Thuy Linh,Other,Tran Thu Ha,8800000.0,False,False,,,,,,2026-10-01
2026-10,702675011807488,1,3296300786,Đến hạn,Normal,"1-20, idle<=90",2025-09-14,2025-09-16 15:35:16,15,15,2026-09-12 17:00:00,18.0,Ta Thuy Van,Inhouse 1,Ta Thuy Van,Inhouse 1,Ellie Advisor,17120000.0,False,False,,,,,,2026-10-01
2026-10,695101129427204,1,3296345667,Đến hạn,Normal,"1-20, idle<=90",2025-08-03,2025-08-06 23:47:19,1,1,2026-09-27 09:00:00,3.0,Nguyen Nhung Nhu Ngoc,Ho Chi Minh,Lai Ngoc Thuy Linh,Ho Chi Minh,Dao Thi Hoang Yen,15405000.0,False,False,,,,,,2026-10-01
2026-10,748170214660358,2,3296438522,Đến hạn,Normal,"1-20, idle<=90",2026-05-30,2026-06-03 11:58:02,20,20,2026-09-26 19:30:00,4.0,Le To Hai My,Inhouse 1,Nguyen Cam Tu,Inhouse 1,Dao Thi Hoang Yen,8100000.0,False,False,,,,,,2026-10-01
2026-10,738812489023750,2,3296493661,Đến hạn,Normal,"1-20, idle<=90",2026-04-07,2026-04-09 17:10:10,9,9,2026-09-27 22:00:00,3.0,Hoang Thi Hong Tham,Offline Team HaNoi,Hoang Thi Hong Tham,Offline Team HaNoi,Tran Thu Ha,8580000.0,False,False,,,,,,2026-10-01
2026-10,695818019205376,1,3296513506,Đến hạn,Normal,"1-20, idle<=90",2025-08-07,2025-08-08 08:49:56,10,10,2026-09-27 13:00:00,3.0,Do Tran Phuong Anh,Inhouse 1,Ta Thuy Van,Inhouse 1,Ellie Advisor,18820000.0,False,False,,,,,,2026-10-01
2026-10,746059367352584,2,3296521254,Đến hạn,Normal,"1-20, idle<=90",2026-04-25,2026-05-19 15:59:54,14,14,2026-09-17 21:30:00,13.0,Le Thi Tuyet,Inhouse 1,Le Thi Tuyet,Inhouse 1,Ruby Advisor,8250000.0,False,False,,,,,,2026-10-01
2026-10,743917531224326,2,3296521360,Đến hạn,Normal,"1-20, idle<=90",2026-04-22,2026-05-09 10:24:02,16,16,2026-09-27 18:30:00,3.0,Le Thi Lan Anh,Inhouse 1,Le Thi Lan Anh,Inhouse 1,Thao Chi Advisor,8064000.0,False,False,,,,,,2026-10-01
2026-10,746059880302856,2,3296523810,Đến hạn,Normal,"1-20, idle<=90",2026-04-25,2026-05-18 16:55:37,16,16,2026-09-27 22:00:00,3.0,Le Thi Tuyet,Inhouse 1,Le Thi Tuyet,Inhouse 1,Ruby Advisor,8250000.0,False,False,,,,,,2026-10-01
2026-10,722902594461952,2,3296528297,Đến hạn,Normal,"1-20, idle<=90",2025-12-25,2026-01-13 08:51:55,18,18,2026-09-29 21:00:00,1.0,Nguyen Linh Chi,Inhouse 1,Kieu Thi Thu Quynh,Inhouse 1,Ms Laura,8150000.0,False,False,,,,,,2026-10-01
2026-10,737011079696646,2,3296535730,Đến hạn,Normal,"1-20, idle<=90",2026-03-28,2026-03-28 19:57:01,13,13,2026-09-29 21:00:00,1.0,Nguyen Thuy Trang,Inhouse 1,Nguyen Thuy Trang,Inhouse 1,Thao Chi Advisor,8000000.0,False,False,,,,,,2026-10-01
2026-10,696002249138434,1,3296552281,Đến hạn,Normal,"1-20, idle<=90",2025-08-08,2025-08-11 15:35:36,11,11,2026-09-24 18:30:00,6.0,Le To Hai My,Inhouse 1,Bui Thi Thai Duong,Inhouse 1,Dao Thi Hoang Yen,18900000.0,False,False,,,,,,2026-10-01
2026-10,697736311783684,1,3296552974,Đến hạn,Normal,"1-20, idle<=90",2025-08-18,2025-08-18 14:51:17,4,110,2026-09-29 21:00:00,1.0,Nguyen Linh Chi,Inhouse 1,Kieu Thi Thu Quynh,Inhouse 1,Ms Laura,18820000.0,True,True,756346361205000,2026-07-15 00:00:00,17320000.0,GMV+REM,330.0,2026-10-01
2026-10,743775589085446,3,3296554367,Đến hạn,Normal,"1-20, idle<=90",2026-04-29,2026-05-06 12:55:10,14,14,2026-09-27 09:00:00,3.0,Nguyen Minh Phat,Ho Chi Minh,Lai Ngoc Thuy Linh,Ho Chi Minh,Dao Thi Hoang Yen,7685000.0,True,True,TMP_3296554367_20260930,2026-09-30 00:00:00,15370000.0,GMV,146.0,2026-10-01
2026-10,710105058683138,2,3296689334,Đến hạn,Frozen,"1-20, idle<=90",2025-10-26,2025-10-27 14:53:35,12,12,2026-08-11 21:30:00,50.0,Le Thi Thuy Trang,Inhouse 1,Le Thi Thuy Trang,Inhouse 1,Ruby Advisor,8650000.0,False,False,,,,,,2026-10-01
2026-10,748555131406598,2,3296710282,Đến hạn,Normal,"1-20, idle<=90",2026-04-29,2026-06-01 17:34:54,15,15,2026-09-28 21:30:00,2.0,Le Thuy Nhung,Inhouse 1,Le Thuy Nhung,Inhouse 1,Thao Chi Advisor,8480000.0,False,False,,,,,,2026-10-01
2026-10,736143600875784,2,3296713828,Đến hạn,Normal,"1-20, idle<=90",2026-03-23,2026-03-24 22:40:33,4,4,2026-09-28 21:00:00,2.0,Nguyen Minh Phat,Ho Chi Minh,Nguyen Minh Phat,Ho Chi Minh,Dao Thi Hoang Yen,8580000.0,False,False,,,,,,2026-10-01
2026-10,762665904660744,1,3296724107,Đến hạn,Normal,"1-20, idle<=90",2026-08-19,2026-08-20 13:02:39,15,15,2026-09-25 20:30:00,5.0,Vu Thi Tuyet Trinh,Inhouse 1,Vu Thi Tuyet Trinh,Inhouse 1,Dao Thi Hoang Yen,5040000.0,False,False,,,,,,2026-10-01
2026-10,745021982449928,1,3296768641,Đến hạn,Normal,"1-20, idle<=90",2026-05-12,2026-05-13 11:25:05,2,2,2026-09-28 21:00:00,2.0,Kieu Thi Thu Quynh,Inhouse 1,Kieu Thi Thu Quynh,Inhouse 1,Diem Quynh Advisor,9080000.0,False,False,,,,,,2026-10-01
2026-10,756655643412742,2,3296850348,Đến hạn,Normal,"1-20, idle<=90",2026-07-17,2026-07-17 21:52:36,4,4,2026-09-29 22:30:00,1.0,Nguyen Thi Hai Yen,Inhouse 2,Nguyen Thi Hai Yen,Inhouse 2,Ms Jenny Advisor,9310000.0,False,False,,,,,,2026-10-01
2026-10,744119991324936,2,3296879401,Đến hạn,Normal,"1-20, idle<=90",2026-03-23,2026-05-11 13:08:39,14,14,2026-09-23 22:00:00,7.0,Kieu Thi Thu Quynh,Inhouse 1,Kieu Thi Thu Quynh,Inhouse 1,Ms Laura,23250000.0,False,False,,,,,,2026-10-01
2026-10,738128531302662,1,3296899609,Đến hạn,Normal,"1-20, idle<=90",2026-04-03,2026-04-04 10:22:25,9,9,2026-09-26 11:00:00,4.0,Kieu Lan Anh,Inhouse 2,Kieu Lan Anh,Inhouse 2,Ms Jenny Advisor,9080000.0,False,False,,,,,,2026-10-01
2026-10,696844787290372,1,3296913801,Đến hạn,Normal,"1-20, idle<=90",2025-08-12,2025-08-13 14:46:24,1,107,2026-09-25 19:00:00,5.0,Ho Thi Thanh,Inhouse 1,Ho Thi Thanh,Inhouse 1,Ms Laura,17820000.0,True,True,759206144246024,2026-07-31 00:00:00,16450000.0,GMV+REM,351.0,2026-10-01
2026-10,697458138816768,1,3296926494,Đến hạn,Normal,"1-20, idle<=90",2025-08-16,2025-08-23 13:11:28,3,3,2026-09-27 22:30:00,3.0,Do Tran Phuong Anh,Inhouse 1,Ta Thuy Van,Inhouse 1,Ellie Advisor,17020000.0,False,False,,,,,,2026-10-01
2026-10,702158613942528,1,3296928052,Đến hạn,Normal,"1-20, idle<=90",2025-08-16,2025-09-13 19:09:35,3,3,2026-09-28 17:00:00,2.0,Ho Thi Thanh,Inhouse 1,Ho Thi Thanh,Inhouse 1,Ms Laura,18820000.0,False,False,,,,,,2026-10-01
2026-10,739169175589128,1,3296948429,Đến hạn,Normal,"1-20, idle<=90",2025-08-25,2026-04-09 21:26:14,8,8,2026-09-28 21:00:00,2.0,Le Minh Thanh,Ho Chi Minh,Nguyen Thi Ninh,Other,Dao Thi Hoang Yen,8300000.0,True,True,TMP_3296948429_20260929,2026-09-29 00:00:00,7950000.0,GMV,172.0,2026-10-01
2026-10,726433640265992,2,3296977669,Đến hạn,Normal,"1-20, idle<=90",2026-01-27,2026-01-28 17:10:07,10,10,2026-09-26 15:00:00,4.0,Le Thuy Nhung,Inhouse 1,Le Thuy Nhung,Inhouse 1,Thao Chi Advisor,8202600.0,False,False,,,,,,2026-10-01
2026-10,698163269519620,1,3296980710,Đến hạn,Normal,"1-20, idle<=90",2025-08-20,2025-08-26 21:06:46,7,7,2026-09-27 18:00:00,3.0,Nguyen Kieu Trang,Inhouse 1,Nguyen Kieu Trang,Inhouse 1,Ruby Advisor,18820000.0,False,False,,,,,,2026-10-01
2026-10,698956375470336,1,3297044022,Đến hạn,Normal,"1-20, idle<=90",2025-08-24,2025-08-25 14:53:16,8,220,2026-09-29 16:30:00,1.0,Nguyen Kieu Trang,Inhouse 1,Nguyen Kieu Trang,Inhouse 1,Ruby Advisor,18820000.0,True,True,759740738904322,2026-08-03 00:00:00,33620000.0,GMV+REM,342.0,2026-10-01
2026-10,736506542057736,2,3297052227,Đến hạn,Normal,"1-20, idle<=90",2026-03-25,2026-03-25 22:21:51,1,54,2026-09-28 21:30:00,2.0,Tran Thi Thaoo,Inhouse 1,Bui Thi Thai Duong,Inhouse 1,Ms Laura,8000000.0,True,True,769975102613766,2026-09-30 00:00:00,7950000.0,GMV+REM,188.0,2026-10-01
2026-10,697935019452674,1,3297063677,Đến hạn,Normal,"1-20, idle<=90",2025-08-19,2025-08-19 20:47:07,5,5,2026-09-29 18:00:00,1.0,Do Tran Phuong Anh,Inhouse 1,Ta Thuy Van,Inhouse 1,Ellie Advisor,18820000.0,True,True,TMP_3297063677_20260930,2026-09-30 00:00:00,16820000.0,GMV,406.0,2026-10-01
2026-10,724121449394432,2,3297088185,Đến hạn,Normal,"1-20, idle<=90",2026-01-13,2026-01-14 15:19:56,6,6,2026-09-27 21:30:00,3.0,Tran Thi Thaoo,Inhouse 1,Le To Hai My,Inhouse 1,Ms Laura,9080000.0,False,False,,,,,,2026-10-01
2026-10,697721855179008,1,3297093291,Đến hạn,Normal,"1-20, idle<=90",2025-08-16,2025-08-18 11:44:26,8,8,2026-09-23 21:00:00,7.0,Ho Thi Thanh,Inhouse 1,Ho Thi Thanh,Inhouse 1,Ms Laura,18560000.0,False,False,,,,,,2026-10-01
2026-10,698972953964804,1,3297102097,Đến hạn,Normal,"1-20, idle<=90",2025-08-23,2025-08-25 14:58:15,9,9,2026-09-28 18:00:00,2.0,Tran Thi Thaoo,Inhouse 1,Kieu Thi Thu Quynh,Inhouse 1,Ms Laura,16517200.0,False,False,,,,,,2026-10-01
2026-10,738506399187202,2,3297150546,Đến hạn,Normal,"1-20, idle<=90",2026-04-05,2026-04-06 11:06:07,7,7,2026-09-29 21:30:00,1.0,Nguyen Minh Phat,Ho Chi Minh,Nguyen Minh Phat,Ho Chi Minh,Dao Thi Hoang Yen,8215000.0,False,False,,,,,,2026-10-01
2026-10,701672934625540,1,3297254250,Đến hạn,Normal,"1-20, idle<=90",,2025-09-10 10:21:12,14,14,2026-09-29 15:30:00,1.0,Tran Thi Son,Inhouse 1,Tran Thi Son,Inhouse 1,Ellie Advisor,17820000.0,False,False,,,,,,2026-10-01
2026-10,735783664034050,2,3297264749,Đến hạn,Normal,"1-20, idle<=90",2025-11-28,2026-03-24 09:44:28,17,17,2026-09-26 16:30:00,4.0,Vu Thi Tuyet Trinh,Inhouse 1,Vu Thi Tuyet Trinh,Inhouse 1,Thao Chi Advisor,8400000.0,False,False,,,,,,2026-10-01
2026-10,741080725100808,1,3297286566,Đến hạn,Normal,"1-20, idle<=90",2026-04-19,2026-04-20 15:51:58,14,14,2026-09-27 15:00:00,3.0,Pham Thi Thao,Inhouse 1,Pham Thi Thao,Inhouse 1,Ms Jenny Advisor,10080000.0,False,False,,,,,,2026-10-01
2026-10,701839254227200,1,3297292203,Đến hạn,Normal,"1-20, idle<=90",2025-09-10,2025-09-10 18:40:23,19,19,2026-09-29 20:30:00,1.0,Nguyen Thi Thuy Trang,Inhouse 2,Nguyen Thi Trang,Inhouse 2,Tran Thu Ha,15900000.0,False,False,,,,,,2026-10-01
2026-10,732121876324610,2,3297308561,Đến hạn,Normal,"1-20, idle<=90",2026-02-28,2026-02-28 20:44:34,3,56,2026-09-29 17:00:00,1.0,Ho Thi Thanh,Inhouse 1,Ho Thi Thanh,Inhouse 1,Ruby Advisor,8500000.0,True,True,768322306064648,2026-09-20 00:00:00,8215000.0,GMV+REM,203.0,2026-10-01
2026-10,734935413903618,2,3297308870,Đến hạn,Normal,"1-20, idle<=90",2026-03-16,2026-03-17 19:23:19,17,17,2026-09-26 12:00:00,4.0,Nguyen Duy Thinh,Ho Chi Minh,Lai Ngoc Thuy Linh,Ho Chi Minh,Dao Thi Hoang Yen,8215000.0,False,False,,,,,,2026-10-01
2026-10,747667012227330,3,3297334193,Đến hạn,Normal,"1-20, idle<=90",2026-05-27,2026-05-27 21:03:20,17,17,2026-09-26 21:00:00,4.0,Pham Thi Thao,Inhouse 1,Pham Thi Thao,Inhouse 1,Ellie Advisor,25000000.0,False,False,,,,,,2026-10-01
2026-10,700564611678468,1,3297388240,Đến hạn,Normal,"1-20, idle<=90",2025-08-30,2025-09-04 15:29:12,9,9,2026-09-29 21:00:00,1.0,Le Thuy Nhung,Inhouse 1,Le Thuy Nhung,Inhouse 1,Thao Chi Advisor,17820000.0,False,False,,,,,,2026-10-01
2026-10,704658595510532,1,3297390974,Đến hạn,Normal,"1-20, idle<=90",2025-09-26,2025-09-26 15:32:25,14,14,2026-09-28 18:00:00,2.0,Do Tran Phuong Anh,Inhouse 1,Ta Thuy Van,Inhouse 1,Ellie Advisor,16920000.0,False,False,,,,,,2026-10-01
2026-10,738681296591112,2,3297453120,Đến hạn,Normal,"1-20, idle<=90",2026-04-06,2026-04-07 13:18:23,17,17,2026-09-29 21:30:00,1.0,Nguyen Thuy Trang,Inhouse 1,Nguyen Thuy Trang,Inhouse 1,Thao Chi Advisor,8380000.0,False,False,,,,,,2026-10-01
2026-10,698956194261248,1,3297455037,Đến hạn,Normal,"1-20, idle<=90",2025-08-24,2025-08-26 19:40:59,1,213,2026-09-27 17:00:00,3.0,Pham Thi Thao,Inhouse 1,Pham Thi Thao,Inhouse 1,Ms Laura,18820000.0,True,True,759654798694664,2026-08-01 00:00:00,31800000.0,GMV+REM,339.0,2026-10-01
2026-10,724096048355588,1,3297484106,Đến hạn,Normal,"1-20, idle<=90",2026-01-14,2026-01-14 11:57:57,16,16,2026-09-29 20:30:00,1.0,Hoang Thi Hong Tham,Offline Team HaNoi,Hoang Thi Hong Tham,Offline Team HaNoi,Tran Thu Ha,17160000.0,False,False,,,,,,2026-10-01
2026-10,698314109372672,1,3297485148,Đến hạn,Normal,"1-20, idle<=90",2025-08-21,2025-08-22 16:55:37,10,10,2026-09-29 21:30:00,1.0,Bui Thi Thai Duong,Inhouse 1,Bui Thi Thai Duong,Inhouse 1,Ms Laura,17820000.0,False,False,,,,,,2026-10-01
2026-10,741082071531778,2,3297493240,Đến hạn,Normal,"1-20, idle<=90",2026-04-19,2026-04-20 21:36:51,14,14,2026-09-28 20:00:00,2.0,Le Kim Chi,Inhouse 1,Le Kim Chi,Inhouse 1,Ruby Advisor,7950000.0,False,False,,,,,,2026-10-01
2026-10,748204501586178,1,3297497766,Đến hạn,Normal,"1-20, idle<=90",2026-05-30,2026-05-30 17:58:15,18,18,2026-09-28 19:00:00,2.0,Ho Thi Thanh,Inhouse 1,Ho Thi Thanh,Inhouse 1,Diem Quynh Advisor,9580000.0,False,False,,,,,,2026-10-01
2026-10,734041739940098,1,3297532297,Đến hạn,Normal,"1-20, idle<=90",2026-03-11,2026-03-11 22:06:18,3,3,2026-09-26 17:00:00,4.0,Ho Thi Thanh,Inhouse 1,Ho Thi Thanh,Inhouse 1,Ruby Advisor,9800000.0,False,False,,,,,,2026-10-01
2026-10,739195943280904,2,3297543901,Đến hạn,Normal,"1-20, idle<=90",2026-03-31,2026-04-09 20:57:07,8,8,2026-09-28 21:00:00,2.0,Nguyen Kieu Trang,Inhouse 1,Nguyen Kieu Trang,Inhouse 1,Ruby Advisor,8910000.0,False,False,,,,,,2026-10-01
2026-10,762340763181320,1,3297585967,Đến hạn,Normal,"1-20, idle<=90",2026-08-18,2026-08-18 16:02:27,13,13,2026-09-29 14:00:00,1.0,Tran Thi Son,Inhouse 1,Tran Thi Son,Inhouse 1,Thao Chi Advisor,4740000.0,False,False,,,,,,2026-10-01
2026-10,735783048210696,2,3297650646,Đến hạn,Normal,"1-20, idle<=90",2025-11-28,2026-03-24 09:43:44,16,16,2026-09-27 18:00:00,3.0,Vu Thi Tuyet Trinh,Inhouse 1,Vu Thi Tuyet Trinh,Inhouse 1,Thao Chi Advisor,8400000.0,False,False,,,,,,2026-10-01
2026-10,731876910745864,1,3297737602,Đến hạn,Normal,"1-20, idle<=90",2026-02-27,2026-02-27 16:40:56,10,10,2026-09-28 19:00:00,2.0,Luu Thi Hoang Ngan,Inhouse 1,Tran Thi Son,Inhouse 1,Ellie Advisor,8900000.0,True,True,TMP_3297737602_20260930,2026-09-30 00:00:00,7950000.0,GMV,214.0,2026-10-01
2026-10,737719499729160,1,3297777438,Đến hạn,Normal,"1-20, idle<=90",2026-03-31,2026-04-01 15:25:39,1,54,2026-09-22 18:30:00,8.0,Le Thi Thuy Trang,Inhouse 1,Le Thi Thuy Trang,Inhouse 1,Thao Chi Advisor,8750000.0,True,True,764116728150274,2026-08-27 00:00:00,8268000.0,GMV+REM,147.0,2026-10-01
2026-10,699401638527234,1,3297777439,Đến hạn,Normal,"1-20, idle<=90",2025-08-27,2025-08-28 21:36:07,2,108,2026-09-27 21:00:00,3.0,Dang Thi Kim Tuyen,Ho Chi Minh,Bui Thi Hong Van,Inhouse 1,Dao Thi Hoang Yen,17472000.0,True,True,759353120483590,2026-07-31 00:00:00,15930000.0,GMV+REM,336.0,2026-10-01
2026-10,701797913073924,1,3297817283,Đến hạn,Normal,"1-20, idle<=90",2025-09-10,2025-09-10 17:08:34,5,5,2026-09-28 18:30:00,2.0,Le Thi Tuyet,Inhouse 1,Le Thi Tuyet,Inhouse 1,Ruby Advisor,16820000.0,False,False,,,,,,2026-10-01
2026-10,700548126486786,1,3297838078,Đến hạn,Normal,"1-20, idle<=90",2025-09-02,2025-09-03 10:40:19,4,4,2026-09-29 19:00:00,1.0,Nguyen Kieu Trang,Inhouse 1,Nguyen Kieu Trang,Inhouse 1,Ruby Advisor,17820000.0,False,False,,,,,,2026-10-01
2026-10,738797334491400,3,3297849271,Đến hạn,Normal,"1-20, idle<=90",2025-12-10,2026-04-08 19:57:58,18,18,2026-09-27 11:00:00,3.0,Nguyen Kieu Trang,Inhouse 1,Nguyen Kieu Trang,Inhouse 1,Ruby Advisor,4250000.0,True,True,TMP_3297849271_20260622,2026-06-22 00:00:00,16820000.0,GMV,74.0,2026-10-01
2026-10,736506149794054,2,3297859493,Đến hạn,Normal,"1-20, idle<=90",2026-03-06,2026-03-28 15:58:48,1,1,2026-09-27 15:30:00,3.0,Le To Hai My,Inhouse 1,Bui Thi Thai Duong,Inhouse 1,Ms Laura,8500000.0,True,True,TMP_3297859493_20260621,2026-06-21 00:00:00,15900000.0,GMV,84.0,2026-10-01
2026-10,734925393510662,2,3297870255,Đến hạn,Normal,"1-20, idle<=90",2026-03-16,2026-03-16 22:30:35,6,6,2026-09-27 20:00:00,3.0,Do Thi Tuyet Nhung,Inhouse 1,Nguyen Thi Thao Ngoc,Inhouse 1,Thao Chi Advisor,16430000.0,True,True,TMP_3297870255_20260930,2026-09-30 00:00:00,15900000.0,GMV,197.0,2026-10-01
2026-10,701453446285570,1,3297891966,Đến hạn,Normal,"1-20, idle<=90",2025-09-07,2025-09-08 13:05:06,12,12,2026-09-26 21:30:00,4.0,Nguyen Thuy Trang,Inhouse 1,Nguyen Thuy Trang,Inhouse 1,Thao Chi Advisor,18820000.0,False,False,,,,,,2026-10-01
2026-10,701609091363074,1,3297907133,Đến hạn,Normal,"1-20, idle<=90",2025-09-08,2025-09-10 14:47:47,10,222,2026-09-26 15:30:00,4.0,Pham Thi Thao,Inhouse 1,Pham Thi Thao,Inhouse 1,Ellie Advisor,18820000.0,True,True,767116461854978,2026-08-31 00:00:00,31850000.0,GMV+REM,354.0,2026-10-01
2026-10,700255668736260,1,3297944283,Đến hạn,Normal,"1-20, idle<=90",2025-08-31,2025-09-01 19:38:32,10,10,2026-09-29 17:00:00,1.0,Ho Thi Thanh,Inhouse 1,Ho Thi Thanh,Inhouse 1,Ms Laura,18900000.0,False,False,,,,,,2026-10-01
2026-10,746089994801410,2,3297955947,Đến hạn,Normal,"1-20, idle<=90",2026-04-30,2026-05-18 19:00:34,16,16,2026-09-28 18:00:00,2.0,Bui Thi Thai Duong,Inhouse 1,Bui Thi Thai Duong,Inhouse 1,Ellie Advisor,7685000.0,False,False,,,,,,2026-10-01
2026-10,700255825989890,1,3297963101,Đến hạn,Normal,"1-20, idle<=90",2025-08-31,2025-09-01 19:41:56,1,1,2026-09-29 18:30:00,1.0,Ho Thi Thanh,Inhouse 1,Ho Thi Thanh,Inhouse 1,Ms Laura,17900000.0,False,False,,,,,,2026-10-01
2026-10,700255998519556,1,3297963222,Đến hạn,Normal,"1-20, idle<=90",2025-08-31,2025-09-01 19:45:23,3,3,2026-09-29 17:30:00,1.0,Ho Thi Thanh,Inhouse 1,Ho Thi Thanh,Inhouse 1,Ms Laura,17900000.0,False,False,,,,,,2026-10-01
2026-10,740756802015496,1,3298017074,Đến hạn,Normal,"1-20, idle<=90",2026-04-18,2026-04-20 11:13:43,7,7,2026-09-27 15:00:00,3.0,Pham Thi Tam Thuy,Inhouse 1,Le Thi Lan Anh,Inhouse 1,Diem Quynh Advisor,8745000.0,False,False,,,,,,2026-10-01
2026-10,724088850442498,2,3298189818,Đến hạn,Normal,"1-20, idle<=90",2026-01-14,2026-01-20 08:24:18,2,2,2026-09-29 18:30:00,1.0,Le Thi Thuy Van,Inhouse 2,Le Thi Thuy Van,Inhouse 2,Tran Thu Ha,8215000.0,False,False,,,,,,2026-10-01
2026-10,701478582948098,1,3298214333,Đến hạn,Normal,"1-20, idle<=90",2025-09-08,2025-09-08 20:10:23,1,1,2026-09-25 18:30:00,5.0,Le To Hai My,Inhouse 1,Cao Thi Lua,Inhouse 1,Le To Hai My,17880000.0,False,False,,,,,,2026-10-01
2026-10,739352147867910,2,3298275244,Đến hạn,Normal,"1-20, idle<=90",2026-04-10,2026-04-10 17:21:34,7,7,2026-09-24 21:00:00,6.0,Vu Cam Ly,Inhouse 2,Vu Cam Ly,Inhouse 2,Tran Thu Ha,8215000.0,False,False,,,,,,2026-10-01
2026-10,739122609719560,2,3298277438,Đến hạn,Normal,"1-20, idle<=90",2026-04-08,2026-04-10 14:57:08,14,14,2026-09-24 18:30:00,6.0,Bui Thi Hong Van,Inhouse 1,Bui Thi Hong Van,Inhouse 1,Ruby Advisor,7950000.0,False,False,,,,,,2026-10-01
2026-10,709091773010180,1,3298307369,Đến hạn,Normal,"1-20, idle<=90",2025-09-09,2025-10-21 17:14:04,7,113,2026-09-29 21:00:00,1.0,Le Thi Lan Anh,Inhouse 1,Le Thi Lan Anh,Inhouse 1,Ellie Advisor,17500000.0,True,True,754027341971720,2026-06-24 00:00:00,15900000.0,GMV+REM,245.0,2026-10-01
2026-10,705338212980994,1,3298420831,Đến hạn,Normal,"1-20, idle<=90",2025-09-29,2025-09-30 16:26:41,17,17,2026-09-29 19:00:00,1.0,Pham Thi Thao,Inhouse 1,Pham Thi Thao,Inhouse 1,Ellie Advisor,17820000.0,False,False,,,,,,2026-10-01
2026-10,702018389362948,1,3298497046,Đến hạn,Normal,"1-20, idle<=90",2025-09-11,2025-09-16 08:35:02,5,111,2026-09-29 21:00:00,1.0,Bui Thi Thai Duong,Inhouse 1,Bui Thi Thai Duong,Inhouse 1,Ellie Advisor,18000000.0,True,True,764656977223938,2026-08-30 00:00:00,16520000.0,GMV+REM,347.0,2026-10-01
2026-10,705338129240324,1,3298506619,Đến hạn,Normal,"1-20, idle<=90",2025-09-29,2025-09-30 16:40:23,3,3,2026-09-29 19:30:00,1.0,Pham Thi Thao,Inhouse 1,Pham Thi Thao,Inhouse 1,Ellie Advisor,17820000.0,False,False,,,,,,2026-10-01
2026-10,703654884090114,1,3298506813,Đến hạn,Normal,"1-20, idle<=90",2025-09-13,2025-09-23 18:01:34,12,12,2026-08-19 21:00:00,42.0,Le Thuy Nhung,Inhouse 1,Le Thuy Nhung,Inhouse 1,Ms Laura,18820000.0,False,False,,,,,,2026-10-01
2026-10,702179057715458,1,3298516658,Đến hạn,Normal,"1-20, idle<=90",2025-09-12,2025-09-12 16:35:39,2,2,2026-09-27 11:00:00,3.0,Bui Thi Hong Van,Inhouse 1,Bui Thi Hong Van,Inhouse 1,Ruby Advisor,16450000.0,False,False,,,,,,2026-10-01
2026-10,701663510098180,1,3298524342,Đến hạn,Normal,"1-20, idle<=90",2025-09-09,2025-09-10 12:22:10,3,3,2026-09-27 21:00:00,3.0,Tran Thi Son,Inhouse 1,Tran Thi Son,Inhouse 1,Ellie Advisor,17820000.0,False,False,,,,,,2026-10-01
2026-10,704799531368704,1,3298537225,Đến hạn,Normal,"1-20, idle<=90",2025-09-26,2025-09-30 12:42:51,8,8,2026-09-27 20:30:00,3.0,Do Thi Tuyet Nhung,Inhouse 1,Do Thi Tuyet Nhung,Inhouse 1,Thao Chi Advisor,17820000.0,False,False,,,,,,2026-10-01
2026-10,753988338501894,1,3298568194,Đến hạn,Normal,"1-20, idle<=90",2026-07-02,2026-07-02 10:20:58,2,2,2026-09-26 21:00:00,4.0,Le Thi Tuyet,Inhouse 1,Le Thi Tuyet,Inhouse 1,Thao Chi Advisor,4540000.0,False,False,,,,,,2026-10-01
2026-10,702409046704386,1,3298596030,Đến hạn,Normal,"1-20, idle<=90",2025-09-13,2025-09-13 22:53:20,12,12,2026-09-23 22:30:00,7.0,Ho Thi Thanh,Inhouse 1,Ho Thi Thanh,Inhouse 1,Thao Chi Advisor,18820000.0,False,False,,,,,,2026-10-01
2026-10,741326084456712,1,3298626387,Đến hạn,Normal,"1-20, idle<=90",2026-04-21,2026-04-21 22:24:07,12,12,2026-09-27 20:00:00,3.0,Do Thi Tuyet Nhung,Inhouse 1,Do Thi Tuyet Nhung,Inhouse 1,Ruby Advisor,10080000.0,False,False,,,,,,2026-10-01
2026-10,732122333014278,2,3298633697,Đến hạn,Normal,"1-20, idle<=90",2026-02-28,2026-03-01 18:02:48,2,2,2026-09-27 09:30:00,3.0,Nguyen Nhat Vy,Inhouse 1,Vu Thi Tuyet Trinh,Inhouse 1,Ruby Advisor,8580000.0,True,True,TMP_3298633697_20260930,2026-09-30 00:00:00,8215000.0,GMV,212.0,2026-10-01
2026-10,733646880833800,2,3298635750,Đến hạn,Normal,"1-20, idle<=90",2026-03-09,2026-03-09 11:18:14,2,55,2026-09-26 17:00:00,4.0,Tran Thi Thaoo,Inhouse 1,Bui Thi Thai Duong,Inhouse 1,Ellie Advisor,8745000.0,True,True,759182084376834,2026-07-31 00:00:00,8430000.0,GMV+REM,143.0,2026-10-01
2026-10,703912348324096,1,3298656398,Đến hạn,Normal,"1-20, idle<=90",2025-09-21,2025-09-22 18:47:30,11,11,2026-09-28 21:00:00,2.0,Do Thi Tuyet Nhung,Inhouse 1,Do Thi Tuyet Nhung,Inhouse 1,Thao Chi Advisor,20160000.0,False,False,,,,,,2026-10-01
2026-10,703205807210752,1,3298674881,Đến hạn,Normal,"1-20, idle<=90",2025-09-16,2025-09-18 10:47:13,10,116,2026-09-28 23:00:00,2.0,Nguyen Kieu Trang,Inhouse 1,Nguyen Kieu Trang,Inhouse 1,Ruby Advisor,18349500.0,True,True,749073140488450,2026-06-04 00:00:00,16887000.0,GMV+REM,258.0,2026-10-01
2026-10,742694868519170,2,3298690388,Đến hạn,Normal,"1-20, idle<=90",2026-02-26,2026-04-29 18:08:49,16,16,2026-09-29 17:30:00,1.0,Pham Thi Thao,Inhouse 1,Pham Thi Thao,Inhouse 1,Ellie Advisor,8880000.0,False,False,,,,,,2026-10-01
2026-10,702855095822592,1,3298696188,Đến hạn,Normal,"1-20, idle<=90",2025-09-15,2025-09-16 21:47:09,2,2,2026-09-26 17:30:00,4.0,Dang Thi Kim Tuyen,Ho Chi Minh,Nguyen Thi Thao Ngoc,Inhouse 1,Dao Thi Hoang Yen,16972000.0,False,False,,,,,,2026-10-01
2026-10,742701309489414,1,3298709179,Đến hạn,Normal,"1-20, idle<=90",2026-04-20,2026-04-29 15:40:36,11,11,2026-09-25 21:30:00,5.0,Nguyen Nhu Ngoc,Inhouse 1,Nguyen Nhu Ngoc,Inhouse 1,Diem Quynh Advisor,9340500.0,False,False,,,,,,2026-10-01
2026-10,734393463030018,2,3298723741,Đến hạn,Normal,"1-20, idle<=90",2026-02-13,2026-03-13 16:57:19,2,2,2026-09-27 13:00:00,3.0,Pham Thi Thao,Inhouse 1,Pham Thi Thao,Inhouse 1,Ellie Advisor,8760000.0,False,False,,,,,,2026-10-01
2026-10,703385958854914,1,3298771417,Đến hạn,Normal,"1-20, idle<=90",2025-09-19,2025-09-19 10:56:28,6,112,2026-09-27 19:00:00,3.0,Tran Thi Thu Hang,Inhouse 1,Kieu Thi Thu Quynh,Inhouse 1,Ellie Advisor,17820000.0,True,True,767846920706306,2026-07-31 00:00:00,16820000.0,GMV+REM,314.0,2026-10-01
2026-10,702674715412740,1,3298783045,Đến hạn,Normal,"1-20, idle<=90",2025-09-14,2025-09-15 16:38:01,14,14,2026-09-29 00:00:00,2.0,Pham Thi Thao,Inhouse 1,Pham Thi Thao,Inhouse 1,Ellie Advisor,20160000.0,True,True,TMP_3298783045_20260430,2026-04-30 00:00:00,16500000.0,GMV,226.0,2026-10-01
2026-10,705740151841028,1,3298790815,Đến hạn,Normal,"1-20, idle<=90",2025-09-24,2025-10-02 18:19:32,16,16,2026-09-29 23:00:00,1.0,Nguyen Nhat Vy,Inhouse 1,Phan Thi Huong,Inhouse 1,Ms Laura,18820000.0,False,False,,,,,,2026-10-01
2026-10,754031165110534,4,3298812137,Đến hạn,Normal,"1-20, idle<=90",2026-06-30,2026-07-04 10:23:01,12,12,2026-09-27 11:30:00,3.0,Hoang Thi Hong Tham,Offline Team HaNoi,Hoang Thi Hong Tham,Offline Team HaNoi,Tran Thu Ha,4200000.0,False,False,,,,,,2026-10-01
2026-10,739366218490114,2,3298828258,Đến hạn,Normal,"1-20, idle<=90",2026-02-13,2026-04-11 11:46:18,9,9,2026-09-27 11:00:00,3.0,Le Thi Thuy Trang,Inhouse 1,Le Thi Thuy Trang,Inhouse 1,Ruby Advisor,8365500.0,False,False,,,,,,2026-10-01
2026-10,757568569964802,2,3298845096,Đến hạn,Normal,"1-20, idle<=90",2026-07-22,2026-07-23 17:18:07,5,5,2026-09-26 17:30:00,4.0,Hoang Thi Hong Tham,Offline Team HaNoi,Hoang Thi Hong Tham,Offline Team HaNoi,Tran Thu Ha,4160000.0,False,False,,,,,,2026-10-01
2026-10,725905773795586,2,3298878276,Đến hạn,Normal,"1-20, idle<=90",2025-12-21,2026-01-24 17:28:10,11,223,2026-09-26 20:30:00,4.0,Tran Thi Son,Inhouse 1,Tran Thi Son,Inhouse 1,Ms Laura,16820000.0,True,True,766765582493960,2026-08-31 00:00:00,31800000.0,GMV+REM,218.0,2026-10-01
2026-10,704807034005760,1,3298878606,Đến hạn,Normal,"1-20, idle<=90",2025-09-27,2025-09-27 13:50:08,16,16,2026-09-29 19:30:00,1.0,Tran Thi Thaoo,Inhouse 1,Bui Thi Thai Duong,Inhouse 1,Ms Laura,16934000.0,False,False,,,,,,2026-10-01
2026-10,753697146507522,4,3298901956,Đến hạn,Normal,"1-20, idle<=90",2026-06-29,2026-07-01 14:42:11,3,29,2026-09-26 10:00:00,4.0,Lai Ngoc Thuy Linh,Ho Chi Minh,Lai Ngoc Thuy Linh,Ho Chi Minh,Dao Thi Hoang Yen,4500000.0,True,True,769096035299586,2026-09-25 00:00:00,4300000.0,GMV+REM,85.0,2026-10-01
2026-10,745650827997448,1,3298912649,Đến hạn,Normal,"1-20, idle<=90",2026-05-15,2026-05-16 16:30:09,18,18,2026-09-25 21:00:00,5.0,Ho Thi Thanh,Inhouse 1,Ho Thi Thanh,Inhouse 1,Diem Quynh Advisor,8750000.0,False,False,,,,,,2026-10-01
2026-10,703201190234368,1,3298930067,Đến hạn,Normal,"1-20, idle<=90",2025-09-16,2025-09-18 09:51:13,10,10,2026-09-27 11:30:00,3.0,Le Kim Chi,Inhouse 1,Le Kim Chi,Inhouse 1,Ruby Advisor,18820000.0,False,False,,,,,,2026-10-01
2026-10,735289069238530,2,3298932614,Đến hạn,Normal,"1-20, idle<=90",2026-03-18,2026-03-20 20:01:13,16,16,2026-09-28 20:00:00,2.0,Pham Thi Thao,Inhouse 1,Pham Thi Thao,Inhouse 1,Ellie Advisor,8480000.0,False,False,,,,,,2026-10-01
2026-10,726939918780678,2,3298950747,Đến hạn,Normal,"1-20, idle<=90",2026-01-30,2026-01-30 18:39:45,9,9,2026-09-24 22:30:00,6.0,Nguyen Ha Giang,Inhouse 2,Le Thi Thuy Van,Inhouse 2,Tran Thu Ha,8250000.0,False,False,,,,,,2026-10-01
2026-10,703913148651778,1,3298980824,Đến hạn,Normal,"1-20, idle<=90",2025-09-20,2025-09-22 21:48:09,12,12,2026-09-29 21:00:00,1.0,Nguyen Nhat Vy,Inhouse 1,Le Thuy Nhung,Inhouse 1,Thao Chi Advisor,17433000.0,True,True,TMP_3298980824_20260804,2026-08-04 00:00:00,23850000.0,GMV,315.0,2026-10-01
2026-10,744984174553352,1,3298993560,Đến hạn,Normal,"1-20, idle<=90",2026-05-11,2026-05-13 09:14:48,16,16,2026-09-26 22:30:00,4.0,Pham Thi Thao,Inhouse 1,Pham Thi Thao,Inhouse 1,Diem Quynh Advisor,9600000.0,False,False,,,,,,2026-10-01
2026-10,739336710144262,2,3298993834,Đến hạn,Normal,"1-20, idle<=90",2026-04-10,2026-04-10 19:49:29,5,5,2026-09-27 18:00:00,3.0,Vu Thi Tuyet Trinh,Inhouse 1,Vu Thi Tuyet Trinh,Inhouse 1,Ms Laura,7950000.0,False,False,,,,,,2026-10-01
2026-10,702953793515776,1,3299015588,Đến hạn,Normal,"1-20, idle<=90",2025-09-16,2025-09-18 11:20:25,1,1,2026-09-27 19:00:00,3.0,Dang Thi Kim Tuyen,Ho Chi Minh,Ta Thuy Van,Inhouse 1,Dao Thi Hoang Yen,16750000.0,False,False,,,,,,2026-10-01
2026-10,705423811680514,1,3299084689,Đến hạn,Normal,"1-20, idle<=90",2025-09-30,2025-10-02 19:23:52,5,5,2026-09-29 18:00:00,1.0,Le Thuy Nhung,Inhouse 1,Le Thuy Nhung,Inhouse 1,Thao Chi Advisor,18820000.0,True,True,TMP_3299084689_20260630,2026-06-30 00:00:00,24450000.0,GMV,270.0,2026-10-01
2026-10,705009124796672,1,3299084751,Đến hạn,Normal,"1-20, idle<=90",2025-09-27,2025-09-28 15:00:46,10,169,2026-09-27 20:30:00,3.0,Tran Thi Son,Inhouse 1,Tran Thi Son,Inhouse 1,Thao Chi Advisor,19160000.0,True,True,758849185227016,2026-07-29 00:00:00,24500000.0,GMV+REM,303.0,2026-10-01
2026-10,705194610379008,1,3299085477,Đến hạn,Normal,"1-20, idle<=90",2025-09-29,2025-09-30 10:38:17,9,9,2026-09-26 10:30:00,4.0,Pham Thi Thao,Inhouse 1,Pham Thi Thao,Inhouse 1,Ellie Advisor,17520000.0,False,False,,,,,,2026-10-01
2026-10,703951114352898,1,3299101254,Đến hạn,Normal,"1-20, idle<=90",2025-09-22,2025-09-22 16:18:55,15,15,2026-09-20 11:30:00,10.0,Bui Thi Hong Van,Inhouse 1,Bui Thi Hong Van,Inhouse 1,Diem Quynh Advisor,18820000.0,False,False,,,,,,2026-10-01
2026-10,738833937481990,2,3299134767,Đến hạn,Normal,"1-20, idle<=90",2026-03-31,2026-04-11 08:17:37,17,17,2026-09-25 20:30:00,5.0,Tran Thi Son,Inhouse 1,Tran Thi Son,Inhouse 1,Ms Laura,7950000.0,False,False,,,,,,2026-10-01
2026-10,740070069805320,2,3299141052,Đến hạn,Frozen,"1-20, idle<=90",2026-04-14,2026-04-15 12:47:41,10,10,2026-08-14 17:00:00,47.0,Vu Cam Ly,Inhouse 2,Vu Cam Ly,Inhouse 2,Tran Thu Ha,8315000.0,False,False,,,,,,2026-10-01
2026-10,703655091302656,1,3299161329,Đến hạn,Normal,"1-20, idle<=90",2025-09-20,2025-09-22 18:37:29,17,17,2026-09-27 17:30:00,3.0,Bui Thi Hong Van,Inhouse 1,Bui Thi Hong Van,Inhouse 1,Ruby Advisor,17820000.0,False,False,,,,,,2026-10-01
2026-10,705366990004482,1,3299190319,Đến hạn,Normal,"1-20, idle<=90",2025-09-30,2025-10-02 15:35:59,16,16,2026-09-27 07:30:00,3.0,Le Thi Tuyet,Inhouse 1,Le Thi Tuyet,Inhouse 1,Ruby Advisor,9580000.0,True,True,TMP_3299190319_20260731,2026-07-31 00:00:00,9080000.0,GMV,301.0,2026-10-01
2026-10,753821234444552,3,3299214603,Đến hạn,Normal,"1-20, idle<=90",2026-06-30,2026-07-01 16:14:30,16,16,2026-09-10 22:00:00,20.0,Nguyen Thi Trang,Inhouse 2,Nguyen Thi Trang,Inhouse 2,Tran Thu Ha,8250000.0,False,False,,,,,,2026-10-01
2026-10,703912989475074,1,3299226186,Đến hạn,Normal,"1-20, idle<=90",2025-09-20,2025-09-22 22:49:40,7,7,2026-09-29 21:30:00,1.0,Nguyen Nhat Vy,Inhouse 1,Le Thuy Nhung,Inhouse 1,Thao Chi Advisor,17433000.0,True,True,TMP_3299226186_20260804,2026-08-04 00:00:00,23850000.0,GMV,315.0,2026-10-01
2026-10,738108281884936,2,3299253952,Đến hạn,Normal,"1-20, idle<=90",2026-02-28,2026-04-06 12:47:33,9,9,2026-09-28 21:30:00,2.0,Tran Thi Son,Inhouse 1,Tran Thi Son,Inhouse 1,Ms Laura,8080000.0,False,False,,,,,,2026-10-01
2026-10,704492271239428,1,3299255871,Đến hạn,Normal,"1-20, idle<=90",2025-09-25,2025-09-25 19:08:16,14,14,2026-09-29 20:00:00,1.0,Ho Thi Thanh,Inhouse 1,Ho Thi Thanh,Inhouse 1,Ruby Advisor,18900000.0,False,False,,,,,,2026-10-01
2026-10,739745769609480,2,3299257824,Đến hạn,Normal,"1-20, idle<=90",2026-04-12,2026-04-13 21:47:58,11,11,2026-09-26 19:00:00,4.0,Lai Ngoc Thuy Linh,Ho Chi Minh,Lai Ngoc Thuy Linh,Ho Chi Minh,Dao Thi Hoang Yen,8215000.0,False,False,,,,,,2026-10-01
2026-10,737893629329672,2,3299287879,Đến hạn,Normal,"1-20, idle<=90",2026-03-31,2026-04-02 12:22:33,18,18,2026-09-23 20:30:00,7.0,Nguyen Thi Thuy Trang,Inhouse 2,Le Thi Thuy Van,Inhouse 2,Tran Thu Ha,8580000.0,False,False,,,,,,2026-10-01
2026-10,704535043715330,1,3299290063,Đến hạn,Frozen,"1-20, idle<=90",2025-09-25,2025-09-26 09:04:17,11,11,2026-08-16 17:30:00,45.0,Le Thi Tuyet,Inhouse 1,Le Thi Tuyet,Inhouse 1,Ruby Advisor,18820000.0,False,False,,,,,,2026-10-01
2026-10,745548126857480,2,3299301871,Đến hạn,Normal,"1-20, idle<=90",,2026-05-17 10:57:44,18,18,2026-09-28 21:00:00,2.0,Le Minh Thanh,Ho Chi Minh,Tran Quoc Dung,Other,Dao Thi Hoang Yen,7685000.0,False,False,,,,,,2026-10-01
2026-10,706118321797380,2,3299306277,Đến hạn,Normal,"1-20, idle<=90",2025-10-04,2025-10-04 21:53:03,5,5,2026-09-23 19:00:00,7.0,Chang Thi Thanh Binh,Ho Chi Minh,Tran Quoc Dung,Other,Dao Thi Hoang Yen,4808000.0,False,False,,,,,,2026-10-01
2026-10,704277625346304,1,3299307474,Đến hạn,Normal,"1-20, idle<=90",2025-09-23,2025-09-24 17:06:33,13,13,2026-09-29 21:30:00,1.0,Vu Thuy Huong,Offline Team HaNoi,Vu Thuy Huong,Offline Team HaNoi,Tran Thu Ha,17374500.0,False,False,,,,,,2026-10-01
2026-10,705404231827712,1,3299326470,Đến hạn,Normal,"1-20, idle<=90",2025-09-30,2025-10-01 12:13:33,20,20,2026-09-27 17:00:00,3.0,Le Thi Thuy Trang,Inhouse 1,Le Thi Thuy Trang,Inhouse 1,Ruby Advisor,17320000.0,True,True,TMP_3299326470_20260930,2026-09-30 00:00:00,16450000.0,GMV,363.0,2026-10-01
2026-10,748332973558018,1,3299340264,Đến hạn,Normal,"1-20, idle<=90",2026-05-31,2026-05-31 16:27:46,18,18,2026-09-27 11:30:00,3.0,Do Thi Tuyet Nhung,Inhouse 1,Le Kim Chi,Inhouse 1,Thao Chi Advisor,8760000.0,True,True,TMP_3299340264_20260924,2026-09-24 00:00:00,8200000.0,GMV,115.0,2026-10-01
2026-10,705569829785858,1,3299340330,Đến hạn,Normal,"1-20, idle<=90",2025-10-01,2025-10-02 01:08:37,9,115,2026-09-27 02:00:00,3.0,Le Thi Tuyet,Inhouse 1,Le Thi Tuyet,Inhouse 1,Ruby Advisor,18820000.0,True,True,756691861391622,2026-03-01 00:00:00,17320000.0,GMV+REM,149.0,2026-10-01
2026-10,742547884196104,2,3299375467,Đến hạn,Normal,"1-20, idle<=90",2026-03-26,2026-04-28 18:40:44,16,16,2026-09-26 18:30:00,4.0,Hoang Thi Hong Tham,Offline Team HaNoi,Hoang Thi Hong Tham,Offline Team HaNoi,Tran Thu Ha,9080000.0,False,False,,,,,,2026-10-01
2026-10,715819117867264,2,3299400748,Đến hạn,Normal,"1-20, idle<=90",2025-11-28,2025-11-28 17:24:47,20,20,2026-09-24 02:00:00,6.0,Le Thi Tuyet,Inhouse 1,Le Thi Tuyet,Inhouse 1,Ruby Advisor,16900000.0,False,False,,,,,,2026-10-01
2026-10,739143124187394,2,3299415289,Đến hạn,Normal,"1-20, idle<=90",2026-04-09,2026-04-09 12:58:24,15,68,2026-09-25 21:30:00,5.0,Le Thi Thuy Trang,Inhouse 1,Le Thi Thuy Trang,Inhouse 1,Ruby Advisor,8580000.0,True,True,769617601911048,2026-09-28 00:00:00,8125000.0,GMV+REM,171.0,2026-10-01
2026-10,754726693562626,3,3299421957,Đến hạn,Normal,"1-20, idle<=90",2026-06-29,2026-07-06 17:52:26,4,4,2026-09-28 21:00:00,2.0,Lai Ngoc Thuy Linh,Ho Chi Minh,Lai Ngoc Thuy Linh,Ho Chi Minh,Dao Thi Hoang Yen,4160000.0,False,False,,,,,,2026-10-01
2026-10,707637094146306,1,3299426182,Đến hạn,Normal,"1-20, idle<=90",2025-09-26,2025-10-13 11:36:25,14,14,2026-09-29 19:00:00,1.0,Tran Thi Son,Inhouse 1,Tran Thi Son,Inhouse 1,Ms Laura,18820000.0,False,False,,,,,,2026-10-01
2026-10,705147943667972,1,3299493111,Đến hạn,Normal,"1-20, idle<=90",2025-09-27,2025-09-29 20:54:02,3,3,2026-09-25 21:00:00,5.0,Ho Thi Thanh,Inhouse 1,Ho Thi Thanh,Inhouse 1,Ellie Advisor,17820000.0,False,False,,,,,,2026-10-01
2026-10,705338359757056,1,3299512452,Đến hạn,Normal,"1-20, idle<=90",2025-09-29,2025-10-01 22:40:32,17,17,2026-09-29 22:00:00,1.0,Le Thuy Nhung,Inhouse 1,Le Thuy Nhung,Inhouse 1,Ms Laura,18820000.0,False,False,,,,,,2026-10-01
2026-10,753653249773826,1,3299516440,Đến hạn,Normal,"1-20, idle<=90",2026-06-30,2026-07-02 20:28:45,3,3,2026-09-28 20:30:00,2.0,Kieu Thi Thu Quynh,Inhouse 1,Kieu Thi Thu Quynh,Inhouse 1,Ellie Advisor,4420000.0,False,False,,,,,,2026-10-01
2026-10,722546571071744,2,3299524479,Đến hạn,Normal,"1-20, idle<=90",2025-12-31,2026-01-05 17:41:25,4,4,2026-09-27 20:30:00,3.0,Le Thi Tuyet,Inhouse 1,Le Thi Tuyet,Inhouse 1,Ruby Advisor,8250000.0,False,False,,,,,,2026-10-01
2026-10,705365080948992,1,3299529992,Đến hạn,Normal,"1-20, idle<=90",2025-09-30,2025-09-30 15:49:49,11,11,2026-09-29 20:30:00,1.0,Tran Thu Ha,Inhouse 2,Le Thi Thuy Van,Inhouse 2,Tran Thu Ha,16600000.0,False,False,,,,,,2026-10-01
2026-10,739365987500294,2,3299546432,Đến hạn,Normal,"1-20, idle<=90",2025-12-31,2026-04-10 20:45:41,14,14,2026-09-28 21:00:00,2.0,Le Thi Thuy Trang,Inhouse 1,Le Thi Thuy Trang,Inhouse 1,Ruby Advisor,8450000.0,False,False,,,,,,2026-10-01
2026-10,754788310739208,4,3299555953,Đến hạn,Normal,"1-20, idle<=90",2026-07-06,2026-07-07 22:14:22,4,4,2026-09-26 11:00:00,4.0,Bui Thi Thai Duong,Inhouse 1,Bui Thi Thai Duong,Inhouse 1,Ellie Advisor,4290000.0,False,False,,,,,,2026-10-01
2026-10,704807191310594,1,3299558746,Đến hạn,Normal,"1-20, idle<=90",2025-09-27,2025-09-27 17:10:40,15,15,2026-09-29 19:30:00,1.0,Tran Thi Thaoo,Inhouse 1,Bui Thi Thai Duong,Inhouse 1,Ms Laura,16934000.0,False,False,,,,,,2026-10-01
2026-10,744821402075400,2,3299559012,Đến hạn,Normal,"1-20, idle<=90",2026-05-10,2026-05-12 17:48:42,18,18,2026-09-29 21:00:00,1.0,Nguyen Thi Trang,Inhouse 2,Nguyen Thi Trang,Inhouse 2,Tran Thu Ha,8800000.0,False,False,,,,,,2026-10-01
2026-10,737001298374918,2,3299559646,Đến hạn,Normal,"1-20, idle<=90",2026-01-26,2026-03-28 10:15:08,1,1,2026-09-23 21:00:00,7.0,Bui Thi Thai Duong,Inhouse 1,Bui Thi Thai Duong,Inhouse 1,Ellie Advisor,8400000.0,False,False,,,,,,2026-10-01
2026-10,741460047542534,2,3299612197,Đến hạn,Normal,"1-20, idle<=90",2026-03-31,2026-04-22 17:01:26,8,8,2026-09-23 18:30:00,7.0,Nguyen Nhat Vy,Inhouse 1,Le Kim Chi,Inhouse 1,Thao Chi Advisor,8080000.0,False,False,,,,,,2026-10-01
2026-10,740371776637192,2,3299631942,Đến hạn,Normal,"1-20, idle<=90",2026-04-15,2026-04-17 15:05:44,13,13,2026-09-18 21:30:00,12.0,Pham Thuy Linh,Other,Vu Thuy Huong,Offline Team HaNoi,Tran Thu Ha,8800000.0,False,False,,,,,,2026-10-01
2026-10,706259088138496,1,3299676518,Đến hạn,Normal,"1-20, idle<=90",2025-10-05,2025-10-05 22:46:03,14,14,2026-09-27 21:00:00,3.0,Nguyen Ha Giang,Inhouse 2,Nguyen Thi Hai Yen,Inhouse 2,Tran Thu Ha,12980000.0,False,False,,,,,,2026-10-01
2026-10,706391708133632,1,3299723903,Đến hạn,Normal,"1-20, idle<=90",2025-10-06,2025-10-06 10:42:10,17,17,2026-09-25 12:00:00,5.0,Le Hung Cuong,Inhouse 2,Vu Ho Thanh Huong,Inhouse 2,Tran Thu Ha,17820000.0,False,False,,,,,,2026-10-01
2026-10,706779322712324,1,3299728046,Đến hạn,Normal,"1-20, idle<=90",2025-10-08,2025-10-08 15:22:16,13,13,2026-09-27 09:00:00,3.0,Nguyen Thuy Trang,Inhouse 1,Nguyen Thuy Trang,Inhouse 1,Thao Chi Advisor,18820000.0,False,False,,,,,,2026-10-01
2026-10,707804586905858,1,3299730632,Đến hạn,Normal,"1-20, idle<=90",2025-10-13,2025-10-14 17:03:00,12,12,2026-09-27 18:00:00,3.0,Le Thi Thuy Trang,Inhouse 1,Le Thi Thuy Trang,Inhouse 1,Ms Laura,17100000.0,False,False,,,,,,2026-10-01
2026-10,705877225634048,1,3299730759,Đến hạn,Normal,"1-20, idle<=90",2025-10-03,2025-10-03 21:34:30,6,112,2026-09-29 23:30:00,1.0,Le Thi Thuy Trang,Inhouse 1,Le Thi Thuy Trang,Inhouse 1,Thao Chi Advisor,18820000.0,True,True,736642238611718,2026-03-25 00:00:00,16430000.0,GMV+REM,172.0,2026-10-01
2026-10,726986379706630,2,3299735935,Đến hạn,Normal,"1-20, idle<=90",2026-01-30,2026-02-05 20:03:06,18,18,2026-09-24 20:00:00,6.0,Le Minh Thanh,Ho Chi Minh,Tran Quoc Dung,Other,Dao Thi Hoang Yen,8215000.0,False,False,,,,,,2026-10-01
2026-10,760391287949576,1,3299736224,Đến hạn,Normal,"1-20, idle<=90",2026-08-07,2026-08-09 18:43:28,11,11,2026-09-28 22:00:00,2.0,Nguyen Minh Phat,Ho Chi Minh,Nguyen Minh Phat,Ho Chi Minh,Dao Thi Hoang Yen,4420000.0,False,False,,,,,,2026-10-01
2026-10,747982618611970,3,3299738387,Đến hạn,Normal,"1-20, idle<=90",2026-05-29,2026-05-29 17:14:24,1,1,2026-09-28 20:00:00,2.0,Vu Thi Tuyet Trinh,Inhouse 1,Vu Thi Tuyet Trinh,Inhouse 1,Ms Laura,8300000.0,False,False,,,,,,2026-10-01
2026-10,729225723756808,2,3299755218,Đến hạn,Normal,"1-20, idle<=90",2026-02-12,2026-02-12 18:02:22,16,16,2026-09-29 20:30:00,1.0,Nguyen Linh Chi,Inhouse 1,Ho Thi Thanh,Inhouse 1,Ms Laura,7950000.0,False,False,,,,,,2026-10-01
2026-10,706570798500096,1,3299755789,Đến hạn,Normal,"1-20, idle<=90",2025-10-06,2025-10-07 11:27:46,10,10,2026-09-29 21:30:00,1.0,Le Thuy Nhung,Inhouse 1,Le Thuy Nhung,Inhouse 1,Thao Chi Advisor,17820000.0,True,True,TMP_3299755789_20260424,2026-04-24 00:00:00,16520000.0,GMV,198.0,2026-10-01
2026-10,760925287964936,1,3299763105,Đến hạn,Normal,"1-20, idle<=90",2026-06-30,2026-08-10 15:56:12,5,5,2026-09-28 19:30:00,2.0,Dao My Nhat Huyen,Inhouse 1,Dao My Nhat Huyen,Inhouse 1,Thao Chi Advisor,4420000.0,True,True,TMP_3299763105_20260930,2026-09-30 00:00:00,4290000.0,GMV,50.0,2026-10-01
2026-10,707862851264768,1,3299798825,Đến hạn,Normal,"1-20, idle<=90",2025-10-14,2025-10-14 18:49:58,17,17,2026-09-29 21:00:00,1.0,Nguyen Thi Thuy Trang,Inhouse 2,Mai Thi Lien,Inhouse 2,Tran Thu Ha,17820000.0,False,False,,,,,,2026-10-01
2026-10,736865243091206,2,3299808852,Đến hạn,Normal,"1-20, idle<=90",2026-03-27,2026-03-27 16:25:32,7,7,2026-09-27 13:00:00,3.0,Nguyen Thi Thuy Trang,Inhouse 2,Nguyen Thi Hai Yen,Inhouse 2,Tran Thu Ha,9580000.0,False,False,,,,,,2026-10-01
2026-10,743960420925702,1,3299808858,Đến hạn,Normal,"1-20, idle<=90",2026-05-05,2026-05-06 18:58:47,13,66,2026-09-26 18:30:00,4.0,Tran Thi Ngoc Phuong,Inhouse 1,Ta Thuy Van,Inhouse 1,Diem Quynh Advisor,9376600.0,True,True,769576177355014,2026-09-26 00:00:00,8780000.0,GMV+REM,142.0,2026-10-01
2026-10,706094674352388,1,3299825801,Đến hạn,Normal,"1-20, idle<=90",2025-10-04,2025-10-04 19:02:58,9,9,2026-09-25 21:00:00,5.0,Le To Hai My,Inhouse 1,Bui Thi Thai Duong,Inhouse 1,Ms Laura,16430000.0,False,False,,,,,,2026-10-01
2026-10,743783502715138,2,3299840143,Đến hạn,Normal,"1-20, idle<=90",2026-04-29,2026-05-07 14:02:20,18,18,2026-09-26 15:30:00,4.0,Nguyen Minh Phat,Ho Chi Minh,Nguyen Minh Phat,Ho Chi Minh,Dao Thi Hoang Yen,8482500.0,False,False,,,,,,2026-10-01
2026-10,741426734199046,3,3299845046,Đến hạn,Normal,"1-20, idle<=90",2026-04-21,2026-04-23 13:37:56,13,13,2026-09-27 17:00:00,3.0,Tran Thi Son,Inhouse 1,Tran Thi Son,Inhouse 1,Diem Quynh Advisor,7950000.0,False,False,,,,,,2026-10-01
2026-10,732994719193346,2,3299855355,Đến hạn,Normal,"1-20, idle<=90",2026-01-15,2026-03-07 17:45:26,3,3,2026-09-26 15:00:00,4.0,Dao Thi Hoang Yen,Ho Chi Minh,Cao Thi Lua,Inhouse 1,Dao Thi Hoang Yen,8215000.0,False,False,,,,,,2026-10-01
2026-10,737952926181634,2,3299873864,Đến hạn,Normal,"1-20, idle<=90",2026-03-26,2026-04-03 15:19:32,10,10,2026-09-28 21:30:00,2.0,Nguyen Minh Phat,Ho Chi Minh,Nguyen Minh Phat,Ho Chi Minh,Dao Thi Hoang Yen,8250000.0,False,False,,,,,,2026-10-01
2026-10,724096235194624,2,3299875010,Đến hạn,Normal,"1-20, idle<=90",2026-01-14,2026-01-17 17:39:41,9,9,2026-09-25 20:30:00,5.0,Nguyen Thuy Trang,Inhouse 1,Nguyen Thuy Trang,Inhouse 1,Thao Chi Advisor,7950000.0,False,False,,,,,,2026-10-01
2026-10,707343901942018,1,3299884286,Đến hạn,Normal,"1-20, idle<=90",2025-10-11,2025-10-13 20:41:34,17,17,2026-09-29 21:30:00,1.0,Le Kim Chi,Inhouse 1,Le Kim Chi,Inhouse 1,Ruby Advisor,18820000.0,False,False,,,,,,2026-10-01
2026-10,707343601572096,1,3299906772,Đến hạn,Normal,"1-20, idle<=90",2025-10-11,2025-10-11 19:55:01,2,2,2026-09-27 19:00:00,3.0,Le Thi Tuyet,Inhouse 1,Le Thi Tuyet,Inhouse 1,Ms Laura,18820000.0,True,True,TMP_3299906772_20260630,2026-06-30 00:00:00,46500000.0,GMV,261.0,2026-10-01
2026-10,708710551773442,1,3299906815,Đến hạn,Normal,"1-20, idle<=90",2025-10-18,2025-10-21 18:09:12,16,16,2026-09-27 16:30:00,3.0,Nguyen Nhat Vy,Inhouse 1,Vu Thi Tuyet Trinh,Inhouse 1,Thao Chi Advisor,18820000.0,False,False,,,,,,2026-10-01
2026-10,738127915368706,2,3299909700,Đến hạn,Normal,"1-20, idle<=90",2026-03-31,2026-04-06 16:05:08,7,7,2026-09-29 21:30:00,1.0,Le Thi Tuyet,Inhouse 1,Le Thi Tuyet,Inhouse 1,Ruby Advisor,9080000.0,False,False,,,,,,2026-10-01
2026-10,708707067365632,1,3299910184,Đến hạn,Frozen,"1-20, idle<=90",2025-10-18,2025-10-20 15:03:50,6,6,2026-07-09 20:30:00,83.0,Le Thuy Nhung,Inhouse 1,Le Thuy Nhung,Inhouse 1,Thao Chi Advisor,18820000.0,False,False,,,,,,2026-10-01
2026-10,707630089861378,1,3299950128,Đến hạn,Normal,"1-20, idle<=90",2025-10-13,2025-10-13 10:46:10,19,19,2026-09-28 22:00:00,2.0,Ho Thi Thanh,Inhouse 1,Ho Thi Thanh,Inhouse 1,Ms Laura,17980000.0,False,False,,,,,,2026-10-01
2026-10,712055680454914,1,3299955015,Đến hạn,Frozen,"1-20, idle<=90",2025-11-05,2025-11-07 10:46:38,20,126,2026-07-25 22:30:00,67.0,Nguyen Thuy Hien,Inhouse 2,Le Thi Thuy Van,Inhouse 2,Tran Thu Ha,16435500.0,True,True,752943015104770,2026-06-25 00:00:00,16435575.0,GMV+REM,229.0,2026-10-01
2026-10,738613107828994,2,3299979065,Đến hạn,Normal,"1-20, idle<=90",2026-04-06,2026-04-07 20:58:03,11,11,2026-09-27 20:30:00,3.0,Le Minh Thanh,Ho Chi Minh,Nguyen Thi Ninh,Other,Dao Thi Hoang Yen,8215000.0,False,False,,,,,,2026-10-01
2026-10,757969207052546,1,3299982035,Đến hạn,Normal,"1-20, idle<=90",2026-07-24,2026-07-31 11:38:36,5,5,2026-09-29 21:00:00,1.0,Cao Thi Lua,Inhouse 1,Cao Thi Lua,Inhouse 1,Diem Quynh Advisor,4740000.0,False,False,,,,,,2026-10-01
2026-10,707309673957632,1,3299989190,Đến hạn,Normal,"1-20, idle<=90",2025-10-11,2025-10-11 17:57:03,15,333,2026-09-27 22:00:00,3.0,Le Thi Lan Anh,Inhouse 1,Le Thi Lan Anh,Inhouse 1,Thao Chi Advisor,18820000.0,True,True,746798411602184,2026-05-22 00:00:00,31800000.0,GMV+REM,222.0,2026-10-01
2026-10,708867151599876,1,3299996802,Đến hạn,Normal,"1-20, idle<=90",2025-10-19,2025-10-21 22:55:32,20,20,2026-09-29 19:00:00,1.0,Nguyen Thuy Hien,Inhouse 2,Nguyen Thi Trang,Inhouse 2,Tran Thu Ha,17820000.0,False,False,,,,,,2026-10-01
2026-10,742703030075650,1,3300010207,Đến hạn,Normal,"1-20, idle<=90",2026-04-28,2026-04-29 23:00:41,18,18,2026-09-24 22:30:00,6.0,Le Thi Thu Yen,Inhouse 1,Le Thi Thu Yen,Inhouse 1,Diem Quynh Advisor,8500000.0,False,False,,,,,,2026-10-01
2026-10,757256489627910,4,3300023964,Đến hạn,Normal,"1-20, idle<=90",2026-07-20,2026-07-21 15:10:42,7,7,2026-09-28 22:30:00,2.0,Pham Thi Thao,Inhouse 1,Pham Thi Thao,Inhouse 1,Ellie Advisor,12750000.0,False,False,,,,,,2026-10-01
2026-10,707343445297412,1,3300058769,Đến hạn,Normal,"1-20, idle<=90",2025-10-11,2025-10-11 20:06:57,4,110,2026-09-27 16:30:00,3.0,Pham Thi Thao,Inhouse 1,Pham Thi Thao,Inhouse 1,Ellie Advisor,18820000.0,True,True,769259366211848,2026-05-16 00:00:00,16820000.0,GMV+REM,216.0,2026-10-01
2026-10,726904129739014,2,3300078797,Đến hạn,Normal,"1-20, idle<=90",2026-01-29,2026-02-04 20:32:41,10,10,2026-09-26 17:30:00,4.0,Le Thi Lan Anh,Inhouse 1,Le Thi Lan Anh,Inhouse 1,Ellie Advisor,8680000.0,False,False,,,,,,2026-10-01
2026-10,707837856012546,1,3300085658,Đến hạn,Normal,"1-20, idle<=90",2025-10-14,2025-10-14 16:02:51,10,116,2026-09-29 18:30:00,1.0,Nguyen Thuy Trang,Inhouse 1,Nguyen Thuy Trang,Inhouse 1,Ruby Advisor,18820000.0,True,True,767126119268610,2026-09-13 00:00:00,16430000.0,GMV+REM,333.0,2026-10-01
2026-10,744834521569544,3,3300085694,Đến hạn,Normal,"1-20, idle<=90",2026-01-31,2026-05-11 16:56:38,5,5,2026-09-27 20:30:00,3.0,Le Thi Tuyet,Inhouse 1,Le Thi Tuyet,Inhouse 1,Ruby Advisor,4160000.0,True,True,TMP_3300085694_20260930,2026-09-30 00:00:00,4290000.0,GMV,141.0,2026-10-01
2026-10,712847980620034,1,3300095864,Đến hạn,Normal,"1-20, idle<=90",2025-10-17,2025-11-12 20:14:52,16,16,2026-09-26 20:00:00,4.0,Tran Thi Son,Inhouse 1,Tran Thi Son,Inhouse 1,Ruby Advisor,18820000.0,True,True,TMP_3300095864_20260727,2026-07-27 00:00:00,16820000.0,GMV,256.0,2026-10-01
2026-10,708352144515328,1,3300164141,Đến hạn,Normal,"1-20, idle<=90",2025-10-17,2025-10-17 18:08:28,15,15,2026-09-25 19:00:00,5.0,Nguyen Thuy Trang,Inhouse 1,Nguyen Thuy Trang,Inhouse 1,Ruby Advisor,18820000.0,False,False,,,,,,2026-10-01
2026-10,708711087866114,1,3300164431,Đến hạn,Normal,"1-20, idle<=90",2025-10-19,2025-10-19 16:53:17,1,102,2026-09-27 18:00:00,3.0,Le Thi Tuyet,Inhouse 1,Le Thi Tuyet,Inhouse 1,Ruby Advisor,26300000.0,True,True,721299580764416,2025-12-29 00:00:00,46200000.0,GMV+REM,70.0,2026-10-01
2026-10,708050276618498,1,3300175523,Đến hạn,Normal,"1-20, idle<=90",2025-10-15,2025-10-15 20:03:18,4,110,2026-09-29 22:30:00,1.0,Dao Ngoc Lan Anh,Inhouse 1,Bui Thi Hong Van,Inhouse 1,Ruby Advisor,18820000.0,True,True,728158000341254,2026-01-31 00:00:00,16903000.0,GMV+REM,107.0,2026-10-01
2026-10,708526613440772,1,3300190717,Đến hạn,Normal,"1-20, idle<=90",2025-10-18,2025-10-18 16:13:06,14,120,2026-09-26 18:30:00,4.0,Le Vo Anh Thu,Ho Chi Minh,Nguyen Thi Ninh,Other,Dao Thi Hoang Yen,16430000.0,True,True,765899578372358,2026-09-05 00:00:00,16019250.0,GMV+REM,321.0,2026-10-01
2026-10,708173418600706,1,3300193891,Đến hạn,Normal,"1-20, idle<=90",2025-10-16,2025-10-16 20:13:13,17,17,2026-09-28 21:00:00,2.0,Le Thi Thuy Van,Inhouse 2,Le Thi Thuy Van,Inhouse 2,Tran Thu Ha,17820000.0,True,True,TMP_3300193891_20260213,2026-02-13 00:00:00,16600000.0,GMV,119.0,2026-10-01
2026-10,750279496737026,2,3300205659,Đến hạn,Normal,"1-20, idle<=90",2026-06-11,2026-06-11 20:19:43,5,5,2026-09-27 22:00:00,3.0,Nguyen Minh Phat,Ho Chi Minh,Nguyen Minh Phat,Ho Chi Minh,Dao Thi Hoang Yen,4400000.0,False,False,,,,,,2026-10-01
2026-10,739334316534018,2,3300211609,Đến hạn,Normal,"1-20, idle<=90",2026-04-02,2026-04-10 15:24:46,3,3,2026-09-28 20:00:00,2.0,Nguyen Duy Thinh,Ho Chi Minh,Lai Ngoc Thuy Linh,Ho Chi Minh,Dao Thi Hoang Yen,8215000.0,False,False,,,,,,2026-10-01
2026-10,724090976856324,1,3300218575,Đến hạn,Normal,"1-20, idle<=90",2026-01-13,2026-01-14 17:45:41,13,66,2026-09-22 17:00:00,8.0,Le Thi Thuy Trang,Inhouse 1,Le Thi Thuy Trang,Inhouse 1,Thao Chi Advisor,10080000.0,True,True,769794379893000,2026-09-29 00:00:00,9080000.0,GMV+REM,257.0,2026-10-01
2026-10,739904943347970,2,3300220994,Đến hạn,Normal,"1-20, idle<=90",2026-03-31,2026-04-16 23:05:46,17,70,2026-09-25 21:00:00,5.0,Kieu Thi Thu Quynh,Inhouse 1,Kieu Thi Thu Quynh,Inhouse 1,Ms Laura,8480000.0,True,True,765844528738562,2026-08-28 00:00:00,8250000.0,GMV+REM,133.0,2026-10-01
2026-10,708196249946368,1,3300250414,Đến hạn,Normal,"1-20, idle<=90",2025-10-16,2025-10-16 16:03:15,9,62,2026-09-29 21:30:00,1.0,Vu Ho Thanh Huong,Inhouse 2,Vu Ho Thanh Huong,Inhouse 2,Tran Thu Ha,16430000.0,True,True,708202258686212,2025-10-16 16:08:15,8220000.0,REM,0.0,2026-10-01
2026-10,711399152429316,1,3300254573,Đến hạn,Normal,"1-20, idle<=90",2025-10-31,2025-11-03 18:00:49,14,14,2026-09-28 19:00:00,2.0,Dao Ngoc Lan Anh,Inhouse 1,Bui Thi Hong Van,Inhouse 1,Ruby Advisor,16960000.0,False,False,,,,,,2026-10-01
2026-10,709572361773314,1,3300314963,Đến hạn,Normal,"1-20, idle<=90",2025-10-22,2025-10-26 19:47:51,17,17,2026-09-27 21:00:00,3.0,Bui Thi Thai Duong,Inhouse 1,Bui Thi Thai Duong,Inhouse 1,Ellie Advisor,16430000.0,False,False,,,,,,2026-10-01
2026-10,708909005922562,1,3300364712,Đến hạn,Normal,"1-20, idle<=90",2025-10-18,2025-10-21 16:15:01,9,9,2026-09-29 21:00:00,1.0,Nguyen Thi Thao Ngoc,Inhouse 1,Nguyen Thi Thao Ngoc,Inhouse 1,Thao Chi Advisor,17427300.0,False,False,,,,,,2026-10-01
2026-10,733643688491272,2,3300387501,Đến hạn,Normal,"1-20, idle<=90",2026-03-08,2026-03-09 11:14:35,12,65,2026-09-23 13:30:00,7.0,Le To Hai My,Inhouse 1,Nguyen Cam Tu,Inhouse 1,Diem Quynh Advisor,8300000.0,True,True,767849543862536,2026-08-22 00:00:00,7950000.0,GMV+REM,165.0,2026-10-01
2026-10,708526213800194,1,3300403729,Đến hạn,Normal,"1-20, idle<=90",2025-10-18,2025-10-18 16:24:07,10,10,2026-09-27 21:30:00,3.0,Le Vo Anh Thu,Ho Chi Minh,Nguyen Thi Ninh,Other,Dao Thi Hoang Yen,16430000.0,False,False,,,,,,2026-10-01
2026-10,708526422329600,1,3300403755,Đến hạn,Normal,"1-20, idle<=90",2025-10-18,2025-10-18 16:25:14,8,8,2026-09-27 21:30:00,3.0,Le Vo Anh Thu,Ho Chi Minh,Nguyen Thi Ninh,Other,Dao Thi Hoang Yen,16430000.0,False,False,,,,,,2026-10-01
2026-10,727973567174918,3,3300427127,Đến hạn,Normal,"1-20, idle<=90",2026-01-31,2026-02-05 19:33:43,19,19,2026-09-29 22:30:00,1.0,Bui Thi Thai Duong,Inhouse 1,Bui Thi Thai Duong,Inhouse 1,Ellie Advisor,4160000.0,False,False,,,,,,2026-10-01
2026-10,709063771097348,1,3300447387,Đến hạn,Normal,"1-20, idle<=90",2025-10-21,2025-10-21 17:42:15,8,114,2026-09-29 19:30:00,1.0,Nguyen Thi Huong,Inhouse 1,Ta Thuy Van,Inhouse 1,Diem Quynh Advisor,18160000.0,True,True,769739123865864,2026-09-28 00:00:00,16820000.0,GMV+REM,341.0,2026-10-01
2026-10,710633607581954,1,3300447456,Đến hạn,Normal,"1-20, idle<=90",2025-10-29,2025-11-02 17:37:52,15,15,2026-09-27 20:30:00,3.0,Nguyen Thi Huong,Inhouse 1,Ta Thuy Van,Inhouse 1,Ellie Advisor,18160000.0,False,False,,,,,,2026-10-01
2026-10,747811171887362,1,3300531409,Đến hạn,Normal,"1-20, idle<=90",2026-05-28,2026-06-02 09:58:42,18,18,2026-09-29 20:30:00,1.0,Pham Long Vu,Inhouse 2,Le Thi Thuy Van,Inhouse 2,Ms Jenny Advisor,9850000.0,False,False,,,,,,2026-10-01
2026-10,736345045453058,2,3300531426,Đến hạn,Normal,"1-20, idle<=90",2026-03-24,2026-03-28 17:07:02,11,11,2026-09-29 19:00:00,1.0,Tran Thi Son,Inhouse 1,Tran Thi Son,Inhouse 1,Ruby Advisor,8180000.0,False,False,,,,,,2026-10-01
2026-10,710153529835780,1,3300551004,Đến hạn,Normal,"1-20, idle<=90",2025-10-25,2025-10-27 18:30:54,13,92,2026-09-25 19:00:00,5.0,Tran Thi Son,Inhouse 1,Tran Thi Son,Inhouse 1,Ms Laura,16960000.0,True,True,764257377413384,2026-08-28 00:00:00,11925000.0,GMV+REM,304.0,2026-10-01
2026-10,745149423966472,2,3300588320,Đến hạn,Normal,"1-20, idle<=90",2026-05-13,2026-05-15 22:27:49,16,16,2026-09-27 17:00:00,3.0,Le Thi Thuy Van,Inhouse 2,Le Thi Thuy Van,Inhouse 2,Tran Thu Ha,8810000.0,False,False,,,,,,2026-10-01
2026-10,749257525879048,2,3300595658,Đến hạn,Normal,"1-20, idle<=90",2026-06-05,2026-06-05 20:35:22,7,7,2026-09-28 21:00:00,2.0,Vu Ho Thanh Huong,Inhouse 2,Vu Ho Thanh Huong,Inhouse 2,Tran Thu Ha,8500000.0,False,False,,,,,,2026-10-01
2026-10,726616013054216,2,3300605814,Đến hạn,Normal,"1-20, idle<=90",2026-01-28,2026-01-30 15:03:26,2,2,2026-09-27 11:30:00,3.0,Tran Thi Thaoo,Inhouse 1,Kieu Thi Thu Quynh,Inhouse 1,Ms Laura,4320000.0,False,False,,,,,,2026-10-01
2026-10,739685274239234,2,3300610794,Đến hạn,Normal,"1-20, idle<=90",2026-04-12,2026-04-13 10:26:36,11,117,2026-09-28 18:00:00,2.0,Le Kim Chi,Inhouse 1,Le Kim Chi,Inhouse 1,Ruby Advisor,9280000.0,True,True,769600274108680,2026-09-26 00:00:00,16430000.0,GMV+REM,165.0,2026-10-01
2026-10,734031611791624,2,3300636807,Đến hạn,Normal,"1-20, idle<=90",2026-03-11,2026-03-11 20:23:10,17,17,2026-09-25 21:00:00,5.0,Nguyen Minh Phat,Ho Chi Minh,Nguyen Minh Phat,Ho Chi Minh,Dao Thi Hoang Yen,8250000.0,False,False,,,,,,2026-10-01
2026-10,709753000306948,1,3300681720,Đến hạn,Normal,"1-20, idle<=90",2025-10-25,2025-10-25 15:04:26,7,7,2026-09-27 08:00:00,3.0,Do Tran Phuong Anh,Inhouse 1,Ta Thuy Van,Inhouse 1,Ellie Advisor,18820000.0,False,False,,,,,,2026-10-01
2026-10,710316914921728,1,3300729627,Đến hạn,Normal,"1-20, idle<=90",2025-10-25,2025-10-28 14:58:47,17,17,2026-09-29 18:30:00,1.0,Hoang Thi Hong Tham,Offline Team HaNoi,Hoang Thi Hong Tham,Offline Team HaNoi,Tran Thu Ha,18160000.0,False,False,,,,,,2026-10-01
2026-10,753856289704194,1,3300743323,Đến hạn,Normal,"1-20, idle<=90",2026-06-30,2026-07-01 16:33:26,1,1,2026-09-27 14:00:00,3.0,Nguyen Thi Hang Nga,Inhouse 1,Nguyen Thi Hang Nga,Inhouse 1,Diem Quynh Advisor,4940000.0,False,False,,,,,,2026-10-01
2026-10,710458112917762,1,3300758433,Đến hạn,Normal,"1-20, idle<=90",2025-10-28,2025-11-01 16:09:10,18,18,2026-09-27 10:00:00,3.0,Nguyen Nhat Vy,Inhouse 1,Phan Thi Huong,Inhouse 1,Ruby Advisor,16960000.0,False,False,,,,,,2026-10-01
2026-10,734206570299654,2,3300784811,Đến hạn,Normal,"1-20, idle<=90",2026-03-02,2026-03-13 12:39:50,18,18,2026-09-29 13:00:00,1.0,Nguyen Thi Thuy Trang,Inhouse 2,Mai Thi Lien,Inhouse 2,Tran Thu Ha,8380000.0,False,False,,,,,,2026-10-01
2026-10,732806146433288,2,3300796228,Đến hạn,Normal,"1-20, idle<=90",2026-02-12,2026-03-04 18:12:00,20,20,2026-09-27 22:30:00,3.0,Kieu Thi Thu Quynh,Inhouse 1,Kieu Thi Thu Quynh,Inhouse 1,Ms Laura,8365500.0,False,False,,,,,,2026-10-01
2026-10,710473966479618,1,3300822948,Đến hạn,Normal,"1-20, idle<=90",2025-10-29,2025-10-30 21:44:44,15,15,2026-09-29 21:00:00,1.0,Nguyen Thuy Hien,Inhouse 2,Nguyen Thi Trang,Inhouse 2,Tran Thu Ha,16960000.0,False,False,,,,,,2026-10-01
2026-10,760931207174406,1,3300830237,Đến hạn,Normal,"1-20, idle<=90",2026-07-29,2026-08-11 16:27:06,11,11,2026-09-29 23:00:00,1.0,Cao Thi Lua,Inhouse 1,Cao Thi Lua,Inhouse 1,Ms Laura,5240000.0,False,False,,,,,,2026-10-01
2026-10,709845447000320,1,3300830290,Đến hạn,Normal,"1-20, idle<=90",2025-10-25,2025-10-26 16:49:49,15,15,2026-09-27 13:30:00,3.0,Le Thi Thuy Trang,Inhouse 1,Le Thi Thuy Trang,Inhouse 1,Ruby Advisor,18820000.0,False,False,,,,,,2026-10-01
2026-10,710473845145860,1,3300844680,Đến hạn,Normal,"1-20, idle<=90",2025-10-29,2025-10-30 15:36:13,11,11,2026-09-28 21:00:00,2.0,Lai Ngoc Thuy Linh,Ho Chi Minh,Lai Ngoc Thuy Linh,Ho Chi Minh,Dao Thi Hoang Yen,16960000.0,False,False,,,,,,2026-10-01
2026-10,762728813658370,3,3300889786,Đến hạn,Normal,"1-20, idle<=90",2026-08-20,2026-08-20 19:44:32,10,10,2026-09-26 20:30:00,4.0,Vu Ho Thanh Huong,Inhouse 2,Vu Ho Thanh Huong,Inhouse 2,Tran Thu Ha,4300000.0,False,False,,,,,,2026-10-01
2026-10,726417517893894,2,3300901782,Đến hạn,Normal,"1-20, idle<=90",2026-01-27,2026-01-27 19:29:40,10,10,2026-09-29 21:30:00,1.0,Le Thi Lan Anh,Inhouse 1,Le Thi Lan Anh,Inhouse 1,Ellie Advisor,8680000.0,False,False,,,,,,2026-10-01
2026-10,742678780975362,2,3300920633,Đến hạn,Normal,"1-20, idle<=90",2026-04-29,2026-04-29 15:30:39,18,18,2026-09-26 12:00:00,4.0,Nguyen Minh Phat,Ho Chi Minh,Nguyen Minh Phat,Ho Chi Minh,Dao Thi Hoang Yen,8215000.0,False,False,,,,,,2026-10-01
2026-10,711732865607938,1,3300934176,Đến hạn,Normal,"1-20, idle<=90",2025-11-05,2025-11-05 18:15:54,17,17,2026-09-27 19:00:00,3.0,Tran Thi Son,Inhouse 1,Tran Thi Son,Inhouse 1,Ms Laura,19160000.0,False,False,,,,,,2026-10-01
2026-10,732146567997704,2,3300938439,Đến hạn,Normal,"1-20, idle<=90",2026-02-28,2026-03-06 23:02:33,10,63,2026-09-29 19:00:00,1.0,Dao Ngoc Lan Anh,Inhouse 1,Bui Thi Hong Van,Inhouse 1,Ruby Advisor,7950000.0,True,True,767650647724296,2026-09-17 00:00:00,8250000.0,GMV+REM,194.0,2026-10-01
2026-10,743740365431046,2,3300972195,Đến hạn,Normal,"1-20, idle<=90",2026-04-29,2026-05-07 20:49:03,19,19,2026-09-27 11:00:00,3.0,Nguyen Nhu Ngoc,Inhouse 1,Nguyen Nhu Ngoc,Inhouse 1,Ms Laura,8080000.0,False,False,,,,,,2026-10-01
2026-10,739880197042438,3,3300977983,Đến hạn,Normal,"1-20, idle<=90",2026-04-13,2026-04-13 16:46:23,9,9,2026-09-16 19:00:00,14.0,Vu Cam Ly,Inhouse 2,Vu Cam Ly,Inhouse 2,Tran Thu Ha,8215000.0,False,False,,,,,,2026-10-01
2026-10,743785312733442,1,3300978231,Đến hạn,Normal,"1-20, idle<=90",2026-05-05,2026-05-05 19:03:58,7,7,2026-09-26 17:30:00,4.0,Pham Thi Thao,Inhouse 1,Pham Thi Thao,Inhouse 1,Ms Jenny Advisor,10080000.0,False,False,,,,,,2026-10-01
2026-10,732617437186312,2,3300994563,Đến hạn,Normal,"1-20, idle<=90",2026-03-01,2026-03-03 16:39:45,20,20,2026-09-29 16:00:00,1.0,Le Thi Lan Anh,Inhouse 1,Le Thi Lan Anh,Inhouse 1,Ellie Advisor,8580000.0,False,False,,,,,,2026-10-01
2026-10,710464297974018,1,3300999000,Đến hạn,Normal,"1-20, idle<=90",2025-10-29,2025-10-30 20:46:16,3,3,2026-09-25 21:00:00,5.0,Nguyen Nhung Nhu Ngoc,Ho Chi Minh,Nguyen Minh Phat,Ho Chi Minh,Dao Thi Hoang Yen,8215000.0,False,False,,,,,,2026-10-01
2026-10,740186912835848,2,3301033505,Đến hạn,Normal,"1-20, idle<=90",2026-04-15,2026-04-15 11:30:15,18,18,2026-09-29 18:00:00,1.0,Tran Thi Son,Inhouse 1,Tran Thi Son,Inhouse 1,Ms Laura,8580000.0,False,False,,,,,,2026-10-01
2026-10,752277890164994,3,3301059618,Đến hạn,Normal,"1-20, idle<=90",2026-06-04,2026-06-22 18:18:21,3,56,2026-09-28 18:30:00,2.0,Le To Hai My,Inhouse 1,Cao Thi Lua,Inhouse 1,Diem Quynh Advisor,6400000.0,True,True,769085244365064,2026-09-25 00:00:00,8250000.0,GMV+REM,94.0,2026-10-01
2026-10,710671036164354,1,3301082476,Đến hạn,Normal,"1-20, idle<=90",2025-10-30,2025-10-30 16:53:49,11,11,2026-09-28 19:30:00,2.0,Nguyen Kieu Trang,Inhouse 1,Nguyen Kieu Trang,Inhouse 1,Ruby Advisor,18820000.0,True,True,TMP_3301082476_20260928,2026-09-28 00:00:00,32800000.0,GMV,332.0,2026-10-01
2026-10,733681558001926,2,3301086692,Đến hạn,Normal,"1-20, idle<=90",2026-02-28,2026-03-15 09:56:34,4,4,2026-09-29 21:00:00,1.0,Nguyen Linh Chi,Inhouse 1,Ho Thi Thanh,Inhouse 1,Ms Laura,7950000.0,False,False,,,,,,2026-10-01
2026-10,711378978466048,1,3301086803,Đến hạn,Normal,"1-20, idle<=90",2025-11-01,2025-11-03 15:11:00,19,19,2026-09-28 21:30:00,2.0,Do Thi Tuyet Nhung,Inhouse 1,Do Thi Tuyet Nhung,Inhouse 1,Thao Chi Advisor,17374500.0,False,False,,,,,,2026-10-01
2026-10,740372294289666,3,3301100331,Đến hạn,Normal,"1-20, idle<=90",2026-04-15,2026-04-16 11:26:49,15,15,2026-09-26 21:00:00,4.0,Nguyen Phuong Thao,Inhouse 2,Nguyen Thi Thu Huyen,Inhouse 2,Tran Thu Ha,4190000.0,False,False,,,,,,2026-10-01
2026-10,710926137092354,1,3301135747,Đến hạn,Normal,"1-20, idle<=90",2025-10-31,2025-11-01 01:47:12,16,16,2026-09-28 18:00:00,2.0,Nguyen Thuy Hien,Inhouse 2,Le Thi Thuy Van,Inhouse 2,Tran Thu Ha,9080000.0,False,False,,,,,,2026-10-01
2026-10,711349529446658,1,3301135953,Đến hạn,Normal,"1-20, idle<=90",2025-11-02,2025-11-03 17:40:42,17,70,2026-09-29 20:30:00,1.0,Le Thi Thuy Trang,Inhouse 1,Le Thi Thuy Trang,Inhouse 1,Ruby Advisor,17420000.0,True,True,752620870887688,2026-06-24 00:00:00,8650000.0,GMV+REM,232.0,2026-10-01
2026-10,712586699079938,1,3301182553,Đến hạn,Normal,"1-20, idle<=90",2025-10-31,2025-11-10 11:10:57,15,121,2026-09-26 18:30:00,4.0,Vu Cam Ly,Inhouse 2,Vu Cam Ly,Inhouse 2,Tran Thu Ha,16960000.0,True,True,763550061795592,2026-08-25 00:00:00,15900000.0,GMV+REM,287.0,2026-10-01
2026-10,715648761540868,2,3301223576,Đến hạn,Normal,"1-20, idle<=90",2025-11-27,2025-11-27 22:41:05,17,17,2026-09-26 20:30:00,4.0,Vu Cam Ly,Inhouse 2,Vu Ho Thanh Huong,Inhouse 2,Tran Thu Ha,8560000.0,False,False,,,,,,2026-10-01
2026-10,742523636648200,2,3301234605,Đến hạn,Normal,"1-20, idle<=90",2026-04-27,2026-04-28 19:50:00,16,16,2026-09-24 19:30:00,6.0,Tran Thi Son,Inhouse 1,Tran Thi Son,Inhouse 1,Ms Laura,8580000.0,False,False,,,,,,2026-10-01
2026-10,711787167297792,1,3301234721,Đến hạn,Normal,"1-20, idle<=90",2025-11-05,2025-11-06 17:17:28,20,20,2026-09-29 18:30:00,1.0,Pham Thi Thao,Inhouse 1,Pham Thi Thao,Inhouse 1,Ellie Advisor,17820000.0,True,True,TMP_3301234721_20260725,2026-07-25 00:00:00,16820000.0,GMV,260.0,2026-10-01
2026-10,750453331319046,3,3301273453,Đến hạn,Normal,"1-20, idle<=90",2026-06-12,2026-06-12 19:49:31,8,8,2026-09-27 21:30:00,3.0,Vu Cam Ly,Inhouse 2,Vu Cam Ly,Inhouse 2,Tran Thu Ha,4290000.0,False,False,,,,,,2026-10-01
2026-10,711753873166592,1,3301352866,Đến hạn,Normal,"1-20, idle<=90",2025-11-05,2025-11-07 19:19:37,15,15,2026-09-27 16:30:00,3.0,Bui Thi Anh,IND,Bui Thi Anh,IND,Tran Thu Ha,18160000.0,False,False,,,,,,2026-10-01
2026-10,712757059412224,1,3301365589,Đến hạn,Normal,"1-20, idle<=90",2025-11-10,2025-11-11 14:20:18,20,126,2026-09-24 22:30:00,6.0,Nguyen Thi Huong,Inhouse 1,Ta Thuy Van,Inhouse 1,Ms Laura,17600000.0,True,True,712937824897282,2025-11-12 17:30:25,17600000.0,REM,1.0,2026-10-01
2026-10,712582998485252,1,3301381389,Đến hạn,Normal,"1-20, idle<=90",2025-11-09,2025-11-10 18:08:19,15,15,2026-09-28 19:00:00,2.0,Dao Ngoc Lan Anh,Inhouse 1,Bui Thi Hong Van,Inhouse 1,Ruby Advisor,17820000.0,False,False,,,,,,2026-10-01
2026-10,735585370464520,2,3301392795,Đến hạn,Normal,"1-20, idle<=90",2026-03-20,2026-03-22 12:33:16,19,19,2026-09-27 21:00:00,3.0,Nguyen Duy Thinh,Ho Chi Minh,Nguyen Minh Phat,Ho Chi Minh,Dao Thi Hoang Yen,8215000.0,False,False,,,,,,2026-10-01
2026-10,712766351601924,1,3301472459,Đến hạn,Normal,"1-20, idle<=90",2025-11-11,2025-11-11 15:15:49,12,118,2026-09-27 18:00:00,3.0,Le Thi Tuyet,Inhouse 1,Le Thi Tuyet,Inhouse 1,Ruby Advisor,18820000.0,True,True,753652390555910,2026-06-30 00:00:00,16820000.0,GMV+REM,230.0,2026-10-01
2026-10,732095279675656,2,3301476250,Đến hạn,Normal,"1-20, idle<=90",2026-02-28,2026-02-28 17:33:24,1,54,2026-09-20 17:30:00,10.0,Bui Thi Thai Duong,Inhouse 1,Bui Thi Thai Duong,Inhouse 1,Ellie Advisor,8880000.0,True,True,768323663139074,2026-09-19 00:00:00,8680000.0,GMV+REM,202.0,2026-10-01
2026-10,723965973020928,1,3301482142,Đến hạn,Normal,"1-20, idle<=90",2025-11-06,2026-01-13 20:01:46,16,16,2026-09-29 18:00:00,1.0,Le To Hai My,Inhouse 1,Bui Thi Thai Duong,Inhouse 1,Le To Hai My,16960000.0,False,False,,,,,,2026-10-01
2026-10,732834950887686,1,3301484627,Đến hạn,Normal,"1-20, idle<=90",2025-12-18,2026-03-05 19:55:42,2,2,2026-09-26 09:30:00,4.0,Vu Ho Thanh Huong,Inhouse 2,Vu Ho Thanh Huong,Inhouse 2,Tran Thu Ha,8900000.0,True,True,TMP_3301484627_20260930,2026-09-30 00:00:00,16430000.0,GMV,208.0,2026-10-01
2026-10,712091220973828,1,3301489023,Đến hạn,Normal,"1-20, idle<=90",2025-11-07,2025-11-07 15:44:15,6,6,2026-09-29 17:30:00,1.0,Nguyen Kieu Trang,Inhouse 1,Nguyen Kieu Trang,Inhouse 1,Ruby Advisor,18820000.0,True,True,TMP_3301489023_20260729,2026-07-29 00:00:00,17320000.0,GMV,263.0,2026-10-01
2026-10,731220676002056,2,3301502092,Đến hạn,Normal,"1-20, idle<=90",2026-02-23,2026-02-25 12:43:10,2,2,2026-09-29 22:00:00,1.0,Le Thi Lan Anh,Inhouse 1,Le Thi Lan Anh,Inhouse 1,Ruby Advisor,8380000.0,False,False,,,,,,2026-10-01
2026-10,713819241664768,1,3301530153,Đến hạn,Normal,"1-20, idle<=90",2025-11-16,2025-11-17 16:02:48,15,15,2026-09-28 23:00:00,2.0,Nguyen Thi Hang Nga,Inhouse 1,Nguyen Thi Hang Nga,Inhouse 1,Ms Laura,18820000.0,False,False,,,,,,2026-10-01
2026-10,712621137293570,1,3301530211,Đến hạn,Normal,"1-20, idle<=90",2025-11-10,2025-11-10 16:01:25,8,8,2026-09-28 16:30:00,2.0,Le Thi Thuy Trang,Inhouse 1,Le Thi Thuy Trang,Inhouse 1,Ruby Advisor,18820000.0,True,True,TMP_3301530211_20260202,2026-02-02 00:00:00,16430000.0,GMV,83.0,2026-10-01
2026-10,728717866176770,1,3301533457,Đến hạn,Normal,"1-20, idle<=90",2026-02-09,2026-02-09 15:12:30,2,2,2026-09-29 20:00:00,1.0,Le Thi Thuy Trang,Inhouse 1,Le Thi Thuy Trang,Inhouse 1,Diem Quynh Advisor,10080000.0,False,False,,,,,,2026-10-01
2026-10,742698391099654,2,3301587300,Đến hạn,Normal,"1-20, idle<=90",2026-04-29,2026-04-29 16:48:58,17,17,2026-09-28 18:00:00,2.0,Bui Thi Hong Van,Inhouse 1,Bui Thi Hong Van,Inhouse 1,Ruby Advisor,8550000.0,False,False,,,,,,2026-10-01
2026-10,734928833810690,2,3301645504,Đến hạn,Normal,"1-20, idle<=90",2026-01-31,2026-03-18 16:24:57,4,4,2026-09-25 17:00:00,5.0,Nguyen Nhu Ngoc,Inhouse 1,Nguyen Nhu Ngoc,Inhouse 1,Ms Laura,7950000.0,False,False,,,,,,2026-10-01
2026-10,734230313212168,2,3301697472,Đến hạn,Normal,"1-20, idle<=90",2026-01-30,2026-03-12 18:41:53,1,54,2026-09-29 21:30:00,1.0,Bui Lam Linh,Inhouse 1,Le Thi Thu Yen,Inhouse 1,Thao Chi Advisor,8700000.0,True,True,769974759942406,2026-09-17 00:00:00,8700000.0,GMV+REM,188.0,2026-10-01
2026-10,727622103886086,2,3301702771,Đến hạn,Normal,"1-20, idle<=90",2026-01-31,2026-02-03 22:58:54,9,9,2026-09-28 22:00:00,2.0,Pham Thi Tam Thuy,Inhouse 1,Le Thi Lan Anh,Inhouse 1,Diem Quynh Advisor,7950000.0,False,False,,,,,,2026-10-01
2026-10,713819574171904,1,3301788983,Đến hạn,Normal,"1-20, idle<=90",,2025-11-18 11:21:07,2,2,2026-09-29 20:00:00,1.0,Nguyen Nhat Vy,Inhouse 1,Nguyen Thi Thao Ngoc,Inhouse 1,Ellie Advisor,17820000.0,False,False,,,,,,2026-10-01
2026-10,733637724111106,2,3301789716,Đến hạn,Normal,"1-20, idle<=90",2026-03-08,2026-03-09 11:06:19,6,59,2026-09-29 22:30:00,1.0,Le Thi Tuyet,Inhouse 1,Le Thi Tuyet,Inhouse 1,Ruby Advisor,8650000.0,True,True,769308069411074,2026-09-27 00:00:00,8450000.0,GMV+REM,201.0,2026-10-01
2026-10,729408723921160,2,3301796747,Đến hạn,Normal,"1-20, idle<=90",2026-02-12,2026-02-13 13:07:56,1,1,2026-09-27 15:00:00,3.0,Pham Thi Tam Thuy,Inhouse 1,Le Thi Lan Anh,Inhouse 1,Thao Chi Advisor,8880000.0,False,False,,,,,,2026-10-01
2026-10,714351789748482,1,3301802778,Đến hạn,Frozen,"1-20, idle<=90",2025-11-19,2025-11-20 14:59:56,10,10,2026-08-01 15:00:00,60.0,Tran Thi Thaoo,Inhouse 1,Bui Thi Thai Duong,Inhouse 1,Ms Laura,10080000.0,False,False,,,,,,2026-10-01
2026-10,715070311512324,1,3301831000,Đến hạn,Normal,"1-20, idle<=90",2025-11-20,2025-11-24 20:30:17,20,20,2026-09-27 14:30:00,3.0,Nguyen Thuy Hien,Inhouse 2,Vu Cam Ly,Inhouse 2,Tran Thu Ha,16965000.0,False,False,,,,,,2026-10-01
2026-10,715079825719552,1,3301884815,Đến hạn,Normal,"1-20, idle<=90",2025-11-24,2025-11-24 15:18:07,17,17,2026-09-28 16:30:00,2.0,Le Kim Chi,Inhouse 1,Le Kim Chi,Inhouse 1,Ruby Advisor,17820000.0,False,False,,,,,,2026-10-01
2026-10,735285768155400,1,3301887417,Đến hạn,Frozen,"1-20, idle<=90",2026-03-18,2026-03-21 06:43:20,5,5,2026-09-20 19:00:00,10.0,Nguyen Nhat Vy,Inhouse 1,Nguyen Thi Thao Ngoc,Inhouse 1,Ms Jenny Advisor,9580000.0,False,False,,,,,,2026-10-01
2026-10,742694315294984,2,3301901506,Đến hạn,Normal,"1-20, idle<=90",2026-04-29,2026-04-29 16:47:31,7,7,2026-09-27 18:00:00,3.0,Ho Thi Thanh,Inhouse 1,Ho Thi Thanh,Inhouse 1,Ruby Advisor,7950000.0,False,False,,,,,,2026-10-01
2026-10,728157645043970,2,3301968121,Đến hạn,Normal,"1-20, idle<=90",2026-01-31,2026-02-06 15:53:57,10,10,2026-09-26 21:00:00,4.0,Dao Ngoc Lan Anh,Inhouse 1,Le Thi Tuyet,Inhouse 1,Ruby Advisor,7950000.0,False,False,,,,,,2026-10-01
2026-10,738996529467654,2,3301975930,Đến hạn,Normal,"1-20, idle<=90",2026-03-31,2026-04-08 16:57:35,14,14,2026-09-26 21:00:00,4.0,Nguyen Kieu Trang,Inhouse 1,Nguyen Kieu Trang,Inhouse 1,Diem Quynh Advisor,7950000.0,False,False,,,,,,2026-10-01
2026-10,769967555217672,3,3301990790,Đến hạn,Normal,"1-20, idle<=90",2026-09-30,2026-10-01 15:51:38,15,15,2026-09-29 21:00:00,1.0,Nguyen Thi Ninh,Other,Nguyen Thi Ninh,Other,Dao Thi Hoang Yen,7950000.0,False,False,,,,,,2026-10-01
2026-10,725384591212808,2,3301991956,Đến hạn,Normal,"1-20, idle<=90",2026-01-16,2026-01-21 18:54:00,9,9,2026-09-24 16:30:00,6.0,Le Thi Thuy Trang,Inhouse 1,Le Thi Thuy Trang,Inhouse 1,Ellie Advisor,8580000.0,False,False,,,,,,2026-10-01
2026-10,746440739657990,2,3302084683,Đến hạn,Normal,"1-20, idle<=90",2026-05-20,2026-05-20 19:04:13,15,15,2026-09-26 22:00:00,4.0,Vu Thi Khanh Huyen,Inhouse 2,Nguyen Thi Trang,Inhouse 2,Tran Thu Ha,8215000.0,False,False,,,,,,2026-10-01
2026-10,748014061992200,2,3302091550,Đến hạn,Normal,"1-20, idle<=90",2026-05-29,2026-05-29 23:43:06,14,14,2026-09-27 15:00:00,3.0,Nguyen Kieu Trang,Inhouse 1,Nguyen Kieu Trang,Inhouse 1,Ellie Advisor,25300000.0,False,False,,,,,,2026-10-01
2026-10,714399857746178,1,3302123298,Đến hạn,Normal,"1-20, idle<=90",2025-11-20,2025-11-20 18:23:44,14,14,2026-09-25 21:00:00,5.0,Kieu Thi Thu Quynh,Inhouse 1,Kieu Thi Thu Quynh,Inhouse 1,Thao Chi Advisor,17820000.0,False,False,,,,,,2026-10-01
2026-10,759696073533704,1,3302146598,Đến hạn,Normal,"1-20, idle<=90",2026-07-31,2026-08-03 18:40:48,11,11,2026-09-28 21:00:00,2.0,Bui Lam Linh,Inhouse 1,Le Thi Thu Yen,Inhouse 1,Ms Laura,4550000.0,False,False,,,,,,2026-10-01
2026-10,714538664345858,1,3302167976,Đến hạn,Normal,"1-20, idle<=90",2025-11-21,2025-11-22 17:35:35,20,179,2026-09-27 17:30:00,3.0,Nguyen Nhat Vy,Inhouse 1,Le Kim Chi,Inhouse 1,Ruby Advisor,17820000.0,True,True,758096683139330,2026-07-25 00:00:00,24320000.0,GMV+REM,244.0,2026-10-01
2026-10,746922994006280,2,3302174386,Đến hạn,Normal,"1-20, idle<=90",2026-05-23,2026-05-25 16:45:16,15,15,2026-09-28 18:00:00,2.0,Le To Hai My,Inhouse 1,Ho Thi Thanh,Inhouse 1,Ellie Advisor,23500000.0,False,False,,,,,,2026-10-01
2026-10,732982912921858,1,3302211523,Đến hạn,Normal,"1-20, idle<=90",2025-11-20,2026-03-06 21:34:37,4,4,2026-09-29 21:00:00,1.0,Kieu Thi Thu Quynh,Inhouse 1,Kieu Thi Thu Quynh,Inhouse 1,Thao Chi Advisor,8480000.0,False,False,,,,,,2026-10-01
2026-10,742349313444102,1,3302374242,Đến hạn,Normal,"1-20, idle<=90",2026-04-26,2026-04-27 15:40:37,18,71,2026-09-28 15:30:00,2.0,Dao Ngoc Lan Anh,Inhouse 1,Bui Thi Hong Van,Inhouse 1,Diem Quynh Advisor,9080000.0,True,True,759698513307910,2026-08-03 00:00:00,8450000.0,GMV+REM,97.0,2026-10-01
2026-10,736362554216706,1,3302420026,Đến hạn,Normal,"1-20, idle<=90",2026-03-17,2026-03-24 19:50:23,2,55,2026-09-25 21:30:00,5.0,Mai Thi Lien,Inhouse 2,Mai Thi Lien,Inhouse 2,Tran Thu Ha,9013800.0,True,True,763918442252546,2026-08-27 00:00:00,8500000.0,GMV+REM,155.0,2026-10-01
2026-10,715628662282496,1,3302461389,Đến hạn,Normal,"1-20, idle<=90",2025-11-26,2025-11-27 19:05:31,8,8,2026-09-28 22:00:00,2.0,Le To Hai My,Inhouse 1,Ho Thi Thanh,Inhouse 1,Ms Laura,8580000.0,False,False,,,,,,2026-10-01
2026-10,725360401436936,1,3302524916,Đến hạn,Normal,"1-20, idle<=90",2025-12-26,2026-01-21 18:52:03,3,3,2026-09-27 21:30:00,3.0,Nguyen Minh Phat,Ho Chi Minh,Nguyen Minh Phat,Ho Chi Minh,Dao Thi Hoang Yen,8694300.0,False,False,,,,,,2026-10-01
2026-10,742312771227912,2,3302527294,Đến hạn,Normal,"1-20, idle<=90",2026-04-18,2026-04-27 17:36:23,6,6,2026-09-28 19:00:00,2.0,Bui Thi Thai Duong,Inhouse 1,Bui Thi Thai Duong,Inhouse 1,Thao Chi Advisor,8780000.0,False,False,,,,,,2026-10-01
2026-10,716163930091776,1,3302560966,Đến hạn,Normal,"1-20, idle<=90",2025-11-29,2025-12-01 20:05:00,14,120,2026-09-29 17:30:00,1.0,Vu Thi Tuyet Trinh,Inhouse 1,Vu Thi Tuyet Trinh,Inhouse 1,Ellie Advisor,17320000.0,True,True,746030657698050,2026-05-16 00:00:00,16430000.0,GMV+REM,165.0,2026-10-01
2026-10,742711687053576,3,3302571442,Đến hạn,Normal,"1-20, idle<=90",2026-04-29,2026-04-29 18:56:12,2,2,2026-09-27 21:30:00,3.0,Nguyen Minh Phat,Ho Chi Minh,Nguyen Minh Phat,Ho Chi Minh,Dao Thi Hoang Yen,4160000.0,False,False,,,,,,2026-10-01
2026-10,752394273038594,2,3302575244,Đến hạn,Normal,"1-20, idle<=90",2026-06-23,2026-06-23 17:14:10,2,2,2026-09-28 19:00:00,2.0,Nguyen Kieu Trang,Inhouse 1,Nguyen Kieu Trang,Inhouse 1,Ms Laura,4420000.0,False,False,,,,,,2026-10-01
2026-10,717552053645568,1,3302575548,Đến hạn,Frozen,"1-20, idle<=90",2025-12-05,2025-12-08 21:10:35,3,3,2026-08-15 20:30:00,46.0,Nguyen Thi Thao Ngoc,Inhouse 1,Nguyen Thi Thao Ngoc,Inhouse 1,Thao Chi Advisor,8853000.0,False,False,,,,,,2026-10-01
2026-10,750290004736264,1,3302606907,Đến hạn,Normal,"1-20, idle<=90",2026-05-19,2026-06-13 15:09:08,19,19,2026-09-29 21:30:00,1.0,Le Kim Chi,Inhouse 1,Le Kim Chi,Inhouse 1,Ms Jenny Advisor,8745000.0,False,False,,,,,,2026-10-01
2026-10,717050211330304,1,3302615737,Đến hạn,Normal,"1-20, idle<=90",2025-12-05,2025-12-05 17:51:01,1,1,2026-09-22 18:30:00,8.0,Vu Thi Tuyet Trinh,Inhouse 1,Vu Thi Tuyet Trinh,Inhouse 1,Ruby Advisor,18820000.0,False,False,,,,,,2026-10-01
2026-10,744800442611976,1,3302653359,Đến hạn,Normal,"1-20, idle<=90",2026-05-10,2026-05-13 10:02:12,17,17,2026-09-14 17:00:00,16.0,Pham Thi Thao,Inhouse 1,Pham Thi Thao,Inhouse 1,Diem Quynh Advisor,10080000.0,False,False,,,,,,2026-10-01
2026-10,721668270665984,1,3302684666,Đến hạn,Normal,"1-20, idle<=90",2025-11-30,2026-01-02 15:47:14,11,11,2026-09-27 21:30:00,3.0,Dao Ngoc Lan Anh,Inhouse 1,Bui Thi Hong Van,Inhouse 1,Dao Ngoc Lan Anh,8482500.0,False,False,,,,,,2026-10-01
2026-10,717097392505092,1,3302706046,Đến hạn,Normal,"1-20, idle<=90",2025-12-05,2025-12-06 23:27:11,3,56,2026-09-26 20:30:00,4.0,Chang Thi Thanh Binh,Ho Chi Minh,Le To Hai My,Inhouse 1,Dao Thi Hoang Yen,8800000.0,True,True,763458281982214,2026-08-25 20:36:49,8100000.0,REM,261.0,2026-10-01
2026-10,743742793093378,2,3302716458,Đến hạn,Normal,"1-20, idle<=90",2026-04-29,2026-05-05 13:25:30,2,2,2026-09-29 21:30:00,1.0,Le Thi Tuyet,Inhouse 1,Le Thi Tuyet,Inhouse 1,Ruby Advisor,4200000.0,False,False,,,,,,2026-10-01
2026-10,732107450040584,2,3302716576,Đến hạn,Normal,"1-20, idle<=90",2026-02-28,2026-03-02 18:19:13,10,63,2026-09-28 18:30:00,2.0,Le Thi Lan Anh,Inhouse 1,Le Thi Lan Anh,Inhouse 1,Diem Quynh Advisor,8880000.0,True,True,759140681300230,2026-07-31 00:00:00,8800000.0,GMV+REM,150.0,2026-10-01
2026-10,745376874944774,2,3302729540,Đến hạn,Normal,"1-20, idle<=90",2026-04-30,2026-05-15 13:02:44,17,17,2026-09-28 11:30:00,2.0,Do Thi Tuyet Nhung,Inhouse 1,Do Thi Tuyet Nhung,Inhouse 1,Diem Quynh Advisor,8410000.0,False,False,,,,,,2026-10-01
2026-10,736999072665858,1,3302742657,Đến hạn,Normal,"1-20, idle<=90",2026-03-27,2026-03-30 22:51:17,2,2,2026-09-28 22:00:00,2.0,Vu Thi Tuyet Trinh,Inhouse 1,Vu Thi Tuyet Trinh,Inhouse 1,Thao Chi Advisor,8480000.0,False,False,,,,,,2026-10-01
2026-10,756166080936198,2,3302752045,Đến hạn,Normal,"1-20, idle<=90",2026-03-23,2026-07-14 17:46:03,5,5,2026-09-29 21:30:00,1.0,Hoang Thi Hong Tham,Offline Team HaNoi,Hoang Thi Hong Tham,Offline Team HaNoi,Tran Thu Ha,4160000.0,False,False,,,,,,2026-10-01
2026-10,747632322156808,1,3302753136,Đến hạn,Normal,"1-20, idle<=90",2026-05-27,2026-05-27 16:52:50,16,16,2026-09-27 10:00:00,3.0,Nguyen Thi Trang,Inhouse 2,Nguyen Thi Trang,Inhouse 2,Ms Jenny Advisor,8870000.0,False,False,,,,,,2026-10-01
2026-10,720371337642244,2,3302754927,Đến hạn,Normal,"1-20, idle<=90",2025-12-23,2025-12-24 16:02:24,19,19,2026-09-29 21:00:00,1.0,Nguyen Thi Thuy Trang,Inhouse 2,Vu Ho Thanh Huong,Inhouse 2,Tran Thu Ha,8540000.0,False,False,,,,,,2026-10-01
2026-10,770103406872838,3,3302755354,Đến hạn,Normal,"1-20, idle<=90",2026-09-30,2026-10-01 12:50:10,11,11,2026-09-25 16:30:00,5.0,Le Thi Thuy Trang,Inhouse 1,Le Thi Thuy Trang,Inhouse 1,Ms Laura,16450000.0,False,False,,,,,,2026-10-01
2026-10,756166207928584,2,3302761331,Đến hạn,Normal,"1-20, idle<=90",2026-03-23,2026-07-14 17:45:01,5,5,2026-09-28 21:30:00,2.0,Hoang Thi Hong Tham,Offline Team HaNoi,Hoang Thi Hong Tham,Offline Team HaNoi,Tran Thu Ha,4160000.0,False,False,,,,,,2026-10-01
2026-10,756121183811848,1,3302764183,Đến hạn,Normal,"1-20, idle<=90",2026-07-13,2026-07-15 20:45:46,3,3,2026-09-28 21:30:00,2.0,Vu Thu Thuy,Other,Vu Thu Thuy,Other,Ms Laura,4420000.0,False,False,,,,,,2026-10-01
2026-10,743935467770118,2,3302783899,Đến hạn,Normal,"1-20, idle<=90",,2026-05-06 19:43:25,12,12,2026-09-26 15:30:00,4.0,Vu Thi Khanh Huyen,Inhouse 2,Nguyen Thi Trang,Inhouse 2,Tran Thu Ha,8215000.0,False,False,,,,,,2026-10-01
2026-10,737932047423752,1,3302838225,Đến hạn,Normal,"1-20, idle<=90",2025-12-28,2026-04-06 10:16:10,9,9,2026-09-26 18:30:00,4.0,Bui Thi Nga,Inhouse 2,Nguyen Thi Trang,Inhouse 2,Tran Thu Ha,8800000.0,False,False,,,,,,2026-10-01
2026-10,732107537320200,2,3302854807,Đến hạn,Normal,"1-20, idle<=90",2026-02-28,2026-03-02 18:11:05,17,70,2026-09-28 18:30:00,2.0,Le Thi Lan Anh,Inhouse 1,Le Thi Lan Anh,Inhouse 1,Diem Quynh Advisor,8880000.0,True,True,759140549380358,2026-07-31 00:00:00,8800000.0,GMV+REM,150.0,2026-10-01
2026-10,717424634056962,1,3302871402,Đến hạn,Normal,"1-20, idle<=90",2025-12-06,2025-12-10 19:48:06,13,119,2026-09-28 18:00:00,2.0,Le Thi Thuy Trang,Inhouse 1,Le Thi Tuyet,Inhouse 1,Ruby Advisor,18820000.0,True,True,761660401948934,2026-06-30 00:00:00,16820000.0,GMV+REM,201.0,2026-10-01
2026-10,740732924924166,2,3302898910,Đến hạn,Normal,"1-20, idle<=90",2026-03-12,2026-04-24 20:02:58,11,11,2026-09-27 09:00:00,3.0,Tran Thi Son,Inhouse 1,Tran Thi Son,Inhouse 1,Ruby Advisor,8780000.0,True,True,TMP_3302898910_20260930,2026-09-30 00:00:00,8300000.0,GMV,158.0,2026-10-01
2026-10,732460515320072,1,3302899072,Đến hạn,Normal,"1-20, idle<=90",2026-01-24,2026-03-03 12:40:36,1,1,2026-09-29 22:30:00,1.0,Le Kim Chi,Inhouse 1,Le Kim Chi,Inhouse 1,Diem Quynh Advisor,8500000.0,False,False,,,,,,2026-10-01
2026-10,737588968526086,2,3302908900,Đến hạn,Normal,"1-20, idle<=90",2026-03-31,2026-03-31 20:07:35,9,9,2026-09-27 10:00:00,3.0,Le Kim Chi,Inhouse 1,Le Kim Chi,Inhouse 1,Ms Laura,8950000.0,False,False,,,,,,2026-10-01
2026-10,758425612394754,3,3302935846,Đến hạn,Normal,"1-20, idle<=90",2026-07-17,2026-08-01 00:30:36,12,12,2026-09-24 19:00:00,6.0,Le Kim Chi,Inhouse 1,Le Kim Chi,Inhouse 1,Diem Quynh Advisor,12900000.0,False,False,,,,,,2026-10-01
2026-10,717548896643328,1,3302943798,Đến hạn,Normal,"1-20, idle<=90",2025-12-08,2025-12-08 20:19:51,20,20,2026-09-29 21:00:00,1.0,Nguyen Nhu Ngoc,Inhouse 1,Nguyen Nhu Ngoc,Inhouse 1,Thao Chi Advisor,18820000.0,False,False,,,,,,2026-10-01
2026-10,723730628872448,1,3302944232,Đến hạn,Normal,"1-20, idle<=90",2026-01-12,2026-01-15 09:40:03,6,59,2026-09-26 12:00:00,4.0,Dao Ngoc Lan Anh,Inhouse 1,Bui Thi Hong Van,Inhouse 1,Diem Quynh Advisor,9580000.0,True,True,748513684418824,2026-05-30 00:00:00,8350000.0,GMV+REM,134.0,2026-10-01
2026-10,717063290679556,1,3302948409,Đến hạn,Normal,"1-20, idle<=90",2025-12-05,2025-12-05 19:54:56,3,109,2026-09-28 19:30:00,2.0,Pham Thi Tam Thuy,Inhouse 1,Le Thi Lan Anh,Inhouse 1,Diem Quynh Advisor,18820000.0,True,True,767478830285064,2026-09-16 00:00:00,16520000.0,GMV+REM,284.0,2026-10-01
2026-10,737054861996294,1,3302955406,Đến hạn,Normal,"1-20, idle<=90",2026-03-28,2026-03-28 18:02:58,5,111,2026-09-27 08:30:00,3.0,Pham Thi Tam Thuy,Inhouse 1,Le Thi Lan Anh,Inhouse 1,Ruby Advisor,10080000.0,True,True,769772306469128,2026-09-29 00:00:00,16820000.0,GMV+REM,184.0,2026-10-01
2026-10,717423999029506,1,3302989395,Đến hạn,Normal,"1-20, idle<=90",2025-12-06,2025-12-08 13:07:35,11,117,2026-09-29 18:00:00,1.0,Le Thi Lan Anh,Inhouse 1,Le Thi Lan Anh,Inhouse 1,Ruby Advisor,17820000.0,True,True,769928960086278,2026-09-30 00:00:00,16160000.0,GMV+REM,295.0,2026-10-01
2026-10,718101498392836,1,3302993590,Đến hạn,Normal,"1-20, idle<=90",2025-12-11,2025-12-11 17:55:00,4,57,2026-09-26 22:30:00,4.0,Vu Ho Thanh Huong,Inhouse 2,Vu Ho Thanh Huong,Inhouse 2,Tran Thu Ha,9800000.0,True,True,737395767042310,2026-03-30 00:00:00,8880000.0,GMV+REM,108.0,2026-10-01
2026-10,763067098747142,1,3303003985,Đến hạn,Normal,"1-20, idle<=90",2025-12-14,2026-08-28 11:37:19,18,18,2026-09-27 20:30:00,3.0,Vu Thuy Huong,Offline Team HaNoi,Vu Thuy Huong,Offline Team HaNoi,Vu Thuy Huong,4300000.0,False,False,,,,,,2026-10-01
2026-10,760621204918536,1,3303005456,Đến hạn,Normal,"1-20, idle<=90",2026-08-05,2026-08-10 09:47:57,11,11,2026-09-29 21:00:00,1.0,Hoang Thi Hong Tham,Offline Team HaNoi,Hoang Thi Hong Tham,Offline Team HaNoi,Tran Thu Ha,4500000.0,False,False,,,,,,2026-10-01
2026-10,721481082587392,2,3303043628,Đến hạn,Normal,"1-20, idle<=90",2025-12-30,2025-12-31 15:59:50,8,8,2026-09-27 13:00:00,3.0,Pham Thi Tam Thuy,Inhouse 1,Le Thi Lan Anh,Inhouse 1,Diem Quynh Advisor,8910000.0,False,False,,,,,,2026-10-01
2026-10,740539792302342,1,3303044341,Đến hạn,Frozen,"1-20, idle<=90",2026-04-16,2026-04-20 17:09:37,8,8,2026-07-15 22:00:00,77.0,Bui Thi Thai Duong,Inhouse 1,Bui Thi Thai Duong,Inhouse 1,Ruby Advisor,5240000.0,False,False,,,,,,2026-10-01
2026-10,741091252310278,2,3303061064,Đến hạn,Normal,"1-20, idle<=90",2026-04-19,2026-04-20 16:16:35,13,13,2026-09-26 21:30:00,4.0,Nguyen Thi Hai Yen,Inhouse 2,Nguyen Thi Hai Yen,Inhouse 2,Tran Thu Ha,9200000.0,False,False,,,,,,2026-10-01
2026-10,739160855652610,2,3303080773,Đến hạn,Normal,"1-20, idle<=90",2026-04-09,2026-04-09 19:06:25,10,63,2026-09-27 07:30:00,3.0,Le Thi Tuyet,Inhouse 1,Le Thi Tuyet,Inhouse 1,Diem Quynh Advisor,9080000.0,True,True,766587902079240,2026-09-10 00:00:00,8750000.0,GMV+REM,153.0,2026-10-01
2026-10,760040213526786,1,3303080853,Đến hạn,Normal,"1-20, idle<=90",2026-08-05,2026-08-05 15:31:59,11,11,2026-09-26 18:30:00,4.0,Le Kim Chi,Inhouse 1,Le Kim Chi,Inhouse 1,Dao Thi Hoang Yen,4550000.0,False,False,,,,,,2026-10-01
2026-10,720757270862080,1,3303080998,Đến hạn,Frozen,"1-20, idle<=90",2025-12-26,2025-12-31 20:27:30,2,2,2026-08-08 21:00:00,53.0,Tran Thi Son,Inhouse 1,Tran Thi Son,Inhouse 1,Diem Quynh Advisor,9080000.0,False,False,,,,,,2026-10-01
2026-10,718950169489668,1,3303081025,Đến hạn,Frozen,"1-20, idle<=90",2025-12-15,2025-12-16 11:12:08,2,2,2026-07-06 19:00:00,86.0,Bui Thi Thai Duong,Inhouse 1,Bui Thi Thai Duong,Inhouse 1,Ruby Advisor,10080000.0,False,False,,,,,,2026-10-01
2026-10,745527724407046,2,3303091018,Đến hạn,Normal,"1-20, idle<=90",2026-05-15,2026-05-16 23:26:17,19,19,2026-09-27 22:00:00,3.0,Nguyen Thi Trang,Inhouse 2,Nguyen Thi Trang,Inhouse 2,Tran Thu Ha,8250000.0,False,False,,,,,,2026-10-01
2026-10,742348778508550,2,3303093067,Đến hạn,Normal,"1-20, idle<=90",2026-04-25,2026-04-27 16:57:43,11,11,2026-09-28 20:30:00,2.0,Le Thi Thuy Trang,Inhouse 1,Le Thi Thuy Trang,Inhouse 1,Ms Laura,8380000.0,False,False,,,,,,2026-10-01
2026-10,740721508131074,1,3303094595,Đến hạn,Normal,"1-20, idle<=90",2025-12-30,2026-04-21 18:57:05,16,16,2026-09-27 10:00:00,3.0,Nguyen Kieu Trang,Inhouse 1,Nguyen Kieu Trang,Inhouse 1,Thao Chi Advisor,8878000.0,False,False,,,,,,2026-10-01
2026-10,723085800558848,1,3303140790,Đến hạn,Normal,"1-20, idle<=90",2026-01-08,2026-01-12 16:53:31,9,9,2026-09-28 20:00:00,2.0,Le Kim Chi,Inhouse 1,Le Kim Chi,Inhouse 1,Thao Chi Advisor,9580000.0,False,False,,,,,,2026-10-01
2026-10,717943047747840,1,3303141229,Đến hạn,Normal,"1-20, idle<=90",2025-12-10,2025-12-11 11:31:22,12,118,2026-09-26 16:00:00,4.0,Nguyen Nhu Ngoc,Inhouse 1,Nguyen Nhu Ngoc,Inhouse 1,Diem Quynh Advisor,18820000.0,True,True,742693934289160,2026-04-27 00:00:00,16500000.0,GMV+REM,136.0,2026-10-01
2026-10,750137263442184,2,3303142105,Đến hạn,Normal,"1-20, idle<=90",2026-05-31,2026-06-11 15:40:04,17,17,2026-09-25 21:00:00,5.0,Pham Thi Thao,Inhouse 1,Pham Thi Thao,Inhouse 1,Ellie Advisor,8880000.0,False,False,,,,,,2026-10-01
2026-10,738950657440002,1,3303142694,Đến hạn,Normal,"1-20, idle<=90",2026-04-07,2026-04-08 17:06:25,5,5,2026-09-28 20:00:00,2.0,Kieu Lan Anh,Inhouse 2,Kieu Lan Anh,Inhouse 2,Ms Jenny Advisor,8800000.0,False,False,,,,,,2026-10-01
2026-10,747476961577218,1,3303143877,Đến hạn,Normal,"1-20, idle<=90",2026-05-25,2026-05-26 15:25:54,16,16,2026-09-26 20:30:00,4.0,Vu Thi Khanh Huyen,Inhouse 2,Nguyen Thi Hai Yen,Inhouse 2,Ms Jenny Advisor,9010000.0,False,False,,,,,,2026-10-01
2026-10,758425718063362,3,3303165474,Đến hạn,Normal,"1-20, idle<=90",2026-07-17,2026-08-01 00:28:59,8,8,2026-09-29 19:00:00,1.0,Le Kim Chi,Inhouse 1,Le Kim Chi,Inhouse 1,Diem Quynh Advisor,12900000.0,False,False,,,,,,2026-10-01
2026-10,758984919265538,3,3303165617,Đến hạn,Normal,"1-20, idle<=90",2026-07-30,2026-07-30 20:46:28,20,20,2026-09-29 21:00:00,1.0,Le Thi Lan Anh,Inhouse 1,Le Thi Lan Anh,Inhouse 1,Ms Laura,4290000.0,False,False,,,,,,2026-10-01
2026-10,718076087578880,1,3303216348,Đến hạn,Normal,"1-20, idle<=90",2025-12-11,2025-12-13 15:37:55,11,11,2026-09-28 21:00:00,2.0,Dao Thi Hoang Yen,Ho Chi Minh,Nguyen Minh Phat,Ho Chi Minh,Dao Thi Hoang Yen,16450000.0,False,False,,,,,,2026-10-01
2026-10,719304170160388,1,3303217707,Đến hạn,Normal,"1-20, idle<=90",2025-12-18,2025-12-20 16:22:46,8,8,2026-09-24 23:00:00,6.0,Le Thuy Nhung,Inhouse 1,Le Thuy Nhung,Inhouse 1,Thao Chi Advisor,18820000.0,False,False,,,,,,2026-10-01
2026-10,759882034123016,3,3303239695,Đến hạn,Normal,"1-20, idle<=90",2026-08-04,2026-08-04 18:37:45,14,14,2026-09-29 21:30:00,1.0,Le Thi Lan Anh,Inhouse 1,Le Thi Lan Anh,Inhouse 1,Diem Quynh Advisor,4290000.0,False,False,,,,,,2026-10-01
2026-10,737524771213570,2,3303284282,Đến hạn,Normal,"1-20, idle<=90",2026-03-30,2026-03-31 10:28:01,14,14,2026-09-29 19:00:00,1.0,Le Thi Tuyet,Inhouse 1,Le Thi Tuyet,Inhouse 1,Ruby Advisor,8750000.0,False,False,,,,,,2026-10-01
2026-10,719304565375236,1,3303287439,Đến hạn,Frozen,"1-20, idle<=90",2025-12-17,2025-12-18 09:58:27,1,1,2026-07-30 21:00:00,62.0,Pham Thi Tam Thuy,Inhouse 1,Le Thi Lan Anh,Inhouse 1,Ruby Advisor,5240000.0,True,True,TMP_3303287439_20260731,2026-07-31 00:00:00,8880000.0,GMV,224.0,2026-10-01
2026-10,718950374742274,1,3303300478,Đến hạn,Normal,"1-20, idle<=90",2025-12-15,2025-12-16 21:24:28,3,3,2026-09-05 22:00:00,25.0,Le To Hai My,Inhouse 1,Kieu Thi Thu Quynh,Inhouse 1,Diem Quynh Advisor,8750000.0,False,False,,,,,,2026-10-01
2026-10,734218583478530,2,3303347087,Đến hạn,Normal,"1-20, idle<=90",2026-03-12,2026-03-18 21:00:29,10,10,2026-09-25 21:00:00,5.0,Nguyen Nhat Vy,Inhouse 1,Phan Thi Huong,Inhouse 1,Diem Quynh Advisor,8250000.0,False,False,,,,,,2026-10-01
2026-10,731565565677830,2,3303426371,Đến hạn,Normal,"1-20, idle<=90",2026-02-25,2026-02-25 19:51:13,5,5,2026-09-28 21:30:00,2.0,Nguyen Thi Thao Ngoc,Inhouse 1,Nguyen Thi Thao Ngoc,Inhouse 1,Ruby Advisor,8745000.0,False,False,,,,,,2026-10-01
2026-10,719670836103428,1,3303431966,Đến hạn,Normal,"1-20, idle<=90",2025-12-20,2025-12-20 15:54:49,1,1,2026-09-29 21:00:00,1.0,Le Thuy Nhung,Inhouse 1,Le Thuy Nhung,Inhouse 1,Ms Laura,10080000.0,True,True,TMP_3303431966_20260720,2026-07-20 00:00:00,16520000.0,GMV,211.0,2026-10-01
2026-10,748856007721222,2,3303480188,Đến hạn,Normal,"1-20, idle<=90",2026-06-02,2026-06-05 16:07:09,13,13,2026-09-28 20:00:00,2.0,Kieu Thi Thu Quynh,Inhouse 1,Kieu Thi Thu Quynh,Inhouse 1,Ms Laura,8580000.0,False,False,,,,,,2026-10-01
2026-10,749033277090056,1,3303488588,Đến hạn,Normal,"1-20, idle<=90",2026-05-20,2026-06-04 10:14:29,1,1,2026-09-20 16:30:00,10.0,Nguyen Thuy Trang,Inhouse 1,Nguyen Thuy Trang,Inhouse 1,Thao Chi Advisor,4420000.0,False,False,,,,,,2026-10-01
2026-10,752804206231814,2,3303518029,Đến hạn,Normal,"1-20, idle<=90",2026-06-25,2026-06-27 15:04:17,19,19,2026-09-28 20:00:00,2.0,Le Thi Lan Anh,Inhouse 1,Le Thi Lan Anh,Inhouse 1,Ruby Advisor,8215000.0,False,False,,,,,,2026-10-01
2026-10,719712486473984,1,3303567449,Đến hạn,Frozen,"1-20, idle<=90",2025-12-20,2025-12-20 17:23:33,15,15,2026-07-09 19:00:00,83.0,Nguyen Kieu Trang,Inhouse 1,Nguyen Kieu Trang,Inhouse 1,Diem Quynh Advisor,9080000.0,False,False,,,,,,2026-10-01
2026-10,740767598426376,2,3303662474,Đến hạn,Normal,"1-20, idle<=90",2026-04-18,2026-04-18 17:47:31,20,20,2026-09-28 17:30:00,2.0,Bui Thi Thai Duong,Inhouse 1,Bui Thi Thai Duong,Inhouse 1,Ruby Advisor,8880000.0,False,False,,,,,,2026-10-01
2026-10,720023707855108,1,3303680494,Đến hạn,Normal,"1-20, idle<=90",2025-12-21,2025-12-22 22:43:28,2,108,2026-09-26 21:00:00,4.0,Dao Ngoc Lan Anh,Inhouse 1,Le Thi Tuyet,Inhouse 1,Diem Quynh Advisor,17374500.0,True,True,763559790340354,2026-08-21 00:00:00,16019250.0,GMV+REM,241.0,2026-10-01
2026-10,735053779644680,1,3303747828,Đến hạn,Normal,"1-20, idle<=90",2026-03-13,2026-03-21 10:59:37,3,3,2026-09-27 22:00:00,3.0,Dao Ngoc Lan Anh,Inhouse 1,Le Thi Tuyet,Inhouse 1,Thao Chi Advisor,8745000.0,False,False,,,,,,2026-10-01
2026-10,724488625137920,1,3303750970,Đến hạn,Normal,"1-20, idle<=90",2026-01-16,2026-01-16 18:13:06,12,12,2026-09-27 19:00:00,3.0,Le Thi Thuy Van,Inhouse 2,Le Thi Thuy Van,Inhouse 2,Tran Thu Ha,9280000.0,False,False,,,,,,2026-10-01
2026-10,740734410451206,2,3303753432,Đến hạn,Normal,"1-20, idle<=90",2026-04-18,2026-04-21 21:05:54,16,16,2026-09-25 21:00:00,5.0,Vu Thi Tuyet Trinh,Inhouse 1,Vu Thi Tuyet Trinh,Inhouse 1,Thao Chi Advisor,8000000.0,False,False,,,,,,2026-10-01
2026-10,736290504567042,2,3303789366,Đến hạn,Normal,"1-20, idle<=90",2026-02-28,2026-03-26 18:12:51,1,1,2026-09-28 20:30:00,2.0,To Thi Ha,Inhouse 2,Nguyen Thi Hai Yen,Inhouse 2,Tran Thu Ha,8780000.0,False,False,,,,,,2026-10-01
2026-10,740775328979202,2,3303790675,Đến hạn,Normal,"1-20, idle<=90",2026-04-18,2026-04-21 06:43:59,12,12,2026-09-29 17:30:00,1.0,Le Thuy Nhung,Inhouse 1,Le Thuy Nhung,Inhouse 1,Diem Quynh Advisor,8480000.0,False,False,,,,,,2026-10-01
2026-10,762012961857798,1,3303806341,Đến hạn,Normal,"1-20, idle<=90",2026-08-16,2026-08-17 22:08:36,14,14,2026-09-27 21:30:00,3.0,Cao Thi Lua,Inhouse 1,Cao Thi Lua,Inhouse 1,Cao Thi Lua,5240000.0,False,False,,,,,,2026-10-01
2026-10,758654742829318,3,3303812052,Đến hạn,Normal,"1-20, idle<=90",2026-07-28,2026-07-28 21:41:50,8,8,2026-09-27 21:00:00,3.0,Vu Thi Khanh Huyen,Inhouse 2,Nguyen Thi Hai Yen,Inhouse 2,Tran Thu Ha,12375000.0,False,False,,,,,,2026-10-01
2026-10,732121293871366,1,3303844373,Đến hạn,Normal,"1-20, idle<=90",2026-02-28,2026-03-01 11:15:51,6,6,2026-09-26 20:30:00,4.0,Le Thuy Nhung,Inhouse 1,Le Thuy Nhung,Inhouse 1,Diem Quynh Advisor,8580000.0,False,False,,,,,,2026-10-01
2026-10,744826256656648,2,3303869579,Đến hạn,Normal,"1-20, idle<=90",2026-05-11,2026-05-11 15:40:59,3,109,2026-09-28 21:00:00,2.0,Bui Thi Nga,Inhouse 2,Le Thi Thuy Van,Inhouse 2,Tran Thu Ha,8350000.0,True,True,766568975952134,2026-09-10 00:00:00,16430000.0,GMV+REM,121.0,2026-10-01
2026-10,736823911041286,2,3303924112,Đến hạn,Normal,"1-20, idle<=90",2026-03-27,2026-03-28 09:46:13,10,116,2026-09-29 18:30:00,1.0,Dao Ngoc Lan Anh,Inhouse 1,Bui Thi Hong Van,Inhouse 1,Diem Quynh Advisor,9080000.0,True,True,767087846490376,2026-09-09 00:00:00,16450000.0,GMV+REM,164.0,2026-10-01
2026-10,738127618701576,2,3303924182,Đến hạn,Normal,"1-20, idle<=90",,2026-04-06 17:56:40,3,3,2026-09-26 19:30:00,4.0,Le Thi Tuyet,Inhouse 1,Le Thi Tuyet,Inhouse 1,Diem Quynh Advisor,4360000.0,False,False,,,,,,2026-10-01
2026-10,720987297511680,1,3303925994,Đến hạn,Normal,"1-20, idle<=90",2025-12-27,2025-12-28 12:26:04,4,4,2026-09-27 22:30:00,3.0,To Thi Ha,Inhouse 2,Vu Ho Thanh Huong,Inhouse 2,Tran Thu Ha,8480000.0,False,False,,,,,,2026-10-01
2026-10,725371389063430,1,3303926521,Đến hạn,Normal,"1-20, idle<=90",2025-12-26,2026-01-22 22:12:39,2,2,2026-09-27 21:30:00,3.0,Nguyen Thi Thuy Trang,Inhouse 2,Mai Thi Lien,Inhouse 2,Tran Thu Ha,8745000.0,False,False,,,,,,2026-10-01
2026-10,757241604217094,3,3303943082,Đến hạn,Normal,"1-20, idle<=90",2026-07-20,2026-07-21 14:58:45,6,6,2026-09-28 16:00:00,2.0,Nguyen Minh Phat,Ho Chi Minh,Nguyen Minh Phat,Ho Chi Minh,Dao Thi Hoang Yen,4300000.0,False,False,,,,,,2026-10-01
2026-10,738061652367618,1,3303964524,Đến hạn,Frozen,"1-20, idle<=90",2026-04-02,2026-04-03 15:14:05,4,4,2026-08-30 10:00:00,31.0,Le Thi Tram,Inhouse 2,Le Thi Thuy Van,Inhouse 2,Ms Jenny Advisor,4700000.0,False,False,,,,,,2026-10-01
2026-10,736514233827592,1,3303995628,Đến hạn,Normal,"1-20, idle<=90",2025-12-28,2026-03-31 13:30:24,11,11,2026-09-26 09:00:00,4.0,Le Thi Thuy Van,Inhouse 2,Le Thi Thuy Van,Inhouse 2,Tran Thu Ha,8745000.0,False,False,,,,,,2026-10-01
2026-10,756163169507592,1,3304034205,Đến hạn,Normal,"1-20, idle<=90",2026-07-14,2026-07-14 17:25:51,2,2,2026-09-29 21:30:00,1.0,Vu Thu Thuy,Other,Vu Thu Thuy,Other,Ms Laura,4420000.0,False,False,,,,,,2026-10-01
2026-10,749778009209096,1,3304045628,Đến hạn,Normal,"1-20, idle<=90",2026-06-08,2026-06-09 21:16:09,14,14,2026-09-28 21:00:00,2.0,Nguyen Thuy Trang,Inhouse 1,Nguyen Thuy Trang,Inhouse 1,Dao Thi Hoang Yen,8745000.0,False,False,,,,,,2026-10-01
2026-10,739700844597512,2,3304047456,Đến hạn,Normal,"1-20, idle<=90",2026-03-31,2026-04-14 21:45:39,8,8,2026-09-27 11:00:00,3.0,Bui Lam Linh,Inhouse 1,Tran Thi Son,Inhouse 1,Diem Quynh Advisor,7950000.0,False,False,,,,,,2026-10-01
2026-10,736687656018184,1,3304065957,Đến hạn,Normal,"1-20, idle<=90",2026-03-26,2026-03-26 15:57:56,1,1,2026-09-26 21:00:00,4.0,Luu Thi Hoang Ngan,Inhouse 1,Luu Thi Hoang Ngan,Inhouse 1,Diem Quynh Advisor,10080000.0,False,False,,,,,,2026-10-01
2026-10,752255106691336,1,3304096325,Đến hạn,Normal,"1-20, idle<=90",2026-06-20,2026-06-23 15:30:42,4,30,2026-09-24 18:30:00,6.0,Nguyen Phuong Thuy,Inhouse 1,Nguyen Phuong Thuy,Inhouse 1,Diem Quynh Advisor,5616000.0,True,True,768889012500742,2026-09-23 00:00:00,5040000.0,GMV+REM,91.0,2026-10-01
2026-10,722673470167298,1,3304099144,Đến hạn,Normal,"1-20, idle<=90",2026-01-05,2026-01-06 11:50:42,3,3,2026-09-27 20:30:00,3.0,Nguyen Phuong Thao,Inhouse 2,Mai Thi Lien,Inhouse 2,Tran Thu Ha,8850000.0,False,False,,,,,,2026-10-01
2026-10,764259971606790,3,3304099176,Đến hạn,Normal,"1-20, idle<=90",2026-08-28,2026-09-03 12:59:24,20,20,2026-09-29 21:30:00,1.0,Vu Cam Ly,Inhouse 2,Vu Cam Ly,Inhouse 2,Tran Thu Ha,4290000.0,False,False,,,,,,2026-10-01
2026-10,743594034632966,2,3304139711,Đến hạn,Normal,"1-20, idle<=90",2026-04-30,2026-05-04 18:01:35,11,11,2026-09-28 21:30:00,2.0,Bui Lam Linh,Inhouse 1,Luu Thi Hoang Ngan,Inhouse 1,Ellie Advisor,7950000.0,False,False,,,,,,2026-10-01
2026-10,744806636765442,1,3304152651,Đến hạn,Normal,"1-20, idle<=90",2025-12-31,2026-05-11 21:02:04,19,19,2026-09-26 20:30:00,4.0,Bui Thi Nga,Inhouse 2,Le Thi Thuy Van,Inhouse 2,Tran Thu Ha,8745000.0,False,False,,,,,,2026-10-01
2026-10,741286375827720,1,3304225293,Đến hạn,Normal,"1-20, idle<=90",2026-04-20,2026-04-25 15:57:04,12,12,2026-09-22 21:30:00,8.0,Le Thi Thuy Van,Inhouse 2,Le Thi Thuy Van,Inhouse 2,Ms Jenny Advisor,9043100.0,False,False,,,,,,2026-10-01
2026-10,750139951905032,1,3304225303,Đến hạn,Normal,"1-20, idle<=90",2026-06-10,2026-06-10 16:28:04,13,13,2026-09-23 20:30:00,7.0,Do Thi Tuyet Nhung,Inhouse 1,Do Thi Tuyet Nhung,Inhouse 1,Thao Chi Advisor,4790000.0,False,False,,,,,,2026-10-01
2026-10,745193668768006,1,3304226321,Đến hạn,Normal,"1-20, idle<=90",2026-05-13,2026-05-14 14:56:27,5,5,2026-09-29 21:30:00,1.0,Vu Thi Khanh Huyen,Inhouse 2,Nguyen Thi Hai Yen,Inhouse 2,Ms Jenny Advisor,4550000.0,False,False,,,,,,2026-10-01
2026-10,741491702176008,2,3304344174,Đến hạn,Normal,"1-20, idle<=90",2026-04-22,2026-04-23 19:14:23,10,10,2026-09-26 19:30:00,4.0,Le Thi Lan Anh,Inhouse 1,Le Thi Lan Anh,Inhouse 1,Ellie Advisor,8410000.0,False,False,,,,,,2026-10-01
2026-10,740010613887238,2,3304470441,Đến hạn,Normal,"1-20, idle<=90",2026-04-13,2026-04-14 11:08:55,19,19,2026-09-26 10:00:00,4.0,Vu Thi Tuyet Trinh,Inhouse 1,Vu Thi Tuyet Trinh,Inhouse 1,Diem Quynh Advisor,8215000.0,False,False,,,,,,2026-10-01
2026-10,739187427256582,2,3304625786,Đến hạn,Normal,"1-20, idle<=90",2026-04-09,2026-04-12 10:02:05,9,9,2026-09-27 09:00:00,3.0,Pham Thi Tam Thuy,Inhouse 1,Le Thi Lan Anh,Inhouse 1,Diem Quynh Advisor,8880000.0,False,False,,,,,,2026-10-01
2026-10,744974529607938,2,3304675761,Đến hạn,Normal,"1-20, idle<=90",2026-05-11,2026-05-13 00:11:57,16,16,2026-09-25 20:30:00,5.0,Nguyen Kieu Trang,Inhouse 1,Nguyen Kieu Trang,Inhouse 1,Thao Chi Advisor,8480000.0,False,False,,,,,,2026-10-01
2026-10,726789510820102,1,3304689298,Đến hạn,Normal,"1-20, idle<=90",2026-01-27,2026-01-29 17:29:06,3,3,2026-09-26 22:00:00,4.0,Bui Thi Thai Duong,Inhouse 1,Bui Thi Thai Duong,Inhouse 1,Ellie Advisor,9080000.0,False,False,,,,,,2026-10-01
2026-10,724281164509444,1,3304693972,Đến hạn,Normal,"1-20, idle<=90",2026-01-15,2026-01-19 19:55:11,3,3,2026-09-26 21:00:00,4.0,Le Thi Lan Anh,Inhouse 1,Le Thi Lan Anh,Inhouse 1,Ruby Advisor,9580000.0,False,False,,,,,,2026-10-01
2026-10,737593146417416,2,3304722710,Đến hạn,Normal,"1-20, idle<=90",2026-03-31,2026-03-31 22:01:22,15,15,2026-09-27 21:00:00,3.0,Pham Thi Tam Thuy,Inhouse 1,Le Thi Lan Anh,Inhouse 1,Diem Quynh Advisor,8480000.0,False,False,,,,,,2026-10-01
2026-10,754066471569672,2,3304744392,Đến hạn,Normal,"1-20, idle<=90",2026-07-02,2026-07-07 21:12:09,7,7,2026-09-27 18:30:00,3.0,Ngo Thi Thuy Linh,Offline Team HaNoi,Ngo Thi Thuy Linh,Offline Team HaNoi,Tran Thu Ha,4200000.0,False,False,,,,,,2026-10-01
2026-10,750458066958600,1,3304767527,Đến hạn,Normal,"1-20, idle<=90",2026-06-12,2026-06-13 09:48:30,12,12,2026-09-24 21:30:00,6.0,Le Thi Thuy Trang,Inhouse 1,Le Thi Thuy Trang,Inhouse 1,Thao Chi Advisor,9080000.0,False,False,,,,,,2026-10-01
2026-10,748209556879618,2,3304787460,Đến hạn,Normal,"1-20, idle<=90",2026-05-30,2026-06-04 21:15:55,1,27,2026-09-25 23:00:00,5.0,Nguyen Thi Thao Ngoc,Inhouse 1,Nguyen Thi Thao Ngoc,Inhouse 1,Diem Quynh Advisor,4550000.0,True,True,768544578728198,2026-09-22 00:00:00,4550000.0,GMV+REM,109.0,2026-10-01
2026-10,763736888054018,3,3304790417,Đến hạn,Normal,"1-20, idle<=90",2026-08-02,2026-08-27 14:57:18,16,16,2026-09-29 23:30:00,1.0,Nguyen Thi Thao Ngoc,Inhouse 1,Nguyen Thi Thao Ngoc,Inhouse 1,Diem Quynh Advisor,4550000.0,False,False,,,,,,2026-10-01
2026-10,725153653541124,1,3304813432,Đến hạn,Normal,"1-20, idle<=90",2026-01-19,2026-01-21 22:28:01,3,3,2026-09-26 10:00:00,4.0,Bui Thi Thai Duong,Inhouse 1,Bui Thi Thai Duong,Inhouse 1,Thao Chi Advisor,9080000.0,False,False,,,,,,2026-10-01
2026-10,738600342272262,1,3304823317,Đến hạn,Normal,"1-20, idle<=90",2026-01-19,2026-04-07 21:37:29,10,10,2026-09-29 21:00:00,1.0,Le To Hai My,Inhouse 1,Kieu Thi Thu Quynh,Inhouse 1,Diem Quynh Advisor,9050000.0,False,False,,,,,,2026-10-01
2026-10,738601448478978,1,3304823589,Đến hạn,Normal,"1-20, idle<=90",2026-01-19,2026-04-08 15:44:19,14,14,2026-09-28 21:00:00,2.0,Le To Hai My,Inhouse 1,Kieu Thi Thu Quynh,Inhouse 1,Diem Quynh Advisor,9050000.0,False,False,,,,,,2026-10-01
2026-10,724982160163076,1,3304837990,Đến hạn,Normal,"1-20, idle<=90",2026-01-17,2026-01-19 15:50:20,3,3,2026-09-27 11:00:00,3.0,Ta Thuy Van,Inhouse 1,Ta Thuy Van,Inhouse 1,Ms Laura,9580000.0,False,False,,,,,,2026-10-01
2026-10,737593255584006,2,3304875876,Đến hạn,Normal,"1-20, idle<=90",2026-03-31,2026-03-31 22:31:23,19,19,2026-09-27 19:00:00,3.0,Pham Thi Tam Thuy,Inhouse 1,Le Thi Lan Anh,Inhouse 1,Diem Quynh Advisor,8480000.0,False,False,,,,,,2026-10-01
2026-10,745528882063622,2,3304909879,Đến hạn,Normal,"1-20, idle<=90",2026-04-27,2026-05-15 15:14:10,14,14,2026-09-28 01:30:00,2.0,Le Thi Lan Anh,Inhouse 1,Le Thi Lan Anh,Inhouse 1,Ruby Advisor,8880000.0,False,False,,,,,,2026-10-01
2026-10,739186683152642,2,3304941201,Đến hạn,Normal,"1-20, idle<=90",2026-04-09,2026-04-09 19:25:07,12,12,2026-09-29 19:30:00,1.0,Pham Thi Tam Thuy,Inhouse 1,Le Thi Lan Anh,Inhouse 1,Thao Chi Advisor,8880000.0,False,False,,,,,,2026-10-01
2026-10,737746509902088,1,3305022196,Đến hạn,Normal,"1-20, idle<=90",2026-03-31,2026-04-02 21:46:42,5,5,2026-09-27 21:00:00,3.0,Nguyen Thi Hang Nga,Inhouse 1,Nguyen Thi Hang Nga,Inhouse 1,Ms Jenny Advisor,8800000.0,False,False,,,,,,2026-10-01
2026-10,725853646782728,1,3305066648,Đến hạn,Normal,"1-20, idle<=90",2026-01-23,2026-01-24 17:45:53,5,5,2026-09-28 22:00:00,2.0,Vu Thi Khanh Huyen,Inhouse 2,Nguyen Thi Trang,Inhouse 2,Tran Thu Ha,20160000.0,False,False,,,,,,2026-10-01
2026-10,759655253809410,3,3305087987,Đến hạn,Normal,"1-20, idle<=90",2026-08-02,2026-08-04 16:58:18,10,10,2026-09-29 18:00:00,1.0,Le Thi Thuy Trang,Inhouse 1,Le Thi Thuy Trang,Inhouse 1,Diem Quynh Advisor,4300000.0,False,False,,,,,,2026-10-01
2026-10,732758838280454,1,3305088868,Đến hạn,Normal,"1-20, idle<=90",2026-01-25,2026-03-04 19:01:46,3,3,2026-09-26 21:30:00,4.0,Le Minh Thanh,Ho Chi Minh,Nguyen Nhu Ngoc,Inhouse 1,Dao Thi Hoang Yen,9010000.0,False,False,,,,,,2026-10-01
2026-10,725199971574024,1,3305100044,Đến hạn,Normal,"1-20, idle<=90",2026-01-20,2026-01-22 21:49:11,1,1,2026-09-23 20:30:00,7.0,Tran Thi Anh Tuyet,Offline Team HaNoi,Hoang Thi Hong Tham,Offline Team HaNoi,Tran Thu Ha,9300000.0,False,False,,,,,,2026-10-01
2026-10,725680928526600,1,3305106440,Đến hạn,Normal,"1-20, idle<=90",2026-01-23,2026-01-26 13:48:43,4,57,2026-09-17 22:00:00,13.0,Mai Thi Lien,Inhouse 2,Mai Thi Lien,Inhouse 2,Tran Thu Ha,9080000.0,True,True,764654901268742,2026-08-29 00:00:00,7950000.0,GMV+REM,214.0,2026-10-01
2026-10,736181892266242,1,3305116728,Đến hạn,Normal,"1-20, idle<=90",2026-03-13,2026-03-24 13:32:54,6,6,2026-09-29 21:30:00,1.0,Le Thuy Nhung,Inhouse 1,Le Thuy Nhung,Inhouse 1,Ms Laura,9080000.0,False,False,,,,,,2026-10-01
2026-10,769799706499334,2,3305160325,Đến hạn,Normal,"1-20, idle<=90",2026-09-29,2026-10-01 15:55:20,14,14,2026-09-28 19:00:00,2.0,Nguyen Cam Tu,Inhouse 1,Nguyen Cam Tu,Inhouse 1,Ms Jenny Advisor,15900000.0,False,False,,,,,,2026-10-01
2026-10,742519858080002,2,3305179142,Đến hạn,Normal,"1-20, idle<=90",2026-04-26,2026-04-28 18:40:43,17,17,2026-09-28 21:00:00,2.0,Le Kim Chi,Inhouse 1,Le Kim Chi,Inhouse 1,Ellie Advisor,8950000.0,False,False,,,,,,2026-10-01
2026-10,725153070125316,1,3305186427,Đến hạn,Frozen,"1-20, idle<=90",2026-01-19,2026-01-22 21:09:53,7,7,2026-07-28 22:30:00,64.0,Dang Kim Thuong,Inhouse 1,Dang Kim Thuong,Inhouse 1,Ruby Advisor,10080000.0,False,False,,,,,,2026-10-01
2026-10,741603640684802,2,3305226252,Đến hạn,Normal,"1-20, idle<=90",2026-04-23,2026-04-23 20:10:56,11,64,2026-09-24 21:30:00,6.0,Nguyen Thi Trang,Inhouse 2,Nguyen Thi Trang,Inhouse 2,Tran Thu Ha,8500000.0,True,True,765172248416520,2026-08-31 00:00:00,7950000.0,GMV+REM,129.0,2026-10-01
2026-10,731359899752710,1,3305278159,Đến hạn,Normal,"1-20, idle<=90",2026-01-23,2026-02-25 12:28:30,8,8,2026-09-29 22:00:00,1.0,Luu Thi Hoang Ngan,Inhouse 1,Luu Thi Hoang Ngan,Inhouse 1,Diem Quynh Advisor,10080000.0,False,False,,,,,,2026-10-01
2026-10,753152562536706,2,3305312362,Đến hạn,Normal,"1-20, idle<=90",2026-06-14,2026-06-28 19:52:32,6,6,2026-09-27 22:00:00,3.0,Bui Lam Linh,Inhouse 1,Luu Thi Hoang Ngan,Inhouse 1,Diem Quynh Advisor,7950000.0,False,False,,,,,,2026-10-01
2026-10,726258354768136,1,3305325441,Đến hạn,Normal,"1-20, idle<=90",2026-01-26,2026-01-26 17:24:21,11,11,2026-09-29 22:00:00,1.0,Hoang Thi Hong Tham 1,Inhouse 2,Vu Ho Thanh Huong,Inhouse 2,Tran Thu Ha,9350000.0,False,False,,,,,,2026-10-01
2026-10,738656253600008,1,3305326111,Đến hạn,Normal,"1-20, idle<=90",2026-01-29,2026-04-07 22:14:54,13,13,2026-09-24 20:30:00,6.0,Le Hung Cuong,Inhouse 2,Kieu Lan Anh,Inhouse 2,Tran Thu Ha,9745000.0,False,False,,,,,,2026-10-01
2026-10,726965499193608,1,3305342350,Đến hạn,Normal,"1-20, idle<=90",2026-01-29,2026-01-31 19:17:58,10,10,2026-09-19 21:30:00,11.0,Bui Thi Thai Duong,Inhouse 1,Bui Thi Thai Duong,Inhouse 1,Ms Laura,9580000.0,False,False,,,,,,2026-10-01
2026-10,759668355408134,3,3305375253,Đến hạn,Normal,"1-20, idle<=90",2026-07-31,2026-08-05 11:28:50,14,14,2026-09-29 22:00:00,1.0,Le Thi Lan Anh,Inhouse 1,Le Thi Lan Anh,Inhouse 1,Diem Quynh Advisor,4290000.0,False,False,,,,,,2026-10-01
2026-10,734183955556616,1,3305518565,Đến hạn,Normal,"1-20, idle<=90",2026-03-11,2026-03-13 10:45:06,8,8,2026-09-26 12:00:00,4.0,Nguyen Phuong Thuy,Inhouse 1,Nguyen Phuong Thuy,Inhouse 1,Ms Laura,10080000.0,False,False,,,,,,2026-10-01
2026-10,726479056228614,1,3305520045,Đến hạn,Normal,"1-20, idle<=90",2026-01-27,2026-01-29 20:21:31,5,58,2026-09-27 18:30:00,3.0,Nguyen Duy Thinh,Ho Chi Minh,Le Thi Tuyet,Inhouse 1,Dao Thi Hoang Yen,9000000.0,True,True,759138101573894,2026-07-31 00:00:00,8500000.0,GMV+REM,182.0,2026-10-01
2026-10,732966255171848,1,3305524511,Đến hạn,Normal,"1-20, idle<=90",2026-01-27,2026-03-06 22:16:34,6,6,2026-09-27 21:00:00,3.0,Le Thi Lan Anh,Inhouse 1,Le Thi Lan Anh,Inhouse 1,Thao Chi Advisor,8800000.0,False,False,,,,,,2026-10-01
2026-10,735471197430018,1,3305524652,Đến hạn,Normal,"1-20, idle<=90",2026-01-29,2026-03-19 18:44:38,13,13,2026-09-28 19:00:00,2.0,Tran Thi Son,Inhouse 1,Tran Thi Son,Inhouse 1,Ruby Advisor,9080000.0,False,False,,,,,,2026-10-01
2026-10,741125585047816,2,3305544738,Đến hạn,Normal,"1-20, idle<=90",2026-04-20,2026-04-24 13:38:42,14,14,2026-09-29 21:30:00,1.0,Nguyen Phuong Thuy,Inhouse 1,Nguyen Phuong Thuy,Inhouse 1,Thao Chi Advisor,8900000.0,False,False,,,,,,2026-10-01
2026-10,731867350376710,1,3305566997,Đến hạn,Normal,"1-20, idle<=90",2026-02-26,2026-03-03 16:05:25,2,2,2026-09-28 22:30:00,2.0,Le Hung Cuong,Inhouse 2,Mai Thi Lien,Inhouse 2,Tran Thu Ha,8980000.0,False,False,,,,,,2026-10-01
2026-10,736152041933062,1,3305578828,Đến hạn,Normal,"1-20, idle<=90",,2026-03-24 15:08:21,6,6,2026-09-29 22:00:00,1.0,Tran Thi Son,Inhouse 1,Tran Thi Son,Inhouse 1,Diem Quynh Advisor,9080000.0,True,True,TMP_3305578828_20260930,2026-09-30 00:00:00,7950000.0,GMV,189.0,2026-10-01
2026-10,749398908836098,1,3305585825,Đến hạn,Normal,"1-20, idle<=90",2026-02-04,2026-06-06 21:01:32,17,17,2026-09-28 21:00:00,2.0,Lai Ngoc Thuy Linh,Ho Chi Minh,Lai Ngoc Thuy Linh,Ho Chi Minh,Dao Thi Hoang Yen,8745000.0,False,False,,,,,,2026-10-01
2026-10,726258139691272,1,3305595871,Đến hạn,Normal,"1-20, idle<=90",2026-01-26,2026-01-26 17:21:41,6,6,2026-09-27 20:30:00,3.0,Le Thi Thuy Trang,Inhouse 1,Le Thi Thuy Trang,Inhouse 1,Diem Quynh Advisor,9010000.0,False,False,,,,,,2026-10-01
2026-10,736149964321030,1,3305598222,Đến hạn,Normal,"1-20, idle<=90",2026-01-27,2026-03-23 14:46:37,4,4,2026-09-28 19:30:00,2.0,Dao Ngoc Lan Anh,Inhouse 1,Bui Thi Hong Van,Inhouse 1,Thao Chi Advisor,9440500.0,False,False,,,,,,2026-10-01
2026-10,748218480763138,1,3305601738,Đến hạn,Normal,"1-20, idle<=90",2026-05-30,2026-05-30 20:22:46,17,17,2026-09-29 21:30:00,1.0,Nguyen Phuong Thuy,Inhouse 1,Nguyen Phuong Thuy,Inhouse 1,Thao Chi Advisor,9580000.0,False,False,,,,,,2026-10-01
2026-10,739571521386758,2,3305609164,Đến hạn,Normal,"1-20, idle<=90",2026-04-11,2026-04-13 22:22:27,13,13,2026-09-28 23:00:00,2.0,Tran Thi Son,Inhouse 1,Tran Thi Son,Inhouse 1,Ruby Advisor,8500000.0,False,False,,,,,,2026-10-01
2026-10,745701797261570,2,3305715128,Đến hạn,Normal,"1-20, idle<=90",2026-05-01,2026-05-17 22:10:00,15,15,2026-09-27 21:00:00,3.0,Le Thi Thuy Trang,Inhouse 1,Le Thi Thuy Trang,Inhouse 1,Thao Chi Advisor,8480000.0,False,False,,,,,,2026-10-01
2026-10,728721186394374,1,3305765237,Đến hạn,Normal,"1-20, idle<=90",2026-02-07,2026-02-10 11:26:05,4,4,2026-09-25 21:30:00,5.0,To Thi Ha,Inhouse 2,Nguyen Thi Hai Yen,Inhouse 2,Tran Thu Ha,8910000.0,False,False,,,,,,2026-10-01
2026-10,727094818758914,1,3305781871,Đến hạn,Normal,"1-20, idle<=90",2026-01-30,2026-01-31 16:12:41,6,6,2026-09-28 18:30:00,2.0,Le Thuy Nhung,Inhouse 1,Le Thuy Nhung,Inhouse 1,Thao Chi Advisor,17820000.0,False,False,,,,,,2026-10-01
2026-10,731868478310664,1,3305785772,Đến hạn,Normal,"1-20, idle<=90",2026-02-26,2026-03-02 23:05:37,6,6,2026-09-29 21:30:00,1.0,Le Thuy Nhung,Inhouse 1,Le Thuy Nhung,Inhouse 1,Thao Chi Advisor,8980000.0,False,False,,,,,,2026-10-01
2026-10,738508910266632,1,3305788994,Đến hạn,Normal,"1-20, idle<=90",2026-04-05,2026-04-07 21:50:42,13,13,2026-09-23 21:30:00,7.0,Lai Ngoc Thuy Linh,Ho Chi Minh,Lai Ngoc Thuy Linh,Ho Chi Minh,Dao Thi Hoang Yen,8908000.0,False,False,,,,,,2026-10-01
2026-10,727462110769416,1,3305835960,Đến hạn,Normal,"1-20, idle<=90",2026-01-31,2026-02-02 14:47:56,9,9,2026-09-28 20:00:00,2.0,Nguyen Linh Chi,Inhouse 1,Kieu Thi Thu Quynh,Inhouse 1,Ruby Advisor,9080000.0,False,False,,,,,,2026-10-01
2026-10,728172084041992,1,3305836941,Đến hạn,Normal,"1-20, idle<=90",,2026-02-10 06:28:53,8,114,2026-09-29 23:00:00,1.0,Pham Thi Tam Thuy,Inhouse 1,Le Thi Lan Anh,Inhouse 1,Ms Laura,5240000.0,True,True,768372516262146,2026-09-21 00:00:00,16820000.0,GMV+REM,222.0,2026-10-01
2026-10,727464142944514,1,3305855661,Đến hạn,Normal,"1-20, idle<=90",2026-01-30,2026-02-02 12:44:18,2,2,2026-09-29 22:00:00,1.0,Nguyen Nhu Ngoc,Inhouse 1,Nguyen Nhu Ngoc,Inhouse 1,Thao Chi Advisor,9080000.0,False,False,,,,,,2026-10-01
2026-10,761471575855366,3,3305872090,Đến hạn,Normal,"1-20, idle<=90",2026-07-19,2026-08-18 18:41:09,17,17,2026-09-26 21:30:00,4.0,Le Thi Lan Anh,Inhouse 1,Le Thi Lan Anh,Inhouse 1,Diem Quynh Advisor,4290000.0,False,False,,,,,,2026-10-01
2026-10,736483899543814,1,3305878929,Đến hạn,Normal,"1-20, idle<=90",2026-03-19,2026-03-25 17:04:24,11,11,2026-09-23 22:00:00,7.0,Tran Thi Son,Inhouse 1,Tran Thi Son,Inhouse 1,Diem Quynh Advisor,9580000.0,True,True,TMP_3305878929_20260930,2026-09-30 00:00:00,7950000.0,GMV,188.0,2026-10-01
2026-10,739142535946502,1,3305888947,Đến hạn,Normal,"1-20, idle<=90",2026-04-09,2026-04-10 21:15:28,5,5,2026-09-29 20:00:00,1.0,Le To Hai My,Inhouse 1,Kieu Thi Thu Quynh,Inhouse 1,Ms Jenny Advisor,9050000.0,False,False,,,,,,2026-10-01
2026-10,732406576439560,1,3305898340,Đến hạn,Normal,"1-20, idle<=90",2026-02-11,2026-03-02 14:47:49,17,17,2026-09-26 19:00:00,4.0,Le Thi Lan Anh,Inhouse 1,Le Thi Lan Anh,Inhouse 1,Ellie Advisor,8865500.0,False,False,,,,,,2026-10-01
2026-10,746747363670280,2,3305966350,Đến hạn,Normal,"1-20, idle<=90",2026-05-21,2026-05-23 15:45:51,8,8,2026-09-28 21:00:00,2.0,Do Thi Tuyet Nhung,Inhouse 1,Do Thi Tuyet Nhung,Inhouse 1,Thao Chi Advisor,4338700.0,False,False,,,,,,2026-10-01
2026-10,746944821567752,1,3305966476,Đến hạn,Normal,"1-20, idle<=90",2026-05-23,2026-05-23 17:11:29,8,8,2026-09-29 21:30:00,1.0,Kieu Thi Thu Quynh,Inhouse 1,Kieu Thi Thu Quynh,Inhouse 1,Ms Jenny Advisor,4600000.0,False,False,,,,,,2026-10-01
2026-10,731382516029704,1,3305987470,Đến hạn,Normal,"1-20, idle<=90",2026-02-24,2026-02-25 20:32:34,2,55,2026-09-29 21:00:00,1.0,Le Hung Cuong,Inhouse 2,Kieu Lan Anh,Inhouse 2,Tran Thu Ha,9500000.0,True,True,769617418098946,2026-09-28 00:00:00,8800000.0,GMV+REM,214.0,2026-10-01
2026-10,734207417821446,1,3306006199,Đến hạn,Normal,"1-20, idle<=90",2026-03-12,2026-03-12 17:48:48,5,164,2026-09-15 18:00:00,15.0,Vu Thi Tuyet Trinh,Inhouse 1,Vu Thi Tuyet Trinh,Inhouse 1,Ellie Advisor,18820000.0,True,True,762176884568322,2026-08-17 00:00:00,23850000.0,GMV+REM,157.0,2026-10-01
2026-10,770128618721544,2,3306044233,Đến hạn,Normal,"1-20, idle<=90",,2026-10-01 15:31:53,4,4,2026-09-26 21:00:00,4.0,Le Thi Lan Anh,Inhouse 1,Le Thi Lan Anh,Inhouse 1,Diem Quynh Advisor,23550000.0,False,False,,,,,,2026-10-01
2026-10,753857370265858,1,3306053490,Đến hạn,Normal,"1-20, idle<=90",2026-06-30,2026-07-03 10:32:26,12,12,2026-09-27 22:30:00,3.0,Le To Hai My,Inhouse 1,Bui Thi Thai Duong,Inhouse 1,Thao Chi Advisor,12875000.0,False,False,,,,,,2026-10-01
2026-10,747830804896002,1,3306059801,Đến hạn,Normal,"1-20, idle<=90",2026-05-28,2026-06-02 11:35:38,2,2,2026-09-12 21:00:00,18.0,Nguyen Nhu Ngoc,Inhouse 1,Nguyen Nhu Ngoc,Inhouse 1,Ms Laura,4800000.0,False,False,,,,,,2026-10-01
2026-10,748693225752834,1,3306074301,Đến hạn,Normal,"1-20, idle<=90",2026-05-28,2026-06-02 12:09:19,2,2,2026-09-08 21:00:00,22.0,Nguyen Nhu Ngoc,Inhouse 1,Nguyen Nhu Ngoc,Inhouse 1,Ms Laura,4800000.0,False,False,,,,,,2026-10-01
2026-10,743193275502854,2,3306175836,Đến hạn,Normal,"1-20, idle<=90",2026-04-30,2026-05-06 19:22:41,16,16,2026-09-28 17:30:00,2.0,Pham Thi Tam Thuy,Inhouse 1,Le Thi Lan Anh,Inhouse 1,Ruby Advisor,8250000.0,False,False,,,,,,2026-10-01
2026-10,732120858202374,1,3306188212,Đến hạn,Normal,"1-20, idle<=90",2026-02-07,2026-02-28 21:06:23,3,3,2026-09-27 12:00:00,3.0,Nguyen Nhu Ngoc,Inhouse 1,Nguyen Nhu Ngoc,Inhouse 1,Ruby Advisor,9080000.0,False,False,,,,,,2026-10-01
2026-10,736336143317250,2,3306198958,Đến hạn,Normal,"1-20, idle<=90",2026-03-24,2026-03-24 16:02:04,10,63,2026-09-28 18:00:00,2.0,Tran Thi Thaoo,Inhouse 1,Bui Thi Thai Duong,Inhouse 1,Ruby Advisor,8215000.0,True,True,769084674470150,2026-09-25 00:00:00,8215000.0,GMV+REM,184.0,2026-10-01
2026-10,758118577668360,1,3306226071,Đến hạn,Normal,"1-20, idle<=90",2026-07-25,2026-07-28 20:56:49,8,8,2026-09-29 21:30:00,1.0,Ta Thi Thu Phuong,Inhouse 2,Nguyen Thi Trang,Inhouse 2,Ms Jenny Advisor,4650000.0,False,False,,,,,,2026-10-01
2026-10,735273596657922,1,3306255641,Đến hạn,Normal,"1-20, idle<=90",2026-03-18,2026-03-23 23:04:11,7,7,2026-09-29 21:30:00,1.0,Vu Thuy Huong,Offline Team HaNoi,Vu Thuy Huong,Offline Team HaNoi,Tran Thu Ha,9275000.0,False,False,,,,,,2026-10-01
2026-10,733120134740230,1,3306269459,Đến hạn,Normal,"1-20, idle<=90",2026-03-06,2026-03-06 12:30:14,7,7,2026-09-28 21:00:00,2.0,Nguyen Phuong Thuy,Inhouse 1,Nguyen Phuong Thuy,Inhouse 1,Diem Quynh Advisor,9080000.0,False,False,,,,,,2026-10-01
2026-10,735311478294786,1,3306287567,Đến hạn,Normal,"1-20, idle<=90",2026-03-18,2026-03-19 16:21:18,7,113,2026-09-29 21:30:00,1.0,Dao Ngoc Lan Anh,Inhouse 1,Bui Thi Hong Van,Inhouse 1,Diem Quynh Advisor,9580000.0,True,True,759877086599426,2026-06-30 00:00:00,16038750.0,GMV+REM,102.0,2026-10-01
2026-10,731765456359688,1,3306363073,Đến hạn,Normal,"1-20, idle<=90",2026-02-09,2026-02-27 21:04:55,13,66,2026-09-27 21:00:00,3.0,Nguyen Duy Thinh,Ho Chi Minh,Tran Quoc Dung,Other,Dao Thi Hoang Yen,9000000.0,True,True,763945259610374,2026-08-26 00:00:00,8500000.0,GMV+REM,179.0,2026-10-01
2026-10,750456077512962,1,3306363083,Đến hạn,Normal,"1-20, idle<=90",2026-06-10,2026-06-14 11:56:15,17,17,2026-09-16 21:30:00,14.0,Nguyen Thi Trang,Inhouse 2,Nguyen Thi Trang,Inhouse 2,Tran Thu Ha,8753500.0,False,False,,,,,,2026-10-01
2026-10,728862898368774,1,3306386378,Đến hạn,Normal,"1-20, idle<=90",2026-02-10,2026-02-12 21:41:16,19,19,2026-09-19 20:00:00,11.0,Dang Kim Thuong,Inhouse 1,Dang Kim Thuong,Inhouse 1,Thao Chi Advisor,18820000.0,False,False,,,,,,2026-10-01
2026-10,749781247488262,1,3306411235,Đến hạn,Normal,"1-20, idle<=90",2026-06-08,2026-06-08 17:42:29,20,20,2026-09-28 21:30:00,2.0,Kieu Lan Anh,Inhouse 2,Kieu Lan Anh,Inhouse 2,Ms Jenny Advisor,8890000.0,False,False,,,,,,2026-10-01
2026-10,728861141231880,1,3306469569,Đến hạn,Normal,"1-20, idle<=90",2026-02-09,2026-02-10 15:07:27,5,55,2026-09-26 02:30:00,4.0,Tran Thi Son,Inhouse 1,Tran Thi Son,Inhouse 1,Diem Quynh Advisor,24250000.0,True,True,766565607489794,2026-09-11 00:00:00,24800000.0,GMV+REM,212.0,2026-10-01
2026-10,733694063360262,1,3306479652,Đến hạn,Normal,"1-20, idle<=90",2026-02-07,2026-03-09 21:55:17,1,1,2026-09-24 21:00:00,6.0,Luu Thi Hoang Ngan,Inhouse 1,Luu Thi Hoang Ngan,Inhouse 1,Diem Quynh Advisor,8480000.0,False,False,,,,,,2026-10-01
2026-10,752271233702146,2,3306540272,Đến hạn,Normal,"1-20, idle<=90",2026-06-22,2026-06-22 19:43:23,3,3,2026-09-27 10:00:00,3.0,Nguyen Kieu Trang,Inhouse 1,Nguyen Kieu Trang,Inhouse 1,Ruby Advisor,4420000.0,False,False,,,,,,2026-10-01
2026-10,729618072873218,1,3306594043,Đến hạn,Normal,"1-20, idle<=90",2026-02-13,2026-02-14 17:18:54,15,15,2026-09-28 19:30:00,2.0,Dang Kim Thuong,Inhouse 1,Dang Kim Thuong,Inhouse 1,Thao Chi Advisor,18820000.0,False,False,,,,,,2026-10-01
2026-10,732051021771014,1,3306628579,Đến hạn,Normal,"1-20, idle<=90",2026-02-27,2026-03-02 13:44:06,4,4,2026-09-28 21:00:00,2.0,Bui Lam Linh,Inhouse 1,Luu Thi Hoang Ngan,Inhouse 1,Thao Chi Advisor,9080000.0,False,False,,,,,,2026-10-01
2026-10,754930339672322,1,3306645460,Đến hạn,Normal,"1-20, idle<=90",2026-07-07,2026-07-07 19:08:38,2,2,2026-09-27 20:00:00,3.0,Ta Thi Thu Phuong,Inhouse 2,Vu Ho Thanh Huong,Inhouse 2,Tran Thu Ha,4925000.0,False,False,,,,,,2026-10-01
2026-10,742534087141638,1,3306706328,Đến hạn,Normal,"1-20, idle<=90",2026-04-27,2026-04-28 22:24:02,10,10,2026-09-29 17:30:00,1.0,Nguyen Nhu Ngoc,Inhouse 1,Nguyen Nhu Ngoc,Inhouse 1,Ruby Advisor,8745000.0,True,True,TMP_3306706328_20260929,2026-09-29 00:00:00,8250000.0,GMV,153.0,2026-10-01
2026-10,732404632975618,2,3306757053,Đến hạn,Normal,"1-20, idle<=90",2026-02-27,2026-03-03 20:02:44,15,121,2026-09-26 18:30:00,4.0,Nguyen Thuy Trang,Inhouse 1,Nguyen Thuy Trang,Inhouse 1,Ruby Advisor,4510000.0,True,True,769572281315586,2026-09-26 00:00:00,16430000.0,GMV+REM,206.0,2026-10-01
2026-10,730112344697090,1,3306790434,Đến hạn,Normal,"1-20, idle<=90",2026-02-18,2026-02-17 19:50:53,2,108,2026-09-25 23:30:00,5.0,Pham Thi Tam Thuy,Inhouse 1,Le Thi Lan Anh,Inhouse 1,Ms Laura,10080000.0,True,True,759668904165634,2026-02-18 00:00:00,10080000.0,GMV+REM,0.0,2026-10-01
2026-10,755976188649730,1,3306800079,Đến hạn,Normal,"1-20, idle<=90",2026-07-13,2026-07-14 19:55:30,6,112,2026-09-27 10:00:00,3.0,Le Thuy Nhung,Inhouse 1,Le Thuy Nhung,Inhouse 1,Ms Laura,5040000.0,True,True,769778369491206,2026-09-26 00:00:00,16820000.0,GMV+REM,73.0,2026-10-01
2026-10,769932066840834,2,3306875831,Đến hạn,Normal,"1-20, idle<=90",2026-08-31,2026-10-01 10:15:17,5,5,2026-09-27 09:00:00,3.0,Le Thuy Nhung,Inhouse 1,Le Thuy Nhung,Inhouse 1,Diem Quynh Advisor,15900000.0,False,False,,,,,,2026-10-01
2026-10,731160020975878,1,3306941045,Đến hạn,Normal,"1-20, idle<=90",2026-02-22,2026-02-23 16:14:19,10,10,2026-09-26 17:00:00,4.0,Kieu Thi Thu Quynh,Inhouse 1,Kieu Thi Thu Quynh,Inhouse 1,Diem Quynh Advisor,18820000.0,False,False,,,,,,2026-10-01
2026-10,743739842922754,2,3307038209,Đến hạn,Normal,"1-20, idle<=90",2026-04-30,2026-05-05 20:48:03,2,28,2026-09-17 21:00:00,13.0,To Thi Ha,Inhouse 2,Vu Ho Thanh Huong,Inhouse 2,Tran Thu Ha,4160000.0,True,True,767651188461832,2026-09-17 00:00:00,4290000.0,GMV+REM,134.0,2026-10-01
2026-10,732412082503942,1,3307039718,Đến hạn,Normal,"1-20, idle<=90",2026-02-28,2026-03-02 16:58:43,2,2,2026-09-29 21:00:00,1.0,Nguyen Thuy Trang,Inhouse 1,Nguyen Thuy Trang,Inhouse 1,Diem Quynh Advisor,9380000.0,False,False,,,,,,2026-10-01
2026-10,731382138102022,1,3307072945,Đến hạn,Normal,"1-20, idle<=90",2026-02-24,2026-02-24 17:06:25,7,113,2026-09-28 22:00:00,2.0,Le Thi Thuy Trang,Inhouse 1,Le Thi Thuy Trang,Inhouse 1,Diem Quynh Advisor,18820000.0,True,True,764656159351046,2026-08-30 00:00:00,16450000.0,GMV+REM,186.0,2026-10-01
2026-10,733831603276034,1,3307109035,Đến hạn,Normal,"1-20, idle<=90",2026-02-28,2026-03-11 18:30:09,3,3,2026-09-14 11:00:00,16.0,Nguyen Nhu Ngoc,Inhouse 1,Nguyen Nhu Ngoc,Inhouse 1,Ruby Advisor,9580000.0,False,False,,,,,,2026-10-01
2026-10,740601441442054,1,3307113959,Đến hạn,Normal,"1-20, idle<=90",2026-04-17,2026-04-19 12:53:41,7,7,2026-09-29 21:30:00,1.0,Le Thi Thuy Van,Inhouse 2,Le Thi Thuy Van,Inhouse 2,Ms Jenny Advisor,8745000.0,False,False,,,,,,2026-10-01
2026-10,731904965624070,1,3307116824,Đến hạn,Normal,"1-20, idle<=90",2026-02-27,2026-02-27 18:47:59,3,3,2026-09-28 23:00:00,2.0,Vu Thi Tuyet Trinh,Inhouse 1,Vu Thi Tuyet Trinh,Inhouse 1,Ms Laura,9580000.0,False,False,,,,,,2026-10-01
2026-10,732580791642376,1,3307126008,Đến hạn,Frozen,"1-20, idle<=90",2026-03-02,2026-03-03 13:22:38,7,7,2026-08-06 20:30:00,55.0,Do Thi Tuyet Nhung,Inhouse 1,Do Thi Tuyet Nhung,Inhouse 1,Diem Quynh Advisor,9080000.0,False,False,,,,,,2026-10-01
2026-10,731934062817544,1,3307128547,Đến hạn,Normal,"1-20, idle<=90",2026-02-27,2026-02-27 18:58:52,4,4,2026-09-28 23:00:00,2.0,Vu Thi Tuyet Trinh,Inhouse 1,Vu Thi Tuyet Trinh,Inhouse 1,Ms Laura,9580000.0,False,False,,,,,,2026-10-01
2026-10,732790373693702,1,3307131022,Đến hạn,Normal,"1-20, idle<=90",2026-03-04,2026-03-04 18:58:21,2,2,2026-09-24 21:30:00,6.0,Ho Thi Thanh,Inhouse 1,Ho Thi Thanh,Inhouse 1,Ellie Advisor,8750000.0,False,False,,,,,,2026-10-01
2026-10,731867701483782,1,3307154749,Đến hạn,Normal,"1-20, idle<=90",,2026-02-27 13:04:14,8,61,2026-09-26 16:00:00,4.0,Kieu Thi Thu Quynh,Inhouse 1,Kieu Thi Thu Quynh,Inhouse 1,Ellie Advisor,9080000.0,True,True,768324940464386,2026-09-20 00:00:00,8480000.0,GMV+REM,204.0,2026-10-01
2026-10,738061256659202,1,3307169316,Đến hạn,Normal,"1-20, idle<=90",2026-04-02,2026-04-03 10:55:22,5,58,2026-09-28 22:00:00,2.0,Nguyen Thao Anh,Inhouse 1,Nguyen Thao Anh,Inhouse 1,Diem Quynh Advisor,8680000.0,True,True,764328937421062,2026-08-29 00:00:00,8350000.0,GMV+REM,147.0,2026-10-01
2026-10,743592945291522,2,3307171530,Đến hạn,Normal,"1-20, idle<=90",2026-04-29,2026-05-05 12:20:28,20,20,2026-09-28 15:00:00,2.0,Le Thi Tuyet,Inhouse 1,Le Thi Tuyet,Inhouse 1,Diem Quynh Advisor,8750000.0,False,False,,,,,,2026-10-01
2026-10,732615918778626,1,3307200803,Đến hạn,Normal,"1-20, idle<=90",2026-03-02,2026-03-03 16:14:19,13,13,2026-09-25 20:30:00,5.0,Nguyen Thi Lan,Offline Team HaNoi,Nguyen Thi Lan,Offline Team HaNoi,Tran Thu Ha,10520000.0,False,False,,,,,,2026-10-01
2026-10,735272089594114,1,3307214807,Đến hạn,Normal,"1-20, idle<=90",2026-03-18,2026-03-18 18:16:46,4,4,2026-09-29 21:30:00,1.0,Le Thuy Nhung,Inhouse 1,Le Thuy Nhung,Inhouse 1,Diem Quynh Advisor,9080000.0,False,False,,,,,,2026-10-01
2026-10,735962459146498,1,3307237949,Đến hạn,Normal,"1-20, idle<=90",2026-03-18,2026-03-23 15:16:49,13,119,2026-09-28 17:30:00,2.0,Dang Kim Thuong,Inhouse 1,Dang Kim Thuong,Inhouse 1,Diem Quynh Advisor,9980000.0,True,True,763985048897798,2026-08-27 00:00:00,16630000.0,GMV+REM,156.0,2026-10-01
2026-10,732104561873160,1,3307240175,Đến hạn,Normal,"1-20, idle<=90",2026-02-28,2026-03-01 08:15:10,5,58,2026-09-29 21:30:00,1.0,Nguyen Thi Hai Yen,Inhouse 2,Nguyen Thi Hai Yen,Inhouse 2,Tran Thu Ha,9410000.0,True,True,764129967161602,2026-08-28 00:00:00,7950000.0,GMV+REM,179.0,2026-10-01
2026-10,762728611950854,3,3307280243,Đến hạn,Normal,"1-20, idle<=90",2026-08-20,2026-08-20 21:05:25,15,15,2026-09-29 21:00:00,1.0,Le Thi Thuy Van,Inhouse 2,Le Thi Thuy Van,Inhouse 2,Tran Thu Ha,12375000.0,False,False,,,,,,2026-10-01
2026-10,732483719061762,1,3307287823,Đến hạn,Normal,"1-20, idle<=90",2026-03-02,2026-03-03 13:40:49,2,2,2026-09-25 20:00:00,5.0,Nguyen Kieu Trang,Inhouse 1,Nguyen Kieu Trang,Inhouse 1,Thao Chi Advisor,9380000.0,False,False,,,,,,2026-10-01
2026-10,734882846218502,1,3307314378,Đến hạn,Normal,"1-20, idle<=90",2026-03-02,2026-03-16 12:10:50,2,2,2026-09-29 22:00:00,1.0,Pham Thi Tam Thuy,Inhouse 1,Le Thi Lan Anh,Inhouse 1,Diem Quynh Advisor,8800000.0,False,False,,,,,,2026-10-01
2026-10,732933037306114,1,3307345268,Đến hạn,Normal,"1-20, idle<=90",2026-03-04,2026-03-05 15:37:32,7,113,2026-09-29 22:00:00,1.0,Pham Thi Thao,Inhouse 1,Pham Thi Thao,Inhouse 1,Ms Laura,9080000.0,True,True,758988263244040,2026-07-30 00:00:00,16430000.0,GMV+REM,146.0,2026-10-01
2026-10,746797502048518,1,3307389514,Đến hạn,Normal,"1-20, idle<=90",2026-05-22,2026-05-23 13:50:54,1,54,2026-09-29 21:30:00,1.0,Vu Ho Thanh Huong,Inhouse 2,Vu Ho Thanh Huong,Inhouse 2,Ms Jenny Advisor,4450000.0,True,True,764344025899272,2026-08-29 00:00:00,7950000.0,GMV+REM,97.0,2026-10-01
2026-10,757567728374024,1,3307395489,Đến hạn,Normal,"1-20, idle<=90",2026-07-21,2026-07-23 13:29:29,5,5,2026-09-27 16:00:00,3.0,Hoang Thi Hong Tham,Offline Team HaNoi,Hoang Thi Hong Tham,Offline Team HaNoi,Tran Thu Ha,8677600.0,False,False,,,,,,2026-10-01
2026-10,734178074732802,1,3307402203,Đến hạn,Normal,"1-20, idle<=90",2026-03-11,2026-03-12 11:53:35,15,15,2026-09-29 21:00:00,1.0,Nguyen Thi Hang Nga,Inhouse 1,Nguyen Thi Hang Nga,Inhouse 1,Diem Quynh Advisor,9580000.0,False,False,,,,,,2026-10-01
2026-10,734178685481222,1,3307403644,Đến hạn,Normal,"1-20, idle<=90",2026-03-12,2026-03-12 11:26:31,2,2,2026-09-29 21:30:00,1.0,Nguyen Kieu Trang,Inhouse 1,Nguyen Kieu Trang,Inhouse 1,Ms Laura,9580000.0,False,False,,,,,,2026-10-01
2026-10,742698618757378,2,3307422443,Đến hạn,Normal,"1-20, idle<=90",2026-04-28,2026-05-05 18:59:22,1,1,2026-09-23 20:30:00,7.0,Kieu Lan Anh,Inhouse 2,Kieu Lan Anh,Inhouse 2,Tran Thu Ha,4160000.0,False,False,,,,,,2026-10-01
2026-10,737359726022920,1,3307447967,Đến hạn,Normal,"1-20, idle<=90",2026-03-27,2026-04-02 15:54:57,12,12,2026-09-27 21:00:00,3.0,Le Thi Lan Anh,Inhouse 1,Le Thi Lan Anh,Inhouse 1,Ms Laura,9580000.0,False,False,,,,,,2026-10-01
2026-10,737725651503362,1,3307448513,Đến hạn,Normal,"1-20, idle<=90",2026-03-06,2026-04-01 12:42:25,7,7,2026-09-28 21:30:00,2.0,Hoang Thi Hong Tham,Offline Team HaNoi,Hoang Thi Hong Tham,Offline Team HaNoi,Tran Thu Ha,10200000.0,False,False,,,,,,2026-10-01
2026-10,740209264836866,1,3307462976,Đến hạn,Normal,"1-20, idle<=90",2026-04-15,2026-04-15 13:23:31,9,9,2026-09-21 20:00:00,9.0,Nguyen Thuy Trang,Inhouse 1,Nguyen Thuy Trang,Inhouse 1,Diem Quynh Advisor,9410000.0,False,False,,,,,,2026-10-01
2026-10,733644317552902,1,3307464577,Đến hạn,Normal,"1-20, idle<=90",2026-03-09,2026-03-09 11:00:23,1,1,2026-09-27 21:30:00,3.0,Pham Thi Tam Thuy,Inhouse 1,Le Thi Lan Anh,Inhouse 1,Ms Laura,10080000.0,False,False,,,,,,2026-10-01
2026-10,733025962021126,1,3307486283,Đến hạn,Normal,"1-20, idle<=90",2026-03-05,2026-03-06 18:38:42,3,3,2026-09-28 18:30:00,2.0,Nguyen Thuy Trang,Inhouse 1,Nguyen Thuy Trang,Inhouse 1,Ruby Advisor,8750000.0,False,False,,,,,,2026-10-01
2026-10,765845579749640,1,3307496357,Đến hạn,Normal,"1-20, idle<=90",2026-09-05,2026-09-07 10:38:43,18,18,2026-09-28 20:00:00,2.0,Trinh Thi Hoa,Other,Trinh Thi Hoa,Other,Trinh Thi Hoa,4550000.0,False,False,,,,,,2026-10-01
2026-10,733996475533574,1,3307496676,Đến hạn,Normal,"1-20, idle<=90",2026-03-11,2026-03-11 16:51:15,1,1,2026-09-29 21:00:00,1.0,Nguyen Thi Trang,Inhouse 2,Nguyen Thi Trang,Inhouse 2,Tran Thu Ha,8850000.0,False,False,,,,,,2026-10-01
2026-10,733872856310018,1,3307534016,Đến hạn,Normal,"1-20, idle<=90",2026-03-10,2026-03-10 21:05:57,7,7,2026-09-25 18:30:00,5.0,Nguyen Thi Thao Ngoc,Inhouse 1,Nguyen Thi Thao Ngoc,Inhouse 1,Diem Quynh Advisor,10080000.0,False,False,,,,,,2026-10-01
2026-10,767124315449602,1,3307535174,Đến hạn,Normal,"1-20, idle<=90",2026-09-14,2026-09-15 13:38:58,20,70,2026-09-20 17:00:00,10.0,Le Thi Lan Anh,Inhouse 1,Le Thi Lan Anh,Inhouse 1,Ms Laura,9580000.0,True,True,769770577086728,2026-09-28 00:00:00,25800000.0,GMV+REM,12.0,2026-10-01
2026-10,753893855680776,1,3307542974,Đến hạn,Normal,"1-20, idle<=90",2026-07-01,2026-07-02 12:33:48,19,19,2026-09-29 20:00:00,1.0,Kieu Lan Anh,Inhouse 2,Kieu Lan Anh,Inhouse 2,Tran Thu Ha,8500000.0,False,False,,,,,,2026-10-01
2026-10,734073346281734,1,3307546206,Đến hạn,Normal,"1-20, idle<=90",2026-03-11,2026-03-16 10:15:22,16,16,2026-09-28 21:00:00,2.0,To Thi Ha,Inhouse 2,Vu Cam Ly,Inhouse 2,Tran Thu Ha,9580000.0,False,False,,,,,,2026-10-01
2026-10,733993041889538,1,3307547281,Đến hạn,Normal,"1-20, idle<=90",2026-03-10,2026-03-11 10:24:33,6,6,2026-09-29 22:00:00,1.0,Dao Ngoc Lan Anh,Inhouse 1,Bui Thi Hong Van,Inhouse 1,Thao Chi Advisor,10080000.0,False,False,,,,,,2026-10-01
2026-10,733126068386054,1,3307551479,Đến hạn,Normal,"1-20, idle<=90",2026-03-06,2026-03-06 14:22:42,13,13,2026-09-28 21:00:00,2.0,Nguyen Phuong Thuy,Inhouse 1,Nguyen Phuong Thuy,Inhouse 1,Diem Quynh Advisor,9080000.0,False,False,,,,,,2026-10-01
2026-10,733317292577032,1,3307574232,Đến hạn,Normal,"1-20, idle<=90",2026-03-06,2026-03-10 14:14:17,5,58,2026-09-27 20:00:00,3.0,Le Thi Thuy Van,Inhouse 2,Le Thi Thuy Van,Inhouse 2,Tran Thu Ha,10080000.0,True,True,747680594065670,2026-05-27 00:00:00,8800000.0,GMV+REM,77.0,2026-10-01
2026-10,735409204371718,1,3307610742,Đến hạn,Normal,"1-20, idle<=90",2026-03-18,2026-03-19 10:48:03,3,3,2026-09-28 19:00:00,2.0,Vu Cam Ly,Inhouse 2,Vu Ho Thanh Huong,Inhouse 2,Ms Jenny Advisor,9080000.0,True,True,TMP_3307610742_20260930,2026-09-30 00:00:00,8215000.0,GMV,194.0,2026-10-01
2026-10,733161066031362,1,3307613022,Đến hạn,Normal,"1-20, idle<=90",2026-03-06,2026-03-06 17:45:54,11,11,2026-09-20 09:00:00,10.0,Le Thuy Nhung,Inhouse 1,Le Thuy Nhung,Inhouse 1,Thao Chi Advisor,9080000.0,False,False,,,,,,2026-10-01
2026-10,733642239056136,1,3307614840,Đến hạn,Normal,"1-20, idle<=90",2026-03-06,2026-03-10 12:57:25,3,56,2026-09-24 19:00:00,6.0,Le Thi Lan Anh,Inhouse 1,Le Thi Lan Anh,Inhouse 1,Diem Quynh Advisor,9380000.0,True,True,751573142362370,2026-05-31 00:00:00,8480000.0,GMV+REM,81.0,2026-10-01
2026-10,733995480029446,1,3307628769,Đến hạn,Normal,"1-20, idle<=90",2026-03-11,2026-03-11 16:52:30,3,56,2026-09-27 20:30:00,3.0,Nguyen Thi Trang,Inhouse 2,Nguyen Thi Trang,Inhouse 2,Tran Thu Ha,9850000.0,True,True,763917209110790,2026-08-26 00:00:00,8500000.0,GMV+REM,167.0,2026-10-01
2026-10,739537465555206,1,3307631938,Đến hạn,Normal,"1-20, idle<=90",2026-03-30,2026-04-11 18:22:15,6,6,2026-09-29 21:00:00,1.0,Nguyen Nhu Ngoc,Inhouse 1,Nguyen Nhu Ngoc,Inhouse 1,Thao Chi Advisor,9080000.0,True,True,TMP_3307631938_20260930,2026-09-30 00:00:00,8280000.0,GMV,171.0,2026-10-01
2026-10,735287255546118,1,3307642962,Đến hạn,Normal,"1-20, idle<=90",2026-03-06,2026-03-18 18:02:04,10,10,2026-09-29 21:30:00,1.0,Le Hung Cuong,Inhouse 2,Nguyen Thi Trang,Inhouse 2,Tran Thu Ha,9010000.0,False,False,,,,,,2026-10-01
2026-10,734385871524098,1,3307693536,Đến hạn,Normal,"1-20, idle<=90",2026-03-13,2026-03-13 17:08:28,7,33,2026-09-29 21:30:00,1.0,Le Kim Chi,Inhouse 1,Le Kim Chi,Inhouse 1,Thao Chi Advisor,9275000.0,True,True,734398622372102,2026-03-15 16:19:11,4740000.0,REM,1.0,2026-10-01
2026-10,754512215857410,2,3307703078,Đến hạn,Normal,"1-20, idle<=90",2026-05-31,2026-07-05 09:16:50,2,2,2026-09-29 20:00:00,1.0,Bui Lam Linh,Inhouse 1,Luu Thi Hoang Ngan,Inhouse 1,Thao Chi Advisor,4940000.0,True,True,TMP_3307703078_20260930,2026-09-30 00:00:00,8750000.0,GMV,86.0,2026-10-01
2026-10,744300666589442,1,3307729617,Đến hạn,Normal,"1-20, idle<=90",2026-05-08,2026-05-08 16:55:13,6,59,2026-09-29 20:00:00,1.0,Vu Thi Khanh Huyen,Inhouse 2,Nguyen Thi Trang,Inhouse 2,Tran Thu Ha,10080000.0,True,True,763204589572360,2026-08-23 00:00:00,8500000.0,GMV+REM,106.0,2026-10-01
2026-10,734073197652230,1,3307763734,Đến hạn,Normal,"1-20, idle<=90",2026-03-11,2026-03-12 17:00:41,13,119,2026-09-29 23:00:00,1.0,Dao Ngoc Lan Anh,Inhouse 1,Bui Thi Hong Van,Inhouse 1,Diem Quynh Advisor,10080000.0,True,True,766053333831938,2026-05-31 00:00:00,8250000.0,GMV+REM,79.0,2026-10-01
2026-10,736310519550216,1,3307767997,Đến hạn,Normal,"1-20, idle<=90",2026-03-23,2026-03-24 18:32:42,12,12,2026-09-29 20:00:00,1.0,Vu Thi Khanh Huyen,Inhouse 2,Vu Ho Thanh Huong,Inhouse 2,Tran Thu Ha,9012900.0,False,False,,,,,,2026-10-01
2026-10,735131765451014,1,3307772791,Đến hạn,Normal,"1-20, idle<=90",2026-03-17,2026-03-18 12:56:30,5,5,2026-09-27 22:30:00,3.0,Bui Lam Linh,Inhouse 1,Luu Thi Hoang Ngan,Inhouse 1,Thao Chi Advisor,9480000.0,False,False,,,,,,2026-10-01
2026-10,734029415221506,1,3307781944,Đến hạn,Normal,"1-20, idle<=90",2026-03-11,2026-03-11 17:58:52,6,59,2026-09-26 08:00:00,4.0,Bui Thi Thai Duong,Inhouse 1,Bui Thi Thai Duong,Inhouse 1,Ellie Advisor,9580000.0,True,True,769597421572354,2026-09-28 00:00:00,8580000.0,GMV+REM,200.0,2026-10-01
2026-10,734208557263112,1,3307820525,Đến hạn,Normal,"1-20, idle<=90",2026-03-12,2026-03-12 18:50:06,2,2,2026-09-29 20:00:00,1.0,Le Thi Thuy Trang,Inhouse 1,Le Thi Thuy Trang,Inhouse 1,Ellie Advisor,10080000.0,False,False,,,,,,2026-10-01
2026-10,765845218670856,1,3307820544,Đến hạn,Normal,"1-20, idle<=90",2026-08-25,2026-09-07 20:12:24,18,18,2026-09-28 21:00:00,2.0,Pham Thi Thao,Inhouse 1,Pham Thi Thao,Inhouse 1,Pham Thi Thao,4550000.0,False,False,,,,,,2026-10-01
2026-10,734895235977474,1,3307831234,Đến hạn,Normal,"1-20, idle<=90",2026-03-13,2026-03-18 12:00:53,3,109,2026-09-29 21:30:00,1.0,Nguyen Nhu Ngoc,Inhouse 1,Nguyen Nhu Ngoc,Inhouse 1,Diem Quynh Advisor,10080000.0,True,True,765358278254850,2026-08-26 00:00:00,16820000.0,GMV+REM,160.0,2026-10-01
2026-10,734347388506374,1,3307834921,Đến hạn,Normal,"1-20, idle<=90",2026-03-13,2026-03-13 10:22:13,1,1,2026-09-28 20:00:00,2.0,Le To Hai My,Inhouse 1,Kieu Thi Thu Quynh,Inhouse 1,Ellie Advisor,9380000.0,True,True,TMP_3307834921_20260930,2026-09-30 00:00:00,8580000.0,GMV,200.0,2026-10-01
2026-10,734071062939910,1,3307835988,Đến hạn,Normal,"1-20, idle<=90",2026-03-11,2026-03-12 18:00:38,6,112,2026-09-24 18:30:00,6.0,Dao Ngoc Lan Anh,Inhouse 1,Bui Thi Hong Van,Inhouse 1,Thao Chi Advisor,10080000.0,True,True,753849602552072,2026-06-30 00:00:00,16450000.0,GMV+REM,109.0,2026-10-01
2026-10,734785982601480,1,3307837265,Đến hạn,Normal,"1-20, idle<=90",2026-03-12,2026-03-16 12:48:00,4,4,2026-09-27 11:30:00,3.0,Nguyen Phuong Thao,Inhouse 2,Vu Cam Ly,Inhouse 2,Tran Thu Ha,9275000.0,False,False,,,,,,2026-10-01
2026-10,759176237517064,2,3307839789,Đến hạn,Normal,"1-20, idle<=90",2026-07-31,2026-08-01 00:22:29,9,9,2026-09-27 11:30:00,3.0,Do Thi Tuyet Nhung,Inhouse 1,Do Thi Tuyet Nhung,Inhouse 1,Do Thi Tuyet Nhung,4440000.0,False,False,,,,,,2026-10-01
2026-10,735267749517574,1,3307956239,Đến hạn,Normal,"1-20, idle<=90",2026-03-17,2026-03-18 15:50:54,10,10,2026-09-27 14:00:00,3.0,Bui Lam Linh,Inhouse 1,Luu Thi Hoang Ngan,Inhouse 1,Thao Chi Advisor,9280000.0,False,False,,,,,,2026-10-01
2026-10,736513520070920,1,3308466343,Đến hạn,Normal,"1-20, idle<=90",2026-03-25,2026-03-25 18:07:58,10,10,2026-09-28 17:00:00,2.0,Pham Thi Thao,Inhouse 1,Pham Thi Thao,Inhouse 1,Diem Quynh Advisor,9300000.0,False,False,,,,,,2026-10-01
2026-10,734940659761416,1,3308497919,Đến hạn,Normal,"1-20, idle<=90",2026-03-16,2026-03-16 18:49:09,2,2,2026-09-29 20:30:00,1.0,Le Thi Thuy Trang,Inhouse 1,Le Thi Thuy Trang,Inhouse 1,Diem Quynh Advisor,9080000.0,False,False,,,,,,2026-10-01
2026-10,734541168904450,1,3308512196,Đến hạn,Normal,"1-20, idle<=90",2026-03-13,2026-03-16 15:17:03,6,6,2026-09-29 22:00:00,1.0,Le Thi Lan Anh,Inhouse 1,Le Thi Lan Anh,Inhouse 1,Diem Quynh Advisor,9500000.0,False,False,,,,,,2026-10-01
2026-10,737977725976840,1,3308515323,Đến hạn,Normal,"1-20, idle<=90",2026-04-02,2026-04-03 19:11:58,16,16,2026-09-29 21:00:00,1.0,Nguyen Minh Phat,Ho Chi Minh,Nguyen Minh Phat,Ho Chi Minh,Dao Thi Hoang Yen,9280000.0,False,False,,,,,,2026-10-01
2026-10,734941220038918,1,3308577629,Đến hạn,Normal,"1-20, idle<=90",2026-03-16,2026-03-16 19:31:15,2,55,2026-09-23 21:30:00,7.0,Vu Cam Ly,Inhouse 2,Vu Cam Ly,Inhouse 2,Tran Thu Ha,9050000.0,True,True,763932618133768,2026-08-27 00:00:00,7950000.0,GMV+REM,163.0,2026-10-01
2026-10,739354980272390,1,3308587065,Đến hạn,Normal,"1-20, idle<=90",2026-04-10,2026-04-11 11:56:57,3,3,2026-09-28 17:00:00,2.0,Pham Thi Thao,Inhouse 1,Pham Thi Thao,Inhouse 1,Diem Quynh Advisor,10080000.0,False,False,,,,,,2026-10-01
2026-10,734906500380936,1,3308594662,Đến hạn,Normal,"1-20, idle<=90",2026-03-14,2026-03-18 19:25:56,8,8,2026-09-22 21:00:00,8.0,Nguyen Thi Hang Nga,Inhouse 1,Nguyen Thi Hang Nga,Inhouse 1,Diem Quynh Advisor,9580000.0,False,False,,,,,,2026-10-01
2026-10,734362113915138,1,3308613841,Đến hạn,Normal,"1-20, idle<=90",2026-03-12,2026-03-15 21:01:25,7,7,2026-09-27 12:00:00,3.0,Nguyen Phuong Thao,Inhouse 2,Vu Cam Ly,Inhouse 2,Tran Thu Ha,9275000.0,False,False,,,,,,2026-10-01
2026-10,734878992920838,1,3308614312,Đến hạn,Normal,"1-20, idle<=90",2026-03-15,2026-03-16 18:34:24,4,4,2026-09-28 21:00:00,2.0,Nguyen Thi Thuy Trang,Inhouse 2,Mai Thi Lien,Inhouse 2,Tran Thu Ha,9275000.0,True,True,TMP_3308614312_20260829,2026-08-29 00:00:00,7950000.0,GMV,165.0,2026-10-01
2026-10,735591917605126,1,3308641822,Đến hạn,Normal,"1-20, idle<=90",2026-03-20,2026-03-20 11:13:59,2,2,2026-09-27 21:30:00,3.0,Le To Hai My,Inhouse 1,Nguyen Cam Tu,Inhouse 1,Diem Quynh Advisor,9080000.0,False,False,,,,,,2026-10-01
2026-10,734613336897800,1,3308644532,Đến hạn,Normal,"1-20, idle<=90",2026-03-14,2026-03-14 22:35:52,6,6,2026-09-27 10:00:00,3.0,Do Thi Tuyet Nhung,Inhouse 1,Le Kim Chi,Inhouse 1,Ruby Advisor,9580000.0,False,False,,,,,,2026-10-01
2026-10,735593940338946,1,3308653535,Đến hạn,Normal,"1-20, idle<=90",2026-03-20,2026-03-20 11:34:58,4,4,2026-09-28 20:30:00,2.0,Le To Hai My,Inhouse 1,Bui Thi Thai Duong,Inhouse 1,Diem Quynh Advisor,9080000.0,False,False,,,,,,2026-10-01
2026-10,752443751377154,2,3308658986,Đến hạn,Normal,"1-20, idle<=90",2026-06-23,2026-06-29 19:49:52,1,1,2026-09-28 21:00:00,2.0,Tran Thi Son,Inhouse 1,Tran Thi Son,Inhouse 1,Ms Laura,4290000.0,False,False,,,,,,2026-10-01
2026-10,734878708029704,1,3308660560,Đến hạn,Normal,"1-20, idle<=90",2026-03-15,2026-03-20 11:09:24,5,5,2026-09-28 21:00:00,2.0,Nguyen Thi Thuy Trang,Inhouse 2,Mai Thi Lien,Inhouse 2,Tran Thu Ha,9275000.0,False,False,,,,,,2026-10-01
2026-10,743777848127752,1,3308686614,Đến hạn,Normal,"1-20, idle<=90",2026-05-05,2026-05-11 18:21:00,13,13,2026-09-27 20:30:00,3.0,Luu Thi Hoang Ngan,Inhouse 1,Luu Thi Hoang Ngan,Inhouse 1,Ms Jenny Advisor,8745000.0,False,False,,,,,,2026-10-01
2026-10,736657327556872,1,3308700085,Đến hạn,Normal,"1-20, idle<=90",2026-03-26,2026-03-27 18:42:23,1,107,2026-09-29 18:00:00,1.0,Le Thi Tuyet,Inhouse 1,Le Thi Tuyet,Inhouse 1,Ruby Advisor,10080000.0,True,True,763912142197000,2026-08-26 00:00:00,16750000.0,GMV+REM,151.0,2026-10-01
2026-10,736642547206406,1,3308700243,Đến hạn,Normal,"1-20, idle<=90",2026-03-25,2026-03-27 11:24:18,3,3,2026-09-27 19:30:00,3.0,Do Thi Tuyet Nhung,Inhouse 1,Nguyen Thuy Trang,Inhouse 1,Thao Chi Advisor,9410000.0,False,False,,,,,,2026-10-01
2026-10,735286382213382,1,3308702204,Đến hạn,Normal,"1-20, idle<=90",2026-03-17,2026-03-18 17:45:55,2,2,2026-09-29 21:00:00,1.0,Nguyen Nhu Ngoc,Inhouse 1,Nguyen Nhu Ngoc,Inhouse 1,Thao Chi Advisor,9048000.0,False,False,,,,,,2026-10-01
2026-10,736000417222914,1,3308703595,Đến hạn,Normal,"1-20, idle<=90",2026-03-22,2026-03-23 15:34:38,9,9,2026-09-27 11:30:00,3.0,Pham Thi Tam Thuy,Inhouse 1,Le Thi Lan Anh,Inhouse 1,Diem Quynh Advisor,10080000.0,False,False,,,,,,2026-10-01
2026-10,735647774257416,1,3308707419,Đến hạn,Normal,"1-20, idle<=90",2026-03-20,2026-03-21 16:47:51,1,1,2026-09-29 21:00:00,1.0,Le Hung Cuong,Inhouse 2,Vu Ho Thanh Huong,Inhouse 2,Tran Thu Ha,10080000.0,False,False,,,,,,2026-10-01
2026-10,734939993979138,1,3308713066,Đến hạn,Normal,"1-20, idle<=90",2026-03-16,2026-03-16 20:47:13,10,10,2026-09-26 21:00:00,4.0,Do Thi Tuyet Nhung,Inhouse 1,Le Kim Chi,Inhouse 1,Ruby Advisor,9580000.0,False,False,,,,,,2026-10-01
2026-10,739180904073480,1,3308717837,Đến hạn,Normal,"1-20, idle<=90",2026-03-22,2026-04-10 19:01:29,6,59,2026-09-26 19:30:00,4.0,Tran Thi Anh Tuyet,Offline Team HaNoi,Tran Thi Anh Tuyet,Offline Team HaNoi,Tran Thu Ha,10010000.0,True,True,739536568197378,2026-04-11 20:21:57,8600000.0,REM,1.0,2026-10-01
2026-10,748539143536904,1,3308769860,Đến hạn,Normal,"1-20, idle<=90",2026-06-01,2026-06-01 15:39:16,20,73,2026-09-27 19:00:00,3.0,Le Thi Tuyet,Inhouse 1,Le Thi Tuyet,Inhouse 1,Ellie Advisor,9580000.0,True,True,769062405230854,2026-09-25 00:00:00,8750000.0,GMV+REM,115.0,2026-10-01
2026-10,735818790283522,1,3308805751,Đến hạn,Normal,"1-20, idle<=90",2026-03-21,2026-03-21 21:59:16,2,55,2026-09-27 10:00:00,3.0,Vu Ho Thanh Huong,Inhouse 2,Vu Ho Thanh Huong,Inhouse 2,Tran Thu Ha,9850000.0,True,True,759671041696002,2026-07-31 00:00:00,8600000.0,GMV+REM,131.0,2026-10-01
2026-10,736120433473800,1,3308811476,Đến hạn,Normal,"1-20, idle<=90",2026-03-19,2026-03-23 12:38:07,7,7,2026-09-26 15:30:00,4.0,Nguyen Thi Trang,Inhouse 2,Nguyen Thi Trang,Inhouse 2,Tran Thu Ha,9850000.0,True,True,TMP_3308811476_20260831,2026-08-31 00:00:00,8250000.0,GMV,160.0,2026-10-01
2026-10,737954177134850,1,3308811872,Đến hạn,Normal,"1-20, idle<=90",2026-03-30,2026-04-08 18:38:25,10,10,2026-09-29 21:30:00,1.0,Luu Thi Hoang Ngan,Inhouse 1,Luu Thi Hoang Ngan,Inhouse 1,Thao Chi Advisor,9340500.0,False,False,,,,,,2026-10-01
2026-10,737371889309954,1,3308814750,Đến hạn,Normal,"1-20, idle<=90",2026-03-30,2026-03-30 12:54:21,16,16,2026-09-29 21:00:00,1.0,Le Thuy Nhung,Inhouse 1,Le Thuy Nhung,Inhouse 1,Ms Jenny Advisor,9075000.0,False,False,,,,,,2026-10-01
2026-10,736031041104134,1,3308815783,Đến hạn,Normal,"1-20, idle<=90",2026-03-20,2026-03-23 09:00:44,4,57,2026-09-29 21:00:00,1.0,Vu Thi Khanh Huyen,Inhouse 2,Nguyen Thi Trang,Inhouse 2,Tran Thu Ha,9580000.0,True,True,767986935714056,2026-05-29 00:00:00,8600000.0,GMV+REM,66.0,2026-10-01
2026-10,737746292283656,1,3308816445,Đến hạn,Normal,"1-20, idle<=90",2026-03-31,2026-04-01 16:02:17,4,110,2026-09-25 17:30:00,5.0,Nguyen Thi Hang Nga,Inhouse 1,Nguyen Thi Hang Nga,Inhouse 1,Ms Jenny Advisor,9200000.0,True,True,762345582541064,2026-07-31 00:00:00,16430000.0,GMV+REM,120.0,2026-10-01
2026-10,736736178565382,1,3308868749,Đến hạn,Normal,"1-20, idle<=90",2026-03-26,2026-03-29 07:03:44,5,5,2026-09-27 08:00:00,3.0,Bui Thi Hong Van,Inhouse 1,Bui Thi Hong Van,Inhouse 1,Ruby Advisor,10080000.0,True,True,TMP_3308868749_20260731,2026-07-31 00:00:00,8880000.0,GMV,123.0,2026-10-01
2026-10,735423983599878,1,3308871072,Đến hạn,Normal,"1-20, idle<=90",,2026-03-19 17:27:01,2,55,2026-09-28 21:00:00,2.0,Nguyen Thi Hang Nga,Inhouse 1,Nguyen Thi Hang Nga,Inhouse 1,Ms Jenny Advisor,10080000.0,True,True,763918897758470,2026-08-27 00:00:00,9080000.0,GMV+REM,160.0,2026-10-01
2026-10,735424244769032,1,3308876070,Đến hạn,Normal,"1-20, idle<=90",2026-03-19,2026-03-19 16:30:06,3,56,2026-09-28 21:00:00,2.0,Nguyen Thi Hang Nga,Inhouse 1,Nguyen Thi Hang Nga,Inhouse 1,Ms Jenny Advisor,10080000.0,True,True,763919102128386,2026-08-27 00:00:00,9080000.0,GMV+REM,160.0,2026-10-01
2026-10,737731019761922,1,3308876387,Đến hạn,Normal,"1-20, idle<=90",2026-03-31,2026-04-02 20:11:47,4,4,2026-09-28 21:30:00,2.0,To Thi Ha,Inhouse 2,Le Thi Thuy Van,Inhouse 2,Tran Thu Ha,10080000.0,False,False,,,,,,2026-10-01
2026-10,737590741104898,1,3308876841,Đến hạn,Normal,"1-20, idle<=90",2026-03-27,2026-04-02 19:30:56,7,7,2026-09-25 11:00:00,5.0,Dang Kim Thuong,Inhouse 1,Dang Kim Thuong,Inhouse 1,Ms Jenny Advisor,9580000.0,False,False,,,,,,2026-10-01
2026-10,740187474342146,1,3308890094,Đến hạn,Normal,"1-20, idle<=90",2026-04-14,2026-04-16 11:23:55,14,14,2026-09-29 21:00:00,1.0,To Thi Ha,Inhouse 2,Nguyen Thi Thu Huyen,Inhouse 2,Ms Jenny Advisor,9010000.0,False,False,,,,,,2026-10-01
2026-10,735111045947650,1,3308894032,Đến hạn,Frozen,"1-20, idle<=90",2026-03-17,2026-03-18 16:53:54,13,13,2026-09-18 19:30:00,12.0,Le Kim Chi,Inhouse 1,Le Kim Chi,Inhouse 1,Diem Quynh Advisor,9580000.0,False,False,,,,,,2026-10-01
2026-10,735482322178310,1,3308901862,Đến hạn,Normal,"1-20, idle<=90",2026-03-19,2026-03-20 14:57:09,16,16,2026-09-28 23:30:00,2.0,Pham Thi Tam Thuy,Inhouse 1,Le Thi Lan Anh,Inhouse 1,Diem Quynh Advisor,10080000.0,False,False,,,,,,2026-10-01
2026-10,735291540924680,1,3308914460,Đến hạn,Normal,"1-20, idle<=90",2026-03-18,2026-03-19 14:57:59,9,9,2026-09-29 21:00:00,1.0,Dang Kim Thuong,Inhouse 1,Dang Kim Thuong,Inhouse 1,Thao Chi Advisor,17500000.0,False,False,,,,,,2026-10-01
2026-10,753514354161926,2,3308922344,Đến hạn,Normal,"1-20, idle<=90",2026-06-29,2026-07-04 16:52:30,6,6,2026-09-29 20:30:00,1.0,Vu Cam Ly,Inhouse 2,Vu Cam Ly,Inhouse 2,Tran Thu Ha,4290000.0,False,False,,,,,,2026-10-01
2026-10,740255650992392,1,3308922451,Đến hạn,Normal,"1-20, idle<=90",2026-04-15,2026-04-15 19:49:17,2,2,2026-09-29 18:30:00,1.0,Le Kim Chi,Inhouse 1,Le Kim Chi,Inhouse 1,Ms Jenny Advisor,10080000.0,False,False,,,,,,2026-10-01
2026-10,746045692283144,2,3308930342,Đến hạn,Normal,"1-20, idle<=90",2026-05-16,2026-05-18 21:30:48,11,11,2026-09-28 21:00:00,2.0,Cao Thi Lua,Inhouse 1,Cao Thi Lua,Inhouse 1,Ms Laura,8755500.0,False,False,,,,,,2026-10-01
2026-10,735623736135944,1,3308934185,Đến hạn,Normal,"1-20, idle<=90",2026-03-20,2026-03-21 11:13:55,6,6,2026-09-29 20:00:00,1.0,Nguyen Thi Hang Nga,Inhouse 1,Nguyen Thi Hang Nga,Inhouse 1,Ms Laura,10080000.0,True,True,TMP_3308934185_20260930,2026-09-30 00:00:00,16620000.0,GMV,192.0,2026-10-01
2026-10,736182098198792,1,3308935173,Đến hạn,Frozen,"1-20, idle<=90",2026-03-20,2026-03-24 15:06:32,8,8,2026-09-13 21:00:00,17.0,Nguyen Linh Chi,Inhouse 1,Ho Thi Thanh,Inhouse 1,Diem Quynh Advisor,9280000.0,False,False,,,,,,2026-10-01
2026-10,753521741957382,1,3308941021,Đến hạn,Normal,"1-20, idle<=90",2026-05-08,2026-06-30 19:04:50,2,2,2026-09-27 20:00:00,3.0,Vu Thi Tuyet Trinh,Inhouse 1,Vu Thi Tuyet Trinh,Inhouse 1,Ms Jenny Advisor,4520400.0,False,False,,,,,,2026-10-01
2026-10,739140336398600,1,3308944833,Đến hạn,Normal,"1-20, idle<=90",2026-03-31,2026-04-11 03:43:17,7,113,2026-09-27 02:00:00,3.0,Le Thi Tuyet,Inhouse 1,Le Thi Tuyet,Inhouse 1,Ms Laura,9580000.0,True,True,766604296212744,2026-08-30 00:00:00,16430000.0,GMV+REM,140.0,2026-10-01
2026-10,735649391857928,1,3308950038,Đến hạn,Normal,"1-20, idle<=90",2026-03-20,2026-03-20 21:19:42,7,7,2026-09-29 22:00:00,1.0,Ho Thi Thanh,Inhouse 1,Ho Thi Thanh,Inhouse 1,Ms Laura,25250000.0,False,False,,,,,,2026-10-01
2026-10,736167222409480,1,3308955599,Đến hạn,Normal,"1-20, idle<=90",2026-03-23,2026-03-23 19:18:58,11,11,2026-09-28 17:30:00,2.0,Nguyen Thuy Trang,Inhouse 1,Nguyen Thuy Trang,Inhouse 1,Diem Quynh Advisor,9280000.0,False,False,,,,,,2026-10-01
2026-10,746621703504130,1,3308967220,Đến hạn,Normal,"1-20, idle<=90",2026-05-21,2026-05-24 12:11:58,1,1,2026-09-29 18:30:00,1.0,Vu Thi Tuyet Trinh,Inhouse 1,Vu Thi Tuyet Trinh,Inhouse 1,Ruby Advisor,9580000.0,False,False,,,,,,2026-10-01
2026-10,736736918436102,1,3308970971,Đến hạn,Normal,"1-20, idle<=90",2026-03-26,2026-04-01 09:25:34,6,59,2026-09-26 09:30:00,4.0,Nguyen Thi Trang,Inhouse 2,Nguyen Thi Trang,Inhouse 2,Tran Thu Ha,9010000.0,True,True,766258290729218,2026-08-31 00:00:00,8250000.0,GMV+REM,151.0,2026-10-01
2026-10,756660928534786,1,3308971023,Đến hạn,Normal,"1-20, idle<=90",2026-07-17,2026-07-17 15:50:35,4,4,2026-09-28 22:00:00,2.0,Vu Thi Khanh Huyen,Inhouse 2,Nguyen Thi Trang,Inhouse 2,Ms Jenny Advisor,4420000.0,False,False,,,,,,2026-10-01
2026-10,753822458044674,1,3308983157,Đến hạn,Normal,"1-20, idle<=90",2026-05-08,2026-07-03 13:32:40,1,1,2026-09-27 19:30:00,3.0,Vu Thi Tuyet Trinh,Inhouse 1,Vu Thi Tuyet Trinh,Inhouse 1,Ms Jenny Advisor,4680000.0,False,False,,,,,,2026-10-01
2026-10,735824652144904,1,3309008819,Đến hạn,Normal,"1-20, idle<=90",2026-03-21,2026-03-25 18:54:39,2,2,2026-09-29 19:30:00,1.0,Le Thi Thuy Van,Inhouse 2,Le Thi Thuy Van,Inhouse 2,Tran Thu Ha,10680000.0,False,False,,,,,,2026-10-01
2026-10,758096309164294,1,3309021854,Đến hạn,Normal,"1-20, idle<=90",2026-07-25,2026-07-25 15:36:54,6,6,2026-09-26 11:00:00,4.0,Nguyen Nhu Ngoc,Inhouse 1,Nguyen Nhu Ngoc,Inhouse 1,Ellie Advisor,4550000.0,False,False,,,,,,2026-10-01
2026-10,751561073154310,2,3309025116,Đến hạn,Normal,"1-20, idle<=90",2026-06-18,2026-06-18 17:17:07,4,30,2026-09-26 17:30:00,4.0,Nguyen Thuy Trang,Inhouse 1,Nguyen Thuy Trang,Inhouse 1,Thao Chi Advisor,4540000.0,True,True,768518379141378,2026-09-22 00:00:00,4540000.0,GMV+REM,95.0,2026-10-01
2026-10,751368859451654,2,3309025936,Đến hạn,Normal,"1-20, idle<=90",2026-06-17,2026-06-17 19:30:45,17,17,2026-09-29 21:00:00,1.0,Vu Cam Ly,Inhouse 2,Vu Cam Ly,Inhouse 2,Tran Thu Ha,8415000.0,False,False,,,,,,2026-10-01
2026-10,736126658468102,1,3309036743,Đến hạn,Normal,"1-20, idle<=90",2026-03-20,2026-03-24 13:15:02,7,60,2026-09-29 20:30:00,1.0,Vu Thi Khanh Huyen,Inhouse 2,Nguyen Thi Trang,Inhouse 2,Tran Thu Ha,9580000.0,True,True,748198708017416,2026-05-29 00:00:00,8600000.0,GMV+REM,65.0,2026-10-01
2026-10,738601843699976,1,3309044418,Đến hạn,Normal,"1-20, idle<=90",2026-03-25,2026-04-07 21:29:08,12,12,2026-09-29 21:30:00,1.0,Nguyen Thi Hang Nga,Inhouse 1,Nguyen Thi Hang Nga,Inhouse 1,Ms Laura,9340500.0,False,False,,,,,,2026-10-01
2026-10,736336323819778,1,3309047442,Đến hạn,Normal,"1-20, idle<=90",2026-03-21,2026-03-24 19:08:15,2,2,2026-09-28 18:00:00,2.0,To Thi Ha,Inhouse 2,Vu Ho Thanh Huong,Inhouse 2,Tran Thu Ha,9580000.0,False,False,,,,,,2026-10-01
2026-10,746037826451720,2,3309054460,Đến hạn,Normal,"1-20, idle<=90",2026-05-16,2026-05-18 20:07:48,5,5,2026-09-28 21:30:00,2.0,Ta Thi Thu Phuong,Inhouse 2,Vu Cam Ly,Inhouse 2,Tran Thu Ha,4550000.0,False,False,,,,,,2026-10-01
2026-10,736181725282568,1,3309064549,Đến hạn,Normal,"1-20, idle<=90",2026-03-23,2026-03-23 19:41:00,1,54,2026-09-28 19:30:00,2.0,Kieu Thi Thu Quynh,Inhouse 1,Kieu Thi Thu Quynh,Inhouse 1,Diem Quynh Advisor,9410000.0,True,True,739187144110344,2026-04-09 00:00:00,9410000.0,GMV+REM,16.0,2026-10-01
2026-10,736335992070408,1,3309076007,Đến hạn,Frozen,"1-20, idle<=90",2026-03-24,2026-03-26 18:33:19,14,14,2026-09-07 21:30:00,23.0,Le Thuy Nhung,Inhouse 1,Le Thuy Nhung,Inhouse 1,Ruby Advisor,10080000.0,False,False,,,,,,2026-10-01
2026-10,736134540929282,1,3309082960,Đến hạn,Normal,"1-20, idle<=90",2026-03-23,2026-03-23 14:53:05,5,5,2026-09-29 22:00:00,1.0,Nguyen Phuong Thao,Inhouse 2,Kieu Lan Anh,Inhouse 2,Tran Thu Ha,8745000.0,False,False,,,,,,2026-10-01
2026-10,736285029445896,1,3309083892,Đến hạn,Normal,"1-20, idle<=90",2026-03-24,2026-03-24 12:37:53,3,56,2026-09-23 11:30:00,7.0,Le Thi Thuy Trang,Inhouse 1,Le Thi Thuy Trang,Inhouse 1,Thao Chi Advisor,10080000.0,True,True,764654209954050,2026-08-31 00:00:00,9080000.0,GMV+REM,159.0,2026-10-01
2026-10,739699921412354,1,3309084885,Đến hạn,Normal,"1-20, idle<=90",2026-04-12,2026-04-12 17:01:50,7,7,2026-09-24 21:30:00,6.0,Pham Long Vu,Inhouse 2,Nguyen Thi Trang,Inhouse 2,Ms Jenny Advisor,9850000.0,False,False,,,,,,2026-10-01
2026-10,736351765555458,1,3309087587,Đến hạn,Normal,"1-20, idle<=90",2026-03-24,2026-03-27 20:31:54,12,12,2026-09-24 22:00:00,6.0,Le Kim Chi,Inhouse 1,Le Kim Chi,Inhouse 1,Diem Quynh Advisor,10080000.0,False,False,,,,,,2026-10-01
2026-10,736472555858184,1,3309089011,Đến hạn,Normal,"1-20, idle<=90",2026-03-24,2026-03-25 17:25:44,16,16,2026-09-04 20:00:00,26.0,Dang Kim Thuong,Inhouse 1,Dang Kim Thuong,Inhouse 1,Diem Quynh Advisor,26300000.0,False,False,,,,,,2026-10-01
2026-10,740952348147974,1,3309089688,Đến hạn,Normal,"1-20, idle<=90",2026-03-20,2026-04-20 22:29:27,7,7,2026-09-29 21:00:00,1.0,Le Minh Thanh,Ho Chi Minh,Nguyen Thi Ninh,Other,Dao Thi Hoang Yen,8215000.0,False,False,,,,,,2026-10-01
2026-10,736201506763014,1,3309098653,Đến hạn,Normal,"1-20, idle<=90",2026-03-23,2026-03-23 21:45:13,13,13,2026-09-28 21:30:00,2.0,Nguyen Phuong Thuy,Inhouse 1,Nguyen Phuong Thuy,Inhouse 1,Diem Quynh Advisor,17820000.0,True,True,TMP_3309098653_20260828,2026-08-28 00:00:00,16520000.0,GMV,157.0,2026-10-01
2026-10,737076706949378,1,3309112230,Đến hạn,Normal,"1-20, idle<=90",2026-03-25,2026-03-28 20:53:25,5,111,2026-09-26 14:30:00,4.0,Kieu Lan Anh,Inhouse 2,Kieu Lan Anh,Inhouse 2,Tran Thu Ha,9280000.0,True,True,753184633604360,2026-06-27 00:00:00,16550000.0,GMV+REM,90.0,2026-10-01
2026-10,736883563575560,1,3309143391,Đến hạn,Normal,"1-20, idle<=90",2026-03-27,2026-03-30 20:28:54,4,4,2026-09-28 21:30:00,2.0,Tran Thi Son,Inhouse 1,Tran Thi Son,Inhouse 1,Thao Chi Advisor,9080000.0,False,False,,,,,,2026-10-01
2026-10,737886825117960,1,3309146195,Đến hạn,Normal,"1-20, idle<=90",2026-03-31,2026-04-03 11:33:16,5,5,2026-09-25 20:00:00,5.0,To Thi Ha,Inhouse 2,Mai Thi Lien,Inhouse 2,Ms Jenny Advisor,9583200.0,False,False,,,,,,2026-10-01
2026-10,736708520388870,1,3309155161,Đến hạn,Normal,"1-20, idle<=90",2026-03-25,2026-04-02 06:33:57,8,61,2026-09-27 21:30:00,3.0,Le Thi Thuy Trang,Inhouse 1,Le Thi Thuy Trang,Inhouse 1,Ruby Advisor,9080000.0,True,True,755666599393544,2026-07-11 00:00:00,8750000.0,GMV+REM,99.0,2026-10-01
2026-10,737588302305538,1,3309170900,Đến hạn,Normal,"1-20, idle<=90",2026-03-30,2026-03-31 18:03:24,11,11,2026-09-29 21:00:00,1.0,Nguyen Phuong Thuy,Inhouse 1,Nguyen Phuong Thuy,Inhouse 1,Diem Quynh Advisor,9340500.0,False,False,,,,,,2026-10-01
2026-10,745491573500162,1,3309194662,Đến hạn,Normal,"1-20, idle<=90",2026-03-28,2026-05-15 22:51:08,17,17,2026-09-29 21:00:00,1.0,Dao Ngoc Lan Anh,Inhouse 1,Dao Ngoc Lan Anh,Inhouse 1,Ms Jenny Advisor,9010000.0,False,False,,,,,,2026-10-01
2026-10,736480203305222,1,3309200904,Đến hạn,Normal,"1-20, idle<=90",2026-03-25,2026-03-25 13:43:06,3,3,2026-09-29 20:00:00,1.0,Kieu Lan Anh,Inhouse 2,Kieu Lan Anh,Inhouse 2,Tran Thu Ha,9580000.0,False,False,,,,,,2026-10-01
2026-10,738609131614466,1,3309216219,Đến hạn,Normal,"1-20, idle<=90",2026-04-02,2026-04-07 18:53:18,8,8,2026-09-27 10:00:00,3.0,Le Minh Thanh,Ho Chi Minh,Tran Quoc Dung,Other,Dao Thi Hoang Yen,9376000.0,False,False,,,,,,2026-10-01
2026-10,737931506436360,1,3309218099,Đến hạn,Normal,"1-20, idle<=90",2026-04-02,2026-04-08 03:39:29,4,4,2026-09-29 22:00:00,1.0,Le Thi Thuy Trang,Inhouse 1,Le Thi Thuy Trang,Inhouse 1,Ms Laura,10080000.0,False,False,,,,,,2026-10-01
2026-10,736710786588936,1,3309226516,Đến hạn,Normal,"1-20, idle<=90",2026-03-26,2026-03-26 18:58:27,4,110,2026-09-29 22:00:00,1.0,Nguyen Phuong Thuy,Inhouse 1,Nguyen Phuong Thuy,Inhouse 1,Ms Laura,10080000.0,True,True,754742201268488,2026-06-30 00:00:00,16460000.0,GMV+REM,95.0,2026-10-01
2026-10,737590357926150,1,3309227020,Đến hạn,Normal,"1-20, idle<=90",2026-03-30,2026-03-31 18:12:50,7,7,2026-09-28 21:00:00,2.0,Nguyen Phuong Thuy,Inhouse 1,Nguyen Phuong Thuy,Inhouse 1,Diem Quynh Advisor,9053100.0,False,False,,,,,,2026-10-01
2026-10,738431677434120,1,3309233669,Đến hạn,Normal,"1-20, idle<=90",2026-03-26,2026-04-05 17:11:02,19,19,2026-09-17 21:00:00,13.0,Le Thi Thuy Van,Inhouse 2,Le Thi Thuy Van,Inhouse 2,Tran Thu Ha,9580000.0,False,False,,,,,,2026-10-01
2026-10,736665445163270,1,3309245737,Đến hạn,Normal,"1-20, idle<=90",2026-03-26,2026-03-26 22:12:45,2,2,2026-09-26 22:00:00,4.0,Bui Thi Thai Duong,Inhouse 1,Bui Thi Thai Duong,Inhouse 1,Ms Laura,25250000.0,False,False,,,,,,2026-10-01
2026-10,736339150795010,1,3309246126,Đến hạn,Normal,"1-20, idle<=90",2026-03-24,2026-03-24 22:50:40,4,110,2026-09-28 21:30:00,2.0,Nguyen Phuong Thao,Inhouse 2,Nguyen Thi Trang,Inhouse 2,Tran Thu Ha,9350000.0,True,True,756877425740038,2026-07-18 00:00:00,16430000.0,GMV+REM,115.0,2026-10-01
2026-10,736525145895170,1,3309265215,Đến hạn,Normal,"1-20, idle<=90",2026-03-25,2026-03-25 22:09:38,1,54,2026-09-29 22:00:00,1.0,Nguyen Nhu Ngoc,Inhouse 1,Nguyen Nhu Ngoc,Inhouse 1,Diem Quynh Advisor,10080000.0,True,True,758985163081986,2026-07-30 00:00:00,9080000.0,GMV+REM,126.0,2026-10-01
2026-10,758992092240136,1,3309271094,Đến hạn,Normal,"1-20, idle<=90",2026-07-14,2026-07-30 17:34:22,12,12,2026-09-27 19:00:00,3.0,Le Kim Chi,Inhouse 1,Le Kim Chi,Inhouse 1,Ruby Advisor,5240000.0,False,False,,,,,,2026-10-01
2026-10,763059006771462,2,3309271098,Đến hạn,Normal,"1-20, idle<=90",2026-08-19,2026-08-27 12:04:35,18,18,2026-09-23 21:30:00,7.0,Lai Ngoc Thuy Linh,Ho Chi Minh,Lai Ngoc Thuy Linh,Ho Chi Minh,Dao Thi Hoang Yen,4900000.0,False,False,,,,,,2026-10-01
2026-10,737592981760264,1,3309280832,Đến hạn,Normal,"1-20, idle<=90",2026-03-31,2026-03-31 18:35:13,6,59,2026-09-28 17:30:00,2.0,Pham Thi Tam Thuy,Inhouse 1,Le Thi Lan Anh,Inhouse 1,Diem Quynh Advisor,10080000.0,True,True,769050514055432,2026-08-31 00:00:00,9080000.0,GMV+REM,152.0,2026-10-01
2026-10,737000821750022,1,3309281200,Đến hạn,Normal,"1-20, idle<=90",2026-03-27,2026-03-28 11:41:19,4,4,2026-09-29 20:30:00,1.0,Luu Thi Hoang Ngan,Inhouse 1,Luu Thi Hoang Ngan,Inhouse 1,Ellie Advisor,9580000.0,False,False,,,,,,2026-10-01
2026-10,737567345176834,1,3309285127,Đến hạn,Normal,"1-20, idle<=90",2026-03-26,2026-03-31 14:59:35,6,6,2026-09-28 20:30:00,2.0,Nguyen Thi Thuy Trang,Inhouse 2,Vu Cam Ly,Inhouse 2,Tran Thu Ha,9340500.0,False,False,,,,,,2026-10-01
2026-10,739838825115906,1,3309291954,Đến hạn,Normal,"1-20, idle<=90",2026-04-13,2026-04-14 13:06:35,8,8,2026-09-24 21:00:00,6.0,Nguyen Thi Hai Yen,Inhouse 2,Nguyen Thi Hai Yen,Inhouse 2,Ms Jenny Advisor,9410000.0,False,False,,,,,,2026-10-01
2026-10,737395624444162,1,3309295065,Đến hạn,Frozen,"1-20, idle<=90",2026-03-28,2026-03-30 16:27:09,5,5,2026-08-14 21:00:00,47.0,Vu Thi Khanh Huyen,Inhouse 2,Vu Cam Ly,Inhouse 2,Ms Jenny Advisor,9012900.0,False,False,,,,,,2026-10-01
2026-10,737719730235654,1,3309300441,Đến hạn,Normal,"1-20, idle<=90",2026-03-31,2026-04-01 11:51:42,6,6,2026-09-23 18:00:00,7.0,Nguyen Thi Thao Ngoc,Inhouse 1,Nguyen Thi Thao Ngoc,Inhouse 1,Ms Jenny Advisor,9580000.0,False,False,,,,,,2026-10-01
2026-10,737395303780610,1,3309316452,Đến hạn,Normal,"1-20, idle<=90",2026-03-30,2026-03-30 21:03:19,7,7,2026-09-27 10:00:00,3.0,Mai Thi Lien,Inhouse 2,Mai Thi Lien,Inhouse 2,Tran Thu Ha,8800000.0,False,False,,,,,,2026-10-01
2026-10,740552982159622,1,3309325576,Đến hạn,Normal,"1-20, idle<=90",2026-04-17,2026-04-17 20:21:30,14,14,2026-09-28 16:00:00,2.0,Pham Thi Tam Thuy,Inhouse 1,Le Thi Lan Anh,Inhouse 1,Diem Quynh Advisor,8745000.0,False,False,,,,,,2026-10-01
2026-10,754384801097990,2,3309325583,Đến hạn,Frozen,"1-20, idle<=90",2026-07-04,2026-07-06 11:51:54,8,8,2026-09-09 19:30:00,21.0,Nguyen Thuy Trang,Inhouse 1,Nguyen Thuy Trang,Inhouse 1,Diem Quynh Advisor,4940000.0,False,False,,,,,,2026-10-01
2026-10,736826772424962,1,3309336140,Đến hạn,Normal,"1-20, idle<=90",2026-03-27,2026-03-28 13:49:38,2,108,2026-09-29 20:00:00,1.0,Le Thi Thuy Van,Inhouse 2,Le Thi Thuy Van,Inhouse 2,Tran Thu Ha,10080000.0,True,True,769073652324616,2026-09-25 00:00:00,16960000.0,GMV+REM,180.0,2026-10-01
2026-10,738833083586822,1,3309339948,Đến hạn,Normal,"1-20, idle<=90",2026-04-03,2026-04-07 19:31:11,3,3,2026-09-28 21:00:00,2.0,Nguyen Thi Hang Nga,Inhouse 1,Nguyen Thi Hang Nga,Inhouse 1,Diem Quynh Advisor,8800000.0,True,True,TMP_3309339948_20260930,2026-09-30 00:00:00,8200000.0,GMV,175.0,2026-10-01
2026-10,736887080083720,2,3309342159,Đến hạn,Normal,"1-20, idle<=90",2026-03-27,2026-03-28 10:09:43,8,8,2026-09-25 22:30:00,5.0,Nguyen Phuong Thao,Inhouse 2,Nguyen Thi Hai Yen,Inhouse 2,Tran Thu Ha,4575000.0,False,False,,,,,,2026-10-01
2026-10,737748404842754,1,3309362350,Đến hạn,Normal,"1-20, idle<=90",2026-04-01,2026-04-01 22:40:43,13,13,2026-09-29 21:30:00,1.0,Vu Cam Ly,Inhouse 2,Vu Cam Ly,Inhouse 2,Ms Jenny Advisor,9580000.0,True,True,TMP_3309362350_20260824,2026-08-24 00:00:00,15900000.0,GMV,144.0,2026-10-01
2026-10,737757638168834,1,3309368046,Đến hạn,Normal,"1-20, idle<=90",2026-03-31,2026-04-01 16:58:52,6,6,2026-09-29 21:30:00,1.0,Dang Kim Thuong,Inhouse 1,Dang Kim Thuong,Inhouse 1,Thao Chi Advisor,9310000.0,False,False,,,,,,2026-10-01
2026-10,740071650298114,1,3309369560,Đến hạn,Normal,"1-20, idle<=90",2026-04-13,2026-04-18 14:28:04,9,9,2026-09-28 21:30:00,2.0,Cao Thi Lua,Inhouse 1,Cao Thi Lua,Inhouse 1,Diem Quynh Advisor,9048000.0,True,True,TMP_3309369560_20260928,2026-09-28 00:00:00,8073000.0,GMV,162.0,2026-10-01
2026-10,754219056767240,1,3309379214,Đến hạn,Normal,"1-20, idle<=90",2026-07-03,2026-07-04 16:43:21,1,1,2026-09-29 20:30:00,1.0,Vu Thi Khanh Huyen,Inhouse 2,Vu Ho Thanh Huong,Inhouse 2,Ms Jenny Advisor,4550000.0,False,False,,,,,,2026-10-01
2026-10,737929053606150,1,3309397312,Đến hạn,Normal,"1-20, idle<=90",2026-04-02,2026-04-02 19:20:45,1,1,2026-09-25 21:00:00,5.0,Lai Ngoc Thuy Linh,Ho Chi Minh,Lai Ngoc Thuy Linh,Ho Chi Minh,Dao Thi Hoang Yen,8745100.0,False,False,,,,,,2026-10-01
2026-10,760953646426370,1,3309414666,Đến hạn,Normal,"1-20, idle<=90",2026-08-09,2026-08-10 19:39:47,10,10,2026-09-25 19:30:00,5.0,Nguyen Thi Thuy Hang,Other,Nguyen Thi Thuy Hang,Other,Dao Thi Hoang Yen,4504500.0,False,False,,,,,,2026-10-01
2026-10,755450722038024,2,3309429303,Đến hạn,Normal,"1-20, idle<=90",2026-07-10,2026-07-10 16:56:34,7,7,2026-09-29 21:00:00,1.0,Ta Thi Thu Phuong,Inhouse 2,Nguyen Thi Trang,Inhouse 2,Tran Thu Ha,4600000.0,False,False,,,,,,2026-10-01
2026-10,738102984907010,1,3309429327,Đến hạn,Normal,"1-20, idle<=90",2026-04-03,2026-04-03 17:29:37,12,12,2026-09-29 21:30:00,1.0,Ngo Thi Hue,Inhouse 2,Nguyen Thi Trang,Inhouse 2,Ms Jenny Advisor,9850000.0,False,False,,,,,,2026-10-01
2026-10,744482357291272,1,3309446213,Đến hạn,Normal,"1-20, idle<=90",2026-03-31,2026-05-09 19:11:09,18,18,2026-09-25 20:00:00,5.0,Lai Ngoc Thuy Linh,Ho Chi Minh,Lai Ngoc Thuy Linh,Ho Chi Minh,Dao Thi Hoang Yen,9132600.0,False,False,,,,,,2026-10-01
2026-10,738654761584898,1,3309452373,Đến hạn,Normal,"1-20, idle<=90",2026-04-06,2026-04-07 15:37:35,12,12,2026-09-29 20:00:00,1.0,Nguyen Nhu Ngoc,Inhouse 1,Nguyen Nhu Ngoc,Inhouse 1,Diem Quynh Advisor,9580000.0,False,False,,,,,,2026-10-01
2026-10,739889306497288,1,3309455021,Đến hạn,Normal,"1-20, idle<=90",2026-04-13,2026-04-17 22:45:00,9,9,2026-09-29 21:30:00,1.0,Luu Thi Hoang Ngan,Inhouse 1,Luu Thi Hoang Ngan,Inhouse 1,Ms Jenny Advisor,10080000.0,False,False,,,,,,2026-10-01
2026-10,752819868840200,2,3309459471,Đến hạn,Normal,"1-20, idle<=90",2026-06-25,2026-06-29 18:44:17,5,5,2026-09-28 19:30:00,2.0,Ta Thi Thu Phuong,Inhouse 2,Vu Cam Ly,Inhouse 2,Ms Jenny Advisor,4290000.0,False,False,,,,,,2026-10-01
2026-10,737719951005958,1,3309474291,Đến hạn,Normal,"1-20, idle<=90",2026-03-31,2026-04-04 15:49:15,4,4,2026-09-29 18:30:00,1.0,Cao Thi Lua,Inhouse 1,Cao Thi Lua,Inhouse 1,Ms Jenny Advisor,9580000.0,False,False,,,,,,2026-10-01
2026-10,738073746532610,1,3309476269,Đến hạn,Normal,"1-20, idle<=90",2026-04-03,2026-04-03 12:37:26,18,18,2026-09-25 20:30:00,5.0,Nguyen Nhu Ngoc,Inhouse 1,Nguyen Nhu Ngoc,Inhouse 1,Ms Jenny Advisor,9080000.0,False,False,,,,,,2026-10-01
2026-10,737628797477128,1,3309478411,Đến hạn,Normal,"1-20, idle<=90",2026-03-31,2026-04-02 11:39:58,12,12,2026-09-27 13:30:00,3.0,Lai Ngoc Thuy Linh,Ho Chi Minh,Lai Ngoc Thuy Linh,Ho Chi Minh,Dao Thi Hoang Yen,8745000.0,False,False,,,,,,2026-10-01
2026-10,747831306152198,1,3309478735,Đến hạn,Normal,"1-20, idle<=90",2026-05-28,2026-05-28 15:57:10,20,20,2026-09-25 21:30:00,5.0,Vu Thi Tuyet Trinh,Inhouse 1,Vu Thi Tuyet Trinh,Inhouse 1,Diem Quynh Advisor,9010000.0,False,False,,,,,,2026-10-01
2026-10,737897993478408,1,3309509227,Đến hạn,Normal,"1-20, idle<=90",2026-04-01,2026-04-03 15:24:40,7,7,2026-09-29 18:00:00,1.0,Pham Thi Thao,Inhouse 1,Pham Thi Thao,Inhouse 1,Ms Jenny Advisor,10080000.0,True,True,TMP_3309509227_20260831,2026-08-31 00:00:00,16820000.0,GMV,149.0,2026-10-01
2026-10,737892872364296,1,3309518193,Đến hạn,Normal,"1-20, idle<=90",,2026-04-02 19:25:12,5,5,2026-09-27 21:30:00,3.0,Vu Ho Thanh Huong,Inhouse 2,Vu Ho Thanh Huong,Inhouse 2,Ms Jenny Advisor,9010000.0,False,False,,,,,,2026-10-01
2026-10,743786951950598,1,3309520450,Đến hạn,Normal,"1-20, idle<=90",2026-04-23,2026-05-05 18:56:46,16,16,2026-09-26 20:00:00,4.0,Pham Thi Thao,Inhouse 1,Pham Thi Thao,Inhouse 1,Diem Quynh Advisor,10080000.0,True,True,TMP_3309520450_20260930,2026-09-30 00:00:00,9080000.0,GMV,147.0,2026-10-01
2026-10,738599293524226,1,3309523174,Đến hạn,Normal,"1-20, idle<=90",2026-04-05,2026-04-06 22:08:43,5,5,2026-09-29 21:00:00,1.0,Vu Cam Ly,Inhouse 2,Vu Cam Ly,Inhouse 2,Tran Thu Ha,8900000.0,False,False,,,,,,2026-10-01
2026-10,739301259020552,1,3309527550,Đến hạn,Normal,"1-20, idle<=90",2026-04-08,2026-04-10 10:49:00,15,15,2026-09-26 19:00:00,4.0,Bui Lam Linh,Inhouse 1,Nguyen Nhu Ngoc,Inhouse 1,Ms Jenny Advisor,9080000.0,False,False,,,,,,2026-10-01
2026-10,748328652601602,1,3309549687,Đến hạn,Normal,"1-20, idle<=90",2026-05-30,2026-05-31 10:36:00,4,4,2026-09-25 20:00:00,5.0,Nguyen Thi Trang,Inhouse 2,Nguyen Thi Trang,Inhouse 2,Ms Jenny Advisor,9580000.0,False,False,,,,,,2026-10-01
2026-10,739166519007494,1,3309550126,Đến hạn,Normal,"1-20, idle<=90",2026-04-09,2026-04-13 14:43:06,5,5,2026-09-28 19:30:00,2.0,Le Thuy Nhung,Inhouse 1,Le Thuy Nhung,Inhouse 1,Diem Quynh Advisor,9080000.0,False,False,,,,,,2026-10-01
2026-10,757371088699654,2,3309553027,Đến hạn,Normal,"1-20, idle<=90",2026-04-30,2026-07-21 13:05:28,12,12,2026-09-27 21:00:00,3.0,Nguyen Thao Anh,Inhouse 1,Nguyen Thao Anh,Inhouse 1,Ms Jenny Advisor,4160000.0,False,False,,,,,,2026-10-01
2026-10,739536362467586,1,3309554879,Đến hạn,Normal,"1-20, idle<=90",2026-04-02,2026-04-16 10:23:28,9,115,2026-09-29 19:00:00,1.0,Vu Thi Tuyet Trinh,Inhouse 1,Vu Thi Tuyet Trinh,Inhouse 1,Ruby Advisor,9280000.0,True,True,758985970864386,2026-07-30 00:00:00,16430000.0,GMV+REM,104.0,2026-10-01
2026-10,738440914026758,1,3309562410,Đến hạn,Normal,"1-20, idle<=90",2026-04-04,2026-04-05 21:59:29,4,4,2026-09-29 21:00:00,1.0,Ho Thi Thanh,Inhouse 1,Ho Thi Thanh,Inhouse 1,Ms Jenny Advisor,8750000.0,False,False,,,,,,2026-10-01
2026-10,746561679296770,1,3309562633,Đến hạn,Normal,"1-20, idle<=90",2026-04-15,2026-05-21 12:01:45,11,11,2026-09-29 20:30:00,1.0,Bui Thi Thai Duong,Inhouse 1,Bui Thi Thai Duong,Inhouse 1,Ellie Advisor,9080000.0,False,False,,,,,,2026-10-01
2026-10,738612137273602,1,3309582476,Đến hạn,Normal,"1-20, idle<=90",2026-04-03,2026-04-06 17:33:22,12,12,2026-09-28 16:00:00,2.0,Pham Thi Thao,Inhouse 1,Pham Thi Thao,Inhouse 1,Ellie Advisor,10080000.0,False,False,,,,,,2026-10-01
2026-10,737889700788488,1,3309591496,Đến hạn,Normal,"1-20, idle<=90",,2026-04-04 14:56:43,5,5,2026-09-29 21:30:00,1.0,Dang Kim Thuong,Inhouse 1,Dang Kim Thuong,Inhouse 1,Thao Chi Advisor,9310000.0,False,False,,,,,,2026-10-01
2026-10,737721702379778,1,3309593345,Đến hạn,Normal,"1-20, idle<=90",2026-03-31,2026-04-01 12:02:23,1,1,2026-09-21 19:30:00,9.0,Nguyen Thi Thao Ngoc,Inhouse 1,Nguyen Thi Thao Ngoc,Inhouse 1,Ms Jenny Advisor,9580000.0,False,False,,,,,,2026-10-01
2026-10,737753095960838,1,3309594207,Đến hạn,Normal,"1-20, idle<=90",2026-03-31,2026-04-01 17:20:56,4,110,2026-09-29 17:30:00,1.0,Nguyen Thi Hang Nga,Inhouse 1,Nguyen Thi Hang Nga,Inhouse 1,Ms Jenny Advisor,9200000.0,True,True,762345773070600,2026-07-31 00:00:00,16430000.0,GMV+REM,120.0,2026-10-01
2026-10,744976167991558,1,3309601916,Đến hạn,Normal,"1-20, idle<=90",2026-04-09,2026-05-12 12:46:47,6,6,2026-09-28 21:00:00,2.0,Nguyen Nhu Ngoc,Inhouse 1,Nguyen Nhu Ngoc,Inhouse 1,Ms Jenny Advisor,9080000.0,False,False,,,,,,2026-10-01
2026-10,739309905172744,1,3309606738,Đến hạn,Normal,"1-20, idle<=90",2026-04-10,2026-04-10 11:49:47,6,59,2026-09-26 14:00:00,4.0,Nguyen Cam Tu,Inhouse 1,Nguyen Cam Tu,Inhouse 1,Ms Jenny Advisor,9580000.0,True,True,763560751206662,2026-08-24 00:00:00,8658000.0,GMV+REM,135.0,2026-10-01
2026-10,738647888865542,1,3309608398,Đến hạn,Normal,"1-20, idle<=90",2026-04-06,2026-04-06 17:54:29,7,7,2026-09-25 22:00:00,5.0,Pham Thi Thao,Inhouse 1,Pham Thi Thao,Inhouse 1,Diem Quynh Advisor,9600000.0,False,False,,,,,,2026-10-01
2026-10,738613283459336,1,3309614503,Đến hạn,Normal,"1-20, idle<=90",2026-04-04,2026-04-06 17:47:20,8,61,2026-09-20 14:30:00,10.0,Pham Thi Thao,Inhouse 1,Pham Thi Thao,Inhouse 1,Thao Chi Advisor,10080000.0,True,True,759181528275208,2026-07-31 00:00:00,9080000.0,GMV+REM,115.0,2026-10-01
2026-10,743557564100872,1,3309627769,Đến hạn,Normal,"1-20, idle<=90",2026-04-12,2026-05-04 15:09:01,14,67,2026-09-29 19:00:00,1.0,Vu Thi Khanh Huyen,Inhouse 2,Nguyen Thi Trang,Inhouse 2,Ms Jenny Advisor,9010000.0,True,True,755296663728390,2026-07-09 00:00:00,8600000.0,GMV+REM,65.0,2026-10-01
2026-10,748726070407432,2,3309699698,Đến hạn,Normal,"1-20, idle<=90",2026-05-31,2026-06-02 17:51:55,7,7,2026-09-29 18:00:00,1.0,Bui Thi Thai Duong,Inhouse 1,Bui Thi Thai Duong,Inhouse 1,Ruby Advisor,4290000.0,False,False,,,,,,2026-10-01
2026-10,738321689065730,1,3309701429,Đến hạn,Normal,"1-20, idle<=90",2026-04-04,2026-04-05 20:31:23,4,4,2026-09-29 21:00:00,1.0,Cao Thi Lua,Inhouse 1,Cao Thi Lua,Inhouse 1,Diem Quynh Advisor,9580000.0,False,False,,,,,,2026-10-01
2026-10,739216906045704,1,3309702291,Đến hạn,Normal,"1-20, idle<=90",2026-04-09,2026-04-10 15:48:24,14,14,2026-09-29 21:30:00,1.0,Lai Ngoc Thuy Linh,Ho Chi Minh,Lai Ngoc Thuy Linh,Ho Chi Minh,Dao Thi Hoang Yen,8480000.0,False,False,,,,,,2026-10-01
2026-10,739732172134662,1,3309705225,Đến hạn,Normal,"1-20, idle<=90",2026-04-12,2026-04-13 18:31:50,9,9,2026-09-25 21:30:00,5.0,Mai Thi Lien,Inhouse 2,Mai Thi Lien,Inhouse 2,Ms Jenny Advisor,9550000.0,False,False,,,,,,2026-10-01
2026-10,738610763116806,1,3309706317,Đến hạn,Normal,"1-20, idle<=90",2026-04-04,2026-04-06 12:40:36,6,59,2026-09-27 20:00:00,3.0,Nguyen Thao Anh,Inhouse 1,Nguyen Thao Anh,Inhouse 1,Diem Quynh Advisor,10080000.0,True,True,768888246143240,2026-09-24 00:00:00,9580000.0,GMV+REM,170.0,2026-10-01
2026-10,738825731088648,1,3309739544,Đến hạn,Normal,"1-20, idle<=90",2026-04-07,2026-04-12 15:57:10,6,6,2026-09-29 21:00:00,1.0,Le Thi Tram,Inhouse 2,Kieu Lan Anh,Inhouse 2,Tran Thu Ha,9580000.0,False,False,,,,,,2026-10-01
2026-10,738654471676168,1,3309755801,Đến hạn,Normal,"1-20, idle<=90",2026-04-06,2026-04-07 11:04:04,6,59,2026-09-27 21:30:00,3.0,Cao Thi Lua,Inhouse 1,Cao Thi Lua,Inhouse 1,Ms Jenny Advisor,10080000.0,True,True,763406846826754,2026-08-24 00:00:00,8480000.0,GMV+REM,138.0,2026-10-01
2026-10,739139975794952,1,3309762454,Đến hạn,Normal,"1-20, idle<=90",2026-04-09,2026-04-09 21:50:36,11,64,2026-09-25 21:30:00,5.0,Nguyen Phuong Thuy,Inhouse 1,Nguyen Phuong Thuy,Inhouse 1,Diem Quynh Advisor,9880000.0,True,True,769575986364674,2026-09-26 00:00:00,8880000.0,GMV+REM,169.0,2026-10-01
2026-10,741070107330822,1,3309769181,Đến hạn,Normal,"1-20, idle<=90",2026-04-19,2026-04-20 12:22:00,12,12,2026-09-28 21:00:00,2.0,Le Hung Cuong,Inhouse 2,Vu Ho Thanh Huong,Inhouse 2,Tran Thu Ha,9010000.0,False,False,,,,,,2026-10-01
2026-10,739885236195592,1,3309779201,Đến hạn,Normal,"1-20, idle<=90",2026-04-13,2026-04-13 18:20:01,7,7,2026-09-25 21:00:00,5.0,Le Thi Thuy Trang,Inhouse 1,Le Thi Thuy Trang,Inhouse 1,Thao Chi Advisor,10080000.0,False,False,,,,,,2026-10-01
2026-10,756116413487362,2,3309791677,Đến hạn,Normal,"1-20, idle<=90",2026-07-01,2026-07-15 22:22:12,10,10,2026-09-29 19:30:00,1.0,Nguyen Cam Tu,Inhouse 1,Nguyen Cam Tu,Inhouse 1,Diem Quynh Advisor,4550000.0,False,False,,,,,,2026-10-01
2026-10,743738786550024,1,3309811948,Đến hạn,Normal,"1-20, idle<=90",2026-04-29,2026-05-10 10:31:04,14,14,2026-09-28 21:30:00,2.0,Nguyen Kieu Trang,Inhouse 1,Nguyen Kieu Trang,Inhouse 1,Thao Chi Advisor,9010000.0,False,False,,,,,,2026-10-01
2026-10,740401466677506,1,3309819273,Đến hạn,Normal,"1-20, idle<=90",2026-04-16,2026-04-17 18:50:43,16,16,2026-09-27 18:00:00,3.0,Nguyen Cam Tu,Inhouse 1,Nguyen Cam Tu,Inhouse 1,Diem Quynh Advisor,8880000.0,False,False,,,,,,2026-10-01
2026-10,739300732193026,1,3309825694,Đến hạn,Normal,"1-20, idle<=90",2026-04-09,2026-04-11 12:56:06,12,12,2026-09-24 22:30:00,6.0,Ho Thi Thanh,Inhouse 1,Ho Thi Thanh,Inhouse 1,Diem Quynh Advisor,9010000.0,False,False,,,,,,2026-10-01
2026-10,739167193925896,1,3309832195,Đến hạn,Normal,"1-20, idle<=90",2026-04-09,2026-04-10 13:00:03,5,5,2026-09-25 22:30:00,5.0,Le Thi Tuyet,Inhouse 1,Le Thi Tuyet,Inhouse 1,Diem Quynh Advisor,10080000.0,False,False,,,,,,2026-10-01
2026-10,762339258327298,2,3309832215,Đến hạn,Normal,"1-20, idle<=90",2026-08-18,2026-08-18 17:20:56,15,15,2026-09-29 20:30:00,1.0,Nguyen Thi Thao Ngoc,Inhouse 1,Nguyen Thi Thao Ngoc,Inhouse 1,Diem Quynh Advisor,4550000.0,False,False,,,,,,2026-10-01
2026-10,739879089035522,1,3309832236,Đến hạn,Normal,"1-20, idle<=90",2026-04-13,2026-04-13 22:44:18,5,58,2026-09-28 21:00:00,2.0,Vu Ho Thanh Huong,Inhouse 2,Vu Ho Thanh Huong,Inhouse 2,Ms Jenny Advisor,9850000.0,True,True,768720409299208,2026-07-31 00:00:00,8600000.0,GMV+REM,108.0,2026-10-01
2026-10,758444775268616,2,3309865733,Đến hạn,Normal,"1-20, idle<=90",2026-07-27,2026-07-28 17:08:22,11,11,2026-09-25 12:30:00,5.0,Bui Thi Thai Duong,Inhouse 1,Bui Thi Thai Duong,Inhouse 1,Diem Quynh Advisor,4390000.0,False,False,,,,,,2026-10-01
2026-10,756818004263176,2,3309871496,Đến hạn,Normal,"1-20, idle<=90",2026-07-18,2026-07-18 11:12:08,5,5,2026-09-27 11:00:00,3.0,Ho Thi Thanh,Inhouse 1,Ho Thi Thanh,Inhouse 1,Ellie Advisor,4290000.0,False,False,,,,,,2026-10-01
2026-10,738809558216966,1,3309874404,Đến hạn,Normal,"1-20, idle<=90",2026-04-07,2026-04-07 23:16:33,7,7,2026-09-27 18:30:00,3.0,Ho Thi Thanh,Inhouse 1,Ho Thi Thanh,Inhouse 1,Ms Jenny Advisor,9010000.0,False,False,,,,,,2026-10-01
2026-10,743572689674498,1,3309877523,Đến hạn,Normal,"1-20, idle<=90",2026-04-21,2026-05-04 18:55:29,5,5,2026-09-26 11:00:00,4.0,Nguyen Thi Hai Yen,Inhouse 2,Nguyen Thi Hai Yen,Inhouse 2,Ms Jenny Advisor,4550000.0,False,False,,,,,,2026-10-01
2026-10,754036814639366,1,3309886826,Đến hạn,Frozen,"1-20, idle<=90",2026-07-02,2026-07-02 18:00:10,8,8,2026-08-20 18:00:00,41.0,Luu Thi Hoang Ngan,Inhouse 1,Luu Thi Hoang Ngan,Inhouse 1,Diem Quynh Advisor,4550000.0,False,False,,,,,,2026-10-01
2026-10,753323716935944,2,3309898320,Đến hạn,Normal,"1-20, idle<=90",2026-05-31,2026-06-28 16:04:51,1,1,2026-09-26 22:00:00,4.0,Pham Thi Tam Thuy,Inhouse 1,Le Thi Lan Anh,Inhouse 1,Ms Jenny Advisor,4790000.0,False,False,,,,,,2026-10-01
2026-10,744086376478982,1,3309917223,Đến hạn,Normal,"1-20, idle<=90",2026-04-28,2026-05-08 19:29:24,16,16,2026-09-29 19:00:00,1.0,Nguyen Nhu Ngoc,Inhouse 1,Nguyen Nhu Ngoc,Inhouse 1,Diem Quynh Advisor,9580000.0,False,False,,,,,,2026-10-01
2026-10,739322523468040,1,3309925821,Đến hạn,Normal,"1-20, idle<=90",2026-04-08,2026-04-10 20:35:36,16,16,2026-09-29 19:00:00,1.0,Nguyen Thi Hang Nga,Inhouse 1,Nguyen Thi Hang Nga,Inhouse 1,Ms Jenny Advisor,10080000.0,False,False,,,,,,2026-10-01
2026-10,738993261431046,1,3309929517,Đến hạn,Normal,"1-20, idle<=90",2026-04-08,2026-04-09 20:34:55,17,17,2026-09-28 21:00:00,2.0,Nguyen Minh Phat,Ho Chi Minh,Nguyen Minh Phat,Ho Chi Minh,Dao Thi Hoang Yen,9275000.0,False,False,,,,,,2026-10-01
2026-10,760895527667976,1,3309932815,Đến hạn,Normal,"1-20, idle<=90",2026-07-31,2026-08-10 12:57:16,11,11,2026-09-29 21:00:00,1.0,Dinh Ngoc Hai,Inhouse 2,Nguyen Thi Trang,Inhouse 2,Tran Thu Ha,4420000.0,False,False,,,,,,2026-10-01
2026-10,739134695282946,1,3309946157,Đến hạn,Normal,"1-20, idle<=90",2026-04-08,2026-04-09 19:14:28,7,113,2026-09-23 21:30:00,7.0,Pham Thi Tam Thuy,Inhouse 1,Le Thi Lan Anh,Inhouse 1,Thao Chi Advisor,9580000.0,True,True,759668513601794,2026-07-31 00:00:00,16000000.0,GMV+REM,112.0,2026-10-01
2026-10,739535570665734,1,3309955975,Đến hạn,Normal,"1-20, idle<=90",2026-04-10,2026-04-14 13:29:56,5,58,2026-09-28 21:30:00,2.0,Nguyen Thi Thao Ngoc,Inhouse 1,Nguyen Thi Thao Ngoc,Inhouse 1,Diem Quynh Advisor,10080000.0,True,True,766060418785542,2026-08-06 00:00:00,9080000.0,GMV+REM,113.0,2026-10-01
2026-10,739538071990536,1,3309963787,Đến hạn,Normal,"1-20, idle<=90",2026-04-10,2026-04-13 09:45:28,5,5,2026-09-17 19:00:00,13.0,Le Thi Thuy Van,Inhouse 2,Le Thi Thuy Van,Inhouse 2,Tran Thu Ha,9850000.0,False,False,,,,,,2026-10-01
2026-10,741781821466888,1,3309966273,Đến hạn,Normal,"1-20, idle<=90",2026-04-24,2026-04-25 11:36:21,7,7,2026-09-28 16:30:00,2.0,Le Thi Thuy Trang,Inhouse 1,Le Thi Thuy Trang,Inhouse 1,Ruby Advisor,10080000.0,False,False,,,,,,2026-10-01
2026-10,748165738096902,1,3309966738,Đến hạn,Normal,"1-20, idle<=90",2026-05-29,2026-06-02 17:03:27,18,18,2026-09-29 21:00:00,1.0,Kieu Lan Anh,Inhouse 2,Kieu Lan Anh,Inhouse 2,Ms Jenny Advisor,8750000.0,False,False,,,,,,2026-10-01
2026-10,747441455264006,1,3309990940,Đến hạn,Normal,"1-20, idle<=90",2026-04-16,2026-05-26 10:37:17,16,16,2026-09-29 21:30:00,1.0,Le Thi Thuy Van,Inhouse 2,Le Thi Thuy Van,Inhouse 2,Ms Jenny Advisor,10080000.0,False,False,,,,,,2026-10-01
2026-10,739303921432840,1,3309998986,Đến hạn,Normal,"1-20, idle<=90",2026-04-09,2026-04-10 10:37:28,2,2,2026-09-28 21:30:00,2.0,Le Thuy Nhung,Inhouse 1,Le Thuy Nhung,Inhouse 1,Ms Jenny Advisor,9080000.0,False,False,,,,,,2026-10-01
2026-10,741081861634310,1,3310025847,Đến hạn,Normal,"1-20, idle<=90",2026-04-19,2026-04-20 16:56:36,9,62,2026-09-28 21:00:00,2.0,Nguyen Phuong Thuy,Inhouse 1,Nguyen Phuong Thuy,Inhouse 1,Diem Quynh Advisor,9160000.0,True,True,748733438755074,2026-05-31 00:00:00,8960000.0,GMV+REM,40.0,2026-10-01
2026-10,740413539692802,1,3310053845,Đến hạn,Normal,"1-20, idle<=90",2026-04-16,2026-04-16 17:29:13,5,5,2026-09-19 16:00:00,11.0,Dang Kim Thuong,Inhouse 1,Dang Kim Thuong,Inhouse 1,Diem Quynh Advisor,9410000.0,False,False,,,,,,2026-10-01
2026-10,740251895132418,1,3310053881,Đến hạn,Normal,"1-20, idle<=90",2026-04-15,2026-04-15 19:07:37,11,11,2026-09-27 21:00:00,3.0,Pham Thi Thao,Inhouse 1,Pham Thi Thao,Inhouse 1,Ms Jenny Advisor,9580000.0,True,True,TMP_3310053881_20260730,2026-07-30 00:00:00,8880000.0,GMV,105.0,2026-10-01
2026-10,740043058999554,1,3310057338,Đến hạn,Normal,"1-20, idle<=90",2026-04-14,2026-04-14 14:56:42,14,14,2026-09-24 20:00:00,6.0,Bui Thi Thai Duong,Inhouse 1,Bui Thi Thai Duong,Inhouse 1,Ellie Advisor,9080000.0,False,False,,,,,,2026-10-01
2026-10,740714779711750,1,3310067534,Đến hạn,Normal,"1-20, idle<=90",2026-04-17,2026-04-18 16:07:30,8,8,2026-09-25 21:00:00,5.0,Vu Ho Thanh Huong,Inhouse 2,Vu Ho Thanh Huong,Inhouse 2,Tran Thu Ha,9420000.0,False,False,,,,,,2026-10-01
2026-10,741125127547138,1,3310072183,Đến hạn,Normal,"1-20, idle<=90",2026-04-20,2026-04-21 19:28:27,8,61,2026-09-29 21:00:00,1.0,Le Thi Lan Anh,Inhouse 1,Le Thi Lan Anh,Inhouse 1,Diem Quynh Advisor,9580000.0,True,True,769750724034818,2026-09-28 00:00:00,8880000.0,GMV+REM,159.0,2026-10-01
2026-10,751224055134472,1,3310104330,Đến hạn,Normal,"1-20, idle<=90",2026-06-16,2026-06-16 20:19:42,11,11,2026-09-23 18:30:00,7.0,Nguyen Kieu Trang,Inhouse 1,Nguyen Kieu Trang,Inhouse 1,Ms Jenny Advisor,9080000.0,False,False,,,,,,2026-10-01
2026-10,756202572390662,1,3310104378,Đến hạn,Normal,"1-20, idle<=90",2026-07-14,2026-07-15 12:51:53,5,5,2026-09-29 20:00:00,1.0,Vu Thi Tuyet Trinh,Inhouse 1,Vu Thi Tuyet Trinh,Inhouse 1,Thao Chi Advisor,4940000.0,False,False,,,,,,2026-10-01
2026-10,743574299676934,1,3310108185,Đến hạn,Normal,"1-20, idle<=90",2026-04-20,2026-05-04 17:34:31,3,109,2026-09-29 22:00:00,1.0,Nguyen Thuy Trang,Inhouse 1,Nguyen Thuy Trang,Inhouse 1,Ms Jenny Advisor,9410000.0,True,True,763407038421256,2026-08-24 00:00:00,17320000.0,GMV+REM,111.0,2026-10-01
2026-10,740366214531334,1,3310112458,Đến hạn,Normal,"1-20, idle<=90",2026-04-14,2026-04-17 10:09:47,7,7,2026-09-29 18:30:00,1.0,Nguyen Thi Thao Ngoc,Inhouse 1,Nguyen Thi Thao Ngoc,Inhouse 1,Ms Jenny Advisor,9797700.0,False,False,,,,,,2026-10-01
2026-10,740938522353928,1,3310122402,Đến hạn,Normal,"1-20, idle<=90",2026-04-19,2026-04-19 17:21:19,9,9,2026-09-27 22:30:00,3.0,Nguyen Thuy Trang,Inhouse 1,Nguyen Thuy Trang,Inhouse 1,Ms Jenny Advisor,5240000.0,False,False,,,,,,2026-10-01
2026-10,753853285650694,1,3310148157,Đến hạn,Normal,"1-20, idle<=90",2026-06-30,2026-07-02 22:26:03,1,1,2026-09-25 21:30:00,5.0,Cao Thi Lua,Inhouse 1,Cao Thi Lua,Inhouse 1,Dao Thi Hoang Yen,4740000.0,False,False,,,,,,2026-10-01
2026-10,741081329850630,1,3310150111,Đến hạn,Normal,"1-20, idle<=90",2026-04-19,2026-04-20 22:47:04,8,8,2026-09-29 21:00:00,1.0,Cao Thi Lua,Inhouse 1,Cao Thi Lua,Inhouse 1,Diem Quynh Advisor,9080000.0,False,False,,,,,,2026-10-01
2026-10,740222975768838,1,3310152540,Đến hạn,Normal,"1-20, idle<=90",2026-04-15,2026-04-15 17:09:54,7,7,2026-09-26 10:30:00,4.0,Pham Thi Tam Thuy,Inhouse 1,Le Thi Lan Anh,Inhouse 1,Ms Jenny Advisor,10080000.0,False,False,,,,,,2026-10-01
2026-10,748686735165698,1,3310156642,Đến hạn,Normal,"1-20, idle<=90",2026-04-20,2026-06-02 13:15:48,19,19,2026-09-27 15:00:00,3.0,Nguyen Kieu Trang,Inhouse 1,Nguyen Kieu Trang,Inhouse 1,Diem Quynh Advisor,9080000.0,False,False,,,,,,2026-10-01
2026-10,752582189998344,2,3310176302,Đến hạn,Normal,"1-20, idle<=90",2026-06-24,2026-06-25 16:28:51,9,9,2026-09-26 20:00:00,4.0,Ta Thi Thu Phuong,Inhouse 2,Vu Ho Thanh Huong,Inhouse 2,Tran Thu Ha,4420000.0,False,False,,,,,,2026-10-01
2026-10,740011075580168,1,3310191876,Đến hạn,Normal,"1-20, idle<=90",2026-04-14,2026-04-18 01:48:19,3,3,2026-09-19 22:00:00,11.0,Le Thi Lan Anh,Inhouse 1,Le Thi Lan Anh,Inhouse 1,Ms Laura,9160000.0,False,False,,,,,,2026-10-01
2026-10,740717770152194,1,3310199553,Đến hạn,Normal,"1-20, idle<=90",2026-04-18,2026-04-20 13:33:50,6,59,2026-09-29 20:30:00,1.0,Le Thi Tuyet,Inhouse 1,Le Thi Tuyet,Inhouse 1,Diem Quynh Advisor,9580000.0,True,True,768021050433800,2026-09-19 00:00:00,8750000.0,GMV+REM,151.0,2026-10-01
2026-10,746254010872066,1,3310217039,Đến hạn,Normal,"1-20, idle<=90",2026-04-21,2026-05-19 18:46:20,8,8,2026-09-29 21:00:00,1.0,Nguyen Thuy Trang,Inhouse 1,Nguyen Thuy Trang,Inhouse 1,Diem Quynh Advisor,9280000.0,False,False,,,,,,2026-10-01
2026-10,770106269890822,2,3310252025,Đến hạn,Normal,"1-20, idle<=90",2026-09-30,2026-10-01 15:41:02,7,7,2026-09-28 16:30:00,2.0,Le Thi Thuy Trang,Inhouse 1,Le Thi Thuy Trang,Inhouse 1,Ms Jenny Advisor,8250000.0,False,False,,,,,,2026-10-01
2026-10,741110553223430,1,3310262209,Đến hạn,Normal,"1-20, idle<=90",2026-04-20,2026-04-21 11:02:13,10,10,2026-09-29 18:00:00,1.0,Dang Kim Thuong,Inhouse 1,Dang Kim Thuong,Inhouse 1,Ms Jenny Advisor,25300000.0,False,False,,,,,,2026-10-01
2026-10,740422670973186,1,3310262252,Đến hạn,Normal,"1-20, idle<=90",2026-04-16,2026-04-16 18:27:36,8,8,2026-09-28 19:00:00,2.0,Pham Thi Thao,Inhouse 1,Pham Thi Thao,Inhouse 1,Ruby Advisor,10080000.0,False,False,,,,,,2026-10-01
2026-10,740737110001926,1,3310299322,Đến hạn,Normal,"1-20, idle<=90",2026-04-18,2026-04-18 17:01:28,11,11,2026-09-29 21:30:00,1.0,Cao Thi Lua,Inhouse 1,Cao Thi Lua,Inhouse 1,Thao Chi Advisor,9580000.0,False,False,,,,,,2026-10-01
2026-10,744975637842182,1,3310311843,Đến hạn,Normal,"1-20, idle<=90",2026-05-11,2026-05-13 17:52:01,17,17,2026-09-25 23:00:00,5.0,Nguyen Thao Anh,Inhouse 1,Nguyen Thao Anh,Inhouse 1,Ms Laura,9380000.0,True,True,TMP_3310311843_20260728,2026-07-28 00:00:00,8823000.0,GMV,75.0,2026-10-01
2026-10,740606489876738,1,3310313420,Đến hạn,Normal,"1-20, idle<=90",2026-04-16,2026-04-19 11:01:13,12,65,2026-09-27 20:30:00,3.0,Nguyen Thi Hang Nga,Inhouse 1,Nguyen Thi Hang Nga,Inhouse 1,Ms Jenny Advisor,9828000.0,True,True,767480454023432,2026-08-28 00:00:00,8853000.0,GMV+REM,130.0,2026-10-01
2026-10,743604032758024,1,3310314777,Đến hạn,Normal,"1-20, idle<=90",2026-05-04,2026-05-05 16:29:48,20,20,2026-09-27 10:00:00,3.0,Nguyen Thuy Trang,Inhouse 1,Nguyen Thuy Trang,Inhouse 1,Thao Chi Advisor,9280000.0,False,False,,,,,,2026-10-01
2026-10,741510508157192,1,3310346495,Đến hạn,Normal,"1-20, idle<=90",2026-04-22,2026-04-23 16:52:51,14,14,2026-09-25 19:00:00,5.0,Kieu Thi Thu Quynh,Inhouse 1,Kieu Thi Thu Quynh,Inhouse 1,Ruby Advisor,9700000.0,False,False,,,,,,2026-10-01
2026-10,743904996917506,1,3310363910,Đến hạn,Normal,"1-20, idle<=90",2026-04-27,2026-05-06 18:52:39,18,18,2026-09-28 21:30:00,2.0,Cao Thi Lua,Inhouse 1,Cao Thi Lua,Inhouse 1,Diem Quynh Advisor,8658000.0,False,False,,,,,,2026-10-01
2026-10,741487194050824,1,3310375380,Đến hạn,Normal,"1-20, idle<=90",2026-04-08,2026-04-22 19:09:20,11,11,2026-09-29 19:30:00,1.0,Bui Thi Hong Van,Inhouse 1,Bui Thi Hong Van,Inhouse 1,Ruby Advisor,9010000.0,False,False,,,,,,2026-10-01
2026-10,757618740185350,2,3310385991,Đến hạn,Normal,"1-20, idle<=90",2026-07-22,2026-07-28 17:19:53,12,12,2026-09-27 21:30:00,3.0,Nguyen Thuy Trang,Inhouse 1,Nguyen Thuy Trang,Inhouse 1,Ruby Advisor,4540000.0,False,False,,,,,,2026-10-01
2026-10,742020290695432,1,3310404421,Đến hạn,Normal,"1-20, idle<=90",2026-04-25,2026-04-25 19:21:17,6,59,2026-09-28 18:30:00,2.0,Le Kim Chi,Inhouse 1,Le Kim Chi,Inhouse 1,Ms Jenny Advisor,9380000.0,True,True,760800476834056,2026-08-09 00:00:00,8750000.0,GMV+REM,105.0,2026-10-01
2026-10,741082340692232,1,3310405619,Đến hạn,Normal,"1-20, idle<=90",2026-04-19,2026-04-21 18:44:24,8,8,2026-09-28 15:30:00,2.0,Dang Kim Thuong,Inhouse 1,Dang Kim Thuong,Inhouse 1,Diem Quynh Advisor,10800000.0,False,False,,,,,,2026-10-01
2026-10,742701661624584,1,3310426211,Đến hạn,Normal,"1-20, idle<=90",2026-04-29,2026-04-30 09:31:44,10,63,2026-09-27 19:00:00,3.0,Nguyen Cam Tu,Inhouse 1,Nguyen Cam Tu,Inhouse 1,Diem Quynh Advisor,8880000.0,True,True,767084766728456,2026-09-12 00:00:00,8480000.0,GMV+REM,134.0,2026-10-01
2026-10,741302263847174,1,3310476839,Đến hạn,Normal,"1-20, idle<=90",2026-04-21,2026-04-21 21:08:08,16,16,2026-09-29 21:00:00,1.0,Le Thi Thuy Trang,Inhouse 1,Le Thi Thuy Trang,Inhouse 1,Ms Jenny Advisor,9080000.0,False,False,,,,,,2026-10-01
2026-10,743604236062978,1,3310478184,Đến hạn,Normal,"1-20, idle<=90",2026-05-04,2026-05-06 11:40:29,14,14,2026-09-29 21:00:00,1.0,Nguyen Thuy Trang,Inhouse 1,Nguyen Thuy Trang,Inhouse 1,Diem Quynh Advisor,8780000.0,False,False,,,,,,2026-10-01
2026-10,744799352908040,1,3310479743,Đến hạn,Normal,"1-20, idle<=90",2026-04-29,2026-05-11 12:55:54,11,11,2026-09-27 21:30:00,3.0,Nguyen Thi Hang Nga,Inhouse 1,Nguyen Thi Hang Nga,Inhouse 1,Ms Jenny Advisor,9080000.0,False,False,,,,,,2026-10-01
2026-10,742695389716744,1,3310484642,Đến hạn,Normal,"1-20, idle<=90",2026-04-29,2026-04-29 18:09:09,12,12,2026-09-27 08:30:00,3.0,Le Thi Tuyet,Inhouse 1,Le Thi Tuyet,Inhouse 1,Ruby Advisor,10080000.0,False,False,,,,,,2026-10-01
2026-10,741797530689800,1,3310485745,Đến hạn,Normal,"1-20, idle<=90",2026-04-24,2026-04-24 15:44:03,14,14,2026-09-26 17:30:00,4.0,Le To Hai My,Inhouse 1,Cao Thi Lua,Inhouse 1,Diem Quynh Advisor,9080000.0,False,False,,,,,,2026-10-01
2026-10,746219885986054,1,3310486815,Đến hạn,Normal,"1-20, idle<=90",2026-05-19,2026-05-21 13:48:05,18,18,2026-09-24 21:30:00,6.0,Cao Thi Lua,Inhouse 1,Cao Thi Lua,Inhouse 1,Ms Jenny Advisor,9300000.0,False,False,,,,,,2026-10-01
2026-10,741301060579592,1,3310490466,Đến hạn,Normal,"1-20, idle<=90",2026-04-21,2026-04-21 18:58:26,14,14,2026-09-29 21:00:00,1.0,Ngo Thi Hue,Inhouse 2,Kieu Lan Anh,Inhouse 2,Tran Thu Ha,9850000.0,False,False,,,,,,2026-10-01
2026-10,741459160895752,1,3310490475,Đến hạn,Normal,"1-20, idle<=90",2026-04-22,2026-04-22 15:55:28,11,64,2026-09-26 21:00:00,4.0,Vu Thi Tuyet Trinh,Inhouse 1,Vu Thi Tuyet Trinh,Inhouse 1,Diem Quynh Advisor,9828000.0,True,True,766032541686024,2026-08-27 00:00:00,8482500.0,GMV+REM,126.0,2026-10-01
2026-10,762012370641158,2,3310493741,Đến hạn,Normal,"1-20, idle<=90",2026-08-16,2026-08-16 18:51:42,16,16,2026-09-27 21:30:00,3.0,Vu Cam Ly,Inhouse 2,Vu Cam Ly,Inhouse 2,Vu Cam Ly,12375000.0,False,False,,,,,,2026-10-01
2026-10,741646577254658,1,3310505888,Đến hạn,Normal,"1-20, idle<=90",2026-04-22,2026-04-23 19:17:39,19,19,2026-09-27 18:30:00,3.0,Nguyen Kieu Trang,Inhouse 1,Nguyen Kieu Trang,Inhouse 1,Ms Jenny Advisor,9375500.0,False,False,,,,,,2026-10-01
2026-10,741427357585672,1,3310508160,Đến hạn,Normal,"1-20, idle<=90",2026-04-21,2026-04-22 19:43:21,8,114,2026-09-29 21:00:00,1.0,Nguyen Phuong Thuy,Inhouse 1,Nguyen Phuong Thuy,Inhouse 1,Diem Quynh Advisor,10080000.0,True,True,767275926462722,2026-09-14 00:00:00,16880000.0,GMV+REM,144.0,2026-10-01
2026-10,741638681340168,1,3310515386,Đến hạn,Normal,"1-20, idle<=90",2026-04-23,2026-04-23 20:46:27,1,1,2026-09-26 18:00:00,4.0,Nguyen Nhu Ngoc,Inhouse 1,Nguyen Nhu Ngoc,Inhouse 1,Ms Jenny Advisor,9580000.0,False,False,,,,,,2026-10-01
2026-10,745328269138182,1,3310573232,Đến hạn,Normal,"1-20, idle<=90",2026-04-22,2026-05-14 21:06:55,18,18,2026-09-28 21:30:00,2.0,Nguyen Thi Hang Nga,Inhouse 1,Nguyen Thi Hang Nga,Inhouse 1,Thao Chi Advisor,9580000.0,False,False,,,,,,2026-10-01
2026-10,741822452979976,1,3310577777,Đến hạn,Normal,"1-20, idle<=90",2026-04-24,2026-04-24 19:10:12,12,12,2026-09-25 21:30:00,5.0,Le To Hai My,Inhouse 1,Cao Thi Lua,Inhouse 1,Diem Quynh Advisor,9080000.0,False,False,,,,,,2026-10-01
2026-10,746917420953862,1,3310583145,Đến hạn,Normal,"1-20, idle<=90",2026-05-22,2026-05-25 17:20:13,13,13,2026-09-28 20:30:00,2.0,Nguyen Phuong Thuy,Inhouse 1,Nguyen Phuong Thuy,Inhouse 1,Ms Jenny Advisor,9880000.0,False,False,,,,,,2026-10-01
2026-10,741837409839368,1,3310583166,Đến hạn,Normal,"1-20, idle<=90",2026-04-24,2026-04-25 13:43:05,14,14,2026-09-20 20:00:00,10.0,Le Thi Lan Anh,Inhouse 1,Le Thi Lan Anh,Inhouse 1,Ms Laura,9010000.0,False,False,,,,,,2026-10-01
2026-10,741491207631110,1,3310588272,Đến hạn,Normal,"1-20, idle<=90",2026-04-22,2026-04-22 22:15:16,11,11,2026-09-26 18:00:00,4.0,Pham Thi Thao,Inhouse 1,Pham Thi Thao,Inhouse 1,Diem Quynh Advisor,9010000.0,False,False,,,,,,2026-10-01
2026-10,743735425097986,1,3310593198,Đến hạn,Normal,"1-20, idle<=90",2026-05-04,2026-05-05 17:18:59,19,19,2026-09-24 22:30:00,6.0,Le To Hai My,Inhouse 1,Cao Thi Lua,Inhouse 1,Ms Jenny Advisor,9050000.0,False,False,,,,,,2026-10-01
2026-10,741674428911874,1,3310597568,Đến hạn,Normal,"1-20, idle<=90",2026-04-23,2026-04-23 20:36:03,6,6,2026-09-27 10:30:00,3.0,Nguyen Thao Anh,Inhouse 1,Nguyen Thao Anh,Inhouse 1,Thao Chi Advisor,10080000.0,False,False,,,,,,2026-10-01
2026-10,742696815771912,1,3310610982,Đến hạn,Normal,"1-20, idle<=90",2026-04-29,2026-04-29 23:55:45,5,5,2026-09-29 21:30:00,1.0,Ta Thi Thu Phuong,Inhouse 2,Mai Thi Lien,Inhouse 2,Ms Jenny Advisor,9800000.0,False,False,,,,,,2026-10-01
2026-10,760271705559304,1,3310611007,Đến hạn,Normal,"1-20, idle<=90",2026-08-06,2026-08-08 20:13:46,11,11,2026-09-28 21:30:00,2.0,Le Kim Chi,Inhouse 1,Le Kim Chi,Inhouse 1,Dao Thi Hoang Yen,4420000.0,False,False,,,,,,2026-10-01
2026-10,747327859470600,1,3310614447,Đến hạn,Normal,"1-20, idle<=90",2026-04-30,2026-05-26 12:57:18,4,57,2026-09-28 21:00:00,2.0,Nguyen Kieu Trang,Inhouse 1,Nguyen Kieu Trang,Inhouse 1,Diem Quynh Advisor,9210100.0,True,True,768695774136578,2026-09-21 00:00:00,8687250.0,GMV+REM,117.0,2026-10-01
2026-10,745494219620610,1,3310615380,Đến hạn,Normal,"1-20, idle<=90",2026-05-14,2026-05-16 22:35:02,18,18,2026-09-27 21:00:00,3.0,Dang Kim Thuong,Inhouse 1,Dang Kim Thuong,Inhouse 1,Thao Chi Advisor,9580000.0,False,False,,,,,,2026-10-01
2026-10,742712577683714,1,3310619683,Đến hạn,Normal,"1-20, idle<=90",2026-04-28,2026-04-29 17:41:38,19,19,2026-09-25 22:30:00,5.0,Nguyen Phuong Thuy,Inhouse 1,Nguyen Phuong Thuy,Inhouse 1,Ruby Advisor,10700000.0,False,False,,,,,,2026-10-01
2026-10,742595425116422,1,3310620964,Đến hạn,Normal,"1-20, idle<=90",2026-04-28,2026-05-03 17:16:20,11,11,2026-09-27 22:00:00,3.0,Ta Thi Thu Phuong,Inhouse 2,Vu Ho Thanh Huong,Inhouse 2,Tran Thu Ha,9080000.0,False,False,,,,,,2026-10-01
2026-10,742314910976262,1,3310629476,Đến hạn,Normal,"1-20, idle<=90",2026-04-26,2026-04-27 10:58:52,19,19,2026-09-29 21:30:00,1.0,Nguyen Cam Tu,Inhouse 1,Nguyen Cam Tu,Inhouse 1,Diem Quynh Advisor,8880000.0,False,False,,,,,,2026-10-01
2026-10,742704818051334,1,3310629888,Đến hạn,Normal,"1-20, idle<=90",2026-04-26,2026-04-29 16:15:33,16,69,2026-09-26 19:00:00,4.0,Dao Ngoc Lan Anh,Inhouse 1,Bui Thi Hong Van,Inhouse 1,Diem Quynh Advisor,9080000.0,True,True,759698426661128,2026-08-03 00:00:00,8450000.0,GMV+REM,95.0,2026-10-01
2026-10,742719738124552,1,3310630928,Đến hạn,Normal,"1-20, idle<=90",2026-04-28,2026-04-29 18:40:52,15,15,2026-09-25 23:30:00,5.0,Nguyen Phuong Thuy,Inhouse 1,Nguyen Phuong Thuy,Inhouse 1,Ruby Advisor,9020000.0,False,False,,,,,,2026-10-01
2026-10,762169277974786,2,3310632191,Đến hạn,Normal,"1-20, idle<=90",2026-08-14,2026-08-19 15:07:02,14,14,2026-09-27 17:00:00,3.0,Nguyen Cam Tu,Inhouse 1,Nguyen Cam Tu,Inhouse 1,Thao Chi Advisor,4350000.0,False,False,,,,,,2026-10-01
2026-10,742773762615554,1,3310651075,Đến hạn,Normal,"1-20, idle<=90",2026-04-28,2026-05-01 15:48:19,19,19,2026-09-04 22:00:00,26.0,Nguyen Phuong Thuy,Inhouse 1,Nguyen Phuong Thuy,Inhouse 1,Ruby Advisor,9020000.0,False,False,,,,,,2026-10-01
2026-10,745143156498690,1,3310676174,Đến hạn,Normal,"1-20, idle<=90",2026-05-13,2026-05-13 12:26:15,6,6,2026-09-29 19:00:00,1.0,Vu Thi Tuyet Trinh,Inhouse 1,Vu Thi Tuyet Trinh,Inhouse 1,Ms Jenny Advisor,4550000.0,False,False,,,,,,2026-10-01
2026-10,746609231657222,1,3310710200,Đến hạn,Normal,"1-20, idle<=90",2026-05-21,2026-05-21 19:46:17,18,71,2026-09-27 16:30:00,3.0,Nguyen Cam Tu,Inhouse 1,Nguyen Cam Tu,Inhouse 1,Thao Chi Advisor,9080000.0,True,True,769752609353992,2026-09-29 00:00:00,8480000.0,GMV+REM,130.0,2026-10-01
2026-10,742700403511558,1,3310710260,Đến hạn,Frozen,"1-20, idle<=90",2026-04-29,2026-05-05 23:48:08,9,9,2026-08-24 20:30:00,37.0,Cao Thi Lua,Inhouse 1,Cao Thi Lua,Inhouse 1,Ms Jenny Advisor,10080000.0,False,False,,,,,,2026-10-01
2026-10,743739009984776,1,3310712174,Đến hạn,Normal,"1-20, idle<=90",2026-05-05,2026-05-05 14:49:10,14,14,2026-09-28 20:30:00,2.0,Luu Thi Hoang Ngan,Inhouse 1,Luu Thi Hoang Ngan,Inhouse 1,Diem Quynh Advisor,9080000.0,False,False,,,,,,2026-10-01
2026-10,743192582580488,1,3310765727,Đến hạn,Normal,"1-20, idle<=90",2026-05-01,2026-05-02 10:15:38,15,15,2026-09-29 18:30:00,1.0,Pham Thi Tam Thuy,Inhouse 1,Le Thi Lan Anh,Inhouse 1,Ellie Advisor,10080000.0,False,False,,,,,,2026-10-01
2026-10,743734146449672,1,3310789634,Đến hạn,Normal,"1-20, idle<=90",2026-04-30,2026-05-08 19:54:01,13,13,2026-09-29 19:30:00,1.0,Bui Thi Thai Duong,Inhouse 1,Bui Thi Thai Duong,Inhouse 1,Diem Quynh Advisor,9080000.0,False,False,,,,,,2026-10-01
2026-10,742773142429960,1,3310790709,Đến hạn,Normal,"1-20, idle<=90",2026-04-29,2026-04-30 07:02:34,9,9,2026-09-29 16:30:00,1.0,Pham Thi Tam Thuy,Inhouse 1,Le Thi Lan Anh,Inhouse 1,Ruby Advisor,9080000.0,False,False,,,,,,2026-10-01
2026-10,743548221257990,1,3310841269,Đến hạn,Normal,"1-20, idle<=90",2026-04-29,2026-05-04 12:20:53,20,20,2026-09-28 22:00:00,2.0,Ta Thi Thu Phuong,Inhouse 2,Kieu Lan Anh,Inhouse 2,Ms Jenny Advisor,9580000.0,False,False,,,,,,2026-10-01
2026-10,743589315772680,1,3310848413,Đến hạn,Normal,"1-20, idle<=90",2026-04-30,2026-05-04 15:47:58,11,11,2026-09-28 21:30:00,2.0,Pham Thi Thao,Inhouse 1,Pham Thi Thao,Inhouse 1,Diem Quynh Advisor,10080000.0,False,False,,,,,,2026-10-01
2026-10,742698902184200,1,3310855092,Đến hạn,Normal,"1-20, idle<=90",2026-04-29,2026-05-04 20:37:56,15,15,2026-09-29 21:00:00,1.0,Kieu Lan Anh,Inhouse 2,Kieu Lan Anh,Inhouse 2,Tran Thu Ha,9275000.0,False,False,,,,,,2026-10-01
2026-10,743772097417480,1,3310871114,Đến hạn,Normal,"1-20, idle<=90",2026-05-03,2026-05-06 18:40:37,17,17,2026-09-28 23:30:00,2.0,Vu Thi Tuyet Trinh,Inhouse 1,Vu Thi Tuyet Trinh,Inhouse 1,Ms Laura,9080000.0,False,False,,,,,,2026-10-01
2026-10,754699576287490,1,3310874670,Đến hạn,Normal,"1-20, idle<=90",2026-06-25,2026-07-06 11:07:58,2,2,2026-09-29 21:00:00,1.0,Cao Thi Lua,Inhouse 1,Cao Thi Lua,Inhouse 1,Thao Chi Advisor,4420000.0,False,False,,,,,,2026-10-01
2026-10,743992876613896,1,3310918016,Đến hạn,Normal,"1-20, idle<=90",2026-05-06,2026-05-08 10:57:10,19,19,2026-09-29 20:30:00,1.0,Nguyen Thi Trang,Inhouse 2,Nguyen Thi Trang,Inhouse 2,Ms Jenny Advisor,9580000.0,False,False,,,,,,2026-10-01
2026-10,744090502189318,1,3310943317,Đến hạn,Normal,"1-20, idle<=90",2026-04-30,2026-05-07 19:18:59,16,16,2026-09-28 20:00:00,2.0,Le Kim Chi,Inhouse 1,Le Kim Chi,Inhouse 1,Diem Quynh Advisor,9080000.0,False,False,,,,,,2026-10-01
2026-10,743919420901640,1,3310991318,Đến hạn,Normal,"1-20, idle<=90",2026-05-04,2026-05-06 13:04:51,12,12,2026-09-26 19:00:00,4.0,Le Thi Thuy Trang,Inhouse 1,Le Thi Thuy Trang,Inhouse 1,Thao Chi Advisor,9580000.0,False,False,,,,,,2026-10-01
2026-10,759835210440962,1,3310991895,Đến hạn,Normal,"1-20, idle<=90",2026-05-23,2026-08-04 18:16:40,12,12,2026-09-25 20:00:00,5.0,Nguyen Cam Tu,Inhouse 1,Nguyen Cam Tu,Inhouse 1,Diem Quynh Advisor,4550000.0,False,False,,,,,,2026-10-01
2026-10,744838955970818,1,3310991910,Đến hạn,Normal,"1-20, idle<=90",2026-05-11,2026-05-11 18:11:02,14,14,2026-09-29 21:00:00,1.0,Tran Thi Ngoc Phuong,Inhouse 1,Ta Thuy Van,Inhouse 1,Diem Quynh Advisor,9210000.0,False,False,,,,,,2026-10-01
2026-10,743960979665154,1,3311032514,Đến hạn,Normal,"1-20, idle<=90",2026-05-06,2026-05-06 20:48:45,3,82,2026-09-29 22:30:00,1.0,Vu Thi Khanh Huyen,Inhouse 2,Nguyen Thi Trang,Inhouse 2,Tran Thu Ha,9080000.0,True,True,763066135525640,2026-08-22 00:00:00,11850000.0,GMV+REM,107.0,2026-10-01
2026-10,744795147677958,1,3311037556,Đến hạn,Normal,"1-20, idle<=90",2026-05-08,2026-05-11 15:55:58,18,18,2026-09-29 20:30:00,1.0,Nguyen Phuong Thuy,Inhouse 1,Nguyen Phuong Thuy,Inhouse 1,Ms Jenny Advisor,9780000.0,True,True,TMP_3311037556_20260930,2026-09-30 00:00:00,8460000.0,GMV,141.0,2026-10-01
2026-10,744628543138050,1,3311046085,Đến hạn,Normal,"1-20, idle<=90",2026-05-10,2026-05-11 18:53:25,15,15,2026-09-26 19:00:00,4.0,Le Thi Thuy Van,Inhouse 2,Le Thi Thuy Van,Inhouse 2,Ms Jenny Advisor,10080000.0,False,False,,,,,,2026-10-01
2026-10,744316345368834,1,3311059704,Đến hạn,Normal,"1-20, idle<=90",2026-05-08,2026-05-11 19:53:45,14,14,2026-09-25 19:00:00,5.0,Le Thi Tuyet,Inhouse 1,Le Thi Tuyet,Inhouse 1,Ruby Advisor,9580000.0,False,False,,,,,,2026-10-01
2026-10,745492905036040,1,3311063583,Đến hạn,Normal,"1-20, idle<=90",2026-05-14,2026-05-15 12:37:07,16,16,2026-09-27 11:00:00,3.0,Nguyen Nhu Ngoc,Inhouse 1,Nguyen Nhu Ngoc,Inhouse 1,Diem Quynh Advisor,9080000.0,False,False,,,,,,2026-10-01
2026-10,747982391447810,1,3311069834,Đến hạn,Normal,"1-20, idle<=90",2026-05-29,2026-05-30 17:36:58,18,18,2026-09-29 19:00:00,1.0,Le Thi Thuy Trang,Inhouse 1,Le Thi Thuy Trang,Inhouse 1,Ruby Advisor,8480000.0,False,False,,,,,,2026-10-01
2026-10,744793204125954,1,3311083394,Đến hạn,Normal,"1-20, idle<=90",2026-05-08,2026-05-11 13:06:11,20,20,2026-09-26 11:30:00,4.0,Nguyen Kieu Trang,Inhouse 1,Nguyen Kieu Trang,Inhouse 1,Thao Chi Advisor,9080000.0,False,False,,,,,,2026-10-01
2026-10,747814404014342,1,3311084949,Đến hạn,Normal,"1-20, idle<=90",2026-05-04,2026-05-28 16:16:37,13,13,2026-09-27 22:00:00,3.0,Vu Cam Ly,Inhouse 2,Vu Cam Ly,Inhouse 2,Tran Thu Ha,9010000.0,False,False,,,,,,2026-10-01
2026-10,758078252185858,1,3311094950,Đến hạn,Normal,"1-20, idle<=90",2026-07-25,2026-07-25 14:38:40,15,15,2026-09-25 21:00:00,5.0,Pham Thi Thao,Inhouse 1,Pham Thi Thao,Inhouse 1,Pham Thi Thao,13875000.0,False,False,,,,,,2026-10-01
2026-10,745216927121670,1,3311095926,Đến hạn,Normal,"1-20, idle<=90",2026-05-13,2026-05-13 20:36:55,16,16,2026-09-25 20:00:00,5.0,Dao Ngoc Lan Anh,Inhouse 1,Le Thi Thuy Trang,Inhouse 1,Thao Chi Advisor,9780000.0,False,False,,,,,,2026-10-01
2026-10,745029569114370,1,3311099197,Đến hạn,Normal,"1-20, idle<=90",2026-05-12,2026-05-14 15:37:16,16,16,2026-09-27 20:30:00,3.0,Mai Thi Lien,Inhouse 2,Mai Thi Lien,Inhouse 2,Ms Jenny Advisor,9010000.0,False,False,,,,,,2026-10-01
2026-10,746045493756162,1,3311103962,Đến hạn,Normal,"1-20, idle<=90",2026-05-16,2026-05-18 17:11:13,19,19,2026-09-28 10:00:00,2.0,Le Kim Chi,Inhouse 1,Le Kim Chi,Inhouse 1,Thao Chi Advisor,9048000.0,False,False,,,,,,2026-10-01
2026-10,744474455359746,1,3311114137,Đến hạn,Normal,"1-20, idle<=90",2026-05-07,2026-05-10 21:26:30,19,19,2026-09-29 22:00:00,1.0,Nguyen Thi Thao Ngoc,Inhouse 1,Nguyen Thi Thao Ngoc,Inhouse 1,Thao Chi Advisor,9010000.0,False,False,,,,,,2026-10-01
2026-10,747304917307656,1,3311118484,Đến hạn,Normal,"1-20, idle<=90",2026-05-08,2026-05-26 13:05:40,1,107,2026-09-28 21:00:00,2.0,Le Thi Lan Anh,Inhouse 1,Le Thi Lan Anh,Inhouse 1,Diem Quynh Advisor,9535500.0,True,True,767125416775942,2026-09-12 00:00:00,16424500.0,GMV+REM,108.0,2026-10-01
2026-10,744795913367814,1,3311131710,Đến hạn,Normal,"1-20, idle<=90",2026-05-09,2026-05-13 07:15:24,15,15,2026-09-29 21:00:00,1.0,Le Thi Lan Anh,Inhouse 1,Le Thi Lan Anh,Inhouse 1,Thao Chi Advisor,9580000.0,False,False,,,,,,2026-10-01
2026-10,744483938887942,1,3311136959,Đến hạn,Normal,"1-20, idle<=90",2026-05-08,2026-05-11 16:13:21,2,55,2026-09-28 21:30:00,2.0,Luu Thi Hoang Ngan,Inhouse 1,Luu Thi Hoang Ngan,Inhouse 1,Diem Quynh Advisor,9580000.0,True,True,766609744820486,2026-08-27 00:00:00,8750000.0,GMV+REM,107.0,2026-10-01
2026-10,744691837815048,1,3311139846,Đến hạn,Normal,"1-20, idle<=90",2026-05-10,2026-05-11 16:56:46,17,17,2026-09-29 00:00:00,2.0,Pham Thi Tam Thuy,Inhouse 1,Le Thi Lan Anh,Inhouse 1,Ms Laura,26302000.0,False,False,,,,,,2026-10-01
2026-10,744300518457606,1,3311140212,Đến hạn,Normal,"1-20, idle<=90",2026-05-08,2026-05-11 16:24:10,17,17,2026-09-29 20:30:00,1.0,Pham Long Vu,Inhouse 2,Le Thi Thuy Van,Inhouse 2,Tran Thu Ha,9850000.0,False,False,,,,,,2026-10-01
2026-10,744300137687298,1,3311188064,Đến hạn,Normal,"1-20, idle<=90",2026-05-08,2026-05-09 09:56:38,20,20,2026-09-28 20:00:00,2.0,Pham Thi Thao,Inhouse 1,Pham Thi Thao,Inhouse 1,Ellie Advisor,9200000.0,False,False,,,,,,2026-10-01
2026-10,745193440784642,1,3311189485,Đến hạn,Normal,"1-20, idle<=90",2026-05-13,2026-05-13 18:45:09,17,17,2026-09-25 21:00:00,5.0,Pham Long Vu,Inhouse 2,Le Thi Thuy Van,Inhouse 2,Tran Thu Ha,8750000.0,False,False,,,,,,2026-10-01
2026-10,748538909446408,1,3311195799,Đến hạn,Normal,"1-20, idle<=90",2026-05-31,2026-06-01 15:57:06,2,2,2026-09-28 19:00:00,2.0,Bui Thi Thai Duong,Inhouse 1,Bui Thi Thai Duong,Inhouse 1,Ruby Advisor,8745000.0,False,False,,,,,,2026-10-01
2026-10,745007452367112,1,3311199404,Đến hạn,Normal,"1-20, idle<=90",2026-05-12,2026-05-12 16:11:29,14,14,2026-09-26 21:30:00,4.0,Nguyen Thao Anh,Inhouse 1,Nguyen Thao Anh,Inhouse 1,Thao Chi Advisor,10080000.0,False,False,,,,,,2026-10-01
2026-10,745005458153736,1,3311228446,Đến hạn,Normal,"1-20, idle<=90",2026-05-09,2026-05-12 18:41:13,8,8,2026-09-29 20:00:00,1.0,Le Thi Thu Yen,Inhouse 1,Le Thi Thu Yen,Inhouse 1,Thao Chi Advisor,9580000.0,False,False,,,,,,2026-10-01
2026-10,744801604423942,1,3311232054,Đến hạn,Normal,"1-20, idle<=90",2026-05-08,2026-05-11 18:58:00,11,117,2026-09-25 16:30:00,5.0,Vu Cam Ly,Inhouse 2,Vu Cam Ly,Inhouse 2,Ms Jenny Advisor,9850000.0,True,True,754034364100866,2026-06-30 00:00:00,16550000.0,GMV+REM,49.0,2026-10-01
2026-10,744441111519490,1,3311237585,Đến hạn,Normal,"1-20, idle<=90",2026-05-08,2026-05-11 18:08:26,17,17,2026-09-25 19:30:00,5.0,Pham Thi Tam Thuy,Inhouse 1,Le Thi Lan Anh,Inhouse 1,Ruby Advisor,10080000.0,False,False,,,,,,2026-10-01
2026-10,744794556115206,1,3311243834,Đến hạn,Normal,"1-20, idle<=90",2026-05-08,2026-05-11 19:55:43,6,6,2026-09-25 19:30:00,5.0,Le Thi Tuyet,Inhouse 1,Le Thi Tuyet,Inhouse 1,Ruby Advisor,9580000.0,False,False,,,,,,2026-10-01
2026-10,745354612951302,1,3311279407,Đến hạn,Normal,"1-20, idle<=90",2026-05-14,2026-05-14 21:23:42,16,16,2026-09-28 21:00:00,2.0,Vu Thi Tuyet Trinh,Inhouse 1,Vu Thi Tuyet Trinh,Inhouse 1,Thao Chi Advisor,9380000.0,False,False,,,,,,2026-10-01
2026-10,745313104484614,1,3311287650,Đến hạn,Normal,"1-20, idle<=90",2026-05-14,2026-05-14 14:52:11,7,7,2026-09-25 22:00:00,5.0,Le Thi Thuy Van,Inhouse 2,Le Thi Thuy Van,Inhouse 2,Ms Jenny Advisor,9050000.0,False,False,,,,,,2026-10-01
2026-10,746967308323074,1,3311352770,Đến hạn,Normal,"1-20, idle<=90",2026-05-23,2026-05-25 19:36:48,8,8,2026-09-28 21:00:00,2.0,Cao Thi Lua,Inhouse 1,Cao Thi Lua,Inhouse 1,Ms Jenny Advisor,9010000.0,False,False,,,,,,2026-10-01
2026-10,745731296833794,1,3311356153,Đến hạn,Normal,"1-20, idle<=90",2026-05-16,2026-05-16 18:39:22,1,102,2026-09-26 23:30:00,4.0,Le Thi Tuyet,Inhouse 1,Le Thi Tuyet,Inhouse 1,Thao Chi Advisor,13875000.0,True,True,759653550838024,2026-07-31 00:00:00,46200000.0,GMV+REM,75.0,2026-10-01
2026-10,750699262660872,1,3311363080,Đến hạn,Normal,"1-20, idle<=90",2026-05-31,2026-06-14 11:21:37,18,18,2026-09-28 21:00:00,2.0,Dang Kim Thuong,Inhouse 1,Dang Kim Thuong,Inhouse 1,Ruby Advisor,8853000.0,False,False,,,,,,2026-10-01
2026-10,745001175779586,1,3311366847,Đến hạn,Normal,"1-20, idle<=90",2026-05-12,2026-05-12 17:42:17,11,64,2026-09-28 21:00:00,2.0,Le Thuy Nhung,Inhouse 1,Le Thuy Nhung,Inhouse 1,Thao Chi Advisor,9080000.0,True,True,769798905288968,2026-09-29 00:00:00,8450000.0,GMV+REM,139.0,2026-10-01
2026-10,745141265883394,1,3311376451,Đến hạn,Normal,"1-20, idle<=90",2026-05-11,2026-05-13 11:09:48,16,16,2026-09-27 22:00:00,3.0,Pham Thi Thao,Inhouse 1,Pham Thi Thao,Inhouse 1,Diem Quynh Advisor,9600000.0,False,False,,,,,,2026-10-01
2026-10,746566204440838,1,3311378931,Đến hạn,Normal,"1-20, idle<=90",2026-05-20,2026-05-26 14:56:43,14,14,2026-09-28 22:30:00,2.0,Vu Thi Khanh Huyen,Inhouse 2,Kieu Lan Anh,Inhouse 2,Ms Jenny Advisor,9580000.0,False,False,,,,,,2026-10-01
2026-10,763590623949062,2,3311379165,Đến hạn,Normal,"1-20, idle<=90",2026-08-16,2026-08-25 17:00:55,17,17,2026-09-25 18:00:00,5.0,Lai Ngoc Thuy Linh,Ho Chi Minh,Lai Ngoc Thuy Linh,Ho Chi Minh,Dao Thi Hoang Yen,4900000.0,False,False,,,,,,2026-10-01
2026-10,746565548718338,1,3311418013,Đến hạn,Normal,"1-20, idle<=90",2026-05-16,2026-05-25 16:54:56,18,18,2026-09-29 21:00:00,1.0,Mai Thi Lien,Inhouse 2,Mai Thi Lien,Inhouse 2,Ms Jenny Advisor,9200000.0,False,False,,,,,,2026-10-01
2026-10,745364850761990,1,3311449575,Đến hạn,Normal,"1-20, idle<=90",2026-05-14,2026-05-14 17:45:15,11,11,2026-09-22 21:00:00,8.0,Le Kim Chi,Inhouse 1,Le Kim Chi,Inhouse 1,Thao Chi Advisor,5240000.0,False,False,,,,,,2026-10-01
2026-10,765889721710856,1,3311450125,Đến hạn,Normal,"1-20, idle<=90",2026-09-04,2026-09-08 11:31:43,19,19,2026-09-29 21:30:00,1.0,Nguyen Thi Hai Yen,Inhouse 2,Nguyen Thi Hai Yen,Inhouse 2,Tran Thu Ha,4436200.0,False,False,,,,,,2026-10-01
2026-10,746061053012232,1,3311490112,Đến hạn,Normal,"1-20, idle<=90",2026-05-16,2026-05-19 08:41:51,20,20,2026-09-29 21:00:00,1.0,Le Thi Thuy Van,Inhouse 2,Le Thi Thuy Van,Inhouse 2,Ms Jenny Advisor,9584200.0,False,False,,,,,,2026-10-01
2026-10,746593008351490,1,3311538332,Đến hạn,Normal,"1-20, idle<=90",2026-05-21,2026-05-21 15:41:55,15,15,2026-09-28 20:30:00,2.0,Kieu Thi Thu Quynh,Inhouse 1,Kieu Thi Thu Quynh,Inhouse 1,Ms Jenny Advisor,9080000.0,False,False,,,,,,2026-10-01
2026-10,746038607821062,1,3311542483,Đến hạn,Normal,"1-20, idle<=90",2026-05-17,2026-05-18 16:24:56,10,10,2026-09-29 20:30:00,1.0,Kieu Lan Anh,Inhouse 2,Kieu Lan Anh,Inhouse 2,Ms Jenny Advisor,9850000.0,False,False,,,,,,2026-10-01
2026-10,746094321459464,1,3311543368,Đến hạn,Normal,"1-20, idle<=90",2026-05-18,2026-05-18 19:38:24,17,17,2026-09-29 22:00:00,1.0,Vu Cam Ly,Inhouse 2,Vu Cam Ly,Inhouse 2,Ms Jenny Advisor,9010000.0,False,False,,,,,,2026-10-01
2026-10,746563402051842,1,3311543560,Đến hạn,Normal,"1-20, idle<=90",2026-05-20,2026-05-21 13:45:04,20,20,2026-09-23 18:30:00,7.0,Nguyen Phuong Thuy,Inhouse 1,Nguyen Phuong Thuy,Inhouse 1,Ellie Advisor,9800000.0,True,True,TMP_3311543560_20260930,2026-09-30 00:00:00,8380000.0,GMV,131.0,2026-10-01
2026-10,747321698988294,1,3311579219,Đến hạn,Normal,"1-20, idle<=90",2026-05-25,2026-05-27 11:49:54,19,19,2026-09-26 18:00:00,4.0,Dao Ngoc Lan Anh,Inhouse 1,Le Thi Tuyet,Inhouse 1,Diem Quynh Advisor,9080000.0,False,False,,,,,,2026-10-01
2026-10,746769425774850,1,3311585382,Đến hạn,Normal,"1-20, idle<=90",2026-05-22,2026-05-22 16:23:46,9,9,2026-09-26 11:00:00,4.0,Le Thuy Nhung,Inhouse 1,Le Thuy Nhung,Inhouse 1,Ms Jenny Advisor,9580000.0,False,False,,,,,,2026-10-01
2026-10,746038859688194,1,3311594425,Đến hạn,Normal,"1-20, idle<=90",2026-05-17,2026-05-18 21:11:45,5,111,2026-09-28 22:00:00,2.0,Kieu Lan Anh,Inhouse 2,Kieu Lan Anh,Inhouse 2,Ms Jenny Advisor,9850000.0,True,True,752395916155144,2026-06-22 00:00:00,16550000.0,GMV+REM,34.0,2026-10-01
2026-10,747811564779782,1,3311604603,Đến hạn,Normal,"1-20, idle<=90",2026-05-28,2026-05-28 12:54:38,19,19,2026-09-28 19:00:00,2.0,Vu Cam Ly,Inhouse 2,Vu Cam Ly,Inhouse 2,Ms Jenny Advisor,9250000.0,False,False,,,,,,2026-10-01
2026-10,748694669500680,1,3311648049,Đến hạn,Normal,"1-20, idle<=90",2026-06-02,2026-06-02 22:57:20,15,15,2026-09-28 22:00:00,2.0,Le Hung Cuong,Inhouse 2,Nguyen Thi Hai Yen,Inhouse 2,Ms Jenny Advisor,9010000.0,False,False,,,,,,2026-10-01
2026-10,747696150059266,1,3311676901,Đến hạn,Normal,"1-20, idle<=90",2026-05-26,2026-05-28 18:32:14,15,15,2026-09-27 21:00:00,3.0,Hoang Thi Hong Tham,Offline Team HaNoi,Hoang Thi Hong Tham,Offline Team HaNoi,Tran Thu Ha,9800000.0,False,False,,,,,,2026-10-01
2026-10,746420275472646,1,3311681555,Đến hạn,Normal,"1-20, idle<=90",2026-05-20,2026-05-20 16:21:33,15,15,2026-09-28 21:00:00,2.0,Vu Cam Ly,Inhouse 2,Vu Cam Ly,Inhouse 2,Ms Jenny Advisor,9850000.0,False,False,,,,,,2026-10-01
2026-10,761850640720130,2,3311683861,Đến hạn,Normal,"1-20, idle<=90",2026-08-15,2026-08-15 21:48:29,15,15,2026-09-28 21:00:00,2.0,Nguyen Thuy Trang,Inhouse 1,Nguyen Thuy Trang,Inhouse 1,Ms Jenny Advisor,4350000.0,False,False,,,,,,2026-10-01
2026-10,747263220578562,1,3311687434,Đến hạn,Normal,"1-20, idle<=90",2026-05-23,2026-05-25 13:04:53,16,16,2026-09-28 19:00:00,2.0,Vu Thi Khanh Huyen,Inhouse 2,Nguyen Thi Hai Yen,Inhouse 2,Ms Jenny Advisor,9080000.0,False,False,,,,,,2026-10-01
2026-10,746378297551106,1,3311716270,Đến hạn,Normal,"1-20, idle<=90",2026-05-19,2026-05-20 10:06:29,15,41,2026-09-26 09:30:00,4.0,Le Thi Thuy Van,Inhouse 2,Le Thi Thuy Van,Inhouse 2,Diem Quynh Advisor,9000000.0,True,True,746384456900872,2026-05-20 10:56:44,5520000.0,REM,0.0,2026-10-01
2026-10,746593910931718,1,3311719439,Đến hạn,Normal,"1-20, idle<=90",2026-05-21,2026-05-21 18:00:05,18,18,2026-09-29 19:00:00,1.0,Le Kim Chi,Inhouse 1,Le Kim Chi,Inhouse 1,Thao Chi Advisor,25800000.0,True,True,TMP_3311719439_20260930,2026-09-30 00:00:00,23800000.0,GMV,131.0,2026-10-01
2026-10,759159049271560,2,3311721769,Đến hạn,Normal,"1-20, idle<=90",2026-06-21,2026-08-02 12:20:29,3,3,2026-09-29 22:00:00,1.0,Nguyen Kieu Trang,Inhouse 1,Nguyen Kieu Trang,Inhouse 1,Diem Quynh Advisor,5040000.0,False,False,,,,,,2026-10-01
2026-10,761304948312328,1,3311728025,Đến hạn,Normal,"1-20, idle<=90",2026-07-31,2026-08-13 20:47:54,13,13,2026-09-28 19:30:00,2.0,Mai Thi Lien,Inhouse 2,Mai Thi Lien,Inhouse 2,Ms Jenny Advisor,4440000.0,False,False,,,,,,2026-10-01
2026-10,748547944020232,1,3311728034,Đến hạn,Normal,"1-20, idle<=90",2026-05-23,2026-06-01 16:20:40,19,19,2026-09-27 21:00:00,3.0,Le Thi Thu Yen,Inhouse 1,Le Thi Thu Yen,Inhouse 1,Ms Jenny Advisor,9010000.0,False,False,,,,,,2026-10-01
2026-10,747666800140552,1,3311771387,Đến hạn,Normal,"1-20, idle<=90",2026-05-27,2026-05-28 10:47:27,14,14,2026-09-27 13:00:00,3.0,Nguyen Kieu Trang,Inhouse 1,Nguyen Kieu Trang,Inhouse 1,Diem Quynh Advisor,9580000.0,False,False,,,,,,2026-10-01
2026-10,746421669361926,1,3311781820,Đến hạn,Normal,"1-20, idle<=90",2026-05-20,2026-05-22 15:45:02,18,18,2026-09-28 21:30:00,2.0,Kieu Thi Thu Quynh,Inhouse 1,Kieu Thi Thu Quynh,Inhouse 1,Diem Quynh Advisor,9580000.0,True,True,TMP_3311781820_20260930,2026-09-30 00:00:00,8580000.0,GMV,130.0,2026-10-01
2026-10,747499917330696,1,3311814970,Đến hạn,Normal,"1-20, idle<=90",2026-05-26,2026-05-26 18:17:36,19,19,2026-09-27 20:00:00,3.0,Le Thi Tuyet,Inhouse 1,Le Thi Tuyet,Inhouse 1,Ruby Advisor,10080000.0,False,False,,,,,,2026-10-01
2026-10,747269873574146,1,3311826914,Đến hạn,Normal,"1-20, idle<=90",2026-05-25,2026-05-26 08:08:07,19,19,2026-09-25 21:30:00,5.0,Nguyen Thuy Trang,Inhouse 1,Nguyen Thuy Trang,Inhouse 1,Diem Quynh Advisor,10000000.0,False,False,,,,,,2026-10-01
2026-10,751766985974018,1,3311857443,Đến hạn,Normal,"1-20, idle<=90",2026-06-19,2026-06-22 13:43:53,14,14,2026-09-27 16:00:00,3.0,Dinh Ngoc Hai,Inhouse 2,Vu Ho Thanh Huong,Inhouse 2,Ms Jenny Advisor,8745000.0,False,False,,,,,,2026-10-01
2026-10,747276197187846,1,3311857943,Đến hạn,Normal,"1-20, idle<=90",2026-05-20,2026-05-26 14:31:52,20,20,2026-09-28 16:30:00,2.0,Le Kim Chi,Inhouse 1,Le Kim Chi,Inhouse 1,Ruby Advisor,9010000.0,False,False,,,,,,2026-10-01
2026-10,747488116939010,1,3311864598,Đến hạn,Normal,"1-20, idle<=90",2026-05-26,2026-06-01 16:53:58,18,18,2026-09-25 21:30:00,5.0,Le Kim Chi,Inhouse 1,Le Kim Chi,Inhouse 1,Ms Jenny Advisor,25800000.0,False,False,,,,,,2026-10-01
2026-10,746967926771974,1,3311866426,Đến hạn,Normal,"1-20, idle<=90",2026-05-23,2026-05-23 19:07:21,19,19,2026-09-26 20:30:00,4.0,Le Thi Thu Yen,Inhouse 1,Le Thi Thu Yen,Inhouse 1,Diem Quynh Advisor,9160000.0,False,False,,,,,,2026-10-01
2026-10,748150278768904,1,3311876935,Đến hạn,Normal,"1-20, idle<=90",2026-05-29,2026-05-31 08:01:53,19,19,2026-09-29 19:00:00,1.0,Nguyen Thao Anh,Inhouse 1,Nguyen Thao Anh,Inhouse 1,Ellie Advisor,10800000.0,False,False,,,,,,2026-10-01
2026-10,746977776032006,1,3311880675,Đến hạn,Normal,"1-20, idle<=90",2026-05-23,2026-05-23 19:29:37,17,17,2026-09-25 18:00:00,5.0,Nguyen Nhu Ngoc,Inhouse 1,Nguyen Nhu Ngoc,Inhouse 1,Diem Quynh Advisor,9580000.0,False,False,,,,,,2026-10-01
2026-10,756679152070914,2,3311902795,Đến hạn,Normal,"1-20, idle<=90",2026-07-17,2026-07-18 10:11:32,9,9,2026-09-28 20:30:00,2.0,Do Thi Tuyet Nhung,Inhouse 1,Nguyen Thi Thao Ngoc,Inhouse 1,Dao Thi Hoang Yen,4790000.0,False,False,,,,,,2026-10-01
2026-10,747634959083778,1,3311918781,Đến hạn,Normal,"1-20, idle<=90",2026-05-27,2026-06-01 21:25:02,19,19,2026-09-29 20:30:00,1.0,Tran Thi Son,Inhouse 1,Tran Thi Son,Inhouse 1,Diem Quynh Advisor,8800000.0,False,False,,,,,,2026-10-01
2026-10,747628957135106,1,3311986119,Đến hạn,Normal,"1-20, idle<=90",2026-05-27,2026-05-27 22:27:06,17,17,2026-09-29 21:00:00,1.0,Vu Ho Thanh Huong,Inhouse 2,Vu Ho Thanh Huong,Inhouse 2,Ms Jenny Advisor,8880000.0,False,False,,,,,,2026-10-01
2026-10,747680985473288,1,3311993190,Đến hạn,Normal,"1-20, idle<=90",2026-05-27,2026-05-28 15:13:17,19,19,2026-09-28 21:30:00,2.0,Le Thuy Nhung,Inhouse 1,Le Thuy Nhung,Inhouse 1,Diem Quynh Advisor,9580000.0,False,False,,,,,,2026-10-01
2026-10,751040856594696,1,3312001983,Đến hạn,Normal,"1-20, idle<=90",2026-05-30,2026-06-19 13:23:51,1,1,2026-09-24 22:00:00,6.0,Nguyen Thi Thu Huyen,Inhouse 2,Vu Ho Thanh Huong,Inhouse 2,Tran Thu Ha,9010000.0,False,False,,,,,,2026-10-01
2026-10,747845043974406,1,3312003414,Đến hạn,Normal,"1-20, idle<=90",2026-05-27,2026-05-29 10:04:26,18,18,2026-09-28 21:30:00,2.0,Pham Thi Tam Thuy,Inhouse 1,Le Thi Lan Anh,Inhouse 1,Thao Chi Advisor,10080000.0,False,False,,,,,,2026-10-01
2026-10,759842286047494,1,3312028060,Đến hạn,Normal,"1-20, idle<=90",2026-06-06,2026-08-04 17:54:32,11,11,2026-09-28 22:00:00,2.0,Mai Thi Lien,Inhouse 2,Mai Thi Lien,Inhouse 2,Ms Jenny Advisor,4550000.0,False,False,,,,,,2026-10-01
2026-10,748163370682632,1,3312035331,Đến hạn,Normal,"1-20, idle<=90",2026-05-30,2026-05-31 19:42:06,13,66,2026-09-26 16:00:00,4.0,Dang Kim Thuong,Inhouse 1,Dang Kim Thuong,Inhouse 1,Ms Laura,9160000.0,True,True,764328560894214,2026-08-29 00:00:00,8410000.0,GMV+REM,89.0,2026-10-01
2026-10,752433182042376,2,3312035381,Đến hạn,Normal,"1-20, idle<=90",,2026-06-24 23:00:32,8,109,2026-09-29 22:30:00,1.0,Nguyen Nhu Ngoc,Inhouse 1,Nguyen Nhu Ngoc,Inhouse 1,Diem Quynh Advisor,25765600.0,True,True,769386829545736,2026-07-30 00:00:00,45955125.0,GMV+REM,35.0,2026-10-01
2026-10,749054428682504,1,3312036913,Đến hạn,Normal,"1-20, idle<=90",2026-06-04,2026-06-05 11:14:22,15,15,2026-09-28 22:00:00,2.0,Vu Thi Khanh Huyen,Inhouse 2,Nguyen Thi Trang,Inhouse 2,Ms Jenny Advisor,9080000.0,False,False,,,,,,2026-10-01
2026-10,749807290661122,1,3312036974,Đến hạn,Normal,"1-20, idle<=90",2026-05-28,2026-06-08 19:10:27,13,13,2026-09-29 21:30:00,1.0,Bui Lam Linh,Inhouse 1,Nguyen Nhu Ngoc,Inhouse 1,Ms Jenny Advisor,9580000.0,False,False,,,,,,2026-10-01
2026-10,748013853608200,1,3312048610,Đến hạn,Normal,"1-20, idle<=90",2026-05-29,2026-05-29 22:23:34,18,18,2026-09-23 21:30:00,7.0,Ho Thi Thanh,Inhouse 1,Ho Thi Thanh,Inhouse 1,Diem Quynh Advisor,9580000.0,False,False,,,,,,2026-10-01
2026-10,750282814845186,1,3312050601,Đến hạn,Normal,"1-20, idle<=90",2026-05-31,2026-06-12 08:52:50,10,10,2026-09-28 20:30:00,2.0,Nguyen Nhu Ngoc,Inhouse 1,Nguyen Nhu Ngoc,Inhouse 1,Ellie Advisor,8745300.0,False,False,,,,,,2026-10-01
2026-10,759835395313922,1,3312054911,Đến hạn,Normal,"1-20, idle<=90",2026-07-31,2026-08-04 14:50:11,10,10,2026-09-26 22:00:00,4.0,Le Thi Thu Yen,Inhouse 1,Le Thi Thu Yen,Inhouse 1,Le Thi Thu Yen,4550000.0,False,False,,,,,,2026-10-01
2026-10,759140033030406,2,3312055947,Đến hạn,Normal,"1-20, idle<=90",2026-07-31,2026-07-31 17:57:00,19,19,2026-09-28 21:30:00,2.0,Pham Thi Thao,Inhouse 1,Pham Thi Thao,Inhouse 1,Diem Quynh Advisor,4590000.0,False,False,,,,,,2026-10-01
2026-10,748677133254918,1,3312061319,Đến hạn,Normal,"1-20, idle<=90",2026-06-01,2026-06-02 10:07:50,15,41,2026-09-27 15:00:00,3.0,Vu Cam Ly,Inhouse 2,Vu Cam Ly,Inhouse 2,Ms Jenny Advisor,8480000.0,True,True,748680829026568,2026-06-02 10:28:46,4740000.0,REM,0.0,2026-10-01
2026-10,748912412125442,1,3312083215,Đến hạn,Normal,"1-20, idle<=90",2026-06-03,2026-06-04 10:22:03,16,16,2026-09-27 08:00:00,3.0,Vu Thi Tuyet Trinh,Inhouse 1,Vu Thi Tuyet Trinh,Inhouse 1,Ms Jenny Advisor,9280000.0,True,True,TMP_3312083215_20260929,2026-09-29 00:00:00,8745000.0,GMV,116.0,2026-10-01
2026-10,748559684964616,1,3312091057,Đến hạn,Normal,"1-20, idle<=90",2026-05-30,2026-06-01 21:47:13,14,14,2026-09-26 11:30:00,4.0,Bui Lam Linh,Inhouse 1,Nguyen Nhu Ngoc,Inhouse 1,Dao Thi Hoang Yen,9053100.0,False,False,,,,,,2026-10-01
2026-10,748507003840776,1,3312127657,Đến hạn,Normal,"1-20, idle<=90",2026-05-30,2026-06-01 12:27:10,20,20,2026-09-28 17:00:00,2.0,Le To Hai My,Inhouse 1,Cao Thi Lua,Inhouse 1,Diem Quynh Advisor,9080000.0,False,False,,,,,,2026-10-01
2026-10,748213511997698,1,3312135925,Đến hạn,Normal,"1-20, idle<=90",2026-05-30,2026-06-02 09:53:38,17,70,2026-09-29 20:30:00,1.0,Le Thi Thuy Trang,Inhouse 1,Le Thi Thuy Trang,Inhouse 1,Diem Quynh Advisor,10080000.0,True,True,767478425198856,2026-09-16 00:00:00,9080000.0,GMV+REM,105.0,2026-10-01
2026-10,753861383975174,1,3312144818,Đến hạn,Normal,"1-20, idle<=90",2026-06-30,2026-07-05 17:03:37,2,2,2026-09-03 21:30:00,27.0,Ngo Thi Thuy Linh,Offline Team HaNoi,Ngo Thi Thuy Linh,Offline Team HaNoi,Tran Thu Ha,4550000.0,False,False,,,,,,2026-10-01
2026-10,764095555741960,2,3312145593,Đến hạn,Normal,"1-20, idle<=90",2026-06-30,2026-08-30 11:59:55,19,19,2026-09-27 11:00:00,3.0,Dao Phuong Thao,Inhouse 1,Ta Thuy Van,Inhouse 1,Dao Thi Hoang Yen,4300000.0,False,False,,,,,,2026-10-01
2026-10,750515857881346,1,3312165480,Đến hạn,Normal,"1-20, idle<=90",2026-06-12,2026-06-13 11:22:50,20,20,2026-09-29 21:30:00,1.0,Le Thi Lan Anh,Inhouse 1,Le Thi Lan Anh,Inhouse 1,Dao Thi Hoang Yen,9080000.0,False,False,,,,,,2026-10-01
2026-10,753164976912646,1,3312172253,Đến hạn,Normal,"1-20, idle<=90",2026-06-26,2026-06-30 11:10:44,4,4,2026-09-27 22:30:00,3.0,Kieu Lan Anh,Inhouse 2,Kieu Lan Anh,Inhouse 2,Ms Jenny Advisor,4700000.0,False,False,,,,,,2026-10-01
2026-10,748510109272328,1,3312172635,Đến hạn,Normal,"1-20, idle<=90",2026-05-31,2026-06-01 12:38:00,18,18,2026-09-29 22:00:00,1.0,Pham Thi Tam Thuy,Inhouse 1,Le Thi Lan Anh,Inhouse 1,Ms Jenny Advisor,9080000.0,False,False,,,,,,2026-10-01
2026-10,751040194382082,1,3312175167,Đến hạn,Normal,"1-20, idle<=90",2026-06-15,2026-06-15 21:32:50,1,1,2026-09-24 21:00:00,6.0,Cao Thi Lua,Inhouse 1,Cao Thi Lua,Inhouse 1,Ms Jenny Advisor,4740000.0,False,False,,,,,,2026-10-01
2026-10,748557381826822,1,3312177239,Đến hạn,Normal,"1-20, idle<=90",2026-05-31,2026-06-01 18:47:06,20,20,2026-09-27 20:30:00,3.0,Nguyen Thi Hai Yen,Inhouse 2,Nguyen Thi Hai Yen,Inhouse 2,Tran Thu Ha,8910000.0,False,False,,,,,,2026-10-01
2026-10,748941424132354,1,3312212785,Đến hạn,Normal,"1-20, idle<=90",2026-06-03,2026-06-03 21:55:03,17,17,2026-09-28 20:30:00,2.0,Le Thi Thuy Van,Inhouse 2,Le Thi Thuy Van,Inhouse 2,Ms Jenny Advisor,10080000.0,False,False,,,,,,2026-10-01
2026-10,748515613088002,1,3312225025,Đến hạn,Normal,"1-20, idle<=90",2026-05-31,2026-06-03 10:13:57,19,19,2026-09-25 21:30:00,5.0,Le Thi Lan Anh,Inhouse 1,Le Thi Lan Anh,Inhouse 1,Ms Jenny Advisor,9080000.0,False,False,,,,,,2026-10-01
2026-10,750491195418882,1,3312248303,Đến hạn,Normal,"1-20, idle<=90",2026-06-12,2026-06-15 23:52:53,19,19,2026-09-27 17:30:00,3.0,Nguyen Kieu Trang,Inhouse 1,Nguyen Kieu Trang,Inhouse 1,Diem Quynh Advisor,9410000.0,False,False,,,,,,2026-10-01
2026-10,748724412516614,1,3312248783,Đến hạn,Normal,"1-20, idle<=90",2026-05-31,2026-06-02 17:51:50,15,15,2026-09-29 22:00:00,1.0,Le Thi Thu Yen,Inhouse 1,Le Thi Thu Yen,Inhouse 1,Diem Quynh Advisor,8559100.0,False,False,,,,,,2026-10-01
2026-10,748556436343048,1,3312252666,Đến hạn,Normal,"1-20, idle<=90",2026-05-31,2026-06-01 17:46:55,19,19,2026-09-27 21:00:00,3.0,Nguyen Kieu Trang,Inhouse 1,Nguyen Kieu Trang,Inhouse 1,Ellie Advisor,9080000.0,False,False,,,,,,2026-10-01
2026-10,749053516075266,1,3312267370,Đến hạn,Normal,"1-20, idle<=90",2026-06-04,2026-06-04 18:17:27,16,16,2026-09-29 22:00:00,1.0,Vu Ho Thanh Huong,Inhouse 2,Vu Ho Thanh Huong,Inhouse 2,Ms Jenny Advisor,9180000.0,False,False,,,,,,2026-10-01
2026-10,759196719479046,2,3312283642,Đến hạn,Normal,"1-20, idle<=90",2026-07-31,2026-07-31 20:51:28,13,13,2026-09-27 11:30:00,3.0,Ho Thi Thanh,Inhouse 1,Ho Thi Thanh,Inhouse 1,Diem Quynh Advisor,4290000.0,False,False,,,,,,2026-10-01
2026-10,748507142613250,1,3312285639,Đến hạn,Normal,"1-20, idle<=90",2026-05-31,2026-06-01 11:31:12,3,3,2026-09-29 21:30:00,1.0,Vu Ho Thanh Huong,Inhouse 2,Vu Ho Thanh Huong,Inhouse 2,Ms Jenny Advisor,4420000.0,False,False,,,,,,2026-10-01
2026-10,750306761746690,1,3312286986,Đến hạn,Normal,"1-20, idle<=90",2026-06-11,2026-06-15 21:17:38,12,12,2026-09-28 22:00:00,2.0,Nguyen Thi Trang,Inhouse 2,Nguyen Thi Trang,Inhouse 2,Ms Jenny Advisor,9010000.0,False,False,,,,,,2026-10-01
2026-10,748857394931970,1,3312295639,Đến hạn,Normal,"1-20, idle<=90",2026-06-03,2026-06-03 11:03:02,6,112,2026-09-29 12:30:00,1.0,Nguyen Thi Thao Ngoc,Inhouse 1,Nguyen Thi Thao Ngoc,Inhouse 1,Ms Laura,10080000.0,True,True,769062880420102,2026-09-25 00:00:00,16960000.0,GMV+REM,113.0,2026-10-01
2026-10,750315274404098,1,3312312352,Đến hạn,Normal,"1-20, idle<=90",2026-06-11,2026-06-13 12:27:14,20,20,2026-09-27 10:00:00,3.0,Nguyen Minh Phat,Ho Chi Minh,Nguyen Minh Phat,Ho Chi Minh,Dao Thi Hoang Yen,9500000.0,False,False,,,,,,2026-10-01
2026-10,755112366125320,1,3312338189,Đến hạn,Normal,"1-20, idle<=90",2026-07-08,2026-07-09 11:52:50,2,2,2026-09-29 22:30:00,1.0,Dao My Nhat Huyen,Inhouse 1,Dao My Nhat Huyen,Inhouse 1,Dao Thi Hoang Yen,4420000.0,True,True,TMP_3312338189_20260930,2026-09-30 00:00:00,8480000.0,GMV,82.0,2026-10-01
2026-10,752791303844104,1,3312338317,Đến hạn,Normal,"1-20, idle<=90",2026-06-04,2026-06-25 15:53:34,20,20,2026-09-28 18:00:00,2.0,Nguyen Thi Thao Ngoc,Inhouse 1,Nguyen Thi Thao Ngoc,Inhouse 1,Diem Quynh Advisor,10080000.0,False,False,,,,,,2026-10-01
2026-10,749095011549446,1,3312347987,Đến hạn,Normal,"1-20, idle<=90",2026-06-04,2026-06-04 20:56:10,16,16,2026-09-26 11:30:00,4.0,Nguyen Kieu Trang,Inhouse 1,Nguyen Kieu Trang,Inhouse 1,Thao Chi Advisor,9410000.0,False,False,,,,,,2026-10-01
2026-10,749751587492104,1,3312351672,Đến hạn,Normal,"1-20, idle<=90",2026-06-07,2026-06-09 11:39:43,17,17,2026-09-29 21:00:00,1.0,Bui Thi Thai Duong,Inhouse 1,Bui Thi Thai Duong,Inhouse 1,Thao Chi Advisor,9010000.0,False,False,,,,,,2026-10-01
2026-10,751380369830152,1,3312363462,Đến hạn,Normal,"1-20, idle<=90",2026-06-17,2026-06-20 00:46:59,8,8,2026-09-29 22:30:00,1.0,Le Kim Chi,Inhouse 1,Le Kim Chi,Inhouse 1,Diem Quynh Advisor,9408000.0,False,False,,,,,,2026-10-01
2026-10,750097807876358,1,3312363491,Đến hạn,Normal,"1-20, idle<=90",2026-06-10,2026-06-10 10:44:25,20,20,2026-09-27 17:30:00,3.0,Pham Thi Thao,Inhouse 1,Pham Thi Thao,Inhouse 1,Diem Quynh Advisor,9580000.0,False,False,,,,,,2026-10-01
2026-10,749739621218562,1,3312382934,Đến hạn,Normal,"1-20, idle<=90",2026-06-03,2026-06-08 10:03:35,20,20,2026-09-28 22:00:00,2.0,Le Thi Thu Yen,Inhouse 1,Le Thi Thu Yen,Inhouse 1,Thao Chi Advisor,9580000.0,False,False,,,,,,2026-10-01
2026-10,750309879603458,1,3312389067,Đến hạn,Normal,"1-20, idle<=90",2026-06-10,2026-06-14 17:50:15,19,19,2026-09-29 20:30:00,1.0,Dinh Ngoc Hai,Inhouse 2,Kieu Lan Anh,Inhouse 2,Ms Jenny Advisor,9010000.0,False,False,,,,,,2026-10-01
2026-10,750158578716934,1,3312424325,Đến hạn,Normal,"1-20, idle<=90",2026-06-09,2026-06-13 12:17:11,18,18,2026-09-27 11:00:00,3.0,Nguyen Kieu Trang,Inhouse 1,Nguyen Kieu Trang,Inhouse 1,Ms Jenny Advisor,9340500.0,False,False,,,,,,2026-10-01
2026-10,749272685926658,1,3312445889,Đến hạn,Normal,"1-20, idle<=90",2026-06-05,2026-06-07 11:08:30,16,16,2026-09-29 21:30:00,1.0,Dao Phuong Thao,Inhouse 1,Ta Thuy Van,Inhouse 1,Dao Thi Hoang Yen,10300000.0,False,False,,,,,,2026-10-01
2026-10,749478333335816,1,3312481758,Đến hạn,Normal,"1-20, idle<=90",2026-06-06,2026-06-07 12:12:13,9,62,2026-09-25 15:30:00,5.0,Nguyen Cam Tu,Inhouse 1,Nguyen Cam Tu,Inhouse 1,Ms Jenny Advisor,9080000.0,True,True,768325455278338,2026-09-19 00:00:00,8580000.0,GMV+REM,103.0,2026-10-01
2026-10,749300266481922,1,3312481768,Đến hạn,Normal,"1-20, idle<=90",2026-06-05,2026-06-08 11:44:30,14,14,2026-09-29 21:30:00,1.0,Pham Thi Thao,Inhouse 1,Pham Thi Thao,Inhouse 1,Diem Quynh Advisor,9580000.0,False,False,,,,,,2026-10-01
2026-10,749754842994950,1,3312556142,Đến hạn,Normal,"1-20, idle<=90",2026-06-08,2026-06-08 14:57:21,20,20,2026-09-29 21:30:00,1.0,Nguyen Minh Phat,Ho Chi Minh,Nguyen Minh Phat,Ho Chi Minh,Dao Thi Hoang Yen,9800000.0,False,False,,,,,,2026-10-01
2026-10,758985536588040,1,3312585421,Đến hạn,Normal,"1-20, idle<=90",2026-07-30,2026-07-30 21:38:26,11,11,2026-09-24 21:30:00,6.0,Le Thi Tuyet,Inhouse 1,Le Thi Tuyet,Inhouse 1,Thao Chi Advisor,4420000.0,False,False,,,,,,2026-10-01
2026-10,750336686334216,1,3312625251,Đến hạn,Normal,"1-20, idle<=90",2026-06-11,2026-06-11 19:00:59,19,19,2026-09-29 20:30:00,1.0,Mai Thi Lien,Inhouse 2,Mai Thi Lien,Inhouse 2,Tran Thu Ha,9850000.0,False,False,,,,,,2026-10-01
2026-10,750326410836230,1,3312625335,Đến hạn,Normal,"1-20, idle<=90",2026-06-11,2026-06-11 18:04:23,20,20,2026-09-28 21:30:00,2.0,Le Thi Thuy Van,Inhouse 2,Le Thi Thuy Van,Inhouse 2,Tran Thu Ha,9280000.0,False,False,,,,,,2026-10-01
2026-10,749958255616258,1,3312657560,Đến hạn,Normal,"1-20, idle<=90",2026-06-09,2026-06-09 21:06:26,3,3,2026-09-27 21:00:00,3.0,Le Thi Thuy Van,Inhouse 2,Le Thi Thuy Van,Inhouse 2,Ms Jenny Advisor,10080000.0,False,False,,,,,,2026-10-01
2026-10,750451714339078,1,3312674209,Đến hạn,Frozen,"1-20, idle<=90",2026-06-12,2026-06-12 11:58:20,13,13,2026-07-20 17:00:00,72.0,Nguyen Cam Tu,Inhouse 1,Nguyen Cam Tu,Inhouse 1,Diem Quynh Advisor,4740000.0,False,False,,,,,,2026-10-01
2026-10,750354525051144,1,3312677175,Đến hạn,Normal,"1-20, idle<=90",2026-06-11,2026-06-12 15:08:24,6,165,2026-09-28 21:30:00,2.0,Nguyen Phuong Thuy,Inhouse 1,Nguyen Phuong Thuy,Inhouse 1,Ruby Advisor,10800000.0,True,True,759880731240706,2026-07-29 00:00:00,25402850.0,GMV+REM,46.0,2026-10-01
2026-10,750643670221064,1,3312701481,Đến hạn,Normal,"1-20, idle<=90",2026-06-09,2026-06-13 12:35:25,18,18,2026-09-27 11:00:00,3.0,Nguyen Kieu Trang,Inhouse 1,Nguyen Kieu Trang,Inhouse 1,Ms Jenny Advisor,9340500.0,False,False,,,,,,2026-10-01
2026-10,756192097274120,1,3312787831,Đến hạn,Normal,"1-20, idle<=90",2026-07-14,2026-07-14 21:18:31,4,4,2026-09-28 21:00:00,2.0,Dao Phuong Thao,Inhouse 1,Ta Thuy Van,Inhouse 1,Ms Laura,4550000.0,False,False,,,,,,2026-10-01
2026-10,750871102701826,1,3312793603,Đến hạn,Normal,"1-20, idle<=90",2026-06-12,2026-06-14 20:47:37,16,16,2026-09-28 20:30:00,2.0,Vu Thi Khanh Huyen,Inhouse 2,Nguyen Thi Trang,Inhouse 2,Ms Jenny Advisor,9340500.0,False,False,,,,,,2026-10-01
2026-10,751016282751240,1,3312838115,Đến hạn,Normal,"1-20, idle<=90",2026-06-15,2026-06-15 17:17:33,5,5,2026-09-29 01:00:00,1.0,Pham Thi Thao,Inhouse 1,Pham Thi Thao,Inhouse 1,Ms Laura,5240000.0,False,False,,,,,,2026-10-01
2026-10,761622846126338,1,3312850210,Đến hạn,Normal,"1-20, idle<=90",2026-08-14,2026-08-17 10:45:15,13,13,2026-09-26 21:30:00,4.0,Tran Quoc Dung,Other,Tran Quoc Dung,Other,Dao Thi Hoang Yen,4420000.0,False,False,,,,,,2026-10-01
2026-10,751931625761030,1,3312885085,Đến hạn,Normal,"1-20, idle<=90",2026-06-20,2026-06-20 19:22:02,13,13,2026-09-25 21:30:00,5.0,Vu Cam Ly,Inhouse 2,Vu Cam Ly,Inhouse 2,Tran Thu Ha,9050000.0,False,False,,,,,,2026-10-01
2026-10,751604634364162,1,3312914641,Đến hạn,Normal,"1-20, idle<=90",2026-06-18,2026-06-19 11:57:52,9,9,2026-09-27 21:00:00,3.0,Nguyen Thuy Trang,Inhouse 1,Nguyen Thuy Trang,Inhouse 1,Ellie Advisor,9080000.0,True,True,TMP_3312914641_20260930,2026-09-30 00:00:00,8580000.0,GMV,102.0,2026-10-01
2026-10,752613773928706,1,3312914648,Đến hạn,Normal,"1-20, idle<=90",2026-06-23,2026-06-25 21:35:21,3,3,2026-09-28 21:30:00,2.0,Lai Ngoc Thuy Linh,Ho Chi Minh,Lai Ngoc Thuy Linh,Ho Chi Minh,Dao Thi Hoang Yen,4680000.0,False,False,,,,,,2026-10-01
2026-10,758603863507202,1,3312927315,Đến hạn,Normal,"1-20, idle<=90",2026-07-27,2026-07-28 12:22:22,7,7,2026-09-29 21:00:00,1.0,Bui Thi Thai Duong,Inhouse 1,Bui Thi Thai Duong,Inhouse 1,Ruby Advisor,4420000.0,False,False,,,,,,2026-10-01
2026-10,751937847687426,1,3312990142,Đến hạn,Normal,"1-20, idle<=90",2026-06-20,2026-06-25 11:54:20,2,2,2026-09-29 21:00:00,1.0,Vu Cam Ly,Inhouse 2,Vu Cam Ly,Inhouse 2,Tran Thu Ha,4450000.0,False,False,,,,,,2026-10-01
2026-10,751530362603784,1,3312998690,Đến hạn,Normal,"1-20, idle<=90",2026-06-18,2026-06-19 10:16:48,11,11,2026-09-29 21:30:00,1.0,Le Thi Thuy Trang,Inhouse 1,Le Thi Thuy Trang,Inhouse 1,Diem Quynh Advisor,10080000.0,True,True,TMP_3312998690_20260930,2026-09-30 00:00:00,9080000.0,GMV,102.0,2026-10-01
2026-10,751155421845762,1,3313025944,Đến hạn,Normal,"1-20, idle<=90",2026-06-15,2026-06-19 21:47:41,2,2,2026-09-23 21:00:00,7.0,Cao Thi Lua,Inhouse 1,Cao Thi Lua,Inhouse 1,Ms Jenny Advisor,4740000.0,False,False,,,,,,2026-10-01
2026-10,759325790130438,1,3313054933,Đến hạn,Normal,"1-20, idle<=90",2026-07-31,2026-08-01 14:23:16,10,10,2026-09-27 13:30:00,3.0,Trinh Thi Hoa,Other,Trinh Thi Hoa,Other,Dao Thi Hoang Yen,4550000.0,False,False,,,,,,2026-10-01
2026-10,751930217658626,1,3313057787,Đến hạn,Normal,"1-20, idle<=90",2026-06-20,2026-06-22 23:25:36,8,8,2026-09-29 19:00:00,1.0,Tran Thi Son,Inhouse 1,Tran Thi Son,Inhouse 1,Ms Jenny Advisor,9080000.0,True,True,TMP_3313057787_20260930,2026-09-30 00:00:00,15900000.0,GMV,99.0,2026-10-01
2026-10,751918437224712,1,3313071576,Đến hạn,Normal,"1-20, idle<=90",2026-06-20,2026-06-20 18:59:35,16,16,2026-09-28 21:00:00,2.0,Nguyen Thuy Trang,Inhouse 1,Nguyen Thuy Trang,Inhouse 1,Diem Quynh Advisor,9580000.0,False,False,,,,,,2026-10-01
2026-10,753512002205960,1,3313092424,Đến hạn,Normal,"1-20, idle<=90",2026-06-22,2026-06-29 17:42:03,7,7,2026-09-29 21:30:00,1.0,Nguyen Kieu Trang,Inhouse 1,Nguyen Kieu Trang,Inhouse 1,Dao Thi Hoang Yen,4790000.0,False,False,,,,,,2026-10-01
2026-10,753821645246728,1,3313138997,Đến hạn,Normal,"1-20, idle<=90",2026-06-30,2026-07-01 11:44:49,5,5,2026-09-28 18:30:00,2.0,Kieu Lan Anh,Inhouse 2,Kieu Lan Anh,Inhouse 2,Ms Jenny Advisor,8480000.0,True,True,TMP_3313138997_20260831,2026-08-31 00:00:00,7950000.0,GMV,60.0,2026-10-01
2026-10,752119623848194,1,3313148254,Đến hạn,Normal,"1-20, idle<=90",2026-06-18,2026-06-22 04:46:27,3,3,2026-09-27 10:00:00,3.0,Le Thi Thuy Van,Inhouse 2,Le Thi Thuy Van,Inhouse 2,Ms Jenny Advisor,4700000.0,False,False,,,,,,2026-10-01
2026-10,753513254654210,1,3313219211,Đến hạn,Normal,"1-20, idle<=90",2026-06-22,2026-06-29 17:48:17,2,2,2026-09-26 21:30:00,4.0,Nguyen Kieu Trang,Inhouse 1,Nguyen Kieu Trang,Inhouse 1,Dao Thi Hoang Yen,4790000.0,False,False,,,,,,2026-10-01
2026-10,755052662870274,1,3313284957,Đến hạn,Normal,"1-20, idle<=90",2026-07-08,2026-07-08 13:35:56,6,41,2026-09-28 21:00:00,2.0,Le Thi Tuyet,Inhouse 1,Le Thi Tuyet,Inhouse 1,Ms Jenny Advisor,4550000.0,True,True,768711957491974,2026-09-23 00:00:00,5775000.0,GMV+REM,76.0,2026-10-01
2026-10,761686778233096,1,3313311181,Đến hạn,Normal,"1-20, idle<=90",2026-08-14,2026-08-15 13:27:50,14,14,2026-09-20 12:00:00,10.0,Vu Thi Khanh Huyen,Inhouse 2,Nguyen Thi Trang,Inhouse 2,Ms Jenny Advisor,4925000.0,False,False,,,,,,2026-10-01
2026-10,753990838634754,1,3313329823,Đến hạn,Normal,"1-20, idle<=90",2026-06-30,2026-07-05 21:25:19,3,3,2026-09-24 20:30:00,6.0,Le Thi Thu Yen,Inhouse 1,Le Thi Thu Yen,Inhouse 1,Diem Quynh Advisor,4550000.0,False,False,,,,,,2026-10-01
2026-10,752625204611330,1,3313372051,Đến hạn,Normal,"1-20, idle<=90",2026-06-24,2026-06-28 14:37:43,11,11,2026-09-29 20:30:00,1.0,Lai Ngoc Thuy Linh,Ho Chi Minh,Lai Ngoc Thuy Linh,Ho Chi Minh,Dao Thi Hoang Yen,4680000.0,False,False,,,,,,2026-10-01
2026-10,759211457427720,1,3313375330,Đến hạn,Normal,"1-20, idle<=90",2026-07-31,2026-08-01 09:49:51,10,10,2026-09-29 22:00:00,1.0,Nguyen Thi Thuy Hang,Other,Nguyen Thi Thuy Hang,Other,Dao Thi Hoang Yen,4420000.0,False,False,,,,,,2026-10-01
2026-10,753654203545864,1,3313386640,Đến hạn,Normal,"1-20, idle<=90",2026-06-29,2026-07-01 15:05:20,3,109,2026-09-28 18:30:00,2.0,Pham Thi Thao,Inhouse 1,Pham Thi Thao,Inhouse 1,Ms Laura,5616000.0,True,True,769263965714696,2026-09-16 00:00:00,16820000.0,GMV+REM,76.0,2026-10-01
2026-10,752945415948546,1,3313403644,Đến hạn,Normal,"1-20, idle<=90",2026-06-23,2026-06-26 17:30:51,3,3,2026-09-29 22:00:00,1.0,Lai Ngoc Thuy Linh,Ho Chi Minh,Lai Ngoc Thuy Linh,Ho Chi Minh,Dao Thi Hoang Yen,4680000.0,True,True,TMP_3313403644_20260930,2026-09-30 00:00:00,4403300.0,GMV,95.0,2026-10-01
2026-10,761135888924930,1,3313404594,Đến hạn,Normal,"1-20, idle<=90",2026-08-11,2026-08-11 20:34:35,11,11,2026-09-29 21:00:00,1.0,Vu Cam Ly,Inhouse 2,Vu Cam Ly,Inhouse 2,Ms Jenny Advisor,4550000.0,False,False,,,,,,2026-10-01
2026-10,755062142568710,1,3313409143,Đến hạn,Normal,"1-20, idle<=90",2026-07-07,2026-07-10 19:27:46,19,19,2026-09-28 21:00:00,2.0,Dang Kim Thuong,Inhouse 1,Dang Kim Thuong,Inhouse 1,Ms Laura,10080000.0,False,False,,,,,,2026-10-01
2026-10,765361465977096,2,3313409714,Đến hạn,Normal,"1-20, idle<=90",2026-08-31,2026-09-04 17:30:49,18,18,2026-09-29 20:00:00,1.0,Nguyen Thi Hai Yen,Inhouse 2,Nguyen Thi Hai Yen,Inhouse 2,Tran Thu Ha,12375000.0,False,False,,,,,,2026-10-01
2026-10,765361913661702,1,3313413007,Đến hạn,Normal,"1-20, idle<=90",2026-08-31,2026-09-04 17:32:33,16,16,2026-09-29 21:00:00,1.0,Nguyen Thi Hai Yen,Inhouse 2,Nguyen Thi Hai Yen,Inhouse 2,Tran Thu Ha,12875000.0,False,False,,,,,,2026-10-01
2026-10,753141062510850,1,3313431388,Đến hạn,Normal,"1-20, idle<=90",2026-06-27,2026-06-27 16:07:03,5,5,2026-09-23 18:30:00,7.0,Nguyen Cam Tu,Inhouse 1,Nguyen Cam Tu,Inhouse 1,Ms Laura,5240000.0,False,False,,,,,,2026-10-01
2026-10,753824376283394,1,3313487074,Đến hạn,Normal,"1-20, idle<=90",2026-06-30,2026-07-01 12:23:03,16,16,2026-09-28 19:30:00,2.0,Le Kim Chi,Inhouse 1,Le Kim Chi,Inhouse 1,Diem Quynh Advisor,9580000.0,False,False,,,,,,2026-10-01
2026-10,761784556783878,1,3313497432,Đến hạn,Normal,"1-20, idle<=90",2026-07-31,2026-08-17 14:14:42,18,18,2026-09-27 16:00:00,3.0,Le Kim Chi,Inhouse 1,Le Kim Chi,Inhouse 1,Diem Quynh Advisor,4550000.0,False,False,,,,,,2026-10-01
2026-10,753860892723464,1,3313511161,Đến hạn,Normal,"1-20, idle<=90",2026-06-30,2026-07-02 12:04:38,7,7,2026-09-28 20:00:00,2.0,Dao My Nhat Huyen,Inhouse 1,Dao My Nhat Huyen,Inhouse 1,Diem Quynh Advisor,4740000.0,False,False,,,,,,2026-10-01
2026-10,753158580257026,1,3313511957,Đến hạn,Normal,"1-20, idle<=90",2026-06-27,2026-06-27 18:02:16,20,20,2026-09-28 21:00:00,2.0,Le Thi Thuy Van,Inhouse 2,Le Thi Thuy Van,Inhouse 2,Ms Jenny Advisor,9850000.0,False,False,,,,,,2026-10-01
2026-10,753159157352712,1,3313533487,Đến hạn,Normal,"1-20, idle<=90",2026-06-27,2026-06-28 11:39:45,12,12,2026-09-28 11:00:00,2.0,Dinh Ngoc Hai,Inhouse 2,Nguyen Thi Trang,Inhouse 2,Tran Thu Ha,9010000.0,False,False,,,,,,2026-10-01
2026-10,754177136136456,1,3313536300,Đến hạn,Normal,"1-20, idle<=90",2026-07-03,2026-07-06 17:43:07,3,3,2026-09-29 18:30:00,1.0,Le Thi Lan Anh,Inhouse 1,Le Thi Lan Anh,Inhouse 1,Ellie Advisor,5240000.0,False,False,,,,,,2026-10-01
2026-10,753491245541640,1,3313539622,Đến hạn,Frozen,"1-20, idle<=90",2026-06-29,2026-06-29 20:24:42,12,12,2026-08-11 20:30:00,50.0,Vu Ho Thanh Huong,Inhouse 2,Vu Ho Thanh Huong,Inhouse 2,Ms Jenny Advisor,12900000.0,False,False,,,,,,2026-10-01
2026-10,753502642360584,1,3313625914,Đến hạn,Normal,"1-20, idle<=90",2026-06-29,2026-07-05 20:01:09,5,5,2026-09-29 20:00:00,1.0,Dao My Nhat Huyen,Inhouse 1,Dao My Nhat Huyen,Inhouse 1,Ellie Advisor,4740000.0,False,False,,,,,,2026-10-01
2026-10,755451151372552,1,3313682410,Đến hạn,Normal,"1-20, idle<=90",2026-07-10,2026-07-10 18:30:03,17,17,2026-09-28 22:00:00,2.0,Le Thi Thuy Van,Inhouse 2,Le Thi Thuy Van,Inhouse 2,Tran Thu Ha,9280000.0,False,False,,,,,,2026-10-01
2026-10,763729117405442,2,3313700785,Đến hạn,Normal,"1-20, idle<=90",2026-08-25,2026-08-27 15:14:54,13,13,2026-09-28 20:30:00,2.0,Cao Thi Lua,Inhouse 1,Cao Thi Lua,Inhouse 1,Ms Laura,4380000.0,False,False,,,,,,2026-10-01
2026-10,769778799591686,2,3313707203,Đến hạn,Normal,"1-20, idle<=90",2026-09-29,2026-10-01 10:59:05,4,4,2026-09-26 12:00:00,4.0,Nguyen Phuong Thuy,Inhouse 1,Nguyen Phuong Thuy,Inhouse 1,Ruby Advisor,4450000.0,False,False,,,,,,2026-10-01
2026-10,754929542215938,1,3313709078,Đến hạn,Normal,"1-20, idle<=90",2026-07-07,2026-07-08 22:50:29,1,1,2026-09-28 21:30:00,2.0,Nguyen Thi Hang Nga,Inhouse 1,Nguyen Thi Hang Nga,Inhouse 1,Dao Thi Hoang Yen,4940000.0,False,False,,,,,,2026-10-01
2026-10,759868657785096,1,3313716764,Đến hạn,Normal,"1-20, idle<=90",2026-08-04,2026-08-04 16:21:32,14,14,2026-09-29 21:30:00,1.0,Dao Phuong Thao,Inhouse 1,Ta Thuy Van,Inhouse 1,Ruby Advisor,4940000.0,False,False,,,,,,2026-10-01
2026-10,754169999851784,1,3313749285,Đến hạn,Normal,"1-20, idle<=90",2026-07-02,2026-07-04 16:32:08,4,4,2026-09-25 20:30:00,5.0,Cao Thi Lua,Inhouse 1,Cao Thi Lua,Inhouse 1,Ms Jenny Advisor,5240000.0,False,False,,,,,,2026-10-01
2026-10,756293616843014,1,3313827491,Đến hạn,Normal,"1-20, idle<=90",2026-07-15,2026-07-16 10:41:21,4,4,2026-09-29 22:00:00,1.0,Nguyen Thuy Trang,Inhouse 1,Nguyen Thuy Trang,Inhouse 1,Diem Quynh Advisor,4940000.0,False,False,,,,,,2026-10-01
2026-10,755934241792262,1,3313831125,Đến hạn,Normal,"1-20, idle<=90",2026-07-11,2026-07-13 21:57:33,5,5,2026-09-29 20:30:00,1.0,Cao Thi Lua,Inhouse 1,Cao Thi Lua,Inhouse 1,Dao Thi Hoang Yen,4550000.0,False,False,,,,,,2026-10-01
2026-10,755934117327110,1,3313857364,Đến hạn,Normal,"1-20, idle<=90",2026-07-11,2026-07-13 21:29:40,4,4,2026-09-23 20:30:00,7.0,Cao Thi Lua,Inhouse 1,Cao Thi Lua,Inhouse 1,Ms Jenny Advisor,4790000.0,True,True,TMP_3313857364_20260926,2026-09-26 00:00:00,4590000.0,GMV,74.0,2026-10-01
2026-10,756166731538696,1,3313878852,Đến hạn,Normal,"1-20, idle<=90",2026-07-14,2026-07-14 23:00:20,8,8,2026-09-26 21:00:00,4.0,Vu Ho Thanh Huong,Inhouse 2,Vu Ho Thanh Huong,Inhouse 2,Tran Thu Ha,4600000.0,False,False,,,,,,2026-10-01
2026-10,755117277370630,1,3313881595,Đến hạn,Normal,"1-20, idle<=90",2026-07-08,2026-07-08 20:02:32,9,9,2026-09-29 18:00:00,1.0,Nguyen Nhu Ngoc,Inhouse 1,Nguyen Nhu Ngoc,Inhouse 1,Ruby Advisor,9010000.0,False,False,,,,,,2026-10-01
2026-10,754589134969096,1,3313900131,Đến hạn,Normal,"1-20, idle<=90",2026-07-05,2026-07-05 21:05:47,4,57,2026-09-28 21:30:00,2.0,Vu Thi Tuyet Trinh,Inhouse 1,Vu Thi Tuyet Trinh,Inhouse 1,Thao Chi Advisor,4740000.0,True,True,769751497664774,2026-09-28 00:00:00,8215000.0,GMV+REM,84.0,2026-10-01
2026-10,755046691131656,1,3313908614,Đến hạn,Normal,"1-20, idle<=90",2026-07-07,2026-07-08 10:59:44,4,4,2026-09-27 18:00:00,3.0,Le Thuy Nhung,Inhouse 1,Le Thuy Nhung,Inhouse 1,Ms Jenny Advisor,5240000.0,False,False,,,,,,2026-10-01
2026-10,756299782848770,1,3313947845,Đến hạn,Normal,"1-20, idle<=90",2026-07-13,2026-07-15 12:32:34,4,4,2026-09-29 22:00:00,1.0,Do Thi Tuyet Nhung,Inhouse 1,Le Thuy Nhung,Inhouse 1,Ms Laura,4670200.0,False,False,,,,,,2026-10-01
2026-10,755292556548358,1,3314000851,Đến hạn,Frozen,"1-20, idle<=90",2026-07-09,2026-07-12 11:52:33,17,17,2026-09-12 18:00:00,18.0,Lai Ngoc Thuy Linh,Ho Chi Minh,Lai Ngoc Thuy Linh,Ho Chi Minh,Dao Thi Hoang Yen,5200000.0,False,False,,,,,,2026-10-01
2026-10,755227181265154,1,3314004450,Đến hạn,Normal,"1-20, idle<=90",2026-07-08,2026-07-09 10:57:40,6,6,2026-09-27 20:30:00,3.0,Nguyen Thao Anh,Inhouse 1,Nguyen Thao Anh,Inhouse 1,Thao Chi Advisor,4740000.0,False,False,,,,,,2026-10-01
2026-10,754398244432134,1,3314037503,Đến hạn,Normal,"1-20, idle<=90",2026-07-04,2026-07-04 17:52:57,16,16,2026-09-29 21:00:00,1.0,Nguyen Thi Thu Huyen,Inhouse 2,Kieu Lan Anh,Inhouse 2,Ms Jenny Advisor,9010000.0,False,False,,,,,,2026-10-01
2026-10,754907139811586,1,3314077138,Đến hạn,Normal,"1-20, idle<=90",2026-07-07,2026-07-07 18:23:02,4,4,2026-09-27 15:30:00,3.0,Tran Thi Son,Inhouse 1,Tran Thi Son,Inhouse 1,Ruby Advisor,5600000.0,False,False,,,,,,2026-10-01
2026-10,756375791055112,1,3314078633,Đến hạn,Normal,"1-20, idle<=90",2026-07-15,2026-07-16 15:39:38,5,5,2026-09-26 20:00:00,4.0,Kieu Thi Thu Quynh,Inhouse 1,Kieu Thi Thu Quynh,Inhouse 1,Diem Quynh Advisor,4940000.0,False,False,,,,,,2026-10-01
2026-10,755438165614850,1,3314111326,Đến hạn,Normal,"1-20, idle<=90",2026-07-10,2026-07-11 15:04:54,4,4,2026-09-28 21:30:00,2.0,Lai Ngoc Thuy Linh,Ho Chi Minh,Lai Ngoc Thuy Linh,Ho Chi Minh,Dao Thi Hoang Yen,5240000.0,False,False,,,,,,2026-10-01
2026-10,757938224279810,1,3314137915,Đến hạn,Normal,"1-20, idle<=90",2026-07-24,2026-07-25 14:52:39,9,9,2026-09-23 21:30:00,7.0,Nguyen Thuy Trang,Inhouse 1,Nguyen Thuy Trang,Inhouse 1,Ms Laura,4740000.0,False,False,,,,,,2026-10-01
2026-10,755466838173960,1,3314188532,Đến hạn,Normal,"1-20, idle<=90",2026-07-10,2026-07-12 15:51:40,7,7,2026-09-19 14:00:00,11.0,Pham Thi Thao,Inhouse 1,Pham Thi Thao,Inhouse 1,Ruby Advisor,4790000.0,False,False,,,,,,2026-10-01
2026-10,755070213433606,1,3314217325,Đến hạn,Normal,"1-20, idle<=90",2026-07-08,2026-07-08 16:55:32,2,28,2026-09-29 18:30:00,1.0,Dao My Nhat Huyen,Inhouse 1,Dao My Nhat Huyen,Inhouse 1,Ms Jenny Advisor,5240000.0,True,True,768727580418306,2026-09-23 00:00:00,4740000.0,GMV+REM,76.0,2026-10-01
2026-10,754930940651778,1,3314233773,Đến hạn,Normal,"1-20, idle<=90",2026-07-07,2026-07-07 19:07:34,2,2,2026-09-27 20:30:00,3.0,Ta Thi Thu Phuong,Inhouse 2,Vu Ho Thanh Huong,Inhouse 2,Tran Thu Ha,4925000.0,False,False,,,,,,2026-10-01
2026-10,755285976516872,1,3314250909,Đến hạn,Normal,"1-20, idle<=90",2026-07-09,2026-07-10 16:03:21,13,39,2026-09-27 19:00:00,3.0,Hoang Thi Hong Tham,Offline Team HaNoi,Hoang Thi Hong Tham,Offline Team HaNoi,Tran Thu Ha,9300000.0,True,True,767674345615622,2026-09-20 17:52:15,4600000.0,REM,72.0,2026-10-01
2026-10,755457654753542,1,3314255440,Đến hạn,Normal,"1-20, idle<=90",2026-07-10,2026-07-13 14:27:40,3,3,2026-09-29 22:00:00,1.0,Dao My Nhat Huyen,Inhouse 1,Dao My Nhat Huyen,Inhouse 1,Thao Chi Advisor,4550000.0,False,False,,,,,,2026-10-01
2026-10,756472815284486,1,3314276222,Đến hạn,Normal,"1-20, idle<=90",2026-07-15,2026-07-16 16:10:56,8,8,2026-09-29 21:00:00,1.0,Kieu Thi Thu Quynh,Inhouse 1,Kieu Thi Thu Quynh,Inhouse 1,Ms Laura,5240000.0,False,False,,,,,,2026-10-01
2026-10,755595349649672,1,3314286326,Đến hạn,Normal,"1-20, idle<=90",2026-07-10,2026-07-11 15:01:48,2,2,2026-09-29 18:30:00,1.0,Nguyen Cam Tu,Inhouse 1,Nguyen Cam Tu,Inhouse 1,Diem Quynh Advisor,4940000.0,False,False,,,,,,2026-10-01
2026-10,755301814921480,1,3314289291,Đến hạn,Frozen,"1-20, idle<=90",2026-07-09,2026-07-10 15:04:28,14,14,2026-08-18 17:00:00,43.0,Nguyen Thi Hang Nga,Inhouse 1,Nguyen Thi Hang Nga,Inhouse 1,Ellie Advisor,4920000.0,False,False,,,,,,2026-10-01
2026-10,759730221154566,1,3314315575,Đến hạn,Normal,"1-20, idle<=90",2026-08-03,2026-08-04 00:05:21,9,9,2026-09-29 20:30:00,1.0,Nguyen Thi Hai Yen,Inhouse 2,Nguyen Thi Hai Yen,Inhouse 2,Tran Thu Ha,4550000.0,False,False,,,,,,2026-10-01
2026-10,755827549647110,1,3314347044,Đến hạn,Frozen,"1-20, idle<=90",2026-07-09,2026-07-14 08:46:30,13,13,2026-09-15 11:30:00,15.0,Lai Ngoc Thuy Linh,Ho Chi Minh,Lai Ngoc Thuy Linh,Ho Chi Minh,Dao Thi Hoang Yen,5200000.0,False,False,,,,,,2026-10-01
2026-10,757367295164674,1,3314374006,Đến hạn,Normal,"1-20, idle<=90",2026-07-21,2026-07-21 23:08:49,16,16,2026-09-29 21:30:00,1.0,Vu Ho Thanh Huong,Inhouse 2,Vu Ho Thanh Huong,Inhouse 2,Ms Jenny Advisor,9080000.0,False,False,,,,,,2026-10-01
2026-10,756169239628040,1,3314383099,Đến hạn,Normal,"1-20, idle<=90",2026-07-14,2026-07-14 18:36:55,2,2,2026-09-28 21:30:00,2.0,Le Thi Thuy Trang,Inhouse 1,Le Thi Thuy Trang,Inhouse 1,Dao Thi Hoang Yen,4740000.0,False,False,,,,,,2026-10-01
2026-10,757037488873730,1,3314405707,Đến hạn,Normal,"1-20, idle<=90",2026-07-19,2026-07-20 12:50:34,17,17,2026-09-27 15:30:00,3.0,Nguyen Thi Hang Nga,Inhouse 1,Nguyen Thi Hang Nga,Inhouse 1,Diem Quynh Advisor,9580000.0,False,False,,,,,,2026-10-01
2026-10,760941543434498,1,3314412733,Đến hạn,Normal,"1-20, idle<=90",2026-07-28,2026-08-10 18:36:59,15,15,2026-09-25 22:00:00,5.0,Nguyen Thuy Trang,Inhouse 1,Nguyen Thuy Trang,Inhouse 1,Diem Quynh Advisor,4540000.0,False,False,,,,,,2026-10-01
2026-10,757952632158472,1,3314412741,Đến hạn,Normal,"1-20, idle<=90",2026-07-24,2026-07-25 10:43:42,4,56,2026-09-28 20:30:00,2.0,Nguyen Cam Tu,Inhouse 1,Nguyen Cam Tu,Inhouse 1,Ruby Advisor,4550000.0,True,True,763773407312134,2026-08-23 00:00:00,4317000.0,GMV+REM,28.0,2026-10-01
2026-10,755631875727618,1,3314426256,Đến hạn,Normal,"1-20, idle<=90",2026-07-10,2026-07-12 15:55:16,5,5,2026-09-28 19:00:00,2.0,Nguyen Kieu Trang,Inhouse 1,Nguyen Cam Tu,Inhouse 1,Thao Chi Advisor,4420000.0,False,False,,,,,,2026-10-01
2026-10,756353765818632,1,3314441781,Đến hạn,Normal,"1-20, idle<=90",2026-07-15,2026-07-16 22:52:37,16,16,2026-09-15 16:30:00,15.0,Nguyen Minh Phat,Ho Chi Minh,Nguyen Minh Phat,Ho Chi Minh,Dao Thi Hoang Yen,9800000.0,False,False,,,,,,2026-10-01
2026-10,760186872144130,1,3314453269,Đến hạn,Normal,"1-20, idle<=90",2026-07-29,2026-08-06 20:27:14,10,10,2026-09-28 21:00:00,2.0,Vu Thu Thuy,Other,Vu Thu Thuy,Other,Ms Jenny Advisor,4740000.0,False,False,,,,,,2026-10-01
2026-10,758152821711112,1,3314456350,Đến hạn,Normal,"1-20, idle<=90",2026-07-25,2026-07-27 11:53:14,7,7,2026-09-28 22:00:00,2.0,Le Thuy Nhung,Inhouse 1,Le Thuy Nhung,Inhouse 1,Diem Quynh Advisor,4550000.0,False,False,,,,,,2026-10-01
2026-10,756644858474758,1,3314473574,Đến hạn,Normal,"1-20, idle<=90",2026-07-15,2026-07-17 10:38:03,15,15,2026-09-15 16:30:00,15.0,Nguyen Minh Phat,Ho Chi Minh,Nguyen Minh Phat,Ho Chi Minh,Dao Thi Hoang Yen,9800000.0,False,False,,,,,,2026-10-01
2026-10,756867325188354,1,3314485764,Đến hạn,Normal,"1-20, idle<=90",2026-07-18,2026-07-18 19:48:19,6,6,2026-09-26 01:30:00,4.0,Le Thi Tuyet,Inhouse 1,Le Thi Tuyet,Inhouse 1,Ruby Advisor,13875000.0,False,False,,,,,,2026-10-01
2026-10,757895517397254,1,3314522588,Đến hạn,Normal,"1-20, idle<=90",2026-07-23,2026-07-25 13:07:35,8,8,2026-09-24 21:00:00,6.0,Cao Thi Lua,Inhouse 1,Cao Thi Lua,Inhouse 1,Dao Thi Hoang Yen,4816500.0,True,True,TMP_3314522588_20260930,2026-09-30 00:00:00,8463000.0,GMV,66.0,2026-10-01
2026-10,757189247936770,1,3314530975,Đến hạn,Normal,"1-20, idle<=90",2026-07-20,2026-07-20 22:33:04,3,3,2026-09-28 22:00:00,2.0,Nguyen Thi Hai Yen,Inhouse 2,Nguyen Thi Hai Yen,Inhouse 2,Ms Jenny Advisor,4670000.0,False,False,,,,,,2026-10-01
2026-10,758950905616648,1,3314541372,Đến hạn,Frozen,"1-20, idle<=90",2026-07-30,2026-07-30 19:20:53,17,17,2026-09-01 17:30:00,29.0,Mai Thi Lien,Inhouse 2,Mai Thi Lien,Inhouse 2,Ms Jenny Advisor,4550000.0,False,False,,,,,,2026-10-01
2026-10,756464818028802,1,3314635420,Đến hạn,Normal,"1-20, idle<=90",2026-07-16,2026-07-16 10:14:54,2,108,2026-09-29 21:00:00,1.0,Nguyen Thi Hai Yen,Inhouse 2,Nguyen Thi Hai Yen,Inhouse 2,Tran Thu Ha,4750000.0,True,True,763204829018370,2026-08-22 00:00:00,15900000.0,GMV+REM,36.0,2026-10-01
2026-10,758601106526472,1,3314647632,Đến hạn,Normal,"1-20, idle<=90",2026-07-28,2026-07-30 21:52:13,11,11,2026-09-27 21:30:00,3.0,Luu Thi Hoang Ngan,Inhouse 1,Luu Thi Hoang Ngan,Inhouse 1,Thao Chi Advisor,4740000.0,False,False,,,,,,2026-10-01
2026-10,757228568787208,1,3314665403,Đến hạn,Normal,"1-20, idle<=90",2026-07-18,2026-07-21 23:51:58,5,5,2026-09-23 20:30:00,7.0,Lai Ngoc Thuy Linh,Ho Chi Minh,Lai Ngoc Thuy Linh,Ho Chi Minh,Dao Thi Hoang Yen,4550000.0,False,False,,,,,,2026-10-01
2026-10,758450789425416,1,3314700873,Đến hạn,Normal,"1-20, idle<=90",2026-07-24,2026-07-27 17:04:26,14,14,2026-09-26 20:00:00,4.0,Nguyen Kieu Trang,Inhouse 1,Nguyen Kieu Trang,Inhouse 1,Dao Thi Hoang Yen,4680700.0,False,False,,,,,,2026-10-01
2026-10,760055689894152,1,3314712196,Đến hạn,Normal,"1-20, idle<=90",2026-08-05,2026-08-05 17:34:13,7,7,2026-09-29 20:00:00,1.0,Le Thi Thu Yen,Inhouse 1,Le Thi Thu Yen,Inhouse 1,Thao Chi Advisor,4550000.0,False,False,,,,,,2026-10-01
2026-10,764430610745602,1,3314721343,Đến hạn,Normal,"1-20, idle<=90",2026-08-30,2026-08-31 12:54:33,18,18,2026-09-26 18:30:00,4.0,Dao My Nhat Huyen,Inhouse 1,Dao My Nhat Huyen,Inhouse 1,Dao Thi Hoang Yen,4680000.0,False,False,,,,,,2026-10-01
2026-10,757387521958146,1,3314756493,Đến hạn,Normal,"1-20, idle<=90",2026-07-21,2026-07-22 17:30:01,9,9,2026-09-29 20:30:00,1.0,Mai Thi Lien,Inhouse 2,Mai Thi Lien,Inhouse 2,Ms Jenny Advisor,4675000.0,False,False,,,,,,2026-10-01
2026-10,757715684430086,1,3314830769,Đến hạn,Normal,"1-20, idle<=90",2026-07-19,2026-07-23 12:04:07,6,32,2026-09-27 12:00:00,3.0,Nguyen Thao Anh,Inhouse 1,Nguyen Thao Anh,Inhouse 1,Diem Quynh Advisor,5240000.0,True,True,768888648950022,2026-09-24 00:00:00,4740000.0,GMV+REM,62.0,2026-10-01
2026-10,757409858568450,1,3314836971,Đến hạn,Normal,"1-20, idle<=90",2026-07-21,2026-07-21 18:20:28,8,8,2026-09-23 18:30:00,7.0,Le To Hai My,Inhouse 1,Nguyen Cam Tu,Inhouse 1,Ruby Advisor,4650000.0,False,False,,,,,,2026-10-01
2026-10,757356290605320,1,3314871120,Đến hạn,Normal,"1-20, idle<=90",2026-07-21,2026-07-21 17:22:06,6,59,2026-09-29 21:30:00,1.0,Nguyen Nhu Ngoc,Inhouse 1,Nguyen Nhu Ngoc,Inhouse 1,Diem Quynh Advisor,4740000.0,True,True,769598141679878,2026-09-28 00:00:00,8280000.0,GMV+REM,68.0,2026-10-01
2026-10,757237938266374,1,3314877604,Đến hạn,Normal,"1-20, idle<=90",2026-07-20,2026-07-21 16:10:32,7,7,2026-09-29 20:00:00,1.0,Nguyen Minh Phat,Ho Chi Minh,Nguyen Minh Phat,Ho Chi Minh,Dao Thi Hoang Yen,4550000.0,False,False,,,,,,2026-10-01
2026-10,757241781846274,1,3314890542,Đến hạn,Normal,"1-20, idle<=90",2026-07-20,2026-07-20 19:37:06,16,16,2026-09-29 21:30:00,1.0,Luu Thi Hoang Ngan,Inhouse 1,Luu Thi Hoang Ngan,Inhouse 1,Ms Jenny Advisor,9580000.0,False,False,,,,,,2026-10-01
2026-10,757358298636550,1,3314894228,Đến hạn,Normal,"1-20, idle<=90",2026-07-21,2026-07-22 15:39:40,8,8,2026-09-25 20:30:00,5.0,Lai Ngoc Thuy Linh,Ho Chi Minh,Lai Ngoc Thuy Linh,Ho Chi Minh,Dao Thi Hoang Yen,4680000.0,False,False,,,,,,2026-10-01
2026-10,757594176178434,1,3315003324,Đến hạn,Normal,"1-20, idle<=90",2026-07-22,2026-07-24 20:16:39,9,9,2026-09-29 18:00:00,1.0,Le To Hai My,Inhouse 1,Kieu Thi Thu Quynh,Inhouse 1,Le To Hai My,4550000.0,False,False,,,,,,2026-10-01
2026-10,758772418048264,1,3315007660,Đến hạn,Normal,"1-20, idle<=90",2026-07-29,2026-07-30 00:09:26,7,7,2026-09-29 20:30:00,1.0,Vu Thi Tuyet Trinh,Inhouse 1,Vu Thi Tuyet Trinh,Inhouse 1,Dao Thi Hoang Yen,4550000.0,False,False,,,,,,2026-10-01
2026-10,757716395284744,1,3315018009,Đến hạn,Normal,"1-20, idle<=90",2026-07-23,2026-07-24 10:38:39,7,7,2026-09-28 22:00:00,2.0,Dang Kim Thuong,Inhouse 1,Dang Kim Thuong,Inhouse 1,Ms Laura,5616000.0,False,False,,,,,,2026-10-01
2026-10,757723093641480,1,3315034196,Đến hạn,Normal,"1-20, idle<=90",2026-07-23,2026-07-23 17:57:39,5,5,2026-09-27 20:30:00,3.0,Le To Hai My,Inhouse 1,Bui Thi Thai Duong,Inhouse 1,Ms Laura,4750000.0,False,False,,,,,,2026-10-01
2026-10,758451253868808,1,3315066432,Đến hạn,Normal,"1-20, idle<=90",2026-07-27,2026-08-03 14:11:37,15,15,2026-09-28 21:30:00,2.0,Cao Thi Lua,Inhouse 1,Cao Thi Lua,Inhouse 1,Ms Jenny Advisor,4550000.0,False,False,,,,,,2026-10-01
2026-10,758481769638146,1,3315075834,Đến hạn,Normal,"1-20, idle<=90",2026-07-27,2026-07-28 18:07:29,7,7,2026-09-29 19:00:00,1.0,Mai Thi Lien,Inhouse 2,Mai Thi Lien,Inhouse 2,Tran Thu Ha,4925000.0,False,False,,,,,,2026-10-01
2026-10,757925340983558,1,3315096434,Đến hạn,Normal,"1-20, idle<=90",2026-07-24,2026-07-27 12:30:32,9,9,2026-09-28 14:00:00,2.0,Lai Ngoc Thuy Linh,Ho Chi Minh,Lai Ngoc Thuy Linh,Ho Chi Minh,Dao Thi Hoang Yen,4680000.0,False,False,,,,,,2026-10-01
2026-10,757920238704898,1,3315102955,Đến hạn,Normal,"1-20, idle<=90",2026-07-24,2026-07-24 16:38:46,7,7,2026-09-24 20:30:00,6.0,Pham Thi Thao,Inhouse 1,Pham Thi Thao,Inhouse 1,Ms Laura,4740000.0,False,False,,,,,,2026-10-01
2026-10,757917108625670,1,3315146311,Đến hạn,Normal,"1-20, idle<=90",2026-07-24,2026-07-24 18:49:08,6,6,2026-09-28 18:30:00,2.0,Vu Thu Thuy,Other,Vu Thu Thuy,Other,Diem Quynh Advisor,4940000.0,False,False,,,,,,2026-10-01
2026-10,762664611475714,1,3315152683,Đến hạn,Normal,"1-20, idle<=90",2026-07-23,2026-08-20 11:12:34,17,17,2026-09-27 12:30:00,3.0,Kieu Thi Thu Quynh,Inhouse 1,Kieu Thi Thu Quynh,Inhouse 1,Dao Thi Hoang Yen,4680000.0,False,False,,,,,,2026-10-01
2026-10,759164933138690,1,3315205049,Đến hạn,Normal,"1-20, idle<=90",2026-07-31,2026-07-31 16:29:18,9,9,2026-09-25 19:00:00,5.0,Cao Thi Lua,Inhouse 1,Cao Thi Lua,Inhouse 1,Ruby Advisor,5240000.0,False,False,,,,,,2026-10-01
2026-10,761301714082054,1,3315218158,Đến hạn,Normal,"1-20, idle<=90",2026-08-12,2026-08-13 15:50:43,11,11,2026-09-26 21:00:00,4.0,Nguyen Thi Hai Yen,Inhouse 2,Nguyen Thi Hai Yen,Inhouse 2,Ms Jenny Advisor,4850000.0,False,False,,,,,,2026-10-01
2026-10,758826729314566,1,3315259750,Đến hạn,Normal,"1-20, idle<=90",2026-07-27,2026-07-29 18:31:02,12,12,2026-09-25 21:00:00,5.0,Ho Thi Thanh,Inhouse 1,Ho Thi Thanh,Inhouse 1,Ho Thi Thanh,4680000.0,False,False,,,,,,2026-10-01
2026-10,758476327901448,1,3315263044,Đến hạn,Normal,"1-20, idle<=90",2026-07-27,2026-07-29 18:25:09,10,10,2026-09-28 21:00:00,2.0,Ho Thi Thanh,Inhouse 1,Ho Thi Thanh,Inhouse 1,Ho Thi Thanh,4680000.0,False,False,,,,,,2026-10-01
2026-10,761079292289288,1,3315276559,Đến hạn,Normal,"1-20, idle<=90",2026-08-10,2026-08-13 21:29:58,12,12,2026-09-27 11:00:00,3.0,Cao Thi Lua,Inhouse 1,Cao Thi Lua,Inhouse 1,Diem Quynh Advisor,4740000.0,False,False,,,,,,2026-10-01
2026-10,759177039036678,1,3315327705,Đến hạn,Normal,"1-20, idle<=90",2026-07-31,2026-08-03 11:13:40,12,12,2026-09-22 21:00:00,8.0,Nguyen Cam Tu,Inhouse 1,Nguyen Cam Tu,Inhouse 1,Thao Chi Advisor,5240000.0,False,False,,,,,,2026-10-01
2026-10,758827089625346,1,3315332211,Đến hạn,Normal,"1-20, idle<=90",2026-07-29,2026-08-03 22:09:59,10,10,2026-09-29 21:00:00,1.0,Le Thi Lan Anh,Inhouse 1,Le Thi Lan Anh,Inhouse 1,Ms Jenny Advisor,5240000.0,False,False,,,,,,2026-10-01
2026-10,759160767234312,1,3315346219,Đến hạn,Normal,"1-20, idle<=90",2026-07-31,2026-07-31 18:37:05,5,5,2026-09-28 18:30:00,2.0,Do Thi Tuyet Nhung,Inhouse 1,Nguyen Thuy Trang,Inhouse 1,Ms Laura,4790000.0,False,False,,,,,,2026-10-01
2026-10,759021629225224,1,3315357905,Đến hạn,Normal,"1-20, idle<=90",2026-07-30,2026-07-30 22:44:02,9,9,2026-09-28 21:30:00,2.0,Ho Thi Thanh,Inhouse 1,Ho Thi Thanh,Inhouse 1,Ms Jenny Advisor,4940000.0,False,False,,,,,,2026-10-01
2026-10,759688385614082,1,3315360499,Đến hạn,Normal,"1-20, idle<=90",2026-07-31,2026-08-03 15:34:53,10,63,2026-09-29 17:00:00,1.0,Nguyen Phuong Thuy,Inhouse 1,Nguyen Phuong Thuy,Inhouse 1,Ruby Advisor,5240000.0,True,True,769795059204360,2026-08-31 00:00:00,8885250.0,GMV+REM,27.0,2026-10-01
2026-10,759741059520774,1,3315403649,Đến hạn,Normal,"1-20, idle<=90",2026-08-03,2026-08-04 13:04:16,10,10,2026-09-27 11:00:00,3.0,Dao My Nhat Huyen,Inhouse 1,Dao My Nhat Huyen,Inhouse 1,Ms Jenny Advisor,4550000.0,False,False,,,,,,2026-10-01
2026-10,758963837135106,1,3315403697,Đến hạn,Normal,"1-20, idle<=90",2026-07-30,2026-07-30 23:50:11,7,7,2026-09-29 21:30:00,1.0,Nguyen Thi Ninh,Other,Nguyen Thi Ninh,Other,Dao Thi Hoang Yen,4550000.0,False,False,,,,,,2026-10-01
2026-10,759211699880194,1,3315411614,Đến hạn,Normal,"1-20, idle<=90",2026-07-31,2026-07-31 22:58:06,10,10,2026-09-27 17:30:00,3.0,Ho Thi Thanh,Inhouse 1,Ho Thi Thanh,Inhouse 1,Ms Laura,4550000.0,False,False,,,,,,2026-10-01
2026-10,759347326836998,1,3315431447,Đến hạn,Normal,"1-20, idle<=90",2026-07-31,2026-08-01 17:05:52,8,8,2026-09-26 21:30:00,4.0,Ho Thi Thanh,Inhouse 1,Ho Thi Thanh,Inhouse 1,Diem Quynh Advisor,4600000.0,False,False,,,,,,2026-10-01
2026-10,759181374531846,1,3315440292,Đến hạn,Normal,"1-20, idle<=90",2026-07-31,2026-08-03 16:51:40,11,11,2026-09-29 22:00:00,1.0,Le Thi Lan Anh,Inhouse 1,Le Thi Lan Anh,Inhouse 1,Ellie Advisor,4690000.0,False,False,,,,,,2026-10-01
2026-10,759181943179526,1,3315492350,Đến hạn,Normal,"1-20, idle<=90",2026-07-31,2026-07-31 22:29:58,9,9,2026-09-24 22:30:00,6.0,Nguyen Thuy Trang,Inhouse 1,Nguyen Thuy Trang,Inhouse 1,Ms Laura,4700000.0,False,False,,,,,,2026-10-01
2026-10,760427535497480,1,3315498648,Đến hạn,Normal,"1-20, idle<=90",2026-08-07,2026-08-08 13:52:10,19,19,2026-09-26 11:00:00,4.0,Dinh Ngoc Hai,Inhouse 2,Mai Thi Lien,Inhouse 2,Tran Thu Ha,5830000.0,False,False,,,,,,2026-10-01
2026-10,759353428504834,1,3315513210,Đến hạn,Normal,"1-20, idle<=90",2026-07-29,2026-08-01 18:42:29,12,12,2026-09-26 21:00:00,4.0,Hoang Thi Hong Tham,Offline Team HaNoi,Hoang Thi Hong Tham,Offline Team HaNoi,Tran Thu Ha,4420000.0,False,False,,,,,,2026-10-01
2026-10,759655138101512,1,3315514207,Đến hạn,Normal,"1-20, idle<=90",2026-08-02,2026-08-03 16:27:45,17,123,2026-09-29 21:00:00,1.0,Vu Thu Thuy,Other,Vu Thu Thuy,Other,Thao Chi Advisor,9410000.0,True,True,769255614327048,2026-09-26 00:00:00,16820000.0,GMV+REM,53.0,2026-10-01
2026-10,760936850585862,1,3315565190,Đến hạn,Normal,"1-20, idle<=90",2026-08-10,2026-08-10 16:48:03,13,13,2026-09-28 21:30:00,2.0,Le Thi Thuy Trang,Inhouse 1,Le Thi Thuy Trang,Inhouse 1,Ms Laura,4550000.0,False,False,,,,,,2026-10-01
2026-10,762499880530184,1,3315660774,Đến hạn,Normal,"1-20, idle<=90",2026-08-19,2026-08-20 10:50:27,17,17,2026-09-28 22:00:00,2.0,Le Thi Thuy Trang,Inhouse 1,Le Thi Thuy Trang,Inhouse 1,Ms Jenny Advisor,4740000.0,False,False,,,,,,2026-10-01
2026-10,761630518079746,1,3315685932,Đến hạn,Normal,"1-20, idle<=90",2026-08-13,2026-08-15 17:41:42,16,16,2026-09-27 23:00:00,3.0,Tran Thi Son,Inhouse 1,Tran Thi Son,Inhouse 1,Ruby Advisor,5040000.0,False,False,,,,,,2026-10-01
2026-10,759839939651842,1,3315691683,Đến hạn,Normal,"1-20, idle<=90",2026-08-04,2026-08-04 12:54:30,7,7,2026-09-28 20:30:00,2.0,Kieu Thi Thu Quynh,Inhouse 1,Kieu Thi Thu Quynh,Inhouse 1,Ms Jenny Advisor,5240000.0,False,False,,,,,,2026-10-01
2026-10,762382643890434,1,3315755088,Đến hạn,Normal,"1-20, idle<=90",2026-08-18,2026-08-19 20:05:24,13,13,2026-09-25 21:00:00,5.0,Mai Thi Lien,Inhouse 2,Mai Thi Lien,Inhouse 2,Ms Jenny Advisor,4550000.0,False,False,,,,,,2026-10-01
2026-10,760048703463688,1,3315755354,Đến hạn,Normal,"1-20, idle<=90",2026-08-05,2026-08-05 17:18:01,6,112,2026-09-28 23:00:00,2.0,Vu Thi Tuyet Trinh,Inhouse 1,Vu Thi Tuyet Trinh,Inhouse 1,Ruby Advisor,5240000.0,True,True,767621837465858,2026-09-16 00:00:00,16820000.0,GMV+REM,41.0,2026-10-01
2026-10,760402629966082,1,3315815699,Đến hạn,Normal,"1-20, idle<=90",2026-08-07,2026-08-07 16:16:57,10,10,2026-09-25 21:00:00,5.0,Bui Lam Linh,Inhouse 1,Luu Thi Hoang Ngan,Inhouse 1,Ms Laura,4740000.0,False,False,,,,,,2026-10-01
2026-10,761105473409286,1,3315819283,Đến hạn,Normal,"1-20, idle<=90",2026-08-11,2026-08-16 17:37:30,7,7,2026-09-28 17:30:00,2.0,Nguyen Thi Thao Ngoc,Inhouse 1,Nguyen Thi Thao Ngoc,Inhouse 1,Nguyen Thi Thao Ngoc,5240000.0,False,False,,,,,,2026-10-01
2026-10,763430812129538,1,3315869710,Đến hạn,Normal,"1-20, idle<=90",2026-08-24,2026-08-25 16:27:48,17,17,2026-09-29 18:30:00,1.0,Nguyen Cam Tu,Inhouse 1,Nguyen Cam Tu,Inhouse 1,Dao Thi Hoang Yen,4550000.0,False,False,,,,,,2026-10-01
2026-10,760903384600838,1,3315875905,Đến hạn,Normal,"1-20, idle<=90",2026-08-10,2026-08-10 13:15:02,13,13,2026-09-29 15:00:00,1.0,Le Thi Tuyet,Inhouse 1,Le Thi Tuyet,Inhouse 1,Diem Quynh Advisor,4860000.0,False,False,,,,,,2026-10-01
2026-10,761118200252680,1,3315880936,Đến hạn,Normal,"1-20, idle<=90",2026-08-11,2026-08-12 23:53:17,12,12,2026-09-28 11:00:00,2.0,Bui Thi Thai Duong,Inhouse 1,Bui Thi Thai Duong,Inhouse 1,Ms Laura,4550000.0,False,False,,,,,,2026-10-01
2026-10,760931428813058,1,3315903837,Đến hạn,Normal,"1-20, idle<=90",2026-08-08,2026-08-10 16:22:38,12,12,2026-09-28 22:00:00,2.0,Nguyen Thi Thuy Hang,Other,Nguyen Thi Thuy Hang,Other,Dao Thi Hoang Yen,4800000.0,False,False,,,,,,2026-10-01
2026-10,762694115039494,1,3316059537,Đến hạn,Normal,"1-20, idle<=90",2026-08-20,2026-08-21 21:50:00,14,14,2026-09-28 21:00:00,2.0,Nguyen Thi Thuy Hang,Other,Nguyen Thi Thuy Hang,Other,Ms Jenny Advisor,4740000.0,False,False,,,,,,2026-10-01
2026-10,764291416924422,1,3316107141,Đến hạn,Normal,"1-20, idle<=90",2026-08-28,2026-08-29 15:46:40,19,19,2026-09-26 16:00:00,4.0,Le Thi Thu Yen,Inhouse 1,Le Thi Thu Yen,Inhouse 1,Ms Laura,4550000.0,False,False,,,,,,2026-10-01
2026-10,761463732066566,1,3316117867,Đến hạn,Normal,"1-20, idle<=90",2026-08-13,2026-08-14 19:48:51,19,19,2026-09-29 21:00:00,1.0,Lai Ngoc Thuy Linh,Ho Chi Minh,Lai Ngoc Thuy Linh,Ho Chi Minh,Dao Thi Hoang Yen,4740000.0,False,False,,,,,,2026-10-01
2026-10,761827224637698,1,3316128742,Đến hạn,Normal,"1-20, idle<=90",2026-08-15,2026-08-15 20:43:16,13,13,2026-09-28 21:00:00,2.0,Nguyen Thi Ninh,Other,Nguyen Thi Ninh,Other,Dao Thi Hoang Yen,4550000.0,False,False,,,,,,2026-10-01
2026-10,761687039811848,1,3316144671,Đến hạn,Normal,"1-20, idle<=90",2026-08-14,2026-08-15 08:40:57,18,18,2026-09-29 19:00:00,1.0,Dao My Nhat Huyen,Inhouse 1,Dao My Nhat Huyen,Inhouse 1,Dao Thi Hoang Yen,6900000.0,False,False,,,,,,2026-10-01
2026-10,762499540404486,1,3316224380,Đến hạn,Normal,"1-20, idle<=90",2026-08-19,2026-08-19 12:41:04,16,16,2026-09-29 20:30:00,1.0,Nguyen Kieu Trang,Inhouse 1,Nguyen Kieu Trang,Inhouse 1,Thao Chi Advisor,4740000.0,False,False,,,,,,2026-10-01
2026-10,761774750601474,1,3316315579,Đến hạn,Normal,"1-20, idle<=90",2026-08-15,2026-08-15 17:02:56,12,12,2026-09-29 21:30:00,1.0,Lai Ngoc Thuy Linh,Ho Chi Minh,Lai Ngoc Thuy Linh,Ho Chi Minh,Lai Ngoc Thuy Linh,4550000.0,False,False,,,,,,2026-10-01
2026-10,762720496482566,1,3316326776,Đến hạn,Normal,"1-20, idle<=90",2026-08-20,2026-08-20 21:05:19,12,12,2026-09-23 17:00:00,7.0,Vu Thu Thuy,Other,Vu Thu Thuy,Other,Ms Laura,5000000.0,False,False,,,,,,2026-10-01
2026-10,761853518153990,1,3316355858,Đến hạn,Normal,"1-20, idle<=90",2026-08-15,2026-08-16 12:24:13,13,13,2026-09-24 20:00:00,6.0,Mai Thi Lien,Inhouse 2,Mai Thi Lien,Inhouse 2,Tran Thu Ha,4725000.0,False,False,,,,,,2026-10-01
2026-10,763098818773254,1,3316414695,Đến hạn,Normal,"1-20, idle<=90",2026-08-22,2026-08-26 14:56:45,15,15,2026-09-25 20:30:00,5.0,Nguyen Thi Trang,Inhouse 2,Nguyen Thi Trang,Inhouse 2,Nguyen Thi Trang,12875000.0,False,False,,,,,,2026-10-01
2026-10,762702642075910,1,3316501657,Đến hạn,Normal,"1-20, idle<=90",2026-08-20,2026-08-20 16:24:10,5,5,2026-09-29 19:30:00,1.0,Nguyen Thi Hai Yen,Inhouse 2,Nguyen Thi Hai Yen,Inhouse 2,Ms Jenny Advisor,4850000.0,False,False,,,,,,2026-10-01
2026-10,766026036226312,1,3316545200,Đến hạn,Normal,"1-20, idle<=90",2026-08-28,2026-09-08 17:08:59,20,20,2026-09-29 20:30:00,1.0,Tran Quoc Dung,Other,Tran Quoc Dung,Other,Dao Thi Hoang Yen,4550000.0,False,False,,,,,,2026-10-01
2026-10,766556476088582,1,3316583304,Đến hạn,Normal,"1-20, idle<=90",2026-09-10,2026-09-12 19:33:33,20,20,2026-09-27 20:00:00,3.0,Nguyen Kieu Trang,Inhouse 1,Nguyen Kieu Trang,Inhouse 1,Ms Jenny Advisor,4550000.0,False,False,,,,,,2026-10-01
2026-10,763549790957826,1,3316701347,Đến hạn,Normal,"1-20, idle<=90",2026-08-24,2026-08-25 20:47:50,16,16,2026-09-28 21:00:00,2.0,Le Thi Thu Yen,Inhouse 1,Le Thi Thu Yen,Inhouse 1,Thao Chi Advisor,13875000.0,False,False,,,,,,2026-10-01
2026-10,764443259789574,1,3316714743,Đến hạn,Normal,"1-20, idle<=90",2026-08-29,2026-09-05 22:18:48,20,20,2026-09-27 10:30:00,3.0,Vu Thuy Huong,Offline Team HaNoi,Vu Thuy Huong,Offline Team HaNoi,Tran Thu Ha,4550000.0,False,False,,,,,,2026-10-01
2026-10,763783346915592,1,3316782512,Đến hạn,Normal,"1-20, idle<=90",2026-08-26,2026-08-27 11:46:39,15,15,2026-09-29 21:00:00,1.0,Vu Thu Thuy,Other,Vu Thu Thuy,Other,Ms Laura,4900000.0,False,False,,,,,,2026-10-01
2026-10,765185474736386,1,3316800767,Đến hạn,Normal,"1-20, idle<=90",2026-08-30,2026-09-05 10:13:42,19,19,2026-09-29 21:00:00,1.0,Nguyen Thuy Trang,Inhouse 1,Nguyen Thuy Trang,Inhouse 1,Dao Thi Hoang Yen,4940000.0,False,False,,,,,,2026-10-01
2026-10,764639761096966,1,3316846575,Đến hạn,Normal,"1-20, idle<=90",2026-08-31,2026-08-31 18:50:06,19,19,2026-09-29 09:00:00,1.0,Nguyen Thi Ninh,Other,Nguyen Thi Ninh,Other,Dao Thi Hoang Yen,4550000.0,False,False,,,,,,2026-10-01
2026-10,766437427972358,1,3317010268,Đến hạn,Normal,"1-20, idle<=90",2026-09-10,2026-09-10 19:32:47,20,20,2026-09-29 21:00:00,1.0,Le Thi Lan Anh,Inhouse 1,Le Thi Lan Anh,Inhouse 1,Thao Chi Advisor,4740000.0,False,False,,,,,,2026-10-01
2026-10,764640201871624,1,3317020524,Đến hạn,Normal,"1-20, idle<=90",2026-08-30,2026-08-31 15:00:54,17,17,2026-09-28 20:00:00,2.0,Bui Thi Thai Duong,Inhouse 1,Bui Thi Thai Duong,Inhouse 1,Bui Thi Thai Duong,5000000.0,False,False,,,,,,2026-10-01
2026-10,764309302247688,1,3317112365,Đến hạn,Normal,"1-20, idle<=90",,2026-08-30 08:40:30,15,15,2026-09-28 21:00:00,2.0,Le Thi Thu Yen,Inhouse 1,Le Thi Thu Yen,Inhouse 1,Ms Laura,4790500.0,False,False,,,,,,2026-10-01
2026-10,765890854017288,1,3317134360,Đến hạn,Normal,"1-20, idle<=90",2026-09-05,2026-09-07 20:06:34,19,19,2026-09-28 19:00:00,2.0,Nguyen Thuy Trang,Inhouse 1,Nguyen Thuy Trang,Inhouse 1,Ms Jenny Advisor,4740000.0,False,False,,,,,,2026-10-01
2026-10,765190511128840,1,3317141334,Đến hạn,Normal,"1-20, idle<=90",2026-09-02,2026-09-03 17:53:05,20,20,2026-09-29 20:00:00,1.0,Nguyen Thi Trang,Inhouse 2,Nguyen Thi Trang,Inhouse 2,Tran Thu Ha,4680000.0,False,False,,,,,,2026-10-01
2026-10,764638538850568,1,3317161654,Đến hạn,Normal,"1-20, idle<=90",2026-08-30,2026-08-31 15:00:40,19,19,2026-09-26 19:00:00,4.0,Dao My Nhat Huyen,Inhouse 1,Dao My Nhat Huyen,Inhouse 1,Dao Thi Hoang Yen,4680000.0,False,False,,,,,,2026-10-01
2026-10,766206255022342,1,3317175238,Đến hạn,Normal,"1-20, idle<=90",2026-09-08,2026-09-09 14:53:18,20,20,2026-09-28 21:00:00,2.0,Tran Thi Son,Inhouse 1,Tran Thi Son,Inhouse 1,Ms Jenny Advisor,4740000.0,False,False,,,,,,2026-10-01
2026-10,764671287187718,1,3317237791,Đến hạn,Normal,"1-20, idle<=90",2026-08-31,2026-09-06 20:15:16,19,19,2026-09-28 21:30:00,2.0,Tran Quoc Dung,Other,Tran Quoc Dung,Other,Dao Thi Hoang Yen,4550000.0,False,False,,,,,,2026-10-01
2026-10,765498315782402,1,3317249302,Đến hạn,Normal,"1-20, idle<=90",2026-08-31,2026-09-05 16:14:16,20,20,2026-09-27 11:00:00,3.0,Nguyen Thuy Trang,Inhouse 1,Nguyen Thuy Trang,Inhouse 1,Dao Thi Hoang Yen,4740000.0,False,False,,,,,,2026-10-01
2026-10,766419225102594,1,3317279690,Đến hạn,Normal,"1-20, idle<=90",2026-09-10,2026-09-10 18:13:28,19,19,2026-09-28 20:30:00,2.0,Vu Thu Thuy,Other,Vu Thu Thuy,Other,Ellie Advisor,5240000.0,False,False,,,,,,2026-10-01
2026-10,765881325209858,1,3317287426,Đến hạn,Normal,"1-20, idle<=90",2026-09-04,2026-09-07 22:18:58,19,19,2026-09-26 10:00:00,4.0,Nguyen Thi Thuy Hang,Other,Nguyen Thi Thuy Hang,Other,Diem Quynh Advisor,5040000.0,False,False,,,,,,2026-10-01
2026-10,766411965602054,1,3317370189,Đến hạn,Normal,"1-20, idle<=90",2026-09-10,2026-09-10 15:46:02,20,20,2026-09-29 22:00:00,1.0,Cao Thi Lua,Inhouse 1,Cao Thi Lua,Inhouse 1,Cao Thi Lua,4940000.0,False,False,,,,,,2026-10-01
2026-10,766608869273864,1,3317596574,Đến hạn,Normal,"1-20, idle<=90",2026-09-10,2026-09-11 20:47:16,20,20,2026-09-27 11:00:00,3.0,Nguyen Thi Hai Yen,Inhouse 2,Nguyen Thi Hai Yen,Inhouse 2,Tran Thu Ha,4816500.0,False,False,,,,,,2026-10-01
2026-10,766762927507714,1,3317643837,Đến hạn,Normal,"1-20, idle<=90",2026-09-12,2026-09-12 14:59:35,20,20,2026-09-28 21:00:00,2.0,Tran Thi Son,Inhouse 1,Tran Thi Son,Inhouse 1,Thao Chi Advisor,4550000.0,False,False,,,,,,2026-10-01
2026-10,767299028996354,1,3317899529,Đến hạn,Normal,"1-20, idle<=90",2026-09-13,2026-09-16 19:29:42,20,20,2026-09-28 21:00:00,2.0,Nguyen Thi Thao Ngoc,Inhouse 1,Nguyen Thi Thao Ngoc,Inhouse 1,Ms Jenny Advisor,5109000.0,False,False,,,,,,2026-10-01
